eta,attack,drift,shots,qber_obs_mean,qber_obs_sd,n_eff_mean,finite_key_margin_mean,finite_key_margin_sd,psi_mean,p_conventional_secure,p_conventional_transition,p_conventional_insecure,uvif_energy_mean,uvif_energy_sd,uvif_score_mean,p_uvif_stable,p_uvif_transition,p_uvif_unstable,risk_force_mean,uncertainty_force_mean,complexity_force_mean,resource_force_mean,leakage_force_mean,stability_reward_mean
0.01,0.05,0.005,10000,0.026646372399797055,0.0016437862656284773,9855.0,0.6126397409692648,0.01704975009072985,5.56945219062968,1.0,0.0,0.0,-0.14377017351014398,0.025669020150276375,0.535875007834049,0.0,1.0,0.0,0.24223974908906418,0.010481968065108333,0.003899997183550016,0.007329808692499107,0.05698477929984779,0.5458723733830155
0.0135,0.05,0.005,10000,0.030486047691527143,0.0016314858742773307,9855.0,0.5735409696420054,0.016283071221153873,5.214008814927322,1.0,0.0,0.0,-0.08376171372725384,0.025512258661156195,0.5209248580010474,0.0,1.0,0.0,0.27714588810479224,0.011569114326716725,0.00390375045679022,0.007329808692499107,0.059864535768645345,0.5178555853914164
0.017,0.05,0.005,10000,0.03376864535768645,0.001724276663773193,9855.0,0.5412848925174679,0.01674148667812182,4.920771750158799,1.0,0.0,0.0,-0.03245351634475783,0.02691731981788556,0.5081110807660265,0.0,1.0,0.0,0.3069876850698769,0.012463298505904488,0.0038949440636449157,0.007329808692499107,0.06232648401826485,0.4938562618943123
0.0205,0.05,0.005,10000,0.03760832064941654,0.0018966367758924602,9855.0,0.5047673380809712,0.017720737494300757,4.588793982554283,1.0,0.0,0.0,0.027600437064479164,0.02968614391732334,0.4931019490326722,0.0,1.0,0.0,0.3418938240856048,0.013473068030602225,0.003960578386605783,0.007329808692499107,0.06520624048706242,0.46574487426939387
0.024,0.05,0.005,10000,0.04117503805175038,0.0025445644237648154,9855.0,0.4719861379393238,0.023131197090533673,4.29078307217567,1.0,0.0,0.0,0.08341714482891482,0.039788930759146926,0.479165929408869,0.0,1.0,0.0,0.3743185277431853,0.014377312371925861,0.0041183110350640146,0.007329808692499107,0.06788127853881279,0.43961479123762054
0.027500000000000004,0.05,0.005,10000,0.044531709791983766,0.0020451003680261944,9855.0,0.4418048792274611,0.018073275931550913,4.0164079929769185,1.0,0.0,0.0,0.13580524237884348,0.03196573986181047,0.46610943221737566,0.0,1.0,0.0,0.4048337253816705,0.015208622468973471,0.003993759512937594,0.007329808692499107,0.07039878234398783,0.4150284311748071
0.031,0.05,0.005,10000,0.047727042110603746,0.0017971726171311382,9855.0,0.4138371731365131,0.015539731365773588,3.7621561194228472,1.0,0.0,0.0,0.1856747228820527,0.02801831869273302,0.4537230776512394,0.0,1.0,0.0,0.4338822010054887,0.015977646726644857,0.003951584398613129,0.007329808692499107,0.07279528158295283,0.3916465674469867
0.0345,0.05,0.005,10000,0.05124099441907662,0.0021861866856479964,9855.0,0.3839089434283467,0.018402274690543702,3.4900813038940606,1.0,0.0,0.0,0.24051792202486447,0.03406049981890981,0.4401757327782325,0.0,1.0,0.0,0.4658272219916056,0.01679925701788453,0.004050689877952374,0.007329808692499107,0.07543074581430748,0.3659911659192592
0.038,0.05,0.005,10000,0.05499644850329781,0.002164120911559346,9855.0,0.35268053651296016,0.017755032757931798,3.2061866955723644,1.0,0.0,0.0,0.29898847721126454,0.03367927207592551,0.4258251960259102,0.0,1.0,0.0,0.4999677136663438,0.017655422762781557,0.004028287214724683,0.007329808692499107,0.07824733637747337,0.33865712025002964
0.0415,0.05,0.005,10000,0.05822425164890918,0.00218747174156574,9855.0,0.3264737594407856,0.017567133202182325,2.967943267643505,1.0,0.0,0.0,0.34915324119825086,0.03395350140315463,0.4136117292480781,0.0,1.0,0.0,0.5293113786264473,0.01837301104098971,0.004013367655617341,0.007329808692499107,0.0806681887366819,0.3152620357671051
0.045000000000000005,0.05,0.005,10000,0.061943176052765093,0.002527824738128333,9855.0,0.296994583539281,0.019792718838064022,2.6999507594480088,1.0,0.0,0.0,0.4068617345002151,0.039166013820184274,0.39970164385822166,0.0,0.98,0.02,0.5631197822978645,0.019179245804750385,0.0040998528157167174,0.007329808692499107,0.08345738203957383,0.2884576362811027
0.0485,0.05,0.005,10000,0.06549771689497717,0.0020648115148409734,9855.0,0.2693734741112343,0.015851571131017424,2.448849764647585,1.0,0.0,0.0,0.46181035319089786,0.031893520813860106,0.38658346475269434,0.0,0.81,0.19,0.5954337899543379,0.019933951315495742,0.0039980994673319,0.007329808692499107,0.08612328767123287,0.26298072097192127
0.052000000000000005,0.05,0.005,10000,0.06902181633688484,0.0027109823858562816,9855.0,0.2426971189445895,0.020313045887620167,2.2063374449508135,1.0,0.0,0.0,0.5161916325511097,0.04176713803724504,0.37379452047396433,0.0,0.23,0.77,0.6274710576080438,0.020661990067869344,0.0041221394976604896,0.007329808692499107,0.08876636225266366,0.2379505132836116
0.0555,0.05,0.005,10000,0.07293150684931507,0.0024373022017256094,9855.0,0.21364570691736506,0.017846314439515808,1.942233699248773,1.0,0.0,0.0,0.5762586153084176,0.037441539130202546,0.3598389774016278,0.0,0.01,0.99,0.6630136986301369,0.021454222973928298,0.0040690818115453435,0.007329808692499107,0.09169863013698631,0.2103904271715959
0.059000000000000004,0.05,0.005,10000,0.07608726534753932,0.00277897131071555,9855.0,0.1907361355724574,0.020016281049518376,1.7339648688405211,1.0,0.0,0.0,0.6245901908109368,0.04249454376028033,0.34879965508884114,0.0,0.0,1.0,0.6917024122503577,0.022078376644558726,0.004138873135407826,0.007329808692499107,0.0940654490106545,0.1883842918394665
0.0625,0.05,0.005,10000,0.07957990867579909,0.0028468151938830935,9855.0,0.16582344327302226,0.020150365083334704,1.5074858479365656,1.0,0.0,0.0,0.6778884826204835,0.043336039827516715,0.33680026463268076,0.0,0.0,1.0,0.723453715234537,0.02275664240064737,0.004210791552680631,0.007329808692499107,0.09668493150684933,0.16425521359196515
0.066,0.05,0.005,10000,0.08320852359208523,0.003053792860171136,9855.0,0.14046331475044016,0.021063687301069434,1.2769392250040015,1.0,0.0,0.0,0.7329808668769493,0.0463120061282032,0.32462310336767386,0.0,0.0,1.0,0.7564411235644112,0.023446571135521777,0.004221461187214611,0.007329808692499107,0.09940639269406393,0.1394879907567073
0.0695,0.05,0.005,10000,0.08597666159309995,0.0030409438846373104,9855.0,0.12143605389711983,0.02077367178064704,1.1039641263374531,1.0,0.0,0.0,0.7748496135903689,0.04584565533396587,0.31551368570474175,0.0,0.0,1.0,0.781606014482727,0.023963902615165397,0.004241422450137889,0.007329808692499107,0.101482496194825,0.12079123157975617
0.073,0.05,0.005,10000,0.08993505834601725,0.003129806904591587,9855.0,0.09472487430080148,0.020950539510375222,0.861135220916377,1.0,0.0,0.0,0.8344253570879313,0.04696423809750087,0.302800794516296,0.0,0.0,1.0,0.8175914395092478,0.02468969647737634,0.004250600761147818,0.007329808692499107,0.10445129375951293,0.09440107605802893
0.0765,0.05,0.005,10000,0.09321156773211565,0.003172033709936581,9855.0,0.07303003089379936,0.020823211477412708,0.6639093717618124,1.0,0.0,0.0,0.883471520974384,0.04735123919671165,0.29255419564604707,0.0,0.0,1.0,0.8473778884737787,0.025278820960292468,0.00423987610327514,0.007329808692499107,0.10690867579908676,0.0728693268954614
0.08,0.05,0.005,10000,0.09650329781836631,0.003006631731609256,9855.0,0.051582756970773254,0.01938119177362037,0.4689341542797569,0.98,0.01,0.01,0.9325181547603322,0.04462000023712024,0.2825010933774978,0.0,0.0,1.0,0.877302707439694,0.02586092553220383,0.004239195661705621,0.007329808692499107,0.10937747336377475,0.05151829667951271
0.08349999999999999,0.05,0.005,10000,0.10047387113140535,0.0030222657727861425,9855.0,0.026212240815060336,0.019151116639768342,0.23829309831873036,0.89,0.06,0.05,0.9913210934182725,0.044617238508746396,0.270740274126236,0.0,0.0,1.0,0.9133988284673217,0.026549102606736333,0.004233219787135818,0.007329808692499107,0.11235540334855404,0.026196147332184082
0.087,0.05,0.005,10000,0.1038863521055302,0.0029815896300975733,9855.0,0.004805230215695846,0.0185494847484603,0.04368391105178042,0.56,0.07,0.37,1.0415424919647258,0.0437593830448033,0.26093980887468965,0.0,0.0,1.0,0.9444213827775472,0.027129458956704548,0.004201545890354553,0.007329808692499107,0.11491476407914768,0.004803340141662348
0.0905,0.05,0.005,10000,0.1072166412988331,0.003067005807558127,9855.0,-0.015726279289814477,0.01874747609128678,-0.1429661753619498,0.18,0.08,0.74,1.0902937255032357,0.0447235751991327,0.2516555799446895,0.0,0.0,1.0,0.9746967390803006,0.027685809296006808,0.004239117199391172,0.007329808692499107,0.11741248097412482,-0.015719399121435246
0.094,0.05,0.005,10000,0.11127549467275495,0.0031850167279515924,9855.0,-0.04029616057347104,0.019151338341752148,-0.3663287324861003,0.01,0.01,0.98,1.149314052435433,0.046179300734169385,0.24071429538830225,0.0,0.0,1.0,1.011595406115954,0.028351261095025834,0.004263244673036971,0.007329808692499107,0.12045662100456621,-0.04026067745187554
0.0975,0.05,0.005,10000,0.11456418061897514,0.002904030341346728,9855.0,-0.05988419692112716,0.01714819269841184,-0.5444017901920649,0.0,0.0,1.0,1.196796606897699,0.04184052057635235,0.23212827625362198,0.0,0.0,1.0,1.0414925510815922,0.028881562365728693,0.004166646423248274,0.007329808692499107,0.12292313546423136,-0.05979557539840439
0.10099999999999999,0.05,0.005,10000,0.11823033992897009,0.003049933075508477,9855.0,-0.08131827033553779,0.017675646173588327,-0.7392570030503434,0.0,0.0,1.0,1.24942458142238,0.04364420421679096,0.22289023729415267,0.0,0.0,1.0,1.074821272081546,0.02946157125012967,0.004215170700659853,0.007329808692499107,0.12567275494672756,-0.08111452323961553
0.1045,0.05,0.005,10000,0.1214236428209031,0.0033889410977060107,9855.0,-0.09966516162577731,0.01937752673693048,-0.9060469238707027,0.0,0.0,1.0,1.2949725740316804,0.04817809652785897,0.21512279775926718,0.0,0.0,1.0,1.1038512983718465,0.02995783294856897,0.004304868645470496,0.007329808692499107,0.12806773211567732,-0.09930036175235106
0.108,0.05,0.005,10000,0.1250908168442415,0.0032215780260522026,9855.0,-0.12044309092392502,0.018178789252186394,-1.0949371902175002,0.0,0.0,1.0,1.346925721548656,0.04550815420515317,0.20647201058002854,0.0,0.0,1.0,1.1371892440385591,0.030519669876770086,0.004271406545239495,0.007329808692499107,0.13081811263318113,-0.11982678020589915
0.1115,0.05,0.005,10000,0.12882293252156266,0.0033725970542559094,9855.0,-0.14119814332921654,0.018612859568758484,-1.2836194848110594,0.0,0.0,1.0,1.3994237382404047,0.04730684664611102,0.19801377441329507,0.0,0.0,1.0,1.171117568377842,0.03108065535867837,0.004304182877219973,0.007329808692499107,0.133617199391172,-0.1402202770795855
0.11499999999999999,0.05,0.005,10000,0.13207102993404363,0.0035858518745497986,9855.0,-0.1589618494785557,0.01948239807143061,-1.4451077225323246,0.0,0.0,1.0,1.4448184023875554,0.04996488270778817,0.19091822874677356,0.0,0.0,1.0,1.2006457266731239,0.03156061482552529,0.004385045585827741,0.007329808692499107,0.13605327245053275,-0.15757865275993044
0.1185,0.05,0.005,10000,0.1356052765093861,0.0032684054276995796,9855.0,-0.17803555980011462,0.017499407142428404,-1.6185050890919512,0.0,0.0,1.0,1.4938439869197737,0.04523481548685508,0.18344151551925428,0.0,0.0,1.0,1.2327752409944188,0.03207582623850892,0.0042700324962512285,0.007329808692499107,0.13870395738203956,-0.1761267431799495
0.122,0.05,0.005,10000,0.13921055301877222,0.0032812291662218315,9855.0,-0.19714747861723192,0.017237485863119236,-1.7922498056111993,0.0,0.0,1.0,1.5435424029665998,0.045081359528604974,0.17611538739820712,0.0,0.0,1.0,1.2655504819888383,0.032591883679954206,0.004310437443147993,0.007329808692499107,0.14140791476407913,-0.1945772149885671
0.1255,0.05,0.005,10000,0.1420010147133435,0.00352904287306021,9855.0,-0.21170522956540844,0.018334956154520878,-1.924592996049167,0.0,0.0,1.0,1.581767740257744,0.04814252752460083,0.17065221271232495,0.0,0.0,1.0,1.29091831557585,0.03298484735494111,0.004396267808049963,0.007329808692499107,0.14350076103500758,-0.20853197399804502
0.129,0.05,0.005,10000,0.14556671740233385,0.0031658412423046694,9855.0,-0.23009327512268576,0.016167724309144465,-2.091757046569871,0.0,0.0,1.0,1.6302776699359498,0.04288783812575507,0.16387615606663355,0.0,0.0,1.0,1.3233337945666712,0.033481095780751396,0.004308399695360377,0.007329808692499107,0.1461750380517504,-0.2260613801953633
0.1325,0.05,0.005,10000,0.14945611364789446,0.00331108529236246,9855.0,-0.24977274311385272,0.01657151126546147,-2.2706613010350254,0.0,0.0,1.0,1.6827740929295292,0.044529586535910964,0.15681736144439773,0.0,0.0,1.0,1.358691942253586,0.03401201196651487,0.004262557077625571,0.007329808692499107,0.14909208523592085,-0.24464217603987776
0.136,0.05,0.005,10000,0.15246778285134452,0.004030445895481917,9855.0,-0.2647242327563426,0.019955048264824027,-2.4065839341485686,0.0,0.0,1.0,1.7231984116421817,0.053854277085856855,0.15158822314167394,0.0,0.0,1.0,1.3860707531940408,0.03441524123880722,0.004479203195782982,0.007329808692499107,0.15135083713850836,-0.25861393395003474
0.1395,0.05,0.005,10000,0.15607508878741755,0.0033638556243507653,9855.0,-0.2824911555989694,0.01639583676899505,-2.5681014145360854,0.0,0.0,1.0,1.7712755076110556,0.04463518649695301,0.14547071098439335,0.0,0.0,1.0,1.4188644435219777,0.03489433606943268,0.004353416361857829,0.007329808692499107,0.15405631659056318,-0.2751415926367832
0.14300000000000002,0.05,0.005,10000,0.15987924911212584,0.003301207517693196,9855.0,-0.30086605145806933,0.015774491088265872,-2.7351459223460846,0.0,0.0,1.0,1.8215924113338842,0.043501542875387385,0.13932377457708606,0.0,0.0,1.0,1.453447719201144,0.03538966510981154,0.004330548858221867,0.007329808692499107,0.15690943683409436,-0.2920389594889319
0.14650000000000002,0.05,0.005,10000,0.16433384069000506,0.003679336698662533,9855.0,-0.3219548066027359,0.01722501328970509,-2.9268618782066893,0.0,0.0,1.0,1.8800329504721212,0.048159385364782904,0.1324818172946268,0.0,0.0,1.0,1.4939440062727736,0.035957970039108965,0.004386373592480069,0.007329808692499107,0.1602503805175038,-0.3111905705451846
0.15000000000000002,0.05,0.005,10000,0.16693860984271944,0.0037816513096203467,9855.0,-0.3341007319068994,0.017523985070260446,-3.0372793809718126,0.0,0.0,1.0,1.913967345056621,0.04914518414923829,0.12863517001522667,0.0,0.0,1.0,1.5176237258429037,0.03628520538390594,0.004390012709341032,0.007329808692499107,0.16220395738203958,-0.3221128029717298
0.15350000000000003,0.05,0.005,10000,0.17089091831557585,0.0033475958666138285,9855.0,-0.35230503752312087,0.015276065593534758,-3.2027730683920095,0.0,0.0,1.0,1.9651501734337602,0.043227607949525085,0.12298603531960366,0.0,0.0,1.0,1.5535538028688711,0.036775575812993073,0.004321508067422319,0.007329808692499107,0.16516818873668193,-0.33834911576885807
0.157,0.05,0.005,10000,0.1740943683409437,0.0033959263111527447,9855.0,-0.3667975291800105,0.015271664624532102,-3.3345229925455504,0.0,0.0,1.0,2.00633218099959,0.04354282018800524,0.11861455274087276,0.0,0.0,1.0,1.5826760758267613,0.03716585992400614,0.00430262062433073,0.007329808692499107,0.16757077625570777,-0.35111641450223835
0.1605,0.05,0.005,10000,0.17799797057331307,0.0037516835637253715,9855.0,-0.38415871177057065,0.016539015703704512,-3.4923519251870054,0.0,0.0,1.0,2.0562062539172334,0.04780427879709717,0.11351457703217442,0.0,0.0,1.0,1.6181633688483004,0.037633288006288915,0.004400889041434319,0.007329808692499107,0.17049847792998482,-0.36622764195025764
0.164,0.05,0.005,10000,0.18141755454084227,0.0037155429007850226,9855.0,-0.3991445321773793,0.016137544476743135,-3.6285866561579945,0.0,0.0,1.0,2.099576086300151,0.047023640709602486,0.1092211089343882,0.0,0.0,1.0,1.6492504958258383,0.038036682472717256,0.004376030061164824,0.007329808692499107,0.17306316590563164,-0.37913301559089424
0.1675,0.05,0.005,10000,0.18464738711314055,0.003493835684931641,9855.0,-0.41310275464005647,0.014949710867973096,-3.7554795876368763,0.0,0.0,1.0,2.1402714639101026,0.04392147566507999,0.10531468229119609,0.0,0.0,1.0,1.67861261011946,0.03841234731279721,0.004284586682282202,0.007329808692499107,0.17548554033485536,-0.39103066662561015
0.171,0.05,0.005,10000,0.18767021816336885,0.0037028645430588077,9855.0,-0.4259565873178765,0.015646187896883487,-3.872332611980697,0.0,0.0,1.0,2.1782042553513845,0.046252809509377046,0.10180191519332067,0.0,0.0,1.0,1.7060928923942627,0.03875821839198799,0.00441800753407736,0.007329808692499107,0.1777526636225267,-0.4018549620465995
0.17450000000000002,0.05,0.005,10000,0.1910268899036022,0.004322694121403733,9855.0,-0.4399974015367375,0.017978240216846467,-3.999976377606705,0.0,0.0,1.0,2.22004279847586,0.053661095251980734,0.09806612126345478,0.0,0.0,1.0,1.7366080900327479,0.03913595371845411,0.0045549232111728975,0.007329808692499107,0.1802701674277017,-0.41353253012545443
0.17800000000000002,0.05,0.005,10000,0.1947346524606799,0.004297759483170747,9855.0,-0.45531549902504187,0.017600168222488385,-4.139231809318563,0.0,0.0,1.0,2.2659472822152087,0.05301878709536197,0.09407889558356261,0.0,0.0,1.0,1.7703150223698172,0.03954799106670139,0.004523192770111022,0.007329808692499107,0.18305098934550998,-0.42615161492919945
0.18150000000000002,0.05,0.005,10000,0.19903399289700655,0.003995619751329317,9855.0,-0.4727809922274522,0.016108524184007093,-4.298009020249566,0.0,0.0,1.0,2.3188347079119467,0.04901013017873501,0.08965493282732011,0.0,0.0,1.0,1.8093999354273331,0.040017699501752935,0.004508803958058898,0.007329808692499107,0.18627549467275498,-0.44035258719875914
0.18500000000000003,0.05,0.005,10000,0.20207610350076105,0.003894301888850986,9855.0,-0.48492811290054244,0.01542376076675421,-4.408437390004931,0.0,0.0,1.0,2.3559966492257955,0.047465994870864656,0.08666317736406297,0.0,0.0,1.0,1.8370554863705548,0.04034431623340873,0.004470471841704718,0.007329808692499107,0.18855707762557078,-0.45009714764240194
0.1885,0.05,0.005,10000,0.20552409944190764,0.003891868138441523,9855.0,-0.49848740553438814,0.015179211051690886,-4.531703686676256,0.0,0.0,1.0,2.3978794553196123,0.0471455013635997,0.0834045387356476,0.0,0.0,1.0,1.8684009040173424,0.0407088440313364,0.0044385511418909415,0.007329808692499107,0.19114307458143073,-0.46084397125764054
0.192,0.05,0.005,10000,0.2086037544393709,0.003993974732790675,9855.0,-0.5104135049504218,0.01532526678916359,-4.640122772276562,0.0,0.0,1.0,2.4351006736600183,0.04808890161306324,0.08060583131054357,0.0,0.0,1.0,1.8963977676306445,0.04102941422818808,0.004465413926771424,0.007329808692499107,0.19345281582952814,-0.4701821050263971
0.1955,0.05,0.005,10000,0.21218163368848303,0.004050064409726169,9855.0,-0.5240648085835641,0.015336314652876035,-4.764225532577856,0.0,0.0,1.0,2.4780892851264884,0.048504082267960304,0.07747885635061812,0.0,0.0,1.0,1.9289239426225728,0.04139630236212086,0.0044490594370033085,0.007329808692499107,0.19613622526636224,-0.4807451222270793
0.199,0.05,0.005,10000,0.21545205479452056,0.0040086808778496,9855.0,-0.5363561460080709,0.014960481744661655,-4.875964963709736,0.0,0.0,1.0,2.517196479672478,0.04773842264807948,0.07472775024028794,0.0,0.0,1.0,1.9586550435865504,0.04172659210459831,0.00448532298280599,0.007329808692499107,0.19858904109589046,-0.4901422814650165
0.2025,0.05,0.005,10000,0.21902080162354134,0.0038864677132113236,9855.0,-0.5495653170271847,0.014279055393214264,-4.9960483366107695,0.0,0.0,1.0,2.5596042403127472,0.046028677159138026,0.07184385066115764,0.0,0.0,1.0,1.9910981965776486,0.04208149439229189,0.004435387899035735,0.007329808692499107,0.201265601217656,-0.5001187035174532
0.20600000000000002,0.05,0.005,10000,0.22264231354642314,0.00395941882644423,9855.0,-0.5627372863138933,0.014274898850856662,-5.115793511944483,0.0,0.0,1.0,2.602411939823617,0.04663811081669811,0.06904290118505883,0.0,0.0,1.0,2.02402103224021,0.04243534082745408,0.00444737792987197,0.007329808692499107,0.20398173515981732,-0.5099294490745223
0.20950000000000002,0.05,0.005,10000,0.22608625063419588,0.004087290773056138,9855.0,-0.5750565664038142,0.014482479978969509,-5.2277869673074004,0.0,0.0,1.0,2.642905644863995,0.04789158903036296,0.06648850227680012,0.0,0.0,1.0,2.055329551219962,0.04276623247567885,0.0044787720697331964,0.007329808692499107,0.2065646879756469,-0.5189844123635607
0.21300000000000002,0.05,0.005,10000,0.2299837645865043,0.003972962213189337,9855.0,-0.5887789884171865,0.013922103385378788,-5.352536258338058,0.0,0.0,1.0,2.6884544047575663,0.046344622690359494,0.06371371248642144,0.0,0.0,1.0,2.0907614962409484,0.04313476177987687,0.004418370472067324,0.007329808692499107,0.20948782343987818,-0.528943863065605
0.21650000000000003,0.05,0.005,10000,0.23366108574327757,0.004519606428445404,9855.0,-0.6014557905045669,0.015457268071043183,-5.46777991367788,0.0,0.0,1.0,2.731242913483139,0.052445208586395155,0.061223182960228745,0.0,0.0,1.0,2.12419168857525,0.04347515200536165,0.004573979680308891,0.007329808692499107,0.21224581430745812,-0.5379942449587577
0.22,0.05,0.005,10000,0.2368269913749366,0.00487116329885243,9855.0,-0.6122005465697324,0.01644493767052581,-5.565459514270298,0.0,0.0,1.0,2.7678942027296007,0.05621620990442061,0.05916063705810583,0.0,0.0,1.0,2.1529726488630603,0.04376362827466848,0.004682042085179515,0.007329808692499107,0.2146202435312025,-0.5455717008075662
0.01,0.1,0.005,10000,0.02960471070148489,0.0015439806314756187,9765.0,0.5822458295760152,0.015516325259568862,5.293143905236502,1.0,0.0,0.0,-0.07380272041270076,0.024143363910633802,0.5184397477375158,0.0,1.0,0.0,0.2691337336498627,0.011331935009085772,0.0038729858957265145,0.011961234531527198,0.09170353302611367,0.5242052805397107
0.0135,0.1,0.005,10000,0.03301587301587302,0.0019948379981120463,9765.0,0.5485218168366311,0.019456898436182292,4.986561971242101,1.0,0.0,0.0,-0.020429415383601653,0.03116056760994602,0.5051059369659536,0.0,1.0,0.0,0.30014430014430016,0.012267704552074593,0.003985407066052227,0.011961234531527198,0.09426190476190477,0.4992710552615741
0.017,0.1,0.005,10000,0.03653865847414234,0.0018387148487401255,9765.0,0.5146953634835186,0.017368894231020844,4.679048758941078,1.0,0.0,0.0,0.0346177702575831,0.02873607213359228,0.4913482025898715,0.0,1.0,0.0,0.3321696224922031,0.013204152704454025,0.003927593911268698,0.011961234531527198,0.09690399385560677,0.47348582377689463
0.0205,0.1,0.005,10000,0.039853558627752174,0.0020728110594223402,9765.0,0.4838582878002772,0.019004335971311105,4.398711707275248,1.0,0.0,0.0,0.0864730173895138,0.03237595706028986,0.478400964114293,0.0,1.0,0.0,0.36230507843411075,0.01405584996885935,0.004008753805187316,0.011961234531527198,0.09939016897081415,0.44920022069618104
0.024,0.1,0.005,10000,0.04361597542242704,0.001847800423438097,9765.0,0.44979109744189105,0.01646991228087225,4.089009976744463,1.0,0.0,0.0,0.14524146414727185,0.028860675397331188,0.4637607589736708,0.0,1.0,0.0,0.3965088674766094,0.01499501579455565,0.003949327747447729,0.011961234531527198,0.10221198156682028,0.4216341620904736
0.027500000000000004,0.1,0.005,10000,0.04743983614951357,0.0022097610210169006,9765.0,0.41625308533408395,0.01915758161609356,3.7841189575825807,1.0,0.0,0.0,0.20498617455371382,0.03450381168913659,0.44894692006132414,0.0,1.0,0.0,0.4312712377228506,0.015917712598773597,0.004032359726393299,0.011961234531527198,0.10507987711213516,0.39364813576290225
0.031,0.1,0.005,10000,0.05058166922683051,0.0021748202442643154,9765.0,0.38935395901714065,0.01837823150852527,3.53958144561037,1.0,0.0,0.0,0.25398725253924115,0.03390975688746159,0.43686019299102363,0.0,1.0,0.0,0.45983335660755015,0.016656695692974267,0.004013946934761121,0.011961234531527198,0.1074362519201229,0.37069643087387777
0.0345,0.1,0.005,10000,0.05408499743983615,0.002227790808441267,9765.0,0.3600730131442743,0.01844201331810662,3.273391028584312,1.0,0.0,0.0,0.30856116624367635,0.03464464155169907,0.4234879605688817,0.0,1.0,0.0,0.49168179490760133,0.01746001686861353,0.004010521575223516,0.011961234531527198,0.11006374807987712,0.3451756140856198
0.038,0.1,0.005,10000,0.05750844854070661,0.002031787105318347,9765.0,0.33210033661826105,0.016432877891109712,3.0190939692569168,1.0,0.0,0.0,0.3617847862099682,0.03152868354508279,0.41054872603778036,0.0,1.0,0.0,0.5228040776427875,0.018226517390785034,0.003967708979217373,0.011961234531527198,0.11263133640552996,0.3203296202156126
0.0415,0.1,0.005,10000,0.06091858678955452,0.0022668028536753687,9765.0,0.30490593210415945,0.017879149836623337,2.771872110037813,1.0,0.0,0.0,0.4147287160020183,0.03511746125286944,0.39780880000249325,0.0,0.97,0.03,0.5538053344504958,0.01897077532446787,0.004027154168338664,0.011961234531527198,0.11518894009216592,0.29571051171228563
0.045000000000000005,0.1,0.005,10000,0.06467895545314901,0.002703516373634524,9765.0,0.27562078967830056,0.02080334521561202,2.505643542530005,1.0,0.0,0.0,0.47297000906962483,0.04178573818625401,0.38396127002434816,0.0,0.66,0.34,0.5879905041195364,0.019771347116890124,0.004131141460738892,0.011961234531527198,0.11800921658986177,0.26874086102582717
0.0485,0.1,0.005,10000,0.06802662570404505,0.002792105546785123,9765.0,0.25008287369701254,0.021083063057197027,2.273480669972841,1.0,0.0,0.0,0.5246528596217235,0.04301833241224252,0.3718198063273553,0.0,0.2,0.8,0.6184238700367733,0.02046882495317695,0.004171078759827115,0.011961234531527198,0.12051996927803378,0.24489534199364596
0.052000000000000005,0.1,0.005,10000,0.07197644649257554,0.0027019203942259453,9765.0,0.22058242791599664,0.019949474157549916,2.0052947992363332,1.0,0.0,0.0,0.585414161888337,0.041511711016431585,0.357743427790899,0.0,0.0,1.0,0.6543313317506865,0.021273786484052856,0.0041743136434439915,0.011961234531527198,0.12348233486943165,0.2169914344030121
0.0555,0.1,0.005,10000,0.07531387608806964,0.002772010426810488,9765.0,0.19620077239569525,0.020100703399893186,1.7836433854154115,1.0,0.0,0.0,0.6365582009233279,0.04240832824226181,0.34608674846764464,0.0,0.0,1.0,0.6846716008006329,0.021938466382800725,0.004178982684105297,0.011961234531527198,0.1259854070660522,0.19364623182190888
0.059000000000000004,0.1,0.005,10000,0.07883563748079878,0.0028269431071247055,9765.0,0.17096941788841602,0.020004832253026086,1.5542674353492365,1.0,0.0,0.0,0.6903083129120767,0.04309635769099165,0.3340326864111591,0.0,0.0,1.0,0.716687613461807,0.022625784599344948,0.004160053623746513,0.011961234531527198,0.12862672811059905,0.16925839424269307
0.0625,0.1,0.005,10000,0.08238197644649257,0.002849945757745236,9765.0,0.14605853381428455,0.019848624349426393,1.3278048528571325,1.0,0.0,0.0,0.7442086434075557,0.043250816042189236,0.32215628865942575,0.0,0.0,1.0,0.748927058604478,0.023303865688897175,0.004149183493900907,0.011961234531527198,0.13128648233486945,0.1449729244323197
0.066,0.1,0.005,10000,0.08596108550947261,0.0027565199861471898,9765.0,0.12139139235553761,0.018783604323294248,1.1035581123230696,1.0,0.0,0.0,0.7983804960951005,0.04164250619903179,0.3104418173792656,0.0,0.0,1.0,0.7814644137224782,0.023974852951343606,0.004180216729556097,0.011961234531527198,0.13397081413210443,0.12075732880924211
0.0695,0.1,0.005,10000,0.0891336405529954,0.0027136378386615275,9765.0,0.09992601352634609,0.018224284716857518,0.9084183047849642,1.0,0.0,0.0,0.8461421310919488,0.04076623253525024,0.30031167226549443,0.0,0.0,1.0,0.8103058232090491,0.024558372414794923,0.004135023041474655,0.011961234531527198,0.13635023041474656,0.09956195069848156
0.073,0.1,0.005,10000,0.09299334357398874,0.003134852538538498,9765.0,0.07433909482311284,0.020580402371083578,0.6758099529373893,1.0,0.0,0.0,0.9040021915169675,0.04687197746219129,0.2883233015905767,0.0,0.0,1.0,0.8453940324908067,0.02525346549219099,0.0042613869570798475,0.011961234531527198,0.13924500768049158,0.07417187276040965
0.0765,0.1,0.005,10000,0.09674859190988222,0.0030982010969797086,9765.0,0.04988896502919865,0.019936051508467632,0.45353604571998773,0.99,0.01,0.0,0.9599321850291507,0.046072785815916006,0.27698574691789224,0.0,0.0,1.0,0.879532653726202,0.025917297492039745,0.004235146488116861,0.011961234531527198,0.14206144393241169,0.049828594105176906
0.08,0.1,0.005,10000,0.0993026113671275,0.0032621937137036466,9765.0,0.03354737460023846,0.020801238091595144,0.3049761327294406,0.94,0.05,0.01,0.9978038607922838,0.04820314567635764,0.2694776188509486,0.0,0.0,1.0,0.9027510124284318,0.026360741617743832,0.004298463901689708,0.011961234531527198,0.14397695852534562,0.03351964829878839
0.08349999999999999,0.1,0.005,10000,0.10325140809011778,0.0027610232616498568,9765.0,0.008619938956187553,0.01723343800445335,0.07836308141988685,0.58,0.11,0.31,1.0560054751278942,0.04057466918113484,0.258148994345415,0.0,0.0,1.0,0.9386491644556161,0.02703690347642044,0.004185543639107496,0.011961234531527198,0.14693855606758832,0.008617002511135013
0.087,0.1,0.005,10000,0.10722273425499232,0.0029937330518301063,9765.0,-0.01589069620423521,0.018285730668912866,-0.14446087458395648,0.17,0.07,0.76,1.1141691459716612,0.04374516898800988,0.24718359785855118,0.0,0.0,1.0,0.9747521295908393,0.027701334108515666,0.004242714704797324,0.011961234531527198,0.14991705069124428,-0.01588379030078478
0.0905,0.1,0.005,10000,0.11011879160266258,0.0034889862084026683,9765.0,-0.03343206379911769,0.02101495591688535,-0.30392785271925166,0.04,0.01,0.95,1.156304853225292,0.05064636470132993,0.2394598169221716,0.0,0.0,1.0,1.0010799236605685,0.028176601295097723,0.004293527579922411,0.011961234531527198,0.15208909370199694,-0.033404751604746166
0.094,0.1,0.005,10000,0.11359754224270353,0.003298181644350438,9765.0,-0.05425209890744188,0.019565434264819652,-0.49320089915856236,0.0,0.0,1.0,1.2066603849450488,0.04756507598955691,0.23039949710384963,0.0,0.0,1.0,1.032704929479123,0.02874052460904243,0.004276912721785005,0.011961234531527198,0.15469815668202763,-0.05417871306085364
0.0975,0.1,0.005,10000,0.11670558115719407,0.0035022277757458422,9765.0,-0.07252383228322691,0.020460049341345866,-0.6593075662111536,0.0,0.0,1.0,1.2513882511611818,0.050180506222984,0.22257952796086855,0.0,0.0,1.0,1.060959828701764,0.029235201731213613,0.0043568131545137796,0.011961234531527198,0.15702918586789552,-0.07236725679375523
0.10099999999999999,0.1,0.005,10000,0.12066769073220686,0.003311381339545652,9765.0,-0.09546777252779182,0.018947135470513243,-0.8678888411617436,0.0,0.0,1.0,1.3079842199261318,0.047123593697571825,0.21293005522044503,0.0,0.0,1.0,1.096979006656426,0.02985614258605033,0.004262212819463148,0.011961234531527198,0.1600007680491551,-0.09514491542139875
0.1045,0.1,0.005,10000,0.12474244751664107,0.003141071210353095,9765.0,-0.11861383053790689,0.017659645571229125,-1.0783075503446076,0.0,0.0,1.0,1.3657964252908448,0.044433635553860734,0.20339373864786062,0.0,0.0,1.0,1.1340222501512824,0.030482267940278068,0.004282254573506218,0.011961234531527198,0.1630568356374808,-0.11802479683696725
0.108,0.1,0.005,10000,0.12851408090117766,0.003431405157857681,9765.0,-0.13960893190271814,0.01891579910493812,-1.269172108206528,0.0,0.0,1.0,1.4188786678945897,0.0482010338354253,0.19494743892984834,0.0,0.0,1.0,1.1683098263743426,0.031049949091673613,0.004330737048069996,0.011961234531527198,0.16588556067588325,-0.1386603182477457
0.1115,0.1,0.005,10000,0.1312616487455197,0.003075775489792276,9765.0,-0.1547187194651274,0.01677931257389892,-1.40653381331934,0.0,0.0,1.0,1.4572971625771376,0.04290837467341831,0.18896792253165717,0.0,0.0,1.0,1.193287715868361,0.03145838960701727,0.0042412062562566175,0.011961234531527198,0.16794623655913976,-0.15345422366552236
0.11499999999999999,0.1,0.005,10000,0.13470046082949308,0.0032605593074940794,9765.0,-0.17330970725167255,0.01756399358235051,-1.575542793197023,0.0,0.0,1.0,1.5051012146753007,0.04518477742331602,0.1817616585313837,0.0,0.0,1.0,1.2245496439044825,0.031960751103475606,0.004277316575946266,0.011961234531527198,0.17052534562211982,-0.1715450766716472
0.1185,0.1,0.005,10000,0.13821402969790067,0.0034883645044004557,9765.0,-0.19199975510374148,0.018419461784551838,-1.7454523191249225,0.0,0.0,1.0,1.5536090689177737,0.048003464403663765,0.17467252212475404,0.0,0.0,1.0,1.256491179071824,0.03246562436940715,0.004322077223728804,0.011961234531527198,0.17316052227342552,-0.18961339793518717
0.122,0.1,0.005,10000,0.14244342037890426,0.003589144490660055,9765.0,-0.21411491825449025,0.01860028631286154,-1.946499256859003,0.0,0.0,1.0,1.611570534646157,0.04904406150345048,0.1664808361596494,0.0,0.0,1.0,1.294940185262766,0.03306281853005031,0.004382290183156046,0.011961234531527198,0.17633256528417818,-0.21083294809547223
0.1255,0.1,0.005,10000,0.14498003072196622,0.003665451716946438,9765.0,-0.22717390222624773,0.01878571095802484,-2.0652172929658885,0.0,0.0,1.0,1.6460647981278422,0.04974760262866709,0.16175384826905592,0.0,0.0,1.0,1.318000279290602,0.03341535693188319,0.004343751570887022,0.011961234531527198,0.17823502304147465,-0.2232710862026636
0.129,0.1,0.005,10000,0.14827547363031235,0.0035512303975332024,9765.0,-0.24393399969784735,0.01790592892481108,-2.217581815434976,0.0,0.0,1.0,1.6906661917933001,0.04784041783827598,0.15579072376907316,0.0,0.0,1.0,1.3479588511846579,0.0338677088181957,0.0043541279149730445,0.011961234531527198,0.1807066052227342,-0.23913653630767623
0.1325,0.1,0.005,10000,0.15220993343573988,0.0038047095113693183,9765.0,-0.2635866424408749,0.018913088945099275,-2.396242204007953,0.0,0.0,1.0,1.7434967682975273,0.050925167281931166,0.14898372935446144,0.0,0.0,1.0,1.3837266675976352,0.03439795889477906,0.004367659265563807,0.011961234531527198,0.18365745007680495,-0.25756270414630145
0.136,0.1,0.005,10000,0.1556989247311828,0.003966696208636397,9765.0,-0.2807303193355812,0.019305861951107076,-2.552093812141647,0.0,0.0,1.0,1.790026940925808,0.05269627068508925,0.14318945778744693,0.0,0.0,1.0,1.41544477028348,0.03486038532935263,0.004422777824252643,0.011961234531527198,0.18627419354838715,-0.2734871585320109
0.1395,0.1,0.005,10000,0.15976753712237582,0.0038796075980556616,9765.0,-0.3004073352070948,0.018548945948608005,-2.7309757746099534,0.0,0.0,1.0,1.8438787528165428,0.051187934301202324,0.1367041703600857,0.0,0.0,1.0,1.452432155657962,0.03539100412348042,0.0044168935904033,0.011961234531527198,0.18932565284178193,-0.2915942357634885
0.14300000000000002,0.1,0.005,10000,0.16266052227342553,0.0035277573398096985,9765.0,-0.3142037814397062,0.016642977494160882,-2.856398013088238,0.0,0.0,1.0,1.881905923513619,0.04623648970118293,0.13225920748514353,0.0,0.0,1.0,1.4787320206675045,0.03576296054496944,0.004347698086834855,0.011961234531527198,0.19149539170506916,-0.30418066837209595
0.14650000000000002,0.1,0.005,10000,0.16659088581669224,0.003762435202278724,9765.0,-0.33260810415755054,0.0174987304286738,-3.0237100377959134,0.0,0.0,1.0,1.9332189539768196,0.04898449340036882,0.12649277807765724,0.0,0.0,1.0,1.5144625983335664,0.03625900544626121,0.004389193967470134,0.011961234531527198,0.1944431643625192,-0.32077528555652335
0.15000000000000002,0.1,0.005,10000,0.17009114183307733,0.004005067722163816,9765.0,-0.3487250438132592,0.0183324740573305,-3.1702276710296298,0.0,0.0,1.0,1.978601492006411,0.051782766532618076,0.12157527322342904,0.0,0.0,1.0,1.5462831075734302,0.036693290520411426,0.004464135735428689,0.011961234531527198,0.19706835637480802,-0.335145556032205
0.15350000000000003,0.1,0.005,10000,0.17306298003072196,0.0036995698120524867,9765.0,-0.3622522124648193,0.016672055419564378,-3.2932019314983574,0.0,0.0,1.0,2.0168731416297807,0.04751546283438917,0.1175311798481672,0.0,0.0,1.0,1.5732998184611084,0.03705773101834066,0.004374227761363213,0.011961234531527198,0.1992972350230415,-0.34711217581873227
0.157,0.1,0.005,10000,0.1765908858166923,0.0038996638026794375,9765.0,-0.3780358607769396,0.01731250984335725,-3.4366896434267242,0.0,0.0,1.0,2.062033878443156,0.049750243139727486,0.11293693185919404,0.0,0.0,1.0,1.6053716892426566,0.03748286026760638,0.004405386119183518,0.011961234531527198,0.20194316436251922,-0.36090735552273023
0.1605,0.1,0.005,10000,0.1798084997439836,0.00385048464292303,9765.0,-0.3922331839487489,0.016876594361071105,-3.5657562177158986,0.0,0.0,1.0,2.1029620508134705,0.04879336683140141,0.10889871591634902,0.0,0.0,1.0,1.634622724945306,0.037865189782102286,0.004389757715280264,0.011961234531527198,0.20435637480798774,-0.3731933999277253
0.164,0.1,0.005,10000,0.18325448028673835,0.0042939881570844204,9765.0,-0.40717568394830195,0.01844458836990459,-3.7015971268027448,0.0,0.0,1.0,2.1465478582993036,0.05405092282124271,0.10476092489059602,0.0,0.0,1.0,1.6659498207885304,0.03826749507925709,0.004529711492636608,0.011961234531527198,0.2069408602150538,-0.38596100987189835
0.1675,0.1,0.005,10000,0.1871530977982591,0.00390979041872441,9765.0,-0.42387299429078135,0.016591260292140978,-3.8533908571889213,0.0,0.0,1.0,2.1954928946650143,0.04891452572193909,0.10024141917131406,0.0,0.0,1.0,1.7013917981659918,0.03871697366901236,0.004433640552995392,0.011961234531527198,0.20986482334869433,-0.40009676728678045
0.171,0.1,0.005,10000,0.19072708653353815,0.00332719435410311,9765.0,-0.43893840050229704,0.013906326917339243,-3.9903490954754286,0.0,0.0,1.0,2.24005714679037,0.04135925090170108,0.09627016507719027,0.0,0.0,1.0,1.7338826048503466,0.03912244237111345,0.004312536238004637,0.011961234531527198,0.2125453149001536,-0.41269866897143287
0.17450000000000002,0.1,0.005,10000,0.1939774705581157,0.0045844231749061,9765.0,-0.45230588774931446,0.018777481710427035,-4.111871706811949,0.0,0.0,1.0,2.280359420811701,0.05660958076645813,0.09287098250854477,0.0,0.0,1.0,1.763431550528325,0.039482108405262284,0.004581661778983043,0.011961234531527198,0.2149831029185868,-0.4236710566118325
0.17800000000000002,0.1,0.005,10000,0.19838709677419353,0.0041472866470835595,9765.0,-0.4702876278991118,0.016701318970466665,-4.2753420718101065,0.0,0.0,1.0,2.33465303254028,0.05094530570423927,0.08837846747143203,0.0,0.0,1.0,1.8035190615835777,0.03996587826548347,0.004500107247762775,0.011961234531527198,0.21829032258064515,-0.43833390665792193
0.18150000000000002,0.1,0.005,10000,0.20164976958525344,0.004258475553464294,9765.0,-0.48333089717077043,0.016902968698293205,-4.393917247007004,0.0,0.0,1.0,2.3745606215303803,0.051986338006879074,0.08521966392065375,0.0,0.0,1.0,1.8331797235023044,0.04031670866548385,0.004534923334778831,0.011961234531527198,0.22073732718894007,-0.44880588670395255
0.18500000000000003,0.1,0.005,10000,0.20538863287250383,0.0041425945947623785,9765.0,-0.4980614337880149,0.016172217021173243,-4.527831216254682,0.0,0.0,1.0,2.4199947798933277,0.05027732907525765,0.08173913662752011,0.0,0.0,1.0,1.867169389750035,0.04071285992233016,0.004471703952109151,0.011961234531527198,0.22354147465437788,-0.4604973011317632
0.1885,0.1,0.005,10000,0.208068612391193,0.004733186596009013,9765.0,-0.5084161764778033,0.018259889546394174,-4.621965240707304,0.0,0.0,1.0,2.4524233476497947,0.05710755017513204,0.07936066098719166,0.0,0.0,1.0,1.891532839919937,0.040991275608286554,0.004640549643806392,0.011961234531527198,0.22555145929339482,-0.468589595188605
0.192,0.1,0.005,10000,0.21166513056835637,0.004534551330577168,9765.0,-0.5221922050855037,0.01717792817025587,-4.747201864413671,0.0,0.0,1.0,2.4956822737866355,0.05437647202445111,0.07624853697623092,0.0,0.0,1.0,1.9242284597123307,0.041361650049996986,0.004591760927171231,0.011961234531527198,0.2282488479262673,-0.4792823174689581
0.1955,0.1,0.005,10000,0.21524935995903743,0.0036946466458388965,9765.0,-0.5357407612537686,0.013795304032138349,-4.870370556852441,0.0,0.0,1.0,2.5385162466792575,0.04405908821458348,0.07325743231725532,0.0,0.0,1.0,1.956812363263976,0.04172586023949229,0.004382540985993915,0.011961234531527198,0.23093701996927807,-0.4896870035244927
0.199,0.1,0.005,10000,0.21832974910394262,0.00441638090241572,9765.0,-0.5471097670702579,0.016218664443894765,-4.973725155184162,0.0,0.0,1.0,2.5751737926397014,0.05237158764416238,0.07082980209195544,0.0,0.0,1.0,1.984815900944933,0.04203141093351392,0.004538267560224934,0.011961234531527198,0.23324731182795694,-0.498253351765024
0.2025,0.1,0.005,10000,0.22157808499743983,0.0045033085494765035,9765.0,-0.5589699827085989,0.01637829579521464,-5.081545297350899,0.0,0.0,1.0,2.6136058465027987,0.05312816019581871,0.0683449000172572,0.0,0.0,1.0,2.014346227249453,0.042350131484553064,0.004519368942713414,0.011961234531527198,0.23568356374807986,-0.5071128864838972
0.20600000000000002,0.1,0.005,10000,0.22592933947772656,0.004395066195855527,9765.0,-0.5745981446672961,0.015614718922547835,-5.223619496975419,0.0,0.0,1.0,2.664836495194424,0.0515653079824928,0.06515007342003486,0.0,0.0,1.0,2.0539030861611507,0.042770047741170894,0.004560666387547722,0.011961234531527198,0.23894700460829493,-0.5186366767065833
0.20950000000000002,0.1,0.005,10000,0.22877419354838707,0.003903760285737747,9765.0,-0.5846743830997415,0.013658225600040687,-5.315221664543105,0.0,0.0,1.0,2.6981012003141274,0.0455393937157876,0.06313835658498525,0.0,0.0,1.0,2.079765395894428,0.04304075524870272,0.004414900851811813,0.011961234531527198,0.24108064516129032,-0.5259842928158476
0.21300000000000002,0.1,0.005,10000,0.23248950332821297,0.003948645872280359,9765.0,-0.5975879132415455,0.013619374314199755,-5.432617393104957,0.0,0.0,1.0,2.741374813549517,0.0458418383816359,0.06062769116114425,0.0,0.0,1.0,2.113540939347391,0.04338763420886272,0.004427013545496101,0.011961234531527198,0.24386712749615977,-0.5352608507314524
0.21650000000000003,0.1,0.005,10000,0.23568151561699946,0.004392396197746091,9765.0,-0.6084774494845578,0.014917078541570221,-5.5316131771323445,0.0,0.0,1.0,2.7783771893923235,0.0507553884402889,0.05856591604346845,0.0,0.0,1.0,2.1425592328818137,0.04368010173157869,0.004518559279209545,0.011961234531527198,0.2462611367127496,-0.5429701383506941
0.22,0.1,0.005,10000,0.23992524321556577,0.004471424875796746,9765.0,-0.6227360744785183,0.014924031807691588,-5.661237040713802,0.0,0.0,1.0,2.8272859746861365,0.05141983206774631,0.05592892582104796,0.0,0.0,1.0,2.1811385746869623,0.044063009979710195,0.00450323474392253,0.011961234531527198,0.2494439324116744,-0.5529455647746242
0.01,0.15,0.005,10000,0.032686304909560725,0.0019703315651844215,9675.0,0.5516119284388714,0.019196321377421558,5.0146538948988315,1.0,0.0,0.0,-0.0018031565437907843,0.0308592359999497,0.5004509515574057,0.0,1.0,0.0,0.29714822645055206,0.012187025010829864,0.003966300317084969,0.0166571355506977,0.12651472868217056,0.50159060636431
0.0135,0.15,0.005,10000,0.036073385012919894,0.0018897856901989398,9675.0,0.5189844910655871,0.01791876878057761,4.718040827868974,1.0,0.0,0.0,0.051141637175931225,0.029571472538625257,0.4872201694890451,0.0,1.0,0.0,0.32793986375381723,0.013090905253102731,0.0039453833474357184,0.0166571355506977,0.12905503875968993,0.4767987847134267
0.017,0.15,0.005,10000,0.039471834625323,0.0017285870697157264,9675.0,0.4871980890833598,0.01586200026731021,4.429073537121454,1.0,0.0,0.0,0.10424584088997829,0.02705040813230813,0.47396705689650537,0.0,1.0,0.0,0.35883486023020916,0.013969547194271152,0.0038893770894757886,0.0166571355506977,0.13160387596899223,0.4519004291986587
0.0205,0.15,0.005,10000,0.04324857881136951,0.0019870814100958695,9675.0,0.45296634426184595,0.017760807802856115,4.117875856925874,1.0,0.0,0.0,0.16329789086126,0.03108098718798575,0.45927570327403516,0.0,1.0,0.0,0.39316889828517737,0.014913717900235091,0.0039536258984803185,0.0166571355506977,0.13443643410852718,0.4242256677835452
0.024,0.15,0.005,10000,0.046503359173126604,0.00206465954030708,9675.0,0.42424654658413063,0.017951504118138003,3.8567867871284602,1.0,0.0,0.0,0.21414048693568632,0.03226272375395001,0.4466823527320915,0.0,1.0,0.0,0.4227578106647875,0.015704488963165297,0.003974297329128862,0.0166571355506977,0.13687751937984494,0.40039492049920755
0.027500000000000004,0.15,0.005,10000,0.04959483204134367,0.002230881983885786,9675.0,0.3976216282711966,0.019046464782350215,3.6147420751926966,1.0,0.0,0.0,0.26239983936989275,0.03474988885111265,0.43479287451135645,0.0,1.0,0.0,0.4508621094667607,0.016436494169186234,0.004017547399640792,0.0166571355506977,0.13919612403100778,0.37779555278329335
0.031,0.15,0.005,10000,0.053725064599483216,0.002115903060535608,9675.0,0.36291267942818456,0.01748049693006326,3.29920617661986,1.0,0.0,0.0,0.3267543798165618,0.0329928410057519,0.4190519888571403,0.0,1.0,0.0,0.48840967817712005,0.017389417654794865,0.003995822452415383,0.0166571355506977,0.1422937984496124,0.34768484406296635
0.0345,0.15,0.005,10000,0.05713798449612402,0.0022062528226729867,9675.0,0.33499080612169735,0.017819266312529662,3.0453709647427036,1.0,0.0,0.0,0.3798596892316459,0.034329905515715874,0.40618732330927815,0.0,1.0,0.0,0.5194362226920366,0.018154887662675846,0.004037894975342697,0.0166571355506977,0.144853488372093,0.3229074299263076
0.038,0.15,0.005,10000,0.06018811369509043,0.0022655284406938913,9675.0,0.31056466675168404,0.018012192886307992,2.8233151522880364,1.0,0.0,0.0,0.42721819068164907,0.03508744570092429,0.39482118962972373,0.0,0.98,0.02,0.5471646699553677,0.018823789806434364,0.0040499027272806794,0.0166571355506977,0.14714108527131786,0.3008623847938263
0.0415,0.15,0.005,10000,0.06431524547803617,0.002616056478465218,9675.0,0.27829569099277085,0.020207631359709294,2.529960827207008,1.0,0.0,0.0,0.4911414084268073,0.04049157865352912,0.37967079272494814,0.0,0.51,0.49,0.5846840498003288,0.019706446003672072,0.004095098766697372,0.0166571355506977,0.15023643410852713,0.2712254713058947
0.045000000000000005,0.15,0.005,10000,0.06748527131782946,0.002644704158892679,9675.0,0.2540387257663623,0.020011428172212055,2.309442961512385,1.0,0.0,0.0,0.5401142578627975,0.040792330975549386,0.36821171744895875,0.0,0.13,0.87,0.6135024665257225,0.020369290366434173,0.004154954235361119,0.0166571355506977,0.1526139534883721,0.2486192502049858
0.0485,0.15,0.005,10000,0.07093023255813953,0.003073383217419488,9675.0,0.22825051875479965,0.0228075597254836,2.075004715952724,1.0,0.0,0.0,0.5931566513796656,0.04723931488065412,0.3559839297954756,0.0,0.01,0.99,0.6448202959830867,0.021073300251170317,0.004217536892217354,0.0166571355506977,0.15519767441860466,0.22425803039784176
0.052000000000000005,0.15,0.005,10000,0.07496744186046513,0.0024807808872660624,9675.0,0.19855688475603803,0.01801173055651987,1.8050625886912548,1.0,0.0,0.0,0.655043697067942,0.038005223460076405,0.34190459808510604,0.0,0.0,1.0,0.6815221987315009,0.021883328037054263,0.0040949234600798365,0.0166571355506977,0.15822558139534887,0.19592720713530787
0.0555,0.15,0.005,10000,0.07739948320413437,0.0026298117860534868,9675.0,0.18105757294408079,0.01886628888688515,1.64597793585528,1.0,0.0,0.0,0.6922034759328194,0.040061738259325866,0.33360152534559234,0.0,0.0,1.0,0.7036316654921306,0.02236027870710415,0.004093716448298397,0.0166571355506977,0.16004961240310078,0.17904280450784085
0.059000000000000004,0.15,0.005,10000,0.08186459948320411,0.0028940538645949644,9675.0,0.14954462186368325,0.02011970035606593,1.3594965623971205,1.0,0.0,0.0,0.7601859451699076,0.04398704009190447,0.3186816931940968,0.0,0.0,1.0,0.744223631665492,0.023218549288967435,0.004186776687776503,0.0166571355506977,0.1633984496124031,0.14838258096594417
0.0625,0.15,0.005,10000,0.08482583979328165,0.002824986292293653,9675.0,0.12904558671704724,0.019400741769916484,1.1731416974277022,1.0,0.0,0.0,0.8050304841995528,0.04269335458624589,0.30902400136213176,0.0,0.0,1.0,0.7711439981207423,0.023776452266458702,0.004154573643410852,0.0166571355506977,0.16561937984496125,0.12828679089084616
0.066,0.15,0.005,10000,0.08857260981912145,0.0030579815283275657,9675.0,0.10360766119608639,0.020565991674904156,0.9418878290553306,1.0,0.0,0.0,0.8615509979844059,0.04600014862936114,0.2971041763519603,0.0,0.0,1.0,0.8052055438101949,0.024468304185230712,0.004245133276923789,0.0166571355506977,0.16842945736434112,0.1031958197237915
0.0695,0.15,0.005,10000,0.09181395348837208,0.0030342705873958784,9675.0,0.0819833836611984,0.020089226032481287,0.7453034878290765,1.0,0.0,0.0,0.9101763668022151,0.04539924167834507,0.2870525472982406,0.0,0.0,1.0,0.8346723044397462,0.0250560869770334,0.004233619408049733,0.0166571355506977,0.17086046511627906,0.08176732310299238
0.073,0.15,0.005,10000,0.09592144702842377,0.00321655179962503,9675.0,0.05512348954638739,0.020819043494595908,0.5011226322398854,0.99,0.01,0.0,0.9714528105247986,0.047901360962028815,0.27469296289438766,0.0,0.0,1.0,0.8720131548038523,0.025785713153685212,0.004250174792099165,0.0166571355506977,0.1739410852713178,0.05504417222500352
0.0765,0.15,0.005,10000,0.09912144702842376,0.003444929898845295,9675.0,0.03459819095213783,0.021969082019113705,0.31452900865579836,0.93,0.03,0.04,1.0189368329478727,0.050991285112173663,0.26535212480207643,0.0,0.0,1.0,0.9011040638947615,0.026342932682509434,0.004325043756142456,0.0166571355506977,0.17634108527131787,0.03456728766034392
0.08,0.15,0.005,10000,0.10244444444444445,0.003594705338406819,9675.0,0.013622897568429207,0.02238752445581344,0.12384452334935642,0.74,0.02,0.24,1.067961614604289,0.052880069665957125,0.25591991592113617,0.0,0.0,1.0,0.9313131313131313,0.026912101282638327,0.004345172551132083,0.0166571355506977,0.17883333333333337,0.013617514422976082
0.08349999999999999,0.15,0.005,10000,0.10610335917312662,0.0032592259847063587,9675.0,-0.009122018996086508,0.02004189451548136,-0.08292744541896824,0.27,0.07,0.66,1.1216289544105598,0.047670466042115237,0.24581522887391055,0.0,0.0,1.0,0.9645759924829693,0.027529013258901378,0.004277450359392127,0.0166571355506977,0.18157751937984493,-0.009118171464881695
0.087,0.15,0.005,10000,0.10911627906976745,0.003054616016782657,9675.0,-0.027535170087513165,0.018513959168325145,-0.25031972806830155,0.07,0.05,0.88,1.1655706364258513,0.044385014737148835,0.2377491975144458,0.0,0.0,1.0,0.9919661733615222,0.02802819942883114,0.004250002755485451,0.0166571355506977,0.1838372093023256,-0.027519002066677515
0.0905,0.15,0.005,10000,0.11297984496124032,0.003218287798325281,9675.0,-0.05071378338518308,0.01913344451792251,-0.4610343944107552,0.01,0.01,0.98,1.2215575374802485,0.04649253219614904,0.22776488397150352,0.0,0.0,1.0,1.0270894996476394,0.028656269441929023,0.004255755440458974,0.0166571355506977,0.18673488372093022,-0.050652058539334535
0.094,0.15,0.005,10000,0.1165157622739018,0.00321562489046393,9675.0,-0.07156349493074,0.018785318220017864,-0.6505772266430909,0.0,0.0,1.0,1.2724622748028935,0.046156111909611594,0.2189373660823727,0.0,0.0,1.0,1.0592342024900168,0.029220983672192325,0.004258162043708646,0.0166571355506977,0.18938682170542634,-0.07141662872206629
0.0975,0.15,0.005,10000,0.1196392764857881,0.0034156264519629546,9675.0,-0.08967074025046584,0.019706915084188936,-0.8151885477315076,0.0,0.0,1.0,1.317148564105335,0.04869009828575824,0.21140594128389395,0.0,0.0,1.0,1.0876297862344373,0.02971121200177491,0.0042925441296369675,0.0166571355506977,0.19172945736434108,-0.0893976902144057
0.10099999999999999,0.15,0.005,10000,0.12387286821705427,0.0030986674467437378,9675.0,-0.1138403404024946,0.017482517386614046,-1.0349121854772236,0.0,0.0,1.0,1.377298200018189,0.043901510081543964,0.2015348645485755,0.0,0.0,1.0,1.1261169837914025,0.030365332938709508,0.004231171289624686,0.0166571355506977,0.19490465116279077,-0.11331717704215706
0.1045,0.15,0.005,10000,0.12722170542635658,0.003563326770983279,9675.0,-0.13255809574041755,0.019798389077965137,-1.2050735976401596,0.0,0.0,1.0,1.4245524910364238,0.0501245825752899,0.19406783530950503,0.0,0.0,1.0,1.1565609584214236,0.03087166018406367,0.004369505369947046,0.0166571355506977,0.19741627906976741,-0.13173688014030419
0.108,0.15,0.005,10000,0.12956795865633075,0.00330603336729504,9675.0,-0.14554934517206708,0.018107026902503397,-1.3231758652006098,0.0,0.0,1.0,1.4574506863786985,0.04615448430031429,0.1889579154135408,0.0,0.0,1.0,1.1778905332393703,0.03122300925806281,0.0042895304017867685,0.0166571355506977,0.19917596899224807,-0.144483503896415
0.1115,0.15,0.005,10000,0.13412816537467698,0.0037517090382510427,9675.0,-0.1703135658391832,0.020231529340557636,-1.548305143992575,0.0,0.0,1.0,1.5209881585708214,0.052067214013614346,0.1794427420479014,0.0,0.0,1.0,1.219346957951609,0.031892478682435554,0.004393238301581094,0.0166571355506977,0.2025961240310077,-0.16861997399829418
0.11499999999999999,0.15,0.005,10000,0.13738087855297157,0.003111361703396696,9675.0,-0.1877429725678144,0.01648439290212181,-1.7067542960710405,0.0,0.0,1.0,1.5659644675750664,0.042867340620192734,0.1728774859353367,0.0,0.0,1.0,1.248917077754287,0.03236353082505284,0.004276673671615624,0.0166571355506977,0.20503565891472866,-0.1855195446278814
0.1185,0.15,0.005,10000,0.14042377260981911,0.0032272721190898987,9675.0,-0.20375527599887924,0.016820346395516668,-1.8523206908989023,0.0,0.0,1.0,1.6077601112203683,0.04413829703436661,0.16698897426472065,0.0,0.0,1.0,1.2765797509983556,0.03279612631044887,0.004274574157929224,0.0166571355506977,0.2073178294573643,-0.20092711677242137
0.122,0.15,0.005,10000,0.14431317829457366,0.0033546238486910477,9675.0,-0.22390113091331237,0.01723341031940208,-2.0354648264846578,0.0,0.0,1.0,1.6608324502046363,0.04558023612076555,0.15974417644992506,0.0,0.0,1.0,1.3119379844961239,0.03334022911795623,0.004306410105724152,0.0166571355506977,0.2102348837209302,-0.22017163793872607
0.1255,0.15,0.005,10000,0.14803720930232558,0.0035868691326624074,9675.0,-0.2428503573911483,0.01812965540478208,-2.207730521737712,0.0,0.0,1.0,1.7112686396403183,0.048396429277146484,0.15310353049275005,0.0,0.0,1.0,1.3457928118393239,0.03385184423445137,0.004370447603906675,0.0166571355506977,0.21302790697674417,-0.2381133488945388
0.129,0.15,0.005,10000,0.1514532299741602,0.00374998286302001,9675.0,-0.2599570331347164,0.018638666115728158,-2.3632457557701496,0.0,0.0,1.0,1.7571921347809334,0.05025033672356455,0.14725296726365802,0.0,0.0,1.0,1.3768475452196385,0.03431357993314477,0.004390410105724152,0.0166571355506977,0.2155899224806202,-0.2541735573732171
0.1325,0.15,0.005,10000,0.1547121447028424,0.0036325805459026974,9675.0,-0.2760545967341714,0.01782155294866775,-2.509587243037922,0.0,0.0,1.0,1.800707182310109,0.04833716906122401,0.14186586574731166,0.0,0.0,1.0,1.4064740427531124,0.03474797391074341,0.004336578639863383,0.0166571355506977,0.21803410852713181,-0.26917137955060144
0.136,0.15,0.005,10000,0.15836279069767445,0.0036224067668321194,9675.0,-0.29379924254292256,0.01746454503034107,-2.6709022049356603,0.0,0.0,1.0,1.8491507963966465,0.04787910037260202,0.1360696717278409,0.0,0.0,1.0,1.4396617336152218,0.03522668486991317,0.004370534136731903,0.0166571355506977,0.22077209302325582,-0.2855487796868246
0.1395,0.15,0.005,10000,0.16213229974160204,0.0034215973872018853,9675.0,-0.31183246703161377,0.016264386514670666,-2.8348406093783067,0.0,0.0,1.0,1.8987851797930841,0.04490606052671967,0.13032983522280325,0.0,0.0,1.0,1.473929997650928,0.035713054221700104,0.004320132015416391,0.0166571355506977,0.22359922480620156,-0.3020317642400358
0.14300000000000002,0.15,0.005,10000,0.16524237726098193,0.004105426335561312,9675.0,-0.3264181066946734,0.019183458185356717,-2.9674373335879403,0.0,0.0,1.0,1.9394864681943134,0.05350794743766182,0.12582082278596796,0.0,0.0,1.0,1.5022034296452904,0.03610631766917882,0.004511220556738044,0.0166571355506977,0.22593178294573646,-0.3151952094737429
0.14650000000000002,0.15,0.005,10000,0.16831317829457365,0.004350874587401626,9675.0,-0.34065247823246003,0.020110346514676393,-3.0968407112041807,0.0,0.0,1.0,1.979375742181375,0.05635347146857501,0.12151258977560593,0.0,0.0,1.0,1.5301198026779423,0.03649004199035904,0.004488389605395651,0.0166571355506977,0.2282348837209303,-0.32794316714593313
0.15000000000000002,0.15,0.005,10000,0.1726397932816537,0.003516400447906831,9675.0,-0.3604755137457324,0.01589568748933983,-3.2770501249612027,0.0,0.0,1.0,2.0352461317057102,0.04522830973192446,0.11563121678881558,0.0,0.0,1.0,1.5694526661968522,0.03702433150776269,0.004347864714579784,0.0166571355506977,0.23147984496124033,-0.3455566924734816
0.15350000000000003,0.15,0.005,10000,0.17599276485788118,0.004198131589531903,9675.0,-0.3754724769049011,0.018790236537525304,-3.4133861536809196,0.0,0.0,1.0,2.0782066997775583,0.0536654922616239,0.11134318609958259,0.0,0.0,1.0,1.5999342259807374,0.03742840407637355,0.004477338329785865,0.0166571355506977,0.23399457364341086,-0.3586605888375452
0.157,0.15,0.005,10000,0.17957209302325577,0.0037761591456311615,9675.0,-0.39132518938528504,0.01650698735777204,-3.5575017216844107,0.0,0.0,1.0,2.1237690370674125,0.047911898706786235,0.10689294265776729,0.0,0.0,1.0,1.632473572938689,0.0378554777111981,0.004374985243113058,0.0166571355506977,0.23667906976744188,-0.3724153657302534
0.1605,0.15,0.005,10000,0.18319379844961234,0.003625244015121659,9675.0,-0.40708627711345874,0.015613519892885572,-3.7007843373950813,0.0,0.0,1.0,2.1695765888611747,0.04572293503854501,0.10259153544859098,0.0,0.0,1.0,1.665398167723749,0.03827998175140825,0.004370697674418604,0.0166571355506977,0.2393953488372093,-0.38591652446663893
0.164,0.15,0.005,10000,0.1857767441860465,0.003885048952636552,9675.0,-0.4181459211002597,0.016556292887932804,-3.801326555456906,0.0,0.0,1.0,2.202045340147975,0.048654544908158764,0.09965102874381655,0.0,0.0,1.0,1.688879492600423,0.038577796230787324,0.0044076869345245125,0.0166571355506977,0.2413325581395349,-0.39527681738793113
0.1675,0.15,0.005,10000,0.1902480620155039,0.003328288419037164,9675.0,-0.43706041667447465,0.013945610414479325,-3.9732765152224956,0.0,0.0,1.0,2.2578900204713714,0.04144899874451885,0.09473029858998411,0.0,0.0,1.0,1.729527836504581,0.03908704894116501,0.004284778181754556,0.0166571355506977,0.24468604651162798,-0.4111392403671069
0.171,0.15,0.005,10000,0.1938315245478036,0.003967881721110478,9675.0,-0.4518755900655772,0.016335473177666333,-4.107959909687065,0.0,0.0,1.0,2.3023486587841466,0.04910730126283688,0.09100943177414726,0.0,0.0,1.0,1.7621047686163969,0.03948582150289764,0.004437682917531661,0.0166571355506977,0.24737364341085277,-0.4233478424471867
0.17450000000000002,0.15,0.005,10000,0.19711007751937984,0.0038459950298490773,9675.0,-0.46527038905423934,0.015609652090390686,-4.229730809583994,0.0,0.0,1.0,2.3427545484882217,0.047290512944700006,0.0877165187794638,0.0,0.0,1.0,1.791909795630726,0.039846312928592885,0.004398604651162791,0.0166571355506977,0.24983255813953487,-0.43428507340555805
0.17800000000000002,0.15,0.005,10000,0.19972093023255813,0.0040146448090564914,9675.0,-0.47577830012738387,0.016071267487965644,-4.325257273885308,0.0,0.0,1.0,2.3748091368801285,0.04903963193184796,0.08519076433896594,0.0,0.0,1.0,1.8156448202959827,0.04012906223237395,0.004511044270660828,0.0166571355506977,0.2517906976744186,-0.44276521493351473
0.18150000000000002,0.15,0.005,10000,0.204671834625323,0.004286099357202843,9675.0,-0.4953697721349053,0.01678255616465028,-4.503361564862776,0.0,0.0,1.0,2.435114798219877,0.05210612154017228,0.08061735517112174,0.0,0.0,1.0,1.8606530420483904,0.0406561365722894,0.004526876715981274,0.0166571355506977,0.25550387596899227,-0.4583670191091857
0.18500000000000003,0.15,0.005,10000,0.2080082687338501,0.004284776867352146,9675.0,-0.5083408537095271,0.016471796061870384,-4.621280488268428,0.0,0.0,1.0,2.4754566543018894,0.05174930342476223,0.07767656963718181,0.0,0.0,1.0,1.8909842612168188,0.04100503587596868,0.004468097272719319,0.0166571355506977,0.25800620155038756,-0.4685531460559179
0.1885,0.15,0.005,10000,0.21121447028423776,0.003451798752112919,9675.0,-0.5206761837580349,0.0131877925059245,-4.733419852345772,0.0,0.0,1.0,2.5140194420108117,0.04146164132980957,0.07493159499900727,0.0,0.0,1.0,1.9201315480385248,0.04133679770503659,0.004289181282529751,0.0166571355506977,0.2604108527131783,-0.47815835662490175
0.192,0.15,0.005,10000,0.21416640826873384,0.004502442465450005,9675.0,-0.5317540407314918,0.016912273291634625,-4.834127643013562,0.0,0.0,1.0,2.5493953328525722,0.05376541936814191,0.07254947420838996,0.0,0.0,1.0,1.9469673478975802,0.0416346667840117,0.004537522135330413,0.0166571355506977,0.2626248062015504,-0.4866156891527409
0.1955,0.15,0.005,10000,0.21813850129198964,0.004485866896527913,9675.0,-0.546522181901827,0.0165456771947611,-4.968383471834791,0.0,0.0,1.0,2.5967237606284446,0.053268877037385774,0.06942776739422607,0.0,0.0,1.0,1.9830772844726332,0.04203172810573766,0.0046057174277580794,0.0166571355506977,0.26560387596899226,-0.4978077041266104
0.199,0.15,0.005,10000,0.22137364341085278,0.004164230488702297,9675.0,-0.5583750366936036,0.01510821959211614,-5.076136697214577,0.0,0.0,1.0,2.6349921874738325,0.049155586974961495,0.06698471052064428,0.0,0.0,1.0,2.0124876673713885,0.04235036435815575,0.004471361585599819,0.0166571355506977,0.26803023255813957,-0.5066856980057913
0.2025,0.15,0.005,10000,0.22439689922480618,0.004044648641873514,9675.0,-0.5692794271897772,0.014440691900608192,-5.175267519907064,0.0,0.0,1.0,2.6706319012757835,0.04748219518137477,0.06478734105293321,0.0,0.0,1.0,2.039971811134602,0.042643461778959287,0.004491497385538406,0.0166571355506977,0.27029767441860464,-0.5147517588231176
0.20600000000000002,0.15,0.005,10000,0.22819018087855303,0.0047411263188751225,9675.0,-0.5826868899170188,0.016655290232899533,-5.297153544700173,0.0,0.0,1.0,2.715120486286452,0.05539502904869806,0.06216437492467837,0.0,0.0,1.0,2.0744561898050273,0.043003775437637684,0.004663083777339775,0.0166571355506977,0.2731426356589147,-0.5245111743402697
0.20950000000000002,0.15,0.005,10000,0.2322346253229974,0.00465239586110822,9675.0,-0.5967830429058316,0.015960206927643165,-5.425300390053014,0.0,0.0,1.0,2.762230431035211,0.05410234033261293,0.05947044281563248,0.0,0.0,1.0,2.1112238665727032,0.04338255323051549,0.004590470627249974,0.0166571355506977,0.27617596899224806,-0.5346601666993912
0.21300000000000002,0.15,0.005,10000,0.23545322997416018,0.004102544905123028,9675.0,-0.6078435833717262,0.013954463214622147,-5.525850757924783,0.0,0.0,1.0,2.7995296005458066,0.04744388036952771,0.05740297687609363,0.0,0.0,1.0,2.1404839088560017,0.043679725747711624,0.004475911226207691,0.0166571355506977,0.27858992248062014,-0.5425335789524258
0.21650000000000003,0.15,0.005,10000,0.23858397932816533,0.004270751792996576,9675.0,-0.6183949168523912,0.014264097074975857,-5.621771971385373,0.0,0.0,1.0,2.8356616936364727,0.04914362255372955,0.055482697687931244,0.0,0.0,1.0,2.168945266619685,0.043963174129469464,0.004504796208645323,0.0166571355506977,0.28093798449612406,-0.5499322170630382
0.22,0.15,0.005,10000,0.24282377260981913,0.00448888209654536,9675.0,-0.6324357134105181,0.014769848688150896,-5.749415576459256,0.0,0.0,1.0,2.8843546739547588,0.051415632935919796,0.05299125025365675,0.0,0.0,1.0,2.207488841907447,0.044340312087982545,0.0045717266736741155,0.0166571355506977,0.28411782945736436,-0.5596441340975007
0.01,0.2,0.005,10000,0.03521961398017736,0.002094859354802216,9585.0,0.527023212376363,0.020047147452186675,4.79112011251239,1.0,0.0,0.0,0.06164922851021456,0.03274822429282667,0.4845965619712473,0.0,1.0,0.0,0.3201783089107033,0.012873682762597684,0.004010172143974961,0.02141902172649267,0.16091471048513303,0.48295492962766645
0.0135,0.2,0.005,10000,0.03833281168492436,0.0019377629384036243,9585.0,0.4976487483308578,0.018057917841077284,4.524079530280525,1.0,0.0,0.0,0.11030569281212871,0.030239262862549597,0.47245759553880184,0.0,1.0,0.0,0.34848010622658515,0.013686542011579029,0.003971133717743522,0.02141902172649267,0.1632496087636933,0.4601487971776211
0.017,0.2,0.005,10000,0.0420980699008868,0.0020322183232599766,9585.0,0.46317885592349783,0.018341107182754657,4.210716872031799,1.0,0.0,0.0,0.1691704782810059,0.0317444583548073,0.4578183613681855,0.0,1.0,0.0,0.38270972637169826,0.014638350461640874,0.003993804481475097,0.02141902172649267,0.16607355242566513,0.43255436747480003
0.0205,0.2,0.005,10000,0.04561502347417841,0.002069906878356483,9585.0,0.43189452153101704,0.01813891601727765,3.9263138321001554,1.0,0.0,0.0,0.22411804518688347,0.03233785179906065,0.4442182405076759,0.0,1.0,0.0,0.41468203158343997,0.015500547872863302,0.004004851828345753,0.02141902172649267,0.16871126760563385,0.4067929581464908
0.024,0.2,0.005,10000,0.04920187793427231,0.002482746198370919,9585.0,0.40088700356296947,0.021176072662200836,3.6444273051179037,1.0,0.0,0.0,0.2801472929066709,0.03874828046646893,0.4304432943810606,0.0,1.0,0.0,0.44728979940247554,0.016353605528276506,0.0041149907099571,0.02141902172649267,0.17140140845070426,0.3805635423800266
0.027500000000000004,0.2,0.005,10000,0.052660406885758994,0.0023141145949976544,9585.0,0.3716610334332669,0.01925704965802653,3.378736667575154,1.0,0.0,0.0,0.3340395342428547,0.036069228368083905,0.41728423168946227,0.0,1.0,0.0,0.47873097168871814,0.017156583706171943,0.004061809275939241,0.02141902172649267,0.17399530516431924,0.35533012463255453
0.031,0.2,0.005,10000,0.05628169014084507,0.0024646753867490013,9585.0,0.34184872282167533,0.02010570388271672,3.1077156620152304,1.0,0.0,0.0,0.39041188173215646,0.03830775099850984,0.403651565010947,0.0,1.0,0.0,0.511651728553137,0.01797448973751338,0.00409702287640763,0.02141902172649267,0.17671126760563374,0.32900895038966504
0.0345,0.2,0.005,10000,0.059465832029212316,0.002680441311548007,9585.0,0.3162359315351341,0.021420742912349827,2.874872104864856,1.0,0.0,0.0,0.43987633235952794,0.04154921626418347,0.39181412747318206,0.0,0.92,0.08,0.5405984729928393,0.01867633680900631,0.004119543833021437,0.02141902172649267,0.1790993740219092,0.3059728037859221
0.038,0.2,0.005,10000,0.0630453834115806,0.0024382084930820907,9585.0,0.28800261900107577,0.018993602119642187,2.6182056272825065,1.0,0.0,0.0,0.49534417310475165,0.03772899099875126,0.37867564638663026,0.0,0.47,0.53,0.5731398491961872,0.01944924152069971,0.0040884511027392,0.02141902172649267,0.1817840375586854,0.28020312073863685
0.0415,0.2,0.005,10000,0.06694627021387585,0.002455802779142098,9585.0,0.257985670399665,0.018721971392885367,2.3453242763605906,1.0,0.0,0.0,0.5556187596969175,0.03789571402359464,0.3646061124449565,0.0,0.06,0.94,0.6086024564897804,0.020270015716713385,0.0040763404606602325,0.02141902172649267,0.18470970266040687,0.252327913083163
0.045000000000000005,0.2,0.005,10000,0.07070005216484089,0.0025742864902732697,9585.0,0.22977615037908422,0.019165778222923115,2.088874094355311,1.0,0.0,0.0,0.6134546191227691,0.03962350860159402,0.3513240567493691,0.0,0.0,1.0,0.6427277469530991,0.021040557829096106,0.0041440509457932526,0.02141902172649267,0.18752503912363067,0.22573763313461234
0.0485,0.2,0.005,10000,0.07317475221700574,0.0026486193516957065,9585.0,0.21151893079767345,0.019417796974591908,1.92289937088794,1.0,0.0,0.0,0.6514368423637381,0.040554709416920576,0.342723445845383,0.0,0.0,1.0,0.6652250201545975,0.021538862671091154,0.004123975957160989,0.02141902172649267,0.18938106416275433,0.2083453345378269
0.052000000000000005,0.2,0.005,10000,0.07699739175795516,0.0026157127324960756,9585.0,0.18381043346094816,0.018713044262738537,1.671003940554074,1.0,0.0,0.0,0.7099302142247094,0.03992675726748052,0.32967386129908727,0.0,0.0,1.0,0.6999762887086832,0.022294585376410773,0.004127316617078148,0.02141902172649267,0.1922480438184664,0.18170749553192636
0.0555,0.2,0.005,10000,0.08060615545122586,0.0027589451455286894,9585.0,0.15821710566741432,0.019389960265215837,1.4383373242492214,1.0,0.0,0.0,0.7649177821454889,0.0419318957038057,0.31764825907584476,0.0,0.0,1.0,0.7327832313747809,0.022992024351561984,0.004159702760035348,0.02141902172649267,0.1949546165884195,0.1568528705837784
0.059000000000000004,0.2,0.005,10000,0.08401147626499737,0.00289230975551113,9585.0,0.13453198186487905,0.01999605497821642,1.2230180169534457,1.0,0.0,0.0,0.8165671583216506,0.043746686843168445,0.30657044827722907,0.0,0.0,1.0,0.7637406933181582,0.02363699734240875,0.004169580395422262,0.02141902172649267,0.19750860719874805,0.13367331351251405
0.0625,0.2,0.005,10000,0.08801356285863327,0.002845652984573046,9585.0,0.10722850323625459,0.01919942741498096,0.974804574875042,1.0,0.0,0.0,0.8769768630189299,0.0428765609621621,0.29388247606837636,0.0,0.0,1.0,0.800123298714848,0.0243799942014599,0.004180419504949276,0.02141902172649267,0.20051017214397493,0.10678086745924377
0.066,0.2,0.005,10000,0.09085654668753258,0.002843184002193432,9585.0,0.08818837374361031,0.01892757674433289,0.8017124885782756,1.0,0.0,0.0,0.9196642098372262,0.04258131089997999,0.2851047906287852,0.0,0.0,1.0,0.8259686062502962,0.024897795667822797,0.004149842637931315,0.02141902172649267,0.20264241001564945,0.0879290010134368
0.0695,0.2,0.005,10000,0.09517266562336985,0.003186456935891962,9585.0,0.05985369622236986,0.020680434778324156,0.5441245111124531,0.99,0.0,0.01,0.9841547153326828,0.0474868271426005,0.2721689893352902,0.0,0.0,1.0,0.8652060511215443,0.02566786593936494,0.004225849067858981,0.02141902172649267,0.20587949921752738,0.05975750470610636
0.073,0.2,0.005,10000,0.09829316640584247,0.003188704612220709,9585.0,0.03973389717998639,0.020402653591182228,0.3612172470907853,0.98,0.02,0.0,1.0305229449840685,0.0472571857880937,0.2630842251061085,0.0,0.0,1.0,0.8935742400531133,0.02621436554891207,0.004270508507570286,0.02141902172649267,0.20821987480438187,0.03969647328944306
0.0765,0.2,0.005,10000,0.10168179447052689,0.003229705209928904,9585.0,0.018247867596555882,0.020307241673178145,0.16588970542323536,0.73,0.07,0.2,1.0805925391966236,0.04758483124638602,0.2534984284751105,0.0,0.0,1.0,0.9243799497320624,0.0267976815745322,0.004288094195599001,0.02141902172649267,0.21076134585289516,0.01823831357288769
0.08,0.2,0.005,10000,0.10480751173708923,0.0032559270048919905,9585.0,-0.0012504728928755843,0.02012662620964158,-0.01136793538977805,0.4,0.13,0.47,1.126523164612817,0.04767304489303627,0.24490946995415439,0.0,0.0,1.0,0.9527955612462654,0.027326783955744248,0.004297154062031472,0.02141902172649267,0.2131056338028169,-0.0012495901880341964
0.08349999999999999,0.2,0.005,10000,0.10920813771517998,0.0033438845476194716,9585.0,-0.028188426026213197,0.020245174336558563,-0.2562584184201199,0.07,0.01,0.92,1.1907630348412426,0.04868566083823994,0.2332343986599014,0.0,0.0,1.0,0.9928012519561813,0.028057380289715182,0.00430827806210808,0.02141902172649267,0.21640610328638504,-0.02816949181763126
0.087,0.2,0.005,10000,0.11212728221178925,0.0030925239273409243,9585.0,-0.045768213638074776,0.01847832855472511,-0.4160746694370433,0.01,0.0,0.99,1.2330987681319612,0.044734887937198854,0.22573444721415462,0.0,0.0,1.0,1.019338929198084,0.028533959358980426,0.004255497951467546,0.02141902172649267,0.21859546165884197,-0.04572110413582903
0.0905,0.2,0.005,10000,0.11540636411058947,0.0033198596023913834,9585.0,-0.0651741115834221,0.01953958333320451,-0.5924919234856557,0.0,0.0,1.0,1.2803954835553726,0.0476983178949877,0.21759114609382013,0.0,0.0,1.0,1.0491487646417226,0.029059805625131885,0.0043097964574920385,0.02141902172649267,0.22105477308294208,-0.0650579897943081
0.094,0.2,0.005,10000,0.11942827334376631,0.0030102808243007207,9585.0,-0.08861419190464341,0.01736175414385334,-0.8055835627694856,0.0,0.0,1.0,1.3379957821939086,0.04298462129582798,0.207927801546176,0.0,0.0,1.0,1.085711575852421,0.029694724226577433,0.004224135851349355,0.02141902172649267,0.22407120500782468,-0.08835694604223793
0.0975,0.2,0.005,10000,0.12245905059989567,0.003439344302636794,9585.0,-0.10592627642411773,0.019533238172959922,-0.9629661493101612,0.0,0.0,1.0,1.3811334416812158,0.04876671809815965,0.20094001155705132,0.0,0.0,1.0,1.1132640963626879,0.030163427569186094,0.004330325608235661,0.02141902172649267,0.22634428794992176,-0.10549234875114019
0.10099999999999999,0.2,0.005,10000,0.12629420970266042,0.003577285059068024,9585.0,-0.12751463169765276,0.019973483707155994,-1.159223924524116,0.0,0.0,1.0,1.4353425373375461,0.05039441757477995,0.19238771782265643,0.0,0.0,1.0,1.1481291791150945,0.030747708031952575,0.004345700995833196,0.02141902172649267,0.22922065727699528,-0.12677890321343013
0.1045,0.2,0.005,10000,0.12933437663015124,0.003615760665442974,9585.0,-0.14436076348964763,0.01990107927439957,-1.3123705771786147,0.0,0.0,1.0,1.4780305184895304,0.05058760917022429,0.18584543650638363,0.0,0.0,1.0,1.1757670602741024,0.031203481403694566,0.004346210499688103,0.02141902172649267,0.23150078247261352,-0.1433113523512844
0.108,0.2,0.005,10000,0.13327073552425664,0.0031930798711081237,9585.0,-0.1658614516949502,0.017287235634966702,-1.5078313790450018,0.0,0.0,1.0,1.5329342035463995,0.04437535682821752,0.17765661388778042,0.0,0.0,1.0,1.2115521411296057,0.0317850018566881,0.0042670812775233375,0.02141902172649267,0.23445305164319252,-0.16431022366468248
0.1115,0.2,0.005,10000,0.13691079812206572,0.003885430448354034,9585.0,-0.18530635425093625,0.020632876597763184,-1.6846032204630563,0.0,0.0,1.0,1.583341808707315,0.053619269227096755,0.17045522361764395,0.0,0.0,1.0,1.2446436192915067,0.03231067699483204,0.00445376222795397,0.02141902172649267,0.23718309859154935,-0.18313939079128413
0.11499999999999999,0.2,0.005,10000,0.13962023995826814,0.0032609693969303357,9585.0,-0.19966735824595208,0.017090698021147738,-1.815157802235928,0.0,0.0,1.0,1.6206096391854845,0.044672810033116815,0.1652119338840375,0.0,0.0,1.0,1.2692749087115285,0.03269885190790634,0.004310503044817075,0.02141902172649267,0.23921517996870115,-0.19700067030453972
0.1185,0.2,0.005,10000,0.14400000000000002,0.003936365917339324,9585.0,-0.22236623716598106,0.02021708801418164,-2.0215112469634637,0.0,0.0,1.0,1.6804192005355367,0.05356895159517347,0.15716876813189407,0.0,0.0,1.0,1.3090909090909093,0.033312129000979185,0.004419079911835034,0.02141902172649267,0.2425,-0.21868768347999512
0.122,0.2,0.005,10000,0.1472978612415232,0.0034618561112143348,9585.0,-0.2392441218654498,0.017517351017612055,-2.1749465624131794,0.0,0.0,1.0,1.7251252544049698,0.04678536206675415,0.15130905548540224,0.0,0.0,1.0,1.3390714658320295,0.03376802640321908,0.004318466353677621,0.02141902172649267,0.2449733959311424,-0.23471411200819683
0.1255,0.2,0.005,10000,0.15091392801251954,0.004057221608503243,9585.0,-0.25736892650771725,0.02020366129906575,-2.3397175137065203,0.0,0.0,1.0,1.7738402350269304,0.05444414747129414,0.14519444250118324,0.0,0.0,1.0,1.3719448001138141,0.03425741984205727,0.0045252426661386335,0.02141902172649267,0.24768544600938966,-0.25173751122017074
0.129,0.2,0.005,10000,0.15428899321857067,0.0036431744776562725,9585.0,-0.274101831762455,0.017924646397801412,-2.491834834204136,0.0,0.0,1.0,1.8189292843425113,0.04855875301973006,0.13966356527946477,0.0,0.0,1.0,1.4026272110779152,0.03470914299961103,0.004359399928578855,0.02141902172649267,0.25021674491392804,-0.26735892487925406
0.1325,0.2,0.005,10000,0.15770266040688574,0.004152644357756704,9585.0,-0.290691543992344,0.02010611705363276,-2.642650399930399,0.0,0.0,1.0,1.8642549338906695,0.05497824060189179,0.13433515021639902,0.0,0.0,1.0,1.433660549153507,0.035156849040816694,0.004460513401662891,0.02141902172649267,0.2527769953051643,-0.28266751003484275
0.136,0.2,0.005,10000,0.1606343244653104,0.004420588980427745,9585.0,-0.30474955811162474,0.021107452471322622,-2.7704505282874976,0.0,0.0,1.0,1.9029767684673689,0.058113472089625355,0.12991175216223588,0.0,0.0,1.0,1.4603120405937307,0.03553614961445144,0.004600994238361403,0.02141902172649267,0.25497574334898276,-0.2955343414114089
0.1395,0.2,0.005,10000,0.16454981742305688,0.0032074162710357327,9585.0,-0.32336806710157256,0.014985321154600117,-2.939709700923386,0.0,0.0,1.0,1.954253411115613,0.041850502588463775,0.1241609094720236,0.0,0.0,1.0,1.495907431118699,0.03603842874299276,0.004232707355242566,0.02141902172649267,0.25791236306729265,-0.31248617773312387
0.14300000000000002,0.2,0.005,10000,0.16821387584767866,0.004280177830861293,9585.0,-0.3403249670309816,0.019733923385907706,-3.0938633366452883,0.0,0.0,1.0,2.001945937412989,0.05548100309145322,0.11912039803292317,0.0,0.0,1.0,1.5292170531607152,0.03649568960318511,0.004496870109546166,0.02141902172649267,0.26066040688575903,-0.32765474884409385
0.14650000000000002,0.2,0.005,10000,0.17209598330725087,0.003703289419412544,9585.0,-0.35812377515985216,0.016761094076555794,-3.2556706832713838,0.0,0.0,1.0,2.0521072681832995,0.047705566923708455,0.11392724738154104,0.0,0.0,1.0,1.5645089391568265,0.03697558766089898,0.004408050177875723,0.02141902172649267,0.26357198748043825,-0.3434759523611239
0.15000000000000002,0.2,0.005,10000,0.17555659885237354,0.0035864273586140045,9585.0,-0.37369860080956907,0.016044554033453187,-3.3972600073597192,0.0,0.0,1.0,2.0964822829589496,0.045872274707907834,0.10951865911341871,0.0,0.0,1.0,1.5959690804761226,0.03739540848886922,0.004361297908253718,0.02141902172649267,0.26616744913928003,-0.3571434477091963
0.15350000000000003,0.2,0.005,10000,0.17857172665623366,0.0042132748148029295,9585.0,-0.38701949221229975,0.018485161663029374,-3.518359020111816,0.0,0.0,1.0,2.13489905017371,0.0534932047045048,0.1058559726511249,0.0,0.0,1.0,1.623379333238488,0.0377543832453196,0.004446350448102367,0.02141902172649267,0.26842879499217526,-0.3686798663813765
0.157,0.2,0.005,10000,0.18246739697443926,0.003922130465283199,9585.0,-0.4040497400015672,0.016998358875343306,-3.673179454559701,0.0,0.0,1.0,2.1842627512378106,0.049525098795256316,0.10126081091325904,0.0,0.0,1.0,1.6587945179494477,0.03821325230100165,0.004439273466900862,0.02141902172649267,0.2713505477308294,-0.3833153787848705
0.1605,0.2,0.005,10000,0.18619196661450182,0.004184142657295025,9585.0,-0.4200157376185914,0.01783933036606869,-3.8183248874417397,0.0,0.0,1.0,2.231108840101039,0.052500789277769744,0.09708795966772334,0.0,0.0,1.0,1.6926542419500166,0.03864333625644934,0.004504882230594132,0.02141902172649267,0.2741439749608764,-0.3968385666009721
0.164,0.2,0.005,10000,0.18973813249869587,0.004383038812409375,9585.0,-0.43497517709180294,0.018341539883895915,-3.9543197917436625,0.0,0.0,1.0,2.275415178397825,0.05462965529639186,0.09328105525185065,0.0,0.0,1.0,1.724892113624508,0.039046225515381734,0.0045551545310636155,0.02141902172649267,0.27680359937402194,-0.4093572181938964
0.1675,0.2,0.005,10000,0.19359207094418363,0.0038946411209595856,9585.0,-0.45101915839739576,0.016067421335748042,-4.100174167249053,0.0,0.0,1.0,2.323247878023195,0.04826569131688384,0.08929293950112474,0.0,0.0,1.0,1.7599279176743965,0.039478253194142277,0.004469801621359862,0.02141902172649267,0.2796940532081378,-0.4226478289858992
0.171,0.2,0.005,10000,0.19615336463223784,0.00418543738248854,9585.0,-0.46148407023823823,0.01698092061282659,-4.19530972943853,0.0,0.0,1.0,2.3548369693726072,0.051486221893043166,0.08676760526656277,0.0,0.0,1.0,1.783212405747617,0.03975998767967786,0.004489358372456963,0.02141902172649267,0.2816150234741785,-0.43119266798729916
0.17450000000000002,0.2,0.005,10000,0.1993510693792384,0.003995290916742308,9585.0,-0.474420674486417,0.016036625099573144,-4.312915222603792,0.0,0.0,1.0,2.3941114986868475,0.04888046966319038,0.08369833177135914,0.0,0.0,1.0,1.812282448902167,0.04010822436250079,0.004488388604558587,0.02141902172649267,0.2840133020344288,-0.4416737479610044
0.17800000000000002,0.2,0.005,10000,0.20320709441836196,0.004426125371723947,9585.0,-0.4897259854430554,0.017502828372000793,-4.452054413118685,0.0,0.0,1.0,2.4411750468685494,0.053838651096916185,0.08017537407929563,0.0,0.0,1.0,1.8473372219851094,0.040520136741174814,0.004593200014103658,0.02141902172649267,0.28690532081377157,-0.4538898273033622
0.18150000000000002,0.2,0.005,10000,0.2064840897235263,0.0040501122130788434,9585.0,-0.5025802158119176,0.015764617599480793,-4.568911052835614,0.0,0.0,1.0,2.4809114429042554,0.04895446195281263,0.07727886818274514,0.0,0.0,1.0,1.8771280883956944,0.04086603949900475,0.0044973361643384,0.02141902172649267,0.2893630672926447,-0.4640544599007063
0.18500000000000003,0.2,0.005,10000,0.21024413145539905,0.004185937509970285,9585.0,-0.517054369734236,0.015996170585553998,-4.7004942703112365,0.0,0.0,1.0,2.5262670324411514,0.05032125024406664,0.07411041323505142,0.0,0.0,1.0,1.9113102859581736,0.041255457435011314,0.0045589058044009974,0.02141902172649267,0.2921830985915493,-0.47533021220082683
0.1885,0.2,0.005,10000,0.21411580594679186,0.00462473580072185,9585.0,-0.5316787073579504,0.017337507413451834,-4.833442794163186,0.0,0.0,1.0,2.5726655710636477,0.05527587522142756,0.07100388819675235,0.0,0.0,1.0,1.9465073267890167,0.04164884170967609,0.00464998385240542,0.02141902172649267,0.29508685446009386,-0.4865527536376993
0.192,0.2,0.005,10000,0.21793635889410537,0.004259362229584845,9585.0,-0.5459176018462665,0.01572113345255511,-4.962887289511515,0.0,0.0,1.0,2.6181560468434024,0.05064622063396627,0.0680486219139517,0.0,0.0,1.0,1.9812396263100487,0.042031807817334135,0.004562055740257395,0.02141902172649267,0.29795226917057904,-0.4973627533459878
0.1955,0.2,0.005,10000,0.2201606677099635,0.004525962790463371,9585.0,-0.5540580853277075,0.016502582511226025,-5.03689168479734,0.0,0.0,1.0,2.644506945012077,0.05349114094528258,0.06640436081566264,0.0,0.0,1.0,2.0014606155451227,0.04225071532006501,0.0045803919337059655,0.02141902172649267,0.2996205007824726,-0.5034541614356998
0.199,0.2,0.005,10000,0.2240511215440793,0.00456592546806611,9585.0,-0.568127893895562,0.01632552603353415,-5.1647990354142,0.0,0.0,1.0,2.6903857405367506,0.05369266660756824,0.06361694257039206,0.0,0.0,1.0,2.036828377673448,0.04262902882690825,0.004552431057336638,0.02141902172649267,0.3025383411580595,-0.5138832669562626
0.2025,0.2,0.005,10000,0.2270818988002086,0.004144269429953597,9585.0,-0.5789463918609398,0.014636516510931629,-5.263149016917634,0.0,0.0,1.0,2.725969564664948,0.0484553067686227,0.06151696910652113,0.0,0.0,1.0,2.0643808981837153,0.04291988594650216,0.0045242384694452655,0.02141902172649267,0.30481142410015655,-0.5218186963692919
0.20600000000000002,0.2,0.005,10000,0.23158476786645804,0.004371688435384169,9585.0,-0.5946809632566008,0.015112381766493809,-5.406190575060008,0.0,0.0,1.0,2.77850503727486,0.05088552387408202,0.05855907037834397,0.0,0.0,1.0,2.105316071513255,0.04334283590547059,0.004543866282256475,0.02141902172649267,0.3081885758998436,-0.5331675784012719
0.20950000000000002,0.2,0.005,10000,0.23473969744392284,0.0042755753999643865,9585.0,-0.6055269435245563,0.014528448131324466,-5.504790395677785,0.0,0.0,1.0,2.815131619544967,0.04952709755740484,0.05656911343179899,0.0,0.0,1.0,2.1339972494902075,0.04363434009834275,0.004566535809038379,0.02141902172649267,0.3105547730829421,-0.5408907617668148
0.21300000000000002,0.2,0.005,10000,0.23830255607720396,0.004674608941103254,9585.0,-0.6175470901111226,0.015674448414801166,-5.614064455555661,0.0,0.0,1.0,2.856276111283679,0.05385754206527427,0.05442357852860136,0.0,0.0,1.0,2.1663868734291274,0.04395735361184488,0.004630203442879499,0.02141902172649267,0.31322691705790295,-0.5493245913239554
0.21650000000000003,0.2,0.005,10000,0.2415023474178404,0.004393273375338708,9585.0,-0.6282157725982777,0.014522248373715598,-5.71105247816616,0.0,0.0,1.0,2.8930432863851996,0.05036702782946913,0.052554498193286114,0.0,0.0,1.0,2.195475885616731,0.04424402387539489,0.004561658841940531,0.02141902172649267,0.3156267605633803,-0.556742225084102
0.22,0.2,0.005,10000,0.2456400625978091,0.004229722487823583,9585.0,-0.6417577231741777,0.01369568366933221,-5.834161119765252,0.0,0.0,1.0,2.94035843529758,0.04828309453191855,0.05024367682595423,0.0,0.0,1.0,2.2330914781619007,0.04460784930752621,0.004526825693309039,0.02141902172649267,0.31873004694835677,-0.5660237576588029
0.01,0.25,0.005,10000,0.03787677725118483,0.002196747358457797,9495.0,0.5018131656675237,0.020431462279486022,4.561937869704761,1.0,0.0,0.0,0.1270621183256028,0.0343762690747156,0.4682867633238294,0.0,1.0,0.0,0.3443343386471348,0.013577076466196148,0.0040153980186936585,0.02624845301179878,0.19540758293838859,0.4633919185575416
0.0135,0.25,0.005,10000,0.04182517114270668,0.0019128355654013287,9495.0,0.46550067056966654,0.017310626318030483,4.2318242779060595,1.0,0.0,0.0,0.18877038221772272,0.02992515258893924,0.4529573026733498,0.0,1.0,0.0,0.3802288285700608,0.014580530972359576,0.003980981544563415,0.02624845301179878,0.19836887835703002,0.43445213295652507
0.017,0.25,0.005,10000,0.04476777251184834,0.0022279805874395524,9495.0,0.43925208822275463,0.01966706049077277,3.993200802025042,1.0,0.0,0.0,0.2347781541473048,0.03478873273046244,0.4415909298679187,0.0,1.0,0.0,0.40697975010771215,0.015304390439633744,0.0040528179090967955,0.02624845301179878,0.2005758293838862,0.4128932438815521
0.0205,0.25,0.005,10000,0.0483696682464455,0.0025341914764667435,9495.0,0.4079050814487435,0.021753736637148708,3.7082280131703964,1.0,0.0,0.0,0.2910351358868577,0.039557813611210406,0.42777810887875134,0.0,1.0,0.0,0.4397242567858682,0.016167514453454,0.004109730188585806,0.02624845301179878,0.20327725118483414,0.38653874718824527
0.024,0.25,0.005,10000,0.05229910479199579,0.0021398387054939903,9495.0,0.3745309635600843,0.01788412376849132,3.404826941455312,1.0,0.0,0.0,0.3522839564333558,0.03338230282322736,0.4128520285601774,0.0,1.0,0.0,0.4754464071999618,0.01708511952515117,0.004046817786499717,0.02624845301179878,0.20622432859399686,0.3578497764462268
0.027500000000000004,0.25,0.005,10000,0.05534070563454451,0.0020306725615535644,9495.0,0.34935114803723993,0.01663652388086309,3.1759195276112724,1.0,0.0,0.0,0.39960327530550965,0.03157153679405797,0.40143100222784683,0.0,1.0,0.0,0.5030973239504045,0.017776426948019456,0.0039622693950765505,0.02624845301179878,0.20850552922590837,0.3357182915462797
0.031,0.25,0.005,10000,0.0587877830437072,0.002581708421900838,9495.0,0.32151181073630464,0.02066569539913774,2.922834643057314,1.0,0.0,0.0,0.4532305873138954,0.04006929095535113,0.388635006357962,0.0,0.8,0.2,0.5344343913064292,0.018539756189704038,0.004109592539658689,0.02624845301179878,0.21109083728278044,0.3107545389599435
0.0345,0.25,0.005,10000,0.062445497630331755,0.0023310225917932107,9495.0,0.2925460851185282,0.01823419149714831,2.659509864713893,1.0,0.0,0.0,0.5099364776135394,0.036096296428426225,0.375246092590146,0.0,0.28,0.72,0.567686342093925,0.019333188961883213,0.004074931861341447,0.02624845301179878,0.21383412322274886,0.284390380988347
0.038,0.25,0.005,10000,0.06569773565034227,0.00240913256081409,9495.0,0.2673840569302089,0.0184644481795671,2.4307641539109905,1.0,0.0,0.0,0.5602299949719715,0.03718287191492592,0.36353743221280227,0.0,0.04,0.96,0.5972521422758388,0.020021662721934837,0.004072786852454898,0.02624845301179878,0.21627330173775672,0.2611068046436931
0.0415,0.25,0.005,10000,0.06909004739336494,0.0024246850766783293,9495.0,0.2416608933956854,0.018207363004168812,2.1969172126880494,1.0,0.0,0.0,0.6125598334647065,0.03729264401180401,0.3515220412234515,0.0,0.0,1.0,0.6280913399396811,0.020724847569356202,0.00410914587858717,0.02624845301179878,0.2188175355450237,0.2369903813226383
0.045000000000000005,0.25,0.005,10000,0.07299842022116905,0.0021838958007698,9495.0,0.21263895161155552,0.016059518847887946,1.9330813782868685,1.0,0.0,0.0,0.6725932550502918,0.033485415183604914,0.3379564612052426,0.0,0.0,1.0,0.6636220020106276,0.021517488672340206,0.004025084144615684,0.02624845301179878,0.22174881516587677,0.20943941292997129
0.0485,0.25,0.005,10000,0.07611795681937862,0.002814298981350446,9495.0,0.19002797265554153,0.020342937025713114,1.7275270241412866,1.0,0.0,0.0,0.7203959332993538,0.04296851245859874,0.3273748870364253,0.0,0.0,1.0,0.6919814256307147,0.022134420421517302,0.004173137648927115,0.02624845301179878,0.22408846761453394,0.18769796586931556
0.052000000000000005,0.25,0.005,10000,0.07980410742496051,0.0027643303171287115,9495.0,0.16373940652981978,0.019537689028190305,1.4885400593619986,1.0,0.0,0.0,0.7766161821534894,0.04203735826328279,0.3151192634199908,0.0,0.0,1.0,0.7254918856814592,0.022851241171438087,0.0041774190577278485,0.02624845301179878,0.2268530805687204,0.16223140563585417
0.0555,0.25,0.005,10000,0.08370721432332809,0.002852315842150183,9495.0,0.1365013091992288,0.019709012734815425,1.2409209927202616,1.0,0.0,0.0,0.8358609603141938,0.04320697157547329,0.30248418095255664,0.0,0.0,1.0,0.7609746756666186,0.02359334531531498,0.004186809887605562,0.02624845301179878,0.22978041074249606,0.1356083811593071
0.059000000000000004,0.25,0.005,10000,0.08715955766192733,0.0034544529537386044,9495.0,0.11294806887743915,0.023442533350725943,1.0268006261585376,1.0,0.0,0.0,0.8880397464202575,0.052066362575400475,0.2916298710457204,0.0,0.0,1.0,0.7923596151084304,0.024234535451184452,0.004343764282188286,0.02624845301179878,0.2323696682464455,0.11240924715028083
0.0625,0.25,0.005,10000,0.09064454976303318,0.002771108278226957,9495.0,0.08946603671197315,0.018501800331103883,0.813327606472483,1.0,0.0,0.0,0.9403645819102211,0.04157774444659276,0.2809021715922864,0.0,0.0,1.0,0.8240413614821197,0.024873512317033764,0.0041108949874936115,0.02624845301179878,0.23498341232227488,0.08919710465001758
0.066,0.25,0.005,10000,0.09401369141653503,0.0029195271910779194,9495.0,0.06725659542131049,0.01908989364706748,0.6114235947391863,1.0,0.0,0.0,0.9907818359759162,0.04355899757900014,0.27084265674449987,0.0,0.0,1.0,0.8546699219685001,0.0254774209993776,0.00420103579597839,0.02624845301179878,0.23751026856240123,0.06713117696544678
0.0695,0.25,0.005,10000,0.0969826224328594,0.0030608304216736826,9495.0,0.04800622361249299,0.01971315691857636,0.43642021465902714,0.99,0.0,0.01,1.0349802146563563,0.04538733339971723,0.2622134982206805,0.0,0.0,1.0,0.8816602039350855,0.02600059253855255,0.0042545773663768445,0.02624845301179878,0.23973696682464457,0.04795083886252709
0.073,0.25,0.005,10000,0.10096577145866245,0.003056789535453397,9495.0,0.02261559799180563,0.019301378081577298,0.20559634538005117,0.86,0.03,0.11,1.0939157133065514,0.04509213063139776,0.2509758020776714,0.0,0.0,1.0,0.9178706496242043,0.026690280070301303,0.004227544068424316,0.02624845301179878,0.2427243285939968,0.022603129929696195
0.0765,0.25,0.005,10000,0.10455924170616114,0.003081912346379954,9495.0,0.00014548227136203741,0.01913435073188126,0.001322566103291251,0.44,0.11,0.45,1.14675332680314,0.045197362642434444,0.24117828382323445,0.0,0.0,1.0,0.9505385609651011,0.02730029162530152,0.0042135928333992545,0.02624845301179878,0.24541943127962085,0.0001448114302624317
0.08,0.25,0.005,10000,0.10796313849394416,0.003025283000242145,9495.0,-0.0207797892571922,0.018407989548727608,-0.18890717506538363,0.09,0.08,0.83,1.1965267299579811,0.04409591044986471,0.23218557756172525,0.0,0.0,1.0,0.9814830772176745,0.027868091485268243,0.004240729441482261,0.02624845301179878,0.24797235387045816,-0.02076947088175204
0.08349999999999999,0.25,0.005,10000,0.11165034228541339,0.00312046065227663,9495.0,-0.04303964782058536,0.01872293395582229,-0.3912695256416852,0.02,0.0,0.98,1.250080718414296,0.045205478457225674,0.22278319715147166,0.0,0.0,1.0,1.015003111685576,0.0284718055737614,0.0042408576973081355,0.02624845301179878,0.25073775671406007,-0.04299896945497714
0.087,0.25,0.005,10000,0.11467403896787783,0.0034696592380243957,9495.0,-0.06097364183048765,0.020456223234494083,-0.5543058348226151,0.0,0.0,1.0,1.2937428104858564,0.04993107940654114,0.21533862786454253,0.0,0.0,1.0,1.0424912633443437,0.028957973555819857,0.004320907331983694,0.02624845301179878,0.25300552922590835,-0.06087301940240628
0.0905,0.25,0.005,10000,0.11889310163243812,0.0032318124713064038,9495.0,-0.08563150392577197,0.01867740699795504,-0.7784682175070179,0.0,0.0,1.0,1.3542432404642022,0.04622113071155416,0.20527915233077473,0.0,0.0,1.0,1.0808463784767102,0.029626168077752292,0.004256303942042011,0.02624845301179878,0.2561698262243286,-0.08539357869119504
0.094,0.25,0.005,10000,0.12217061611374407,0.0033834829008289402,9495.0,-0.10441661497972257,0.019226745703867103,-0.9492419543611141,0.0,0.0,1.0,1.400900491850641,0.04804086124686767,0.19778270300140494,0.0,0.0,1.0,1.1106419646704007,0.03013497734860906,0.004248417894286662,0.02624845301179878,0.2586279620853081,-0.10400085200551894
0.0975,0.25,0.005,10000,0.12586835176408637,0.0034117364646447583,9495.0,-0.12527609428650785,0.01904616974097771,-1.1388735844227988,0.0,0.0,1.0,1.453241537027798,0.048134984665182776,0.18961248276213838,0.0,0.0,1.0,1.144257743309876,0.03069976241720869,0.004327135113875918,0.02624845301179878,0.2614012638230648,-0.12458036307786256
0.10099999999999999,0.25,0.005,10000,0.12921432332806743,0.003670964236276631,9495.0,-0.14382056012701158,0.020192246797990615,-1.307459637518287,0.0,0.0,1.0,1.5002529267002165,0.05144997034384407,0.1825118243032753,0.0,0.0,1.0,1.1746756666187943,0.031201666537242833,0.0043845163795089015,0.02624845301179878,0.2639107424960505,-0.14278043253598585
0.1045,0.25,0.005,10000,0.13239073196419168,0.0032515641788446905,9495.0,-0.1612179797187519,0.017642163338958038,-1.4656179974431993,0.0,0.0,1.0,1.5445908833257098,0.04524542674713136,0.1759640671325386,0.0,0.0,1.0,1.2035521087653789,0.03167240360275013,0.0042826224328594,0.02624845301179878,0.2662930489731438,-0.15978770096806083
0.108,0.25,0.005,10000,0.13634123222748817,0.0037166871797928457,9495.0,-0.18241606207950017,0.019914704115480946,-1.6583278370863654,0.0,0.0,1.0,1.5993459744717702,0.05141287912042977,0.1681947584135364,0.0,0.0,1.0,1.2394657475226194,0.03224572951479807,0.004357695188257367,0.02624845301179878,0.2692559241706161,-0.18035245888868295
0.1115,0.25,0.005,10000,0.13911637704054766,0.0034890458437982527,9495.0,-0.19712712917221445,0.018368670910010508,-1.7920648106564945,0.0,0.0,1.0,1.637563599122446,0.04787683114226816,0.16290115710642666,0.0,0.0,1.0,1.2646943367322514,0.03264350988157282,0.004311760289955337,0.02624845301179878,0.27133728278041075,-0.19455056860597303
0.11499999999999999,0.25,0.005,10000,0.14216956292785676,0.0035234418845714135,9495.0,-0.21307248711640564,0.018246156759817923,-1.9370226101491426,0.0,0.0,1.0,1.6793917912896468,0.04799078228647568,0.15727943484313583,0.0,0.0,1.0,1.292450572071425,0.0330745366860223,0.004377133032187701,0.02624845301179878,0.27362717219589255,-0.2098391196942505
0.1185,0.25,0.005,10000,0.14625487098472884,0.0036732464763778072,9495.0,-0.23405438015074403,0.018722340021311453,-2.1277670922794907,0.0,0.0,1.0,1.7349198078673413,0.04970792986876021,0.15006855658626828,0.0,0.0,1.0,1.3295897362248075,0.033641526403140526,0.004390161553778401,0.02624845301179878,0.2766911532385466,-0.22979681922429213
0.122,0.25,0.005,10000,0.14970300157977884,0.0036647742997437667,9495.0,-0.25147462035247253,0.018406939930524332,-2.286132912295204,0.0,0.0,1.0,1.7814435660895058,0.04926322623543671,0.14423056444381202,0.0,0.0,1.0,1.3609363779979893,0.034112127255247454,0.004387699425684472,0.02624845301179878,0.2792772511848341,-0.24622720685236388
0.1255,0.25,0.005,10000,0.15313006845708269,0.003571635493952531,9495.0,-0.26852825771552824,0.01763633262896203,-2.4411659792320743,0.0,0.0,1.0,1.8273517184788322,0.047673089135493577,0.13865113502798546,0.0,0.0,1.0,1.392091531428024,0.03457270007706235,0.004331673941054355,0.02624845301179878,0.28184755134281203,-0.2621798139877742
0.129,0.25,0.005,10000,0.1566340179041601,0.003622736784636616,9495.0,-0.2856825699967513,0.017562020584554985,-2.597114272697739,0.0,0.0,1.0,1.873998425917725,0.04799638127809785,0.13317608842783155,0.0,0.0,1.0,1.423945617310546,0.03503586141977539,0.004373504904719443,0.02624845301179878,0.28447551342812005,-0.2780776280630698
0.1325,0.25,0.005,10000,0.16058346498156922,0.0038453595586869604,9495.0,-0.3046829076435371,0.018349233228234993,-2.769844614941247,0.0,0.0,1.0,1.9261793102632905,0.05061007050933745,0.12727896907410513,0.0,0.0,1.0,1.45984968165063,0.03554871508765883,0.004433547975085523,0.02624845301179878,0.28743759873617697,-0.2955023842164049
0.136,0.25,0.005,10000,0.1637577672459189,0.0033940557235510975,9495.0,-0.3197603223587801,0.015969917949663015,-2.906912021443456,0.0,0.0,1.0,1.9678166967660604,0.0443740487868446,0.12270272070352448,0.0,0.0,1.0,1.488706974962899,0.03595559786890136,0.00433060538605816,0.02624845301179878,0.2898183254344392,-0.30921961286110544
0.1395,0.25,0.005,10000,0.1677008952080042,0.004118848729798052,9495.0,-0.33809561450803527,0.01900740953467505,-3.0735964955275925,0.0,0.0,1.0,2.0191788792684506,0.05348500555758323,0.11731586584395189,0.0,0.0,1.0,1.5245535928000384,0.036450235322462776,0.0044650670978144446,0.02624845301179878,0.29277567140600325,-0.32567186776519647
0.14300000000000002,0.25,0.005,10000,0.17112901527119537,0.003573303962185043,9495.0,-0.35386562477615285,0.01630697596956712,-3.216960225237754,0.0,0.0,1.0,2.06350629223614,0.04609722650394903,0.1127763872264328,0.0,0.0,1.0,1.5557183206472305,0.03687559871451876,0.0043173775671406,0.02624845301179878,0.29534676145339656,-0.3397205106832623
0.14650000000000002,0.25,0.005,10000,0.17462980516061083,0.003881299783256935,9495.0,-0.3696568445886379,0.017454001802370812,-3.3605167689876168,0.0,0.0,1.0,2.108508274283941,0.04974102886330203,0.10836554124214542,0.0,0.0,1.0,1.5875436832782805,0.03730141251335859,0.004424291303811363,0.02624845301179878,0.2979723538704581,-0.3535986517020497
0.15000000000000002,0.25,0.005,10000,0.17796629805160605,0.004101850967989606,9495.0,-0.38448379194487914,0.01810688142064978,-3.495307199498902,0.0,0.0,1.0,2.151119156077444,0.052201471928441275,0.104326321156665,0.0,0.0,1.0,1.6178754368327823,0.037701141410497414,0.0045088467614533955,0.02624845301179878,0.3004747235387045,-0.3664920783593587
0.15350000000000003,0.25,0.005,10000,0.18140494997367035,0.004150429823134486,9495.0,-0.39954854641213267,0.018057820042388054,-3.6322595128375683,0.0,0.0,1.0,2.194737612161952,0.05248262525525646,0.10032240056647629,0.0,0.0,1.0,1.6491359088515483,0.03810720222326796,0.004518770307563045,0.02624845301179878,0.30305371248025276,-0.379457865919869
0.157,0.25,0.005,10000,0.1856714060031596,0.003943911312322069,9495.0,-0.4179415804451766,0.016826864167939163,-3.7994689131379693,0.0,0.0,1.0,2.248476319820812,0.04956351586160273,0.09556593642888914,0.0,0.0,1.0,1.687921872755996,0.03860286946668115,0.004488097407352797,0.02624845301179878,0.3062535545023697,-0.3951014894355835
0.1605,0.25,0.005,10000,0.18771458662453927,0.0044939764535219745,9495.0,-0.4265751745342075,0.019010131661826433,-3.877956132129159,0.0,0.0,1.0,2.2740383495688072,0.056094993271219924,0.0934032658760226,0.0,0.0,1.0,1.7064962420412653,0.03883547360423733,0.004556111870556433,0.02624845301179878,0.30778593996840437,-0.40233467730832645
0.164,0.25,0.005,10000,0.19157345971563977,0.00401863137770837,9495.0,-0.44278589606835,0.016788534628659504,-4.025326327894089,0.0,0.0,1.0,2.3220829486287657,0.04986836954395429,0.08939323863661734,0.0,0.0,1.0,1.7415769065058162,0.03927218720450459,0.0044195757865980135,0.02624845301179878,0.31068009478672987,-0.4158554773096717
0.1675,0.25,0.005,10000,0.19479726171669298,0.00411708349313004,9495.0,-0.45607758097664464,0.0168731688036309,-4.146159827060407,0.0,0.0,1.0,2.3619937674908016,0.05073707123689418,0.08620022581749033,0.0,0.0,1.0,1.770884197424482,0.03963018229924695,0.004465969482292826,0.02624845301179878,0.31309794628751975,-0.42678366603934476
0.171,0.25,0.005,10000,0.19903738809899948,0.004213142996259195,9495.0,-0.47327035137760765,0.017011011399846336,-4.302457739796432,0.0,0.0,1.0,2.414119097869169,0.05163365662131403,0.08218595530973109,0.0,0.0,1.0,1.809430800899995,0.04009315770404513,0.0044707460719458575,0.02624845301179878,0.3162780410742496,-0.4407365213800155
0.17450000000000002,0.25,0.005,10000,0.20215376513954714,0.004108621588341697,9495.0,-0.48571236527463024,0.016303007097471966,-4.415566957042092,0.0,0.0,1.0,2.4522216329993998,0.05004495182450473,0.07935251576170034,0.0,0.0,1.0,1.8377615012686104,0.04042814461766207,0.004516675520833187,0.02624845301179878,0.3186153238546604,-0.45071238702643684
0.17800000000000002,0.25,0.005,10000,0.20633385992627698,0.004103864243468223,9495.0,-0.5021184602991791,0.015913814080610683,-4.564713275447083,0.0,0.0,1.0,2.50293895677552,0.04969146534588064,0.07572471334255136,0.0,0.0,1.0,1.875762362966154,0.04086977774652843,0.004439194729133852,0.02624845301179878,0.3217503949447078,-0.46369027125101203
0.18150000000000002,0.25,0.005,10000,0.20956924697209062,0.004491473780944289,9495.0,-0.5145754182390531,0.017247036804170963,-4.677958347627757,0.0,0.0,1.0,2.542001086980156,0.05407633978216653,0.07304955788569333,0.0,0.0,1.0,1.9051749724735507,0.041205036711770476,0.004566922799006104,0.02624845301179878,0.32417693522906793,-0.4733944558223011
0.18500000000000003,0.25,0.005,10000,0.2129236440231701,0.004490083497675958,9495.0,-0.5273289001528708,0.01693931026715565,-4.793899092298824,0.0,0.0,1.0,2.5822729741596437,0.05373597601043001,0.07036831630788593,0.0,0.0,1.0,1.935669491119728,0.04154823326749793,0.004600473933649288,0.02624845301179878,0.32669273301737756,-0.4832314615017062
0.1885,0.25,0.005,10000,0.2162822538177988,0.004040804845255196,9495.0,-0.5399361518832145,0.015023968975674566,-4.908510471665586,0.0,0.0,1.0,2.622344162114876,0.04808506618896925,0.06777668185644581,0.0,0.0,1.0,1.9662023074345347,0.0418874514412376,0.004482179053942621,0.02624845301179878,0.3292116903633492,-0.49285629704059053
0.192,0.25,0.005,10000,0.2207224855186941,0.004326450934890161,9495.0,-0.5562459942034758,0.015774444011790654,-5.056781765486143,0.0,0.0,1.0,2.675031366411267,0.05122477566370846,0.06453124001828732,0.0,0.0,1.0,2.0065680501699457,0.042326203217845616,0.004565452318655041,0.02624845301179878,0.3325418641390206,-0.5050941867971109
0.1955,0.25,0.005,10000,0.22388730911005794,0.004297363833486941,9495.0,-0.567685389297034,0.01541170822720804,-5.160776266336671,0.0,0.0,1.0,2.712357203509734,0.0505959457255573,0.06231284559435052,0.0,0.0,1.0,2.0353391737277993,0.042633889783545806,0.004569116364698769,0.02624845301179878,0.3349154818325435,-0.5135684971656478
0.199,0.25,0.005,10000,0.2266076882569773,0.004093490322793365,9495.0,-0.5773970609309759,0.01455773688308693,-5.2490641902816,0.0,0.0,1.0,2.7442606248731556,0.047951784122865486,0.06046868634167069,0.0,0.0,1.0,2.060069893245249,0.04289507629355122,0.00446303317535545,0.02624845301179878,0.336955766192733,-0.5206914528713349
0.2025,0.25,0.005,10000,0.2306024223275408,0.0037626141264963608,9495.0,-0.5914382695179898,0.01313113799443412,-5.376711541072637,0.0,0.0,1.0,2.790907820869727,0.04384266238952342,0.057863531687257615,0.0,0.0,1.0,2.096385657523099,0.04327265142179268,0.004379949863415052,0.02624845301179878,0.33995181674565567,-0.5308642091257267
0.20600000000000002,0.25,0.005,10000,0.23406213796735123,0.004320829269829351,9495.0,-0.603334802616216,0.014801060135599887,-5.4848618419656,0.0,0.0,1.0,2.8311370896451775,0.05008305614266623,0.05572268983320448,0.0,0.0,1.0,2.127837617885011,0.043592496915971626,0.004544128586591773,0.02624845301179878,0.3425466034755134,-0.5393353747420608
0.20950000000000002,0.25,0.005,10000,0.2377093206951027,0.004796529508088699,9495.0,-0.6156715171524008,0.01610973866453983,-5.597013792294552,0.0,0.0,1.0,2.8732998880466014,0.055321564221677805,0.05355772499463143,0.0,0.0,1.0,2.1609938245009337,0.04392413392518708,0.004635860979462875,0.02624845301179878,0.34528199052132713,-0.548008603332085
0.21300000000000002,0.25,0.005,10000,0.24142074776197994,0.004626499635403301,9495.0,-0.6280556349569155,0.01523919696505979,-5.709596681426506,0.0,0.0,1.0,2.9159580194780235,0.0531189720794177,0.051431150325547466,0.0,0.0,1.0,2.1947340705634546,0.044257010205970546,0.00456232269121916,0.02624845301179878,0.34806556082148504,-0.5566236029482343
0.21650000000000003,0.25,0.005,10000,0.24413586097946285,0.00406604805806695,9495.0,-0.6370057347775075,0.013294963781933119,-5.7909612252500695,0.0,0.0,1.0,2.9470270415747937,0.04642771997162085,0.04992287824943571,0.0,0.0,1.0,2.219416917995117,0.04449755976736235,0.0044489166880596,0.02624845301179878,0.35010189573459727,-0.5627900748256894
0.22,0.25,0.005,10000,0.2480905739863086,0.004266674120991785,9495.0,-0.649768504479579,0.01364493654137959,-5.9069864043598095,0.0,0.0,1.0,2.992116938213797,0.04852698202225014,0.047831211999736445,0.0,0.0,1.0,2.255368854420987,0.044840529171766515,0.004516306060755563,0.02624845301179878,0.3530679304897315,-0.5714431815147883
0.01,0.3,0.005,10000,0.040768740031897927,0.0018900548113835285,9405.0,0.4749587442234155,0.017200563414309193,4.317806765667414,1.0,0.0,0.0,0.19615409494044905,0.029580457007712793,0.45112871383148195,0.0,1.0,0.0,0.3706249093808903,0.014325582883008649,0.00395301864622446,0.031147041482910042,0.23007655502392346,0.44209311696831166
0.0135,0.3,0.005,10000,0.0443083466241361,0.002136764841746034,9405.0,0.44317746661671814,0.01895191709610588,4.028886060151985,1.0,0.0,0.0,0.2514926818381985,0.033390183147291475,0.4374730871248774,0.0,1.0,0.0,0.40280315112851,0.015202784092840595,0.004007000492531519,0.031147041482910042,0.23273125996810204,0.41615237422055995
0.017,0.3,0.005,10000,0.04787878787878788,0.0022576747320186582,9405.0,0.4119657903492896,0.019460779625228738,3.7451435486299056,1.0,0.0,0.0,0.3072642680419515,0.035267444554453006,0.4238056829980203,0.0,1.0,0.0,0.4352617079889808,0.01606279192082945,0.004049005799077477,0.031147041482910042,0.23540909090909093,0.3900167105046822
0.0205,0.3,0.005,10000,0.05138224348750665,0.002152700627665794,9405.0,0.38209593219156057,0.01808467352449913,3.473599383559641,1.0,0.0,0.0,0.361893028838516,0.033601305969078746,0.41052576180556644,0.0,1.0,0.0,0.46711130443187854,0.01688458508813094,0.004006477947042558,0.031147041482910042,0.23803668261562996,0.36442418250173747
0.024,0.3,0.005,10000,0.05489633173843699,0.0024364787442721692,9405.0,0.3529170340272752,0.019945917118799075,3.208336672975229,1.0,0.0,0.0,0.41665375179617387,0.037970983279891915,0.397353230191571,0.0,0.94,0.06,0.49905756125851825,0.01768616615923335,0.004083754356639469,0.031147041482910042,0.2406722488038278,0.33884244760043186
0.027500000000000004,0.3,0.005,10000,0.05844338118022329,0.0024355280579054354,9405.0,0.3241251754680359,0.019530176014956886,2.9465925042548715,1.0,0.0,0.0,0.47180403233269225,0.037851800039088404,0.38422824372309344,0.0,0.66,0.34,0.5313034652747572,0.018476152755783026,0.00410417433623168,0.031147041482910042,0.24333253588516748,0.3131255588764573
0.031,0.3,0.005,10000,0.061953216374269,0.002680004330739924,9405.0,0.296317240906144,0.021073703187377092,2.6937930991467636,1.0,0.0,0.0,0.5262454386727804,0.04152571454014705,0.3714439246055507,0.0,0.19,0.81,0.5632110579479,0.019238206209236528,0.004122904769426171,0.031147041482910042,0.24596491228070178,0.2878220585954319
0.0345,0.3,0.005,10000,0.06534396597554493,0.0026701973751065517,9405.0,0.27000096613221614,0.020489271324139493,2.4545542375656013,1.0,0.0,0.0,0.5787049001198845,0.04126771526193986,0.35928535473615525,0.0,0.01,0.99,0.5940360543231357,0.01995867011164299,0.004128790488072693,0.031147041482910042,0.2485079744816587,0.2635239609191185
0.038,0.3,0.005,10000,0.0690749601275917,0.0025817034702891135,9405.0,0.24166432928423348,0.019393742057647333,2.196948448038486,1.0,0.0,0.0,0.6362447374505825,0.03979143836850966,0.346150420332372,0.0,0.0,1.0,0.6279541829781063,0.020733672038394844,0.004105151427175186,0.031147041482910042,0.2513062200956938,0.23698366697043804
0.0415,0.3,0.005,10000,0.0722615629984051,0.0029739076132863306,9405.0,0.21801442994336273,0.02192487912931714,1.9819493631214788,1.0,0.0,0.0,0.6852754782953616,0.04564415475820131,0.33516053772568566,0.0,0.0,1.0,0.6569232999855009,0.021379842887705513,0.004234579961756904,0.031147041482910042,0.2536961722488038,0.21452706202004002
0.045000000000000005,0.3,0.005,10000,0.07589580010632642,0.0032013352254656865,9405.0,0.19154971180227012,0.023157555469046038,1.7413610163842734,1.0,0.0,0.0,0.7409628638142647,0.04894801083919317,0.32288506428939406,0.0,0.0,1.0,0.6899618191484219,0.02210235299860736,0.004296725097323092,0.031147041482910042,0.25642185007974483,0.1891429021804285
0.0485,0.3,0.005,10000,0.07894630515683146,0.003132116115499862,9405.0,0.16972238499051437,0.022243840178339934,1.5429307726410397,1.0,0.0,0.0,0.7875068922520922,0.047683746590424035,0.3127945978799668,0.0,0.0,1.0,0.7176936832439225,0.02269784254808981,0.004271432797413749,0.031147041482910042,0.2587097288676236,0.16803064280161212
0.052000000000000005,0.3,0.005,10000,0.0824529505582137,0.002453570695173599,9405.0,0.14502645925073135,0.017101323661504974,1.3184223568248308,1.0,0.0,0.0,0.8407611331058813,0.03716947830216503,0.3014315196764325,0.0,0.0,1.0,0.7495722778019427,0.02337117845615262,0.004089370537805925,0.031147041482910042,0.26133971291866026,0.14397678936614813
0.0555,0.3,0.005,10000,0.08594364699627859,0.003082021552360994,9405.0,0.12104629479864204,0.021025997465538977,1.1004208618058366,1.0,0.0,0.0,0.8936223125731818,0.046494786403960806,0.29045528846161695,0.0,0.0,1.0,0.7813058817843508,0.024024403642952774,0.004266658721510451,0.031147041482910042,0.26395773524720895,0.120406586367937
0.059000000000000004,0.3,0.005,10000,0.08981392876129718,0.0027827877420522804,9405.0,0.09487887030847272,0.018621508412662836,0.8625351846224792,1.0,0.0,0.0,0.9518697052577467,0.04178874799791955,0.2785857907644034,0.0,0.0,1.0,0.8164902614663382,0.02473681269076579,0.004192822966507176,0.031147041482910042,0.2668604465709729,0.09456262393540855
0.0625,0.3,0.005,10000,0.09368421052631579,0.003258417250746062,9405.0,0.06932087041232016,0.021367677267482024,0.6301897310210924,1.0,0.0,0.0,1.009810609477505,0.04868740969547529,0.26712376735807863,0.0,0.0,1.0,0.8516746411483254,0.025432081229076312,0.004283741568143371,0.031147041482910042,0.26976315789473687,0.06917837718183976
0.066,0.3,0.005,10000,0.09767357788410422,0.0030799192464956446,9405.0,0.04343926355372249,0.019758415773125922,0.3949023959429317,0.97,0.02,0.01,1.0691724426903348,0.04578006626736634,0.2556569391281267,0.0,0.0,1.0,0.8879416171282201,0.0261357549923366,0.0042742827012059075,0.031147041482910042,0.2727551834130782,0.04339519991472713
0.0695,0.3,0.005,10000,0.1001116427432217,0.0030049484378798738,9405.0,0.027884096039084264,0.01898721288973281,0.2534917821734933,0.92,0.01,0.07,1.105235453803631,0.04437389788753149,0.2488518160912422,0.0,0.0,1.0,0.910105843120197,0.02655845332971431,0.004210366826156301,0.031147041482910042,0.2745837320574163,0.027867741298179084
0.073,0.3,0.005,10000,0.10342902711323765,0.003222573775531654,9405.0,0.007056018033460499,0.020078711462713148,0.06414561848600453,0.57,0.15,0.28,1.1540985486792723,0.04729733651422975,0.23984625377787686,0.0,0.0,1.0,0.9402638828476146,0.027124167244001806,0.004236629462194074,0.031147041482910042,0.27707177033492825,0.007053082990794266
0.0765,0.3,0.005,10000,0.106829346092504,0.0032489534841006404,9405.0,-0.013957596879104814,0.019840351129104972,-0.12688724435549836,0.22,0.05,0.73,1.2039058088624488,0.04739916698035947,0.2308874468304318,0.0,0.0,1.0,0.971175873568218,0.02769466337217739,0.004252424881582977,0.031147041482910042,0.27962200956937805,-0.013950209415861519
0.08,0.3,0.005,10000,0.11070813397129185,0.003097942243768321,9405.0,-0.037517045601866354,0.018620006304769697,-0.34106405092605774,0.03,0.02,0.95,1.2603500915386898,0.04492052792536922,0.22100953292379202,0.0,0.0,1.0,1.0064375815571989,0.028333968011966953,0.004214832535885167,0.031147041482910042,0.2825311004784689,-0.037486589005952815
0.08349999999999999,0.3,0.005,10000,0.11436469962785754,0.0031958371604870243,9405.0,-0.059300138815493966,0.018939886585771483,-0.5390921710499452,0.0,0.0,1.0,1.3132287443439759,0.04606089431369585,0.21204806671101084,0.0,0.0,1.0,1.0396790875259776,0.028924764873313427,0.004286222704978595,0.031147041482910042,0.2852735247208932,-0.05921077382698994
0.087,0.3,0.005,10000,0.11729399255715046,0.0034505820274094313,9405.0,-0.07646005972253579,0.020078862394086197,-0.6950914520230528,0.0,0.0,1.0,1.3553146892706598,0.04939582127221158,0.20511891189747883,0.0,0.0,1.0,1.0663090232468224,0.029389975024820447,0.004337229201865692,0.031147041482910042,0.2874704944178628,-0.07628092178396419
0.0905,0.3,0.005,10000,0.12144178628389155,0.0036112969052150496,9405.0,-0.10036732369219624,0.020627995877156354,-0.9124302153836019,0.0,0.0,1.0,1.414506529939017,0.051369540599402144,0.1956492836971379,0.0,0.0,1.0,1.1040162389444688,0.03003784811905257,0.0043578867330350025,0.031147041482910042,0.2905813397129186,-0.09999014030799419
0.094,0.3,0.005,10000,0.12487612971823499,0.0036750431569591673,9405.0,-0.11981665289873275,0.020625332361397124,-1.0892422990793886,0.0,0.0,1.0,1.4631721980739447,0.051916444565431714,0.18810959972805694,0.0,0.0,1.0,1.1352375428930452,0.030564693722450475,0.004379316311330647,0.031147041482910042,0.2931570972886763,-0.11919682061965373
0.0975,0.3,0.005,10000,0.12842424242424244,0.0038667552705011947,9405.0,-0.13957081318636114,0.021335835414693083,-1.268825574421465,0.0,0.0,1.0,1.5131127529171704,0.05425055248999786,0.18061548743669406,0.0,0.0,1.0,1.1674931129476585,0.031099588064226823,0.004431886733035003,0.031147041482910042,0.29581818181818187,-0.1386098861175716
0.10099999999999999,0.3,0.005,10000,0.13145879851143008,0.003526534448942399,9405.0,-0.15625489484397953,0.019236184768379502,-1.4204990440361775,0.0,0.0,1.0,1.5555564017601826,0.04914736415518769,0.17439729708909973,0.0,0.0,1.0,1.1950799864675463,0.03155122537655677,0.0043746368854933266,0.031147041482910042,0.2980940988835725,-0.15494046571478015
0.1045,0.3,0.005,10000,0.13552897395002658,0.0031287556741485165,9405.0,-0.1782579182010194,0.016736244811252746,-1.6205265291001765,0.0,0.0,1.0,1.6120551922109982,0.04331366409275483,0.16638938623037894,0.0,0.0,1.0,1.232081581363878,0.03214663014296681,0.004245280672428943,0.031147041482910042,0.30114673046251994,-0.1763462679013294
0.108,0.3,0.005,10000,0.1388654970760234,0.004001566083819881,9405.0,-0.1958885536461873,0.0210492677765902,-1.7808050331471568,0.0,0.0,1.0,1.6580617993938105,0.054998560541447604,0.16015904319663277,0.0,0.0,1.0,1.2624136097820309,0.03262349418209136,0.0044589686532557704,0.031147041482910042,0.3036491228070176,-0.19333903805135527
0.1115,0.3,0.005,10000,0.14214992025518342,0.003509884161596205,9405.0,-0.2130989629208219,0.01819402560783428,-1.937263299280199,0.0,0.0,1.0,1.7030370743265921,0.047901876262102405,0.1541713588508354,0.0,0.0,1.0,1.292272002319849,0.03308891459101501,0.00433875012313288,0.031147041482910042,0.3061124401913876,-0.20986498696008707
0.11499999999999999,0.3,0.005,10000,0.14609569377990433,0.0038959531078922825,9405.0,-0.23335147462094366,0.019898911448958553,-2.1213770420085787,0.0,0.0,1.0,1.7566819131153277,0.05283207122481969,0.1473289250805016,0.0,0.0,1.0,1.328142670726403,0.03363638346839281,0.004415564042119029,0.031147041482910042,0.3090717703349283,-0.2291217842942162
0.1185,0.3,0.005,10000,0.14936629452418926,0.003607233613723788,9405.0,-0.2499181509870039,0.018068580214778213,-2.271983190790944,0.0,0.0,1.0,1.8008339313168285,0.04854402582987861,0.14185105703154163,0.0,0.0,1.0,1.357875404765357,0.034084107417728264,0.004355303581485437,0.031147041482910042,0.311524720893142,-0.2447670224754552
0.122,0.3,0.005,10000,0.15293673577884104,0.0036863746756932853,9405.0,-0.2676919331334943,0.01820161289442794,-2.433563028486312,0.0,0.0,1.0,1.8487201571831957,0.04926078321034882,0.13612593031031525,0.0,0.0,1.0,1.3903339616258272,0.03456430246661382,0.0044081116134177785,0.031147041482910042,0.3142025518341308,-0.2613959837169799
0.1255,0.3,0.005,10000,0.15567357788410421,0.003528322758276227,9405.0,-0.28114093840997945,0.017204726281091983,-2.5558267128179946,0.0,0.0,1.0,1.8851882862688134,0.046819090337166115,0.13188543063050848,0.0,0.0,1.0,1.415214344400947,0.034927572934406445,0.004383027693745489,0.031147041482910042,0.31625518341307823,-0.27388644708846765
0.129,0.3,0.005,10000,0.16021265284423175,0.0040925244976293945,9405.0,-0.303017955091024,0.019584281085735327,-2.754708682645673,0.0,0.0,1.0,1.945217928562861,0.05394822828367305,0.1251940094673726,0.0,0.0,1.0,1.4564786622202894,0.035518299558644564,0.004477203566222612,0.031147041482910042,0.3196594896331739,-0.29397032373953147
0.1325,0.3,0.005,10000,0.16347262094630516,0.004009604609789356,9405.0,-0.3184980650027307,0.018806343814789947,-2.8954369545702785,0.0,0.0,1.0,1.9880041668257282,0.05246113860991945,0.12057724755299862,0.0,0.0,1.0,1.4861147358755014,0.03593619610667982,0.004441139277837823,0.031147041482910042,0.32210446570972884,-0.30804999458533183
0.136,0.3,0.005,10000,0.16697607655502392,0.003927529305418716,9405.0,-0.3348821492687297,0.018209834139262544,-3.044383175170271,0.0,0.0,1.0,2.0337057335426083,0.051071392778468,0.11581068724168549,0.0,0.0,1.0,1.5179643323183996,0.03637838814748423,0.004458272146764876,0.031147041482910042,0.3247320574162679,-0.32280584688922187
0.1395,0.3,0.005,10000,0.1700446570972887,0.0037056296274541045,9405.0,-0.34903473705152444,0.016943518165814426,-3.173043064104768,0.0,0.0,1.0,2.07344905074079,0.04784666119489119,0.1117915970444682,0.0,0.0,1.0,1.5458605190662607,0.036760273439848244,0.004373301957263661,0.031147041482910042,0.3270334928229665,-0.3354346219541827
0.14300000000000002,0.3,0.005,10000,0.17390536948431684,0.004157090749204788,9405.0,-0.3665105773230743,0.018632523039216167,-3.3319143393006754,0.0,0.0,1.0,2.123145433307518,0.05330680686919804,0.10697265755432345,0.0,0.0,1.0,1.5809579044028808,0.037231702008337246,0.004478298767470998,0.031147041482910042,0.3299290271132376,-0.3508297218922715
0.14650000000000002,0.3,0.005,10000,0.17710366826156299,0.004292005059321483,9405.0,-0.38077841660953937,0.019090946456359534,-3.4616219691776298,0.0,0.0,1.0,2.1640478589990306,0.054716921348051055,0.10313489114941714,0.0,0.0,1.0,1.610033347832391,0.037616510738348465,0.004538235522800135,0.031147041482910042,0.33232775119617225,-0.3632700137931318
0.15000000000000002,0.3,0.005,10000,0.1808421052631579,0.004150250600848625,9405.0,-0.397225197939989,0.018113725652424896,-3.611138163090809,0.0,0.0,1.0,2.211519161169456,0.052552379820483046,0.09881854745367433,0.0,0.0,1.0,1.644019138755981,0.03806000241085694,0.0044773173550445725,0.031147041482910042,0.33513157894736845,-0.3774672858302152
0.15350000000000003,0.3,0.005,10000,0.1842307283359915,0.0032389503580633077,9405.0,-0.41195082947834166,0.013905670139288498,-3.745007540712198,0.0,0.0,1.0,2.2542674599221773,0.04074112078776881,0.09503919600091036,0.0,0.0,1.0,1.6748248030544681,0.03845701623462399,0.004288663998730966,0.031147041482910042,0.3376730462519937,-0.39006455376614435
0.157,0.3,0.005,10000,0.18747155768208398,0.003699837737297706,9405.0,-0.4257356553865464,0.015652901612024973,-3.870324139877694,0.0,0.0,1.0,2.2949186801058103,0.046237954070270953,0.0916165318795805,0.0,0.0,1.0,1.7042868880189457,0.038828561690068555,0.004391904335545539,0.031147041482910042,0.3401036682615629,-0.4016696958533772
0.1605,0.3,0.005,10000,0.1916597554492291,0.0039801588567018285,9405.0,-0.4432746698765249,0.016608068231086806,-4.029769726150226,0.0,0.0,1.0,2.3471036805726633,0.04944412522960543,0.08737627200470209,0.0,0.0,1.0,1.7423614131748104,0.03930120284421185,0.004482562388571812,0.031147041482910042,0.34324481658692185,-0.41626151074092105
0.164,0.3,0.005,10000,0.19487187666135036,0.004302014309602151,9405.0,-0.4564956094633825,0.01774647782904869,-4.149960086030751,0.0,0.0,1.0,2.386817434805557,0.05317665080138664,0.08427400594235337,0.0,0.0,1.0,1.771562515103185,0.039657406505919195,0.004474495490902208,0.031147041482910042,0.3456539074960128,-0.4271155364550224
0.1675,0.3,0.005,10000,0.19835300372142478,0.004148519945815899,9405.0,-0.47064925948642916,0.01665293150692942,-4.27862963169481,0.0,0.0,1.0,2.429660268863137,0.05088797508826215,0.08101826240292466,0.0,0.0,1.0,1.8032091247402255,0.040038686797947795,0.004484688995215311,0.031147041482910042,0.3482647527910686,-0.4386263210585106
0.171,0.3,0.005,10000,0.2020276448697501,0.004256338178635052,9405.0,-0.4853288958327371,0.016910163321042726,-4.4120808712067,0.0,0.0,1.0,2.474580607909033,0.05192557779905998,0.07774045681437734,0.0,0.0,1.0,1.8366149533613645,0.040434055615714566,0.004502188168441701,0.031147041482910042,0.35102073365231257,-0.45039972308809945
0.17450000000000002,0.3,0.005,10000,0.2050334928229665,0.0039649205481354505,9405.0,-0.4971851318131391,0.015515667029856534,-4.519864834664901,0.0,0.0,1.0,2.511115114219672,0.04805198861168684,0.0751501378313913,0.0,0.0,1.0,1.86394084384515,0.040753337331804945,0.004440494939719802,0.031147041482910042,0.3532751196172249,-0.45981418010749747
0.17800000000000002,0.3,0.005,10000,0.2093939393939395,0.004843419662205272,9405.0,-0.51400277702068,0.01856759265028318,-4.672752518369817,0.0,0.0,1.0,2.56381688753736,0.0583836116127034,0.07159970038546615,0.0,0.0,1.0,1.9035812672176309,0.0412061196886807,0.0046651833837527065,0.031147041482910042,0.3565454545454547,-0.47293284970047905
0.18150000000000002,0.3,0.005,10000,0.21249441786283887,0.004077078624801768,9405.0,-0.5258654168154201,0.01541657615047173,-4.780594698322002,0.0,0.0,1.0,2.6010268372758003,0.04885452052221318,0.06913785726743296,0.0,0.0,1.0,1.9317674351167176,0.041525471738176944,0.004481359895388566,0.031147041482910042,0.3588708133971291,-0.48212723109848815
0.18500000000000003,0.3,0.005,10000,0.21537267410951627,0.003965207399120304,9405.0,-0.536682157346512,0.014819041331054657,-4.878928703150109,0.0,0.0,1.0,2.635414136057243,0.04723188395481231,0.06695354587271864,0.0,0.0,1.0,1.957933400995602,0.041816614892923626,0.00445566188197767,0.031147041482910042,0.3610295055821372,-0.4903914682513362
0.1885,0.3,0.005,10000,0.2192876129718235,0.004328797867622262,9405.0,-0.5511326272965582,0.01586063024309024,-5.010296611786892,0.0,0.0,1.0,2.6819508174184294,0.051302090890194336,0.06411491487997464,0.0,0.0,1.0,1.9935237542893045,0.04220549661486439,0.004542707612114328,0.031147041482910042,0.3639657097288677,-0.50127517262895
0.192,0.3,0.005,10000,0.22253482190324295,0.0043946908484099,9405.0,-0.562938604644087,0.015847663646979857,-5.117623678582609,0.0,0.0,1.0,2.720325406030168,0.05178084979872786,0.06185193569238551,0.0,0.0,1.0,2.0230438354840268,0.042523166939411244,0.004553446019790481,0.031147041482910042,0.3664011164274322,-0.510060682674057
0.1955,0.3,0.005,10000,0.2261318447634237,0.004307876660675658,9405.0,-0.5758222652039485,0.015336364665299454,-5.234747865490441,0.0,0.0,1.0,2.7625922916507157,0.05049863599422962,0.0594417570917961,0.0,0.0,1.0,2.055744043303852,0.042869788046120176,0.0044966321008043314,0.031147041482910042,0.36909888357256776,-0.519534094661428
0.199,0.3,0.005,10000,0.22975438596491227,0.0038631407201635526,9405.0,-0.5886054612306834,0.013408111484793792,-5.350958738460759,0.0,0.0,1.0,2.8049341227803994,0.04504941155346146,0.05710565671906023,0.0,0.0,1.0,2.088676236044657,0.04321366207619612,0.0043938947954929915,0.031147041482910042,0.3718157894736842,-0.528824064433911
0.2025,0.3,0.005,10000,0.2324284954811271,0.00439551383893772,9405.0,-0.5978466684079531,0.015147269268483017,-5.434969712799575,0.0,0.0,1.0,2.836090922986836,0.05096641139730583,0.055464568315311186,0.0,0.0,1.0,2.1129863225557,0.04346221050363364,0.004555866609215984,0.031147041482910042,0.3738213716108453,-0.535428797770766
0.20600000000000002,0.3,0.005,10000,0.23623923444976078,0.003850715376220718,9405.0,-0.6109027054921464,0.01303280994803999,-5.5536609590195125,0.0,0.0,1.0,2.8802075707304278,0.04442924440507161,0.0531846024097535,0.0,0.0,1.0,2.1476294040887343,0.04381333707304793,0.004416467855807605,0.031147041482910042,0.37667942583732056,-0.5446978171149184
0.20950000000000002,0.3,0.005,10000,0.24010738968633702,0.0048777192664907825,9405.0,-0.6238110305082584,0.016253307903709456,-5.671009368256895,0.0,0.0,1.0,2.924808189254731,0.05603972389478199,0.05100843388379879,0.0,0.0,1.0,2.182794451693973,0.04416041904188925,0.004655023923444975,0.031147041482910042,0.37958054226475285,-0.5536755465326261
0.21300000000000002,0.3,0.005,10000,0.24472620946305157,0.004370159147185639,9405.0,-0.6390358801491969,0.014228160102972209,-5.809417092265425,0.0,0.0,1.0,2.9777241394825014,0.05001378273011784,0.048494049253305166,0.0,0.0,1.0,2.224783722391378,0.04456975085990763,0.004601477859066227,0.031147041482910042,0.38304465709728874,-0.5641656737259682
0.21650000000000003,0.3,0.005,10000,0.24741095162147794,0.0044206426466990535,9405.0,-0.647707473634931,0.014166348520438056,-5.888249760317555,0.0,0.0,1.0,3.00827890097082,0.05031892766210474,0.04710405148401581,0.0,0.0,1.0,2.2491904692861633,0.04480285858121056,0.004508938262249138,0.031147041482910042,0.3850582137161085,-0.5700481922495814
0.22,0.3,0.005,10000,0.24955130249867094,0.004591525380129439,9405.0,-0.6545317603155435,0.01449587524912621,-5.950288730141307,0.0,0.0,1.0,3.0326340965047014,0.05194158567305051,0.046025921946940496,0.0,0.0,1.0,2.2686482045333722,0.0449862908135092,0.004617395100409634,0.031147041482910042,0.38666347687400315,-0.5746327666028879
0.01,0.35,0.005,10000,0.04384970477724101,0.0021205285977850697,9315.0,0.4471193206843337,0.01889429728284975,4.064721097130306,1.0,0.0,0.0,0.2682855938971677,0.03316142923613655,0.4333457256611646,0.0,1.0,0.0,0.39863367979310005,0.015100673974479483,0.004022987482089649,0.03611645360034865,0.26488727858293076,0.4194058953785364
0.0135,0.35,0.005,10000,0.047067096081588836,0.0021285742531693525,9315.0,0.4188454822205931,0.018497712318036257,3.8076862020053928,1.0,0.0,0.0,0.31852871777943614,0.03323631045498531,0.4210553292751598,0.0,1.0,0.0,0.4278826916508076,0.01588033539088307,0.004004132190903492,0.03611645360034865,0.2673003220611916,0.3958441796505083
0.017,0.35,0.005,10000,0.04963499731615673,0.0022435518386941314,9315.0,0.39677465474574375,0.019117065409024782,3.6070423158703977,1.0,0.0,0.0,0.3586291821163608,0.03490615335160008,0.41131735656426693,0.0,1.0,0.0,0.45122724832869765,0.016488115185344446,0.004066212891640944,0.03611645360034865,0.26922624798711753,0.3770688238430022
0.0205,0.35,0.005,10000,0.05375845410628019,0.002506180423078851,9315.0,0.3621819393107466,0.020776447045694906,3.2925630846431506,1.0,0.0,0.0,0.4228993397534555,0.03899283681562521,0.39586050582205556,0.0,0.97,0.03,0.48871321914800175,0.017439381572554383,0.004085129593175898,0.03611645360034865,0.2723188405797102,0.34700377468486815
0.024,0.35,0.005,10000,0.05740633387010199,0.0022893293160371185,9315.0,0.33232561981779235,0.018477769230959982,3.021141998343568,1.0,0.0,0.0,0.479633554911658,0.03558244494030134,0.3823735526966787,0.0,0.63,0.37,0.5218757624554725,0.01825928720069508,0.004051389621134405,0.03611645360034865,0.2750547504025765,0.32051179439464095
0.027500000000000004,0.35,0.005,10000,0.06088030059044551,0.0025714920148729864,9315.0,0.3046178130424694,0.020350974638145145,2.76925284584063,1.0,0.0,0.0,0.5335884660563698,0.03984291915346744,0.36972777822434166,0.0,0.11,0.89,0.5534572780949593,0.01901916926813306,0.004135595886111972,0.03611645360034865,0.27766022544283414,0.29542175394559195
0.031,0.35,0.005,10000,0.06491143317230272,0.002901114954988348,9315.0,0.2732284378099902,0.02236199635420415,2.483894889181729,1.0,0.0,0.0,0.5960304329289093,0.044879746104456046,0.3553183162515169,0.0,0.0,1.0,0.5901039379300249,0.019879014065639203,0.004247937416790022,0.03611645360034865,0.280683574879227,0.2665033881744872
0.0345,0.35,0.005,10000,0.06790874932903918,0.002416272327057256,9315.0,0.2503020521624505,0.01830879641385877,2.275473201476823,1.0,0.0,0.0,0.642219831781743,0.03723244638319189,0.34479281553594066,0.0,0.0,1.0,0.617352266627629,0.020506507512759696,0.004041308555859639,0.03611645360034865,0.28293156199677943,0.24512558638586363
0.038,0.35,0.005,10000,0.07131293612453032,0.002641680118852393,9315.0,0.22485306268250455,0.019575347581521005,2.0441187516591315,1.0,0.0,0.0,0.6946461194267272,0.040575408086582485,0.33306071886984073,0.0,0.0,1.0,0.648299419313912,0.021202334891177923,0.004139792966323185,0.03611645360034865,0.28548470209339777,0.2210588296641426
0.0415,0.35,0.005,10000,0.07486741814278046,0.002984016895352135,9315.0,0.198834172505885,0.02174537761508978,1.807583386417136,1.0,0.0,0.0,0.7491804039934691,0.045652104941650194,0.3210798462689249,0.0,0.0,1.0,0.6806128922070951,0.021913110467484072,0.0042281433901377365,0.03611645360034865,0.2881505636070854,0.19616487676824793
0.045000000000000005,0.35,0.005,10000,0.07837573805689747,0.0026218269006565206,9315.0,0.173587109158952,0.018661669503919752,1.5780646287177458,1.0,0.0,0.0,0.802748379125942,0.039956452449757894,0.30950219720071326,0.0,0.0,1.0,0.712506709608159,0.022602328282140864,0.004140004135126089,0.03611645360034865,0.2907818035426731,0.17180662542194805
0.0485,0.35,0.005,10000,0.08251422436929684,0.002407755015917883,9315.0,0.14446665935596023,0.016732936752232162,1.3133332668723663,1.0,0.0,0.0,0.8656617093463853,0.036574126959455194,0.29621407447492265,0.0,0.0,1.0,0.7501293124481531,0.023396589642631756,0.004088962412986104,0.03611645360034865,0.29388566827697266,0.14343101534976138
0.052000000000000005,0.35,0.005,10000,0.08498550724637678,0.0029044092976687912,9315.0,0.1274521803468326,0.019903168566157127,1.1586561849712051,1.0,0.0,0.0,0.9031090142714624,0.04385679081053995,0.28849473148545185,0.0,0.0,1.0,0.7725955204216075,0.02386028712910767,0.004217890976264242,0.03611645360034865,0.2957391304347826,0.12671782087386876
0.0555,0.35,0.005,10000,0.08963177670424045,0.0030472021323114883,9315.0,0.09599449240312065,0.020386917227929503,0.8726772036647332,1.0,0.0,0.0,0.9731115129797118,0.04584294672472851,0.2743541755572723,0.0,0.0,1.0,0.8148343336749134,0.024717103697012948,0.004242469513547991,0.03611645360034865,0.29922383252818036,0.09566162546570847
0.059000000000000004,0.35,0.005,10000,0.09258615136876007,0.0027710767717935166,9315.0,0.07635439910154816,0.01826826053556548,0.694130900923165,1.0,0.0,0.0,1.0173589693902478,0.04144152961092475,0.2656198234070813,0.0,0.0,1.0,0.8416922851705461,0.025251709353961583,0.004162104742794741,0.03611645360034865,0.30143961352657006,0.07618105400311145
0.0625,0.35,0.005,10000,0.09625120772946859,0.00310733257342465,9315.0,0.05247375607393538,0.020164367799948908,0.47703414612668504,1.0,0.0,0.0,1.0719998430011546,0.04621999674601268,0.2551211081562459,0.0,0.0,1.0,0.8750109793588053,0.02590131859175296,0.004219802992696249,0.03611645360034865,0.30418840579710144,0.05240318737060822
0.066,0.35,0.005,10000,0.09939345142243691,0.003204681817160515,9315.0,0.03233487740577301,0.020366376470069374,0.2939534309615728,0.92,0.01,0.07,1.1186012124782172,0.047392279588786494,0.24637553930174264,0.0,0.0,1.0,0.903576831113063,0.026448863369442042,0.004261833296879601,0.03611645360034865,0.30654508856682766,0.03231056024269114
0.0695,0.35,0.005,10000,0.1033515834675255,0.0030626124714811485,9315.0,0.007393938579898197,0.019069902771725537,0.06721762345361998,0.64,0.07,0.29,1.176943497024731,0.04504182268484094,0.23569783657494256,0.0,0.0,1.0,0.9395598497047771,0.027126620409298606,0.004230922082429687,0.03611645360034865,0.30951368760064407,0.007391474180904876
0.073,0.35,0.005,10000,0.10660010735373053,0.0028136277916960477,9315.0,-0.012719933352898354,0.017281245482029545,-0.11563575775362138,0.23,0.05,0.72,1.224533163673883,0.04111739810763443,0.22721980349884796,0.0,0.0,1.0,0.9690918850339141,0.02767292489320618,0.004182958350767477,0.03611645360034865,0.31195008051529793,-0.01271581487135433
0.0765,0.35,0.005,10000,0.10937842190016106,0.002957177878334218,9315.0,-0.029637596942125165,0.017853455815498163,-0.26943269947386517,0.02,0.03,0.95,1.2650312082888346,0.042926808306172064,0.22019664651559268,0.0,0.0,1.0,0.994349290001464,0.028132205155009,0.004225593069661988,0.03611645360034865,0.3140338164251208,-0.029619021729057296
0.08,0.35,0.005,10000,0.11370799785292542,0.0031117320126277668,9315.0,-0.0555520485431564,0.018422009195632687,-0.5050186231196038,0.0,0.0,1.0,1.3277265991815665,0.0449118858476344,0.20963168802265006,0.0,0.0,1.0,1.0337090713902308,0.028835404601924682,0.004251811667110361,0.03611645360034865,0.31728099838969404,-0.05547620082024971
0.08349999999999999,0.35,0.005,10000,0.1172088030059045,0.00315723888984171,9315.0,-0.07611931592606563,0.01842764451371351,-0.6919937811460514,0.0,0.0,1.0,1.3780722623778656,0.045270044920752726,0.2014161996676938,0.0,0.0,1.0,1.0655345727809493,0.02939323672963837,0.004291581612080738,0.03611645360034865,0.3199066022544283,-0.07594776172335065
0.087,0.35,0.005,10000,0.12057541599570581,0.0030729203791234317,9315.0,-0.09558697791613815,0.017630804455164507,-0.8689725265103472,0.0,0.0,1.0,1.426142316822596,0.04377790749478946,0.19379120242473455,0.0,0.0,1.0,1.0961401454155077,0.02992103687326161,0.004227482395995654,0.03611645360034865,0.32243156199677936,-0.09526807736980716
0.0905,0.35,0.005,10000,0.12407300053676865,0.0033803769918512817,9315.0,-0.11545148516701467,0.01906930810111406,-1.0495589560637695,0.0,0.0,1.0,1.4757804873894604,0.047835034956083766,0.18617324878678043,0.0,0.0,1.0,1.1279363685160788,0.030459363589634542,0.0042877616747181956,0.03611645360034865,0.3250547504025765,-0.1149005827320829
0.094,0.35,0.005,10000,0.12787654320987657,0.003390707492649019,9315.0,-0.13671299784445062,0.018808007546711823,-1.242845434949551,0.0,0.0,1.0,1.52938041304326,0.04766267011622628,0.17819031740216576,0.0,0.0,1.0,1.162514029180696,0.031035337238501794,0.00428662494452668,0.03611645360034865,0.32790740740740737,-0.13582129426705505
0.0975,0.35,0.005,10000,0.13058400429414924,0.0030083392601578766,9315.0,-0.15165055757269777,0.01644098344010171,-1.3786414324790703,0.0,0.0,1.0,1.5672893518977242,0.041959200166315255,0.17268458361237535,0.0,0.0,1.0,1.1871273117649928,0.03143987611887226,0.004202415458937198,0.03611645360034865,0.32993800322061184,-0.1504591181418319
0.10099999999999999,0.35,0.005,10000,0.13460654857756307,0.003844894019825309,9315.0,-0.1733834714235317,0.02059269950881758,-1.5762133765775608,0.0,0.0,1.0,1.6232539907612087,0.053268142911039866,0.16488593607782026,0.0,0.0,1.0,1.2236958961596645,0.03202818065612164,0.0043895330112721405,0.03611645360034865,0.3329549114331723,-0.17159615917828397
0.1045,0.35,0.005,10000,0.13730005367686526,0.0034798755198193485,9315.0,-0.18779164912031085,0.01835655259536105,-1.707196810184644,0.0,0.0,1.0,1.660480064390268,0.047858645314400615,0.159800742033805,0.0,0.0,1.0,1.2481823061533206,0.03241812542284039,0.004318188041259785,0.03611645360034865,0.3349750402576489,-0.18555394237948308
0.108,0.35,0.005,10000,0.14084487385936661,0.003285507306527196,9315.0,-0.20645613256379075,0.017120780170931185,-1.8768739323980974,0.0,0.0,1.0,1.709185282130827,0.044899086729886836,0.15335911773808011,0.0,0.0,1.0,1.2804079441760603,0.0329230991308088,0.004326608404022322,0.03611645360034865,0.33763365539452495,-0.20351514292277134
0.1115,0.35,0.005,10000,0.14438432635534082,0.003560416467893448,9315.0,-0.2247560683966348,0.018275756738364065,-2.0432369854239525,0.0,0.0,1.0,1.757454139296469,0.04832401647019701,0.14721177917764122,0.0,0.0,1.0,1.3125847850485532,0.033418033544182234,0.004384090727110514,0.03611645360034865,0.34028824476650565,-0.22097697460519883
0.11499999999999999,0.35,0.005,10000,0.14869243156199677,0.003772832365246137,9315.0,-0.24664491614790937,0.019042335314675037,-2.242226510435539,0.0,0.0,1.0,1.8157292753236527,0.05087605566237256,0.14005831837394475,0.0,0.0,1.0,1.3517493778363343,0.034009837942810955,0.004391087175244129,0.03611645360034865,0.34351932367149757,-0.24168114991835626
0.1185,0.35,0.005,10000,0.15208803005904453,0.003871941725470296,9315.0,-0.26360527528846045,0.01916122905072432,-2.3964115935314587,0.0,0.0,1.0,1.8613173608705031,0.051824093713254825,0.1346624947811642,0.0,0.0,1.0,1.3826184550822234,0.0344682503433237,0.004398367991365164,0.03611645360034865,0.3460660225442833,-0.2575768603758713
0.122,0.35,0.005,10000,0.15521846484165325,0.003850400514501243,9315.0,-0.27902130543145043,0.018823834675224745,-2.5365573221040947,0.0,0.0,1.0,1.9031034332237127,0.05119303047507682,0.12986606497096098,0.0,0.0,1.0,1.4110769531059386,0.03488481700158835,0.004447137498890762,0.03611645360034865,0.3484138486312399,-0.2719107555019803
0.1255,0.35,0.005,10000,0.1587546967257112,0.003983779209837841,9315.0,-0.2961637580826408,0.01911388119171367,-2.69239780075128,0.0,0.0,1.0,1.9499676467634268,0.05257584646214247,0.1246685917763611,0.0,0.0,1.0,1.443224515688284,0.035347910971619115,0.00447452803453934,0.03611645360034865,0.3510660225442834,-0.2877021201211371
0.129,0.35,0.005,10000,0.16241331186258723,0.003636615834992095,9315.0,-0.3136538288083555,0.017212586094429726,-2.8513984437123225,0.0,0.0,1.0,1.9980983418833416,0.04767322805782646,0.11949273898037749,0.0,0.0,1.0,1.4764846532962472,0.03582028554490155,0.004370268079488297,0.03611645360034865,0.3538099838969404,-0.303676643474306
0.1325,0.35,0.005,10000,0.1659334406870639,0.004281390279658911,9315.0,-0.33013466145675996,0.0198655712612951,-3.001224195061454,0.0,0.0,1.0,2.0441098889085723,0.05572548642675985,0.11476861012399406,0.0,0.0,1.0,1.5084858244278534,0.03626525582648585,0.004544548895609333,0.03611645360034865,0.35645008051529786,-0.3185293422408686
0.136,0.35,0.005,10000,0.16964680622651634,0.004100465104126235,9315.0,-0.347310645920882,0.01883083821108895,-3.157369508371654,0.0,0.0,1.0,2.092296143539931,0.053052825476126435,0.10995435509421599,0.0,0.0,1.0,1.5422436929683305,0.03672890695342608,0.004513920399216266,0.03611645360034865,0.35923510466988723,-0.3338845483265811
0.1395,0.35,0.005,10000,0.1727504025764895,0.003843411214201571,9315.0,-0.3614575057795536,0.017357888623134272,-3.2859773252686693,0.0,0.0,1.0,2.1322790402767766,0.049369958010987515,0.10608882997278539,0.0,0.0,1.0,1.5704582052408136,0.03711070655763363,0.004406537000583305,0.03611645360034865,0.3615628019323671,-0.3464062409140557
0.14300000000000002,0.35,0.005,10000,0.17587224906065482,0.003876114840652503,9315.0,-0.3754675194959171,0.017281379733474413,-3.413341086326518,0.0,0.0,1.0,2.1723039868293372,0.04945736752791255,0.10235375423710337,0.0,0.0,1.0,1.5988386278241355,0.03748872688698399,0.004464576343718086,0.03611645360034865,0.36390418679549114,-0.3586724794850377
0.14650000000000002,0.35,0.005,10000,0.1805464304884595,0.0039371105936206515,9315.0,-0.3960812662788245,0.017194550028716907,-3.60073878435295,0.0,0.0,1.0,2.231741110908848,0.049917356137832235,0.0970231894694214,0.0,0.0,1.0,1.6413311862587228,0.038044794813785095,0.004441561446802529,0.03611645360034865,0.36740982286634455,-0.3764964894317622
0.15000000000000002,0.35,0.005,10000,0.18313794954374665,0.004065785807688968,9315.0,-0.4073190009767121,0.017505920792713715,-3.7029000088791997,0.0,0.0,1.0,2.2644838181491176,0.051209190985027325,0.09419702466308708,0.0,0.0,1.0,1.6648904503976967,0.03834787049901765,0.004474198617609709,0.03611645360034865,0.3693534621578099,-0.3860940945205811
0.15350000000000003,0.35,0.005,10000,0.18708319914117008,0.004005254132979555,9315.0,-0.4241979612301601,0.01694279771378988,-3.8563451020923645,0.0,0.0,1.0,2.314009328947913,0.05010541460353583,0.09005255511487739,0.0,0.0,1.0,1.7007563558288197,0.03880300647994158,0.004425007355738006,0.03611645360034865,0.3723123993558775,-0.40036544485942827
0.157,0.35,0.005,10000,0.19024584004294148,0.0039364223390187655,9315.0,-0.4375165518525483,0.01639685808086178,-3.9774231986595288,0.0,0.0,1.0,2.35347796491998,0.048931116032389366,0.0868670269878305,0.0,0.0,1.0,1.7295076367540139,0.03916206618656852,0.004435036891222111,0.03611645360034865,0.3746843800322061,-0.41149264427983107
0.1605,0.35,0.005,10000,0.1937541599570585,0.004145886293773243,9315.0,-0.4520500272329329,0.017078961072918054,-4.109545702117573,0.0,0.0,1.0,2.3969806032365786,0.05123220973877366,0.08348609364666192,0.0,0.0,1.0,1.7614014541550773,0.03955379887579035,0.004463624725804293,0.03611645360034865,0.37731561996779384,-0.42348245792348627
0.164,0.35,0.005,10000,0.1973140096618358,0.004386971532279855,9315.0,-0.46656256063308704,0.017736056954713274,-4.241477823937155,0.0,0.0,1.0,2.4408628106323613,0.0538761345475931,0.080198044768472,0.0,0.0,1.0,1.793763724198507,0.03994489383109359,0.004532258271837622,0.03611645360034865,0.3799855072463768,-0.4353078383098385
0.1675,0.35,0.005,10000,0.2010252281266774,0.004005936954878521,9315.0,-0.4814941644730679,0.015907290732063317,-4.37721967702789,0.0,0.0,1.0,2.486320504978573,0.04890309642482361,0.07689355427774638,0.0,0.0,1.0,1.8275020738788854,0.04034722093101675,0.0044764492024548545,0.03611645360034865,0.382768921095008,-0.4473497063354667
0.171,0.35,0.005,10000,0.20467847557702634,0.0037795813534417353,9315.0,-0.4959375159924521,0.014810925640430093,-4.508522872658656,0.0,0.0,1.0,2.530756334682853,0.04588017696798312,0.07379067453190244,0.0,0.0,1.0,1.8607134143366029,0.04073631571024437,0.004390637826974346,0.03611645360034865,0.3855088566827697,-0.4588376127717955
0.17450000000000002,0.35,0.005,10000,0.20770477724100914,0.0037388494269224785,9315.0,-0.5077129008905339,0.01441437851841063,-4.615571826277581,0.0,0.0,1.0,2.567381734067922,0.04510439908831008,0.07132440745903451,0.0,0.0,1.0,1.8882252476455372,0.04105348301700622,0.0043942164767901744,0.03611645360034865,0.3877785829307568,-0.46808606044986356
0.17800000000000002,0.35,0.005,10000,0.21138164251207725,0.0040732440950900384,9315.0,-0.5217774431756732,0.015527786631547287,-4.743431301597028,0.0,0.0,1.0,2.6116531126048472,0.048848095152526576,0.06845743527832161,0.0,0.0,1.0,1.921651295564339,0.04143224059482839,0.004508594421620938,0.03611645360034865,0.39053623188405795,-0.47898271112478424
0.18150000000000002,0.35,0.005,10000,0.21504347826086959,0.003933157145513202,9315.0,-0.5355847868285264,0.014637219222431884,-4.8689526075320595,0.0,0.0,1.0,2.6554273144061677,0.04691297856889399,0.0657130450346111,0.0,0.0,1.0,1.9549407114624506,0.041804019161679286,0.0044182793516300035,0.03611645360034865,0.3932826086956521,-0.48955952216482246
0.18500000000000003,0.35,0.005,10000,0.21862909286097693,0.00444791193270148,9315.0,-0.5488362743041315,0.016356182242043178,-4.989420675492104,0.0,0.0,1.0,2.6981073625570406,0.05276357786375575,0.06315634524463318,0.0,0.0,1.0,1.9875372078270628,0.04216076050470804,0.004589408321921579,0.03611645360034865,0.3959718196457327,-0.4995482729458302
0.1885,0.35,0.005,10000,0.2220579710144927,0.004041899384560641,9315.0,-0.5613689675124232,0.014633075813112477,-5.103354250112938,0.0,0.0,1.0,2.7386341788301367,0.047707020037108964,0.060788273194846545,0.0,0.0,1.0,2.0187088274044793,0.04249811652294598,0.004454266614997265,0.03611645360034865,0.39854347826086955,-0.5089125421336778
0.192,0.35,0.005,10000,0.2255104669887279,0.004320032788287193,9315.0,-0.5737413458046431,0.01542111637772114,-5.215830416405845,0.0,0.0,1.0,2.7792576208222823,0.05072177306734926,0.05851749840873281,0.0,0.0,1.0,2.05009515444298,0.04283109715919219,0.004508332491726622,0.03611645360034865,0.4011328502415459,-0.5180124896892921
0.1955,0.35,0.005,10000,0.22938701019860436,0.004359544236529099,9315.0,-0.5874180240988105,0.015202313686556595,-5.3401638554437305,0.0,0.0,1.0,2.8246335326997025,0.05091906903128938,0.056067490032291965,0.0,0.0,1.0,2.085336456350949,0.04319913099187562,0.00455190169842909,0.03611645360034865,0.4040402576489533,-0.5279489442356783
0.199,0.35,0.005,10000,0.23271819645732691,0.00429479587078493,9315.0,-0.5989809906017843,0.014767525724075727,-5.445281732743493,0.0,0.0,1.0,2.8634056697159114,0.04990175206860577,0.05404855522673612,0.0,0.0,1.0,2.115619967793881,0.04351024222595047,0.00454573268921095,0.03611645360034865,0.4065386473429951,-0.5362415878616055
0.2025,0.35,0.005,10000,0.23598389694041866,0.004172652265592173,9315.0,-0.6101463886899468,0.014125716704386209,-5.54678535172679,0.0,0.0,1.0,2.901221838154379,0.04823020490726487,0.05214403470417877,0.0,0.0,1.0,2.145308154003806,0.043810619220004704,0.00450208121108969,0.03611645360034865,0.40898792270531403,-0.5441544799399163
0.20600000000000002,0.35,0.005,10000,0.2391959205582394,0.004761779274381316,9315.0,-0.6209123061750412,0.015872253055288017,-5.644657328864011,0.0,0.0,1.0,2.938291946827893,0.0547614326148812,0.05035642094466158,0.0,0.0,1.0,2.174508368711267,0.04410020373867404,0.0046724515085525995,0.03611645360034865,0.4113969404186795,-0.5516672017267977
0.20950000000000002,0.35,0.005,10000,0.2424541062801932,0.00438905251686369,9315.0,-0.6317344430670648,0.014427297083253165,-5.743040391518772,0.0,0.0,1.0,2.975651387567387,0.05023758665266756,0.04859014503615493,0.0,0.0,1.0,2.204128238910848,0.044391280081812944,0.004525145404605628,0.03611645360034865,0.41384057971014493,-0.5591661835891505
0.21300000000000002,0.35,0.005,10000,0.24634997316156737,0.004742757511106395,9315.0,-0.6443991312332116,0.015288189877691432,-5.858173920301924,0.0,0.0,1.0,3.0201825873255013,0.054022822322495306,0.046580418931975676,0.0,0.0,1.0,2.239545210559703,0.04473185996113291,0.004644638449858667,0.03611645360034865,0.4167624798711755,-0.5677984163700698
0.21650000000000003,0.35,0.005,10000,0.25062587224906063,0.004808132620643371,9315.0,-0.6580502893565275,0.015225765983202433,-5.982275357786614,0.0,0.0,1.0,3.0687896852297936,0.054541983356193514,0.0444702495377852,0.0,0.0,1.0,2.278417020446006,0.04509892051493349,0.004718729687321422,0.03611645360034865,0.4199694041867954,-0.5769761047958544
0.22,0.35,0.005,10000,0.2540869565217391,0.004647072131216605,9315.0,-0.6689100204785982,0.014389041008598207,-6.081000186169073,0.0,0.0,1.0,3.1078894876302634,0.05251291098769763,0.042833874761828025,0.0,0.0,1.0,2.309881422924901,0.04539088892955284,0.004636876006441224,0.03611645360034865,0.42256521739130437,-0.5841835787759496
0.01,0.4,0.005,10000,0.04612682926829269,0.0022442845847067084,9225.0,0.4269222811988773,0.019591993319487133,3.8811116472625224,1.0,0.0,0.0,0.32786142173894556,0.03505778612871086,0.41878527708718033,0.0,1.0,0.0,0.41933481152993346,0.01566466971065255,0.004052366061325406,0.041158412590706954,0.2990951219512195,0.4026180162434441
0.0135,0.4,0.005,10000,0.049749593495934955,0.0022037417641350004,9225.0,0.39566234497013164,0.018776798527269857,3.596930408819379,1.0,0.0,0.0,0.3843860039029472,0.03438335962837178,0.40509620490344206,0.0,1.0,0.0,0.45226903178122696,0.016526088538308017,0.004004945173867937,0.041158412590706954,0.30181219512195123,0.3761185917055107
0.017,0.4,0.005,10000,0.05303414634146342,0.0022015485455022243,9225.0,0.3680208747553823,0.018332525422091274,3.3456443159580207,1.0,0.0,0.0,0.4356018807762873,0.034281427611023464,0.3928191130355867,0.0,0.94,0.06,0.4821286031042129,0.01728667081899105,0.00403838461359192,0.041158412590706954,0.3042756097560976,0.3521565897307966
0.0205,0.4,0.005,10000,0.05627208672086719,0.002334567937053703,9225.0,0.3413962257918204,0.01900302882918278,3.1036020526529127,1.0,0.0,0.0,0.4860156832575746,0.036257892774478176,0.38086916242490654,0.0,0.56,0.44,0.5115644247351565,0.018018328553712062,0.004083366268992275,0.041158412590706954,0.3067040650406504,0.32861846489402985
0.024,0.4,0.005,10000,0.05985474254742548,0.002319665512182203,9225.0,0.3125799894959957,0.018398141377709235,2.841636268145416,1.0,0.0,0.0,0.5416554912275613,0.03597075183720378,0.3678421314201201,0.0,0.07,0.93,0.5441340231584134,0.018809290291399897,0.004057079631709705,0.041158412590706954,0.3093910569105691,0.30269062425053767
0.027500000000000004,0.4,0.005,10000,0.06370189701897018,0.0026056548604725988,9225.0,0.2824065094362127,0.020219036584034022,2.5673319039655706,1.0,0.0,0.0,0.6012871266560819,0.04030090398082379,0.3541028958233373,0.0,0.0,1.0,0.5791081547179109,0.019636461532892346,0.004126985616607571,0.041158412590706954,0.3122764227642276,0.27502789932576066
0.031,0.4,0.005,10000,0.06672845528455285,0.002233935736269842,9225.0,0.2591053537574803,0.017012979547584392,2.3555032159770937,1.0,0.0,0.0,0.6480282463820521,0.03442713105207819,0.3434753963568866,0.0,0.0,1.0,0.6066223207686623,0.020274671455241026,0.004044654990711889,0.041158412590706954,0.31454634146341465,0.25339052699996195
0.0345,0.4,0.005,10000,0.07066449864498643,0.0026268827772604176,9225.0,0.2295328335593015,0.019524527695214927,2.086662123266377,1.0,0.0,0.0,0.7086744634887923,0.04038411580294528,0.3299525421138327,0.0,0.0,1.0,0.6424045331362405,0.0210837577992053,0.004109979570963313,0.041158412590706954,0.3174983739837398,0.22550431102263183
0.038,0.4,0.005,10000,0.07365420054200542,0.0027791323809179163,9225.0,0.20751228958052237,0.02032370707529083,1.8864753598229316,1.0,0.0,0.0,0.7545974114831445,0.04253567137389713,0.3198904670770354,0.0,0.0,1.0,0.6695836412909584,0.02168571180115679,0.004186479882463618,0.041158412590706954,0.319740650406504,0.2045037241186333
0.0415,0.4,0.005,10000,0.07794579945799457,0.002761005292181503,9225.0,0.17653280020407025,0.019701836366209594,1.6048436382188205,1.0,0.0,0.0,0.8202143142842617,0.04213562925521493,0.3057905470430154,0.0,0.0,1.0,0.70859817689086,0.022531868835610216,0.0041811277891969,0.041158412590706954,0.3229593495934959,0.1746562198738818
0.045000000000000005,0.4,0.005,10000,0.08121842818428185,0.002858493544418051,9225.0,0.15342082708084206,0.02004248025299518,1.3947347916440187,1.0,0.0,0.0,0.8700315664322005,0.0434164489936025,0.2953270688686747,0.0,0.0,1.0,0.7383493471298351,0.02316259313140215,0.004198040442739634,0.041158412590706954,0.3254138211382114,0.15216869301268163
0.0485,0.4,0.005,10000,0.08477289972899732,0.0027708358808207372,9225.0,0.1287665751802731,0.019049245586940624,1.1706052289115736,1.0,0.0,0.0,0.9238832339595998,0.041899216978097835,0.2842434979116028,0.0,0.0,1.0,0.7706627248090662,0.023834952046962128,0.004147833229499898,0.041158412590706954,0.32807967479674793,0.12801393172592257
0.052000000000000005,0.4,0.005,10000,0.08859620596205962,0.0031625287802831293,9225.0,0.10282340697726809,0.02126859082688134,0.9347582452478916,1.0,0.0,0.0,0.9815730159386241,0.0476084221167172,0.2726809268504475,0.0,0.0,1.0,0.8054200542005422,0.024541906086069844,0.004283363561554623,0.041158412590706954,0.3309471544715447,0.10241719845070353
0.0555,0.4,0.005,10000,0.09111653116531167,0.0030606356302565166,9225.0,0.08597056180219927,0.020364827700509076,0.7815505618381751,1.0,0.0,0.0,1.0193737580534898,0.045788389243174715,0.26524415960516623,0.0,0.0,1.0,0.8283321015028332,0.025000914912565623,0.004196398581650608,0.041158412590706954,0.3328373983739838,0.08572355607936062
0.059000000000000004,0.4,0.005,10000,0.09526720867208674,0.0033009998563132436,9225.0,0.05873869811969738,0.02144054338300545,0.5339881647245217,1.0,0.0,0.0,1.0814021716308282,0.04915287021246453,0.25335232043989603,0.0,0.0,1.0,0.8660655333826067,0.025742145538005315,0.004312949135075152,0.041158412590706954,0.33595040650406505,0.05864461146074644
0.0625,0.4,0.005,10000,0.09871002710027099,0.0029992351735268884,9225.0,0.03653753500172616,0.01907234968158127,0.3321594091066015,0.95,0.03,0.02,1.1324986809113036,0.04441552666581983,0.24379261564101337,0.0,0.0,1.0,0.8973638827297363,0.02634611149875417,0.004220667082000406,0.041158412590706954,0.33853252032520326,0.03650918845708701
0.066,0.4,0.005,10000,0.10173658536585367,0.003152792346566662,9225.0,0.017383515789423598,0.01992867106769721,0.15803196172203268,0.79,0.07,0.14,1.1771916155952886,0.046407438024365276,0.23565880541758105,0.0,0.0,1.0,0.924878048780488,0.026866879148987766,0.00422910569105691,0.041158412590706954,0.3408024390243902,0.017373002998322614
0.0695,0.4,0.005,10000,0.10564010840108401,0.0027464397795728965,9225.0,-0.006953105634187516,0.016922808136330302,-0.06321005121988653,0.28,0.11,0.61,1.2344990672042417,0.040183866438008066,0.2254715668766156,0.0,0.0,1.0,0.9603646218280365,0.027528265763606924,0.004146178861788617,0.041158412590706954,0.3437300813008131,-0.006950982244097574
0.073,0.4,0.005,10000,0.10901138211382115,0.0034420986233021414,9225.0,-0.02749963034640029,0.02084158346174597,-0.24999663951272985,0.07,0.06,0.87,1.2837183248837454,0.05005083237366095,0.21703714921883865,0.0,0.0,1.0,0.9910125646711012,0.028086290880054036,0.004336567228920884,0.041158412590706954,0.3462585365853659,-0.027480513867765687
0.0765,0.4,0.005,10000,0.11251165311653116,0.003002584519083347,9225.0,-0.048582643932945896,0.017878150116631814,-0.4416603993904173,0.0,0.0,1.0,1.3344590567155612,0.04337535529914941,0.2085123006080163,0.0,0.0,1.0,1.0228332101502833,0.028658702968096614,0.004215790702323222,0.041158412590706954,0.3488837398373984,-0.04852894462995289
0.08,0.4,0.005,10000,0.11608997289972901,0.00336586005020783,9225.0,-0.06969459065493255,0.019737931712687274,-0.6335871877721142,0.0,0.0,1.0,1.3860160286317684,0.04832221034350528,0.200155450897388,0.0,0.0,1.0,1.0553633899975363,0.02923158850805999,0.0042853658536585355,0.041158412590706954,0.35156747967479673,-0.06955567988191746
0.08349999999999999,0.4,0.005,10000,0.11905799457994581,0.003334235930349664,9225.0,-0.08696283389106757,0.019245791977327946,-0.7905712171915235,0.0,0.0,1.0,1.4285302096604542,0.04753828340699288,0.19343473014164098,0.0,0.0,1.0,1.0823454052722346,0.029700008075611416,0.004303979986297052,0.041158412590706954,0.3537934959349594,-0.08671263506883095
0.087,0.4,0.005,10000,0.12316097560975608,0.003327822863418324,9225.0,-0.11043192649317342,0.0188751235268056,-1.0039266044833952,0.0,0.0,1.0,1.4868890764012306,0.047163255679361915,0.18449363755683784,0.0,0.0,1.0,1.1196452328159645,0.030336366668013492,0.004290243902439023,0.041158412590706954,0.35687073170731715,-0.10994732036689187
0.0905,0.4,0.005,10000,0.12682710027100272,0.003230021593843002,9225.0,-0.13102917083506557,0.017988530137237745,-1.1911742803187777,0.0,0.0,1.0,1.5386503178551305,0.045451834822703034,0.17682773353446715,0.0,0.0,1.0,1.1529736388272973,0.030894619750701614,0.004267875756676575,0.041158412590706954,0.35962032520325204,-0.13024353977162495
0.094,0.4,0.005,10000,0.13033604336043358,0.0036479376287436266,9225.0,-0.1503710771207851,0.01991082824789241,-1.3670097920071373,0.0,0.0,1.0,1.5878512949847303,0.05097080923970881,0.16980586187031144,0.0,0.0,1.0,1.1848731214584873,0.031418623613707924,0.004358817177004166,0.041158412590706954,0.3622520325203253,-0.1491897375290126
0.0975,0.4,0.005,10000,0.13351869918699186,0.0032465638871738835,9225.0,-0.16770973776719372,0.017515005451781033,-1.5246339797017612,0.0,0.0,1.0,1.6321744070210733,0.04505969017129292,0.16362516043347455,0.0,0.0,1.0,1.2138063562453805,0.031888234037665636,0.004254961434030539,0.041158412590706954,0.3646390243902439,-0.16610581227947763
0.10099999999999999,0.4,0.005,10000,0.13675772357723576,0.0034863132710396833,9225.0,-0.18504151777549235,0.0185227055866868,-1.68219561614084,0.0,0.0,1.0,1.6770211826948767,0.04805196589883643,0.15759411129143422,0.0,0.0,1.0,1.2432520325203251,0.03235747989259417,0.004335904731128302,0.041158412590706954,0.36706829268292696,-0.1828979574466334
0.1045,0.4,0.005,10000,0.14049539295392954,0.0032640277712183276,9225.0,-0.20476338103439992,0.017086180040155552,-1.861485282130908,0.0,0.0,1.0,1.728370833683011,0.04470103522578859,0.1508845975619311,0.0,0.0,1.0,1.2772308450357233,0.03289128195644561,0.004229634354008333,0.041158412590706954,0.36987154471544725,-0.2018932009134002
0.108,0.4,0.005,10000,0.14405528455284553,0.0035720423877154913,9225.0,-0.2231954447915182,0.018344970544172525,-2.029049498104711,0.0,0.0,1.0,1.7769722728150035,0.048540342080368414,0.14477983092592328,0.0,0.0,1.0,1.309593495934959,0.03338998780347147,0.004341725454005945,0.041158412590706954,0.3725414634146341,-0.21949178928592064
0.1115,0.4,0.005,10000,0.1477560975609756,0.003590380181433027,9225.0,-0.24206653063357783,0.01815843356429696,-2.200604823941617,0.0,0.0,1.0,1.8271082963666314,0.04846882134187428,0.13868343569979152,0.0,0.0,1.0,1.3432372505543235,0.033900422816990995,0.004341174900581402,0.041158412590706954,0.37531707317073176,-0.23737371938554755
0.11499999999999999,0.4,0.005,10000,0.15136476964769646,0.0035859423892247856,9225.0,-0.2601674497952689,0.01782833245411179,-2.3651586345024453,0.0,0.0,1.0,1.8756747521237136,0.04807302351779965,0.13298318270429565,0.0,0.0,1.0,1.3760433604336044,0.03438987768325429,0.004410569105691057,0.041158412590706954,0.3780235772357724,-0.25437721900245847
0.1185,0.4,0.005,10000,0.15456260162601626,0.0036422829403800895,9225.0,-0.2759579318714813,0.017857040767721682,-2.5087084715589207,0.0,0.0,1.0,1.9183513368302616,0.048481888805477553,0.12814211099398584,0.0,0.0,1.0,1.4051145602365114,0.034816737947654317,0.004328575359002185,0.041158412590706954,0.38042195121951217,-0.2690812112548578
0.122,0.4,0.005,10000,0.15794037940379402,0.003717510524061763,9225.0,-0.29239074911448426,0.017924994997078843,-2.6580977192225843,0.0,0.0,1.0,1.9632066650355569,0.04914222056677833,0.12321754117895997,0.0,0.0,1.0,1.435821630943582,0.035260848730898096,0.004402154679211585,0.041158412590706954,0.3829552845528456,-0.284250457567397
0.1255,0.4,0.005,10000,0.1610710027100271,0.0037291233356147413,9225.0,-0.3074042668481809,0.01776215105266196,-2.794584244074372,0.0,0.0,1.0,2.0044877022792367,0.04895654287284444,0.11882719868074104,0.0,0.0,1.0,1.464281842818428,0.0356665039699861,0.004401020636703556,0.041158412590706954,0.38530325203252036,-0.2979891018134689
0.129,0.4,0.005,10000,0.16449430894308947,0.004151743363531561,9225.0,-0.3235487757665183,0.019428740733161465,-2.9413525069683493,0.0,0.0,1.0,2.0493404935220885,0.054127494499530665,0.11423190770752274,0.0,0.0,1.0,1.4954028085735405,0.03610260058387578,0.0044941894916406995,0.041158412590706954,0.3878707317073171,-0.312606558380948
0.1325,0.4,0.005,10000,0.16894850948509485,0.003530674824805091,9225.0,-0.34428060054416176,0.01626742604775312,-3.1298236413105616,0.0,0.0,1.0,2.107239784108912,0.04574221092220956,0.10847369909835997,0.0,0.0,1.0,1.5358955407735895,0.036662493509867354,0.0043323452169549805,0.041158412590706954,0.3912113821138211,-0.33121661569552424
0.136,0.4,0.005,10000,0.17233062330623303,0.003560502637097396,9225.0,-0.3597103819909017,0.01611464986753856,-3.27009438173547,0.0,0.0,1.0,2.150885482599256,0.04581593853454968,0.10432525000429874,0.0,0.0,1.0,1.5666420300566641,0.03707907093988201,0.004347154471544715,0.041158412590706954,0.3937479674796749,-0.34488078004850975
0.1395,0.4,0.005,10000,0.17600325203252035,0.0038562889704742472,9225.0,-0.3761846327563667,0.01704873108562803,-3.4198602977851515,0.0,0.0,1.0,2.197946838982734,0.04924261339505746,0.10002066431304737,0.0,0.0,1.0,1.600029563932003,0.03752373845154104,0.004381697310221696,0.041158412590706954,0.39650243902439025,-0.3592987439146655
0.14300000000000002,0.4,0.005,10000,0.17915880758807584,0.004018530603278607,9225.0,-0.3901302403365973,0.01760850606180985,-3.5466385485145207,0.0,0.0,1.0,2.238150638899664,0.051013940889506004,0.0964667845080454,0.0,0.0,1.0,1.628716432618872,0.037900073704279384,0.0044619270369351625,0.041158412590706954,0.3988691056910569,-0.37137404776485783
0.14650000000000002,0.4,0.005,10000,0.1829441734417344,0.004313791965650765,9225.0,-0.40659378292091425,0.018584962170826447,-3.6963071174628572,0.0,0.0,1.0,2.28603315496183,0.05441006527796591,0.09238612153159488,0.0,0.0,1.0,1.6631288494703125,0.03834426199993906,0.004505058995006148,0.041158412590706954,0.4017081300813008,-0.3854642762075949
0.15000000000000002,0.4,0.005,10000,0.18665799457994578,0.004228461452078142,9225.0,-0.4225069856066497,0.017997076099377597,-3.8409725964240873,0.0,0.0,1.0,2.3327056395109564,0.05300818889920507,0.08854278624907005,0.0,0.0,1.0,1.6968908598176886,0.03877351707118211,0.004511861580951016,0.041158412590706954,0.4044934959349593,-0.39893300611980054
0.15350000000000003,0.4,0.005,10000,0.18961084010840107,0.00417160250661168,9225.0,-0.4349718773425948,0.01744643124061805,-3.9542897940235893,0.0,0.0,1.0,2.369568297502479,0.05194117077452153,0.08560923031244,0.0,0.0,1.0,1.7237349100763737,0.03910969124364238,0.00447012007444934,0.041158412590706954,0.40670813008130074,-0.4093651918526714
0.157,0.4,0.005,10000,0.19388509485094846,0.0039871722514914654,9225.0,-0.45273159836976185,0.01639877403176959,-4.1157418033614706,0.0,0.0,1.0,2.422617508479816,0.04935756257491558,0.08153972319655699,0.0,0.0,1.0,1.762591771372259,0.039588570367955114,0.0044751113213674296,0.041158412590706954,0.40991382113821134,-0.4240492482153106
0.1605,0.4,0.005,10000,0.19710027100271002,0.004094715262835764,9225.0,-0.46585030528913934,0.016528566951036234,-4.235002775355812,0.0,0.0,1.0,2.462226734021915,0.050347300875291164,0.07862517791577238,0.0,0.0,1.0,1.7918206454791823,0.03994223126917354,0.004455680634725356,0.041158412590706954,0.41232520325203253,-0.4347448122081456
0.164,0.4,0.005,10000,0.1996368563685637,0.0037463063522789014,9225.0,-0.476096924882754,0.015044164236831713,-4.328153862570491,0.0,0.0,1.0,2.493342599053286,0.045774216325496456,0.07638832979943606,0.0,0.0,1.0,1.814880512441488,0.04021843175623854,0.00441563206190442,0.041158412590706954,0.41422764227642284,-0.4430326674527478
0.1675,0.4,0.005,10000,0.20305040650406508,0.0043941257811396985,9225.0,-0.48962394326427067,0.017332124152315227,-4.451126756947915,0.0,0.0,1.0,2.5349964126532285,0.05337206871621443,0.07352274162966113,0.0,0.0,1.0,1.8459127864005913,0.04058297864537356,0.004552366061325404,0.041158412590706954,0.41678780487804884,-0.4538107843067378
0.171,0.4,0.005,10000,0.2072639566395664,0.004526922711294546,9225.0,-0.5060828639995077,0.017443950410421898,-4.600753309086432,0.0,0.0,1.0,2.586059717153448,0.05465691788778558,0.0701233390967506,0.0,0.0,1.0,1.8842177876324218,0.041026470438454685,0.0045485082339147345,0.041158412590706954,0.41994796747967483,-0.4667774277503067
0.17450000000000002,0.4,0.005,10000,0.21077289972899732,0.004177489844966726,9225.0,-0.519585326729365,0.01590904277989743,-4.7235029702669555,0.0,0.0,1.0,2.6283240576796527,0.050163010856293606,0.06740527775357219,0.0,0.0,1.0,1.9161172702636113,0.0413902407934408,0.004489166562833232,0.041158412590706954,0.42257967479674796,-0.47728758290613726
0.17800000000000002,0.4,0.005,10000,0.21370840108401087,0.00420517575936939,9225.0,-0.5306931443518854,0.01580837303817654,-4.824483130471686,0.0,0.0,1.0,2.6634976245680155,0.05021080900920463,0.06522805710573591,0.0,0.0,1.0,1.9428036462182803,0.041689445841574066,0.0045038782564473575,0.041158412590706954,0.42478130081300813,-0.485818970374761
0.18150000000000002,0.4,0.005,10000,0.21863848238482383,0.004490258611340617,9225.0,-0.5489988233949374,0.016488216543571,-4.990898394499431,0.0,0.0,1.0,2.7222190350054563,0.05336471380721394,0.061746355303251114,0.0,0.0,1.0,1.9876225671347623,0.042182444476400224,0.004614198875491565,0.041158412590706954,0.4284788617886178,-0.4996685724149152
0.18500000000000003,0.4,0.005,10000,0.2212476964769648,0.00443848479864337,9225.0,-0.5585346863417316,0.016235356267045288,-5.077588057652107,0.0,0.0,1.0,2.7530421794678572,0.05247696530409069,0.05998327503508533,0.0,0.0,1.0,2.011342695245134,0.042439219792078944,0.004481292475259959,0.041158412590706954,0.4304357723577236,-0.5067913860092352
0.1885,0.4,0.005,10000,0.22503956639566394,0.0045840620700047735,9225.0,-0.572174825279132,0.016361535590789747,-5.201589320719382,0.0,0.0,1.0,2.797752241903814,0.05387485206480905,0.05751463874873355,0.0,0.0,1.0,2.0458142399605816,0.04280646057105372,0.004623930790475507,0.041158412590706954,0.43327967479674806,-0.5168543401455667
0.192,0.4,0.005,10000,0.22820487804878045,0.004644108130609717,9225.0,-0.5833829114769669,0.016329270983136093,-5.303481013426972,0.0,0.0,1.0,2.834828844195064,0.054272818911410545,0.05553876696971763,0.0,0.0,1.0,2.074589800443459,0.04310817917603101,0.004622916614749949,0.041158412590706954,0.43565365853658533,-0.5250194898990925
0.1955,0.4,0.005,10000,0.23226124661246617,0.004640636033367538,9225.0,-0.5975124255422422,0.016000756823667254,-5.431931141293111,0.0,0.0,1.0,2.882090973336251,0.05398125885265161,0.05311071933739449,0.0,0.0,1.0,2.1114658782951468,0.04348848829047375,0.004611081093146138,0.041158412590706954,0.43869593495934955,-0.535180322103583
0.199,0.4,0.005,10000,0.23536693766937666,0.00434879786276995,9225.0,-0.6081708310179522,0.014778682804579573,-5.52882573652684,0.0,0.0,1.0,2.91805400089593,0.05032453527622105,0.05132295486108315,0.0,0.0,1.0,2.1396994333579697,0.043775333554886504,0.00447821138211382,0.041158412590706954,0.4410252032520326,-0.5427554540139186
0.2025,0.4,0.005,10000,0.238269918699187,0.00465929615623163,9225.0,-0.6179521581560607,0.015586672292055417,-5.617746892327825,0.0,0.0,1.0,2.9516037936238853,0.053621797772511824,0.049721068697455906,0.0,0.0,1.0,2.166090169992609,0.0440385356494065,0.004620746298376371,0.041158412590706954,0.44320243902439027,-0.5496083422115122
0.20600000000000002,0.4,0.005,10000,0.24153604336043366,0.0045593338901845325,9225.0,-0.6288284847386159,0.015113802323104828,-5.7166225885328705,0.0,0.0,1.0,2.9891049330661,0.052208242267424446,0.047976444845814675,0.0,0.0,1.0,2.195782212367578,0.0443311753467301,0.00452633958664446,0.041158412590706954,0.44565203252032526,-0.5571581728892296
0.20950000000000002,0.4,0.005,10000,0.24594037940379404,0.00448915301090914,9225.0,-0.6432250558371435,0.014546754485158821,-5.847500507610396,0.0,0.0,1.0,3.0394858804498193,0.05117954201365545,0.045725075557824624,0.0,0.0,1.0,2.235821630943582,0.04471847748427251,0.004574715031820731,0.041158412590706954,0.4489552845528454,-0.5670108846805938
0.21300000000000002,0.4,0.005,10000,0.24904281842818426,0.004821456079491553,9225.0,-0.653158087484098,0.015235128544377623,-5.9378007953099825,0.0,0.0,1.0,3.0747824525751044,0.05471555065241387,0.04421597486128711,0.0,0.0,1.0,2.264025622074403,0.044985660171628965,0.004631370022532622,0.041158412590706954,0.45128211382113825,-0.5737037099415141
0.21650000000000003,0.4,0.005,10000,0.2520834688346883,0.0050744474399970615,9225.0,-0.6627523563160964,0.015931380417859443,-6.025021421055422,0.0,0.0,1.0,3.10926730739888,0.05732012431688729,0.042787470007387036,0.0,0.0,1.0,2.2916678984971663,0.0452437033123603,0.004749829475959554,0.041158412590706954,0.45356260162601636,-0.5800954877143285
0.22,0.4,0.005,10000,0.2560704607046071,0.004656402715275973,9225.0,-0.6751748208790147,0.01429109594776862,-6.137952917081951,0.0,0.0,1.0,3.1542109188563194,0.05238531821208839,0.04097445972313835,0.0,0.0,1.0,2.3279132791327912,0.04557778450974642,0.004624843651685111,0.041158412590706954,0.4565528455284553,-0.5882958064744697
0.01,0.05,0.01,10000,0.03145408163265305,0.0016545617612181809,9800.0,0.5570988537178769,0.016315428600005916,5.064535033798881,1.0,0.0,0.0,-0.058534134398500984,0.025956216598576963,0.5146270788171841,0.0,1.0,0.0,0.2859461966604824,0.011840926176621445,0.007387422805974484,0.010152544552210818,0.0650905612244898,0.5057226628172153
0.0135,0.05,0.01,10000,0.034802040816326534,0.0016616941459537081,9800.0,0.5244938733404093,0.0159091428435604,4.768126121276449,1.0,0.0,0.0,-0.006059013526903059,0.02603921612558488,0.501514586164375,0.0,1.0,0.0,0.31638218923933203,0.012744383602296114,0.007400708520260198,0.010152544552210818,0.06760153061224489,0.48106837962968685
0.017,0.05,0.01,10000,0.038370408163265306,0.001831599994311223,9800.0,0.49082586469920253,0.01702309274568865,4.462053315447296,1.0,0.0,0.0,0.04986317561008119,0.028693874250506193,0.48753937299420586,0.0,1.0,0.0,0.348821892393321,0.013675052372208379,0.007411333851966835,0.010152544552210818,0.070277806122449,0.45476822472386114
0.0205,0.05,0.01,10000,0.042125510204081645,0.0018801447828499628,9800.0,0.4564533128521679,0.016972402745998184,4.149575571383345,1.0,0.0,0.0,0.10870271118617815,0.02946065771184654,0.47285679684388093,0.0,1.0,0.0,0.38295918367346937,0.014623168810841016,0.00745035636490689,0.010152544552210818,0.07309413265306124,0.42708949398479484
0.024,0.05,0.01,10000,0.04529999999999999,0.0018640640691091066,9800.0,0.42817987655942846,0.01644217220582122,3.8925443323584403,1.0,0.0,0.0,0.15839530217915895,0.029137522915633342,0.46049183404473354,0.0,1.0,0.0,0.4118181818181818,0.015401643312465877,0.007444378328970659,0.010152544552210818,0.075475,0.40370841484390624
0.027500000000000004,0.05,0.01,10000,0.0490469387755102,0.002099407340204833,9800.0,0.3957018710291797,0.017954073029452185,3.5972897366289063,1.0,0.0,0.0,0.2170340870918887,0.03282888846010175,0.44596775872277944,0.0,1.0,0.0,0.4458812615955473,0.016294393832382802,0.007539126109656886,0.010152544552210818,0.07828520408163266,0.37616232348008566
0.031,0.05,0.01,10000,0.052335714285714284,0.0022914484993614885,9800.0,0.36791269156087947,0.019143202228585662,3.3446608323716323,1.0,0.0,0.0,0.2684028835305007,0.03576231270923076,0.4333200408578975,0.0,1.0,0.0,0.4757792207792208,0.017057130881776687,0.007556680790742345,0.010152544552210818,0.0807517857142857,0.3520528149798605
0.0345,0.05,0.01,10000,0.055259183673469395,0.002228082105995066,9800.0,0.3437108920128057,0.0183009627194129,3.1246444728436877,1.0,0.0,0.0,0.31398615865280727,0.03463625706900632,0.42216437999713896,0.0,1.0,0.0,0.502356215213358,0.017720656001823102,0.007538418596420901,0.010152544552210818,0.08294438775510207,0.3306882355935499
0.038,0.05,0.01,10000,0.05909183673469388,0.0024952046782571245,9800.0,0.3127372550646794,0.019908098129457652,2.8430659551334485,1.0,0.0,0.0,0.3736566386064243,0.03875899304269304,0.40769106910406067,0.0,1.0,0.0,0.5371985157699445,0.018568781222538175,0.007598675025288258,0.010152544552210818,0.0858188775510204,0.30281754594210336
0.0415,0.05,0.01,10000,0.06291428571428571,0.002701705859796522,9800.0,0.2826007801450278,0.021125740808027472,2.569098001318435,1.0,0.0,0.0,0.4329976982866083,0.041861464758000275,0.39345442184993645,0.0,0.92,0.08,0.571948051948052,0.019392977026878862,0.007629109362170916,0.010152544552210818,0.08868571428571431,0.2751972492925124
0.045000000000000005,0.05,0.01,10000,0.0661326530612245,0.002164199554780989,9800.0,0.25769837213702534,0.016502643761408392,2.3427124739729575,1.0,0.0,0.0,0.48278051703109154,0.03343193318223189,0.3816268640979047,0.0,0.59,0.41,0.6012059369202227,0.020073430381641885,0.007518838290594382,0.010152544552210818,0.09109948979591838,0.25207817222149104
0.0485,0.05,0.01,10000,0.06969489795918368,0.0025945571664332525,9800.0,0.23081583258717875,0.019361442491921843,2.0983257507925335,1.0,0.0,0.0,0.5377909065896215,0.0399603026584803,0.3687502001885139,0.0,0.11,0.89,0.6335899814471243,0.020807170273974333,0.007641855038080352,0.010152544552210818,0.09377117346938775,0.2267230619861721
0.052000000000000005,0.05,0.01,10000,0.07323469387755104,0.0029092525454781967,9800.0,0.20465386339041472,0.021373461176876506,1.8604896671855886,1.0,0.0,0.0,0.5922303037468134,0.044615664761448744,0.35618783100756174,0.0,0.02,0.98,0.6657699443413729,0.021520614465274025,0.007696133431011474,0.010152544552210818,0.09642602040816328,0.2017552178206154
0.0555,0.05,0.01,10000,0.0766173469387755,0.002481165829040544,9800.0,0.18006772361913118,0.01787704857125809,1.6369793056284647,1.0,0.0,0.0,0.6440056613859074,0.037882201249713525,0.3443912270331165,0.0,0.0,1.0,0.69652133580705,0.022190633214007095,0.007565374668293363,0.010152544552210818,0.09896301020408163,0.17809115508593618
0.059000000000000004,0.05,0.01,10000,0.08026428571428572,0.0029243463985398816,9800.0,0.1541818059139113,0.020555990713105637,1.4016527810355572,1.0,0.0,0.0,0.6996675321143853,0.0444967690649615,0.3319591496274634,0.0,0.0,1.0,0.7296753246753247,0.022895427459298318,0.007689916262570148,0.010152544552210818,0.1016982142857143,0.15290945532874997
0.0625,0.05,0.01,10000,0.0838857142857143,0.002846509647885191,9800.0,0.12893651613193752,0.019603038812886494,1.1721501466539777,1.0,0.0,0.0,0.7546521763874924,0.04311909188729624,0.319880785365338,0.0,0.0,1.0,0.7625974025974027,0.023582321839696135,0.007685018303386474,0.010152544552210818,0.10441428571428572,0.12817926380525985
0.066,0.05,0.01,10000,0.08758265306122448,0.0029733026010300735,9800.0,0.10369584072078546,0.02011103281284113,0.9426894610980499,1.0,0.0,0.0,0.8105023767513595,0.04481573284460316,0.30786482914605606,0.0,0.0,1.0,0.7962059369202226,0.02426858495569485,0.007705233915927297,0.010152544552210818,0.10718698979591838,0.1032847462735806
0.0695,0.05,0.01,10000,0.0907061224489796,0.0028933085227761143,9800.0,0.08273651411445652,0.019270835836130304,0.752150128313241,1.0,0.0,0.0,0.8574458882708466,0.04336391554868346,0.2979517902676984,0.0,0.0,1.0,0.8246011131725419,0.024838109452356216,0.007671548915631372,0.010152544552210818,0.10952959183673473,0.0825176727507374
0.073,0.05,0.01,10000,0.09433775510204083,0.0025851355235090054,9800.0,0.058776894053140676,0.016836408917413205,0.5343354004830971,1.0,0.0,0.0,0.9117472348990004,0.03854589371104535,0.28670671865539626,0.0,0.0,1.0,0.8576159554730984,0.025488801211593245,0.007601786492235966,0.010152544552210818,0.11225331632653061,0.05869335065032504
0.0765,0.05,0.01,10000,0.0973357142857143,0.0030772922302661366,9800.0,0.03940448552827313,0.019755699603096828,0.3582225957115739,0.97,0.01,0.02,0.9563896986553253,0.04560502442867538,0.27769349904462465,0.0,0.0,1.0,0.8848701298701299,0.026014572067173156,0.007764359476707897,0.010152544552210818,0.1145017857142857,0.0393692278096311
0.08,0.05,0.01,10000,0.10168877551020408,0.0032851635110730604,9800.0,0.011752254906313868,0.020623341401015814,0.10683868096648971,0.71,0.05,0.24,1.0207532624420028,0.0484370013548801,0.26498707872496036,0.0,0.0,1.0,0.9244434137291279,0.026764677654561305,0.007782053903135206,0.010152544552210818,0.11776658163265306,0.01174720168674661
0.08349999999999999,0.05,0.01,10000,0.10518571428571429,0.0032639974959671227,9800.0,-0.010045647642558378,0.020146667039136163,-0.09132406947780344,0.28,0.06,0.66,1.0721091293295155,0.04783229116394171,0.2551076035366724,0.0,0.0,1.0,0.9562337662337661,0.027355654235276635,0.007752989017968114,0.010152544552210818,0.1203892857142857,-0.010041052679005546
0.087,0.05,0.01,10000,0.1087734693877551,0.003024655484778726,9800.0,-0.032039745635277624,0.01834699154087989,-0.29127041486616023,0.02,0.02,0.96,1.1245017080845128,0.04404651244492146,0.24526777990317805,0.0,0.0,1.0,0.9888497217068647,0.027951674111885337,0.007750801683821433,0.010152544552210818,0.1230801020408163,-0.032018005257209985
0.0905,0.05,0.01,10000,0.11238163265306124,0.00334065242177442,9800.0,-0.053720231650419926,0.01994702429244319,-0.4883657422765449,0.0,0.0,1.0,1.1768341000714964,0.0483470880202755,0.23573199590183425,0.0,0.0,1.0,1.0216512059369203,0.028538882130263656,0.007811970714581641,0.010152544552210818,0.12578622448979593,-0.05364800036654202
0.094,0.05,0.01,10000,0.11574183673469389,0.0032380996229631007,9800.0,-0.07360913580136882,0.0189996491339708,-0.6691739618306256,0.0,0.0,1.0,1.2252504134142486,0.04654599901615741,0.2271164833844875,0.0,0.0,1.0,1.0521985157699443,0.029077359187103934,0.007778859247633932,0.010152544552210818,0.12830637755102042,-0.07345043335082725
0.0975,0.05,0.01,10000,0.11934897959183673,0.0032294132477490006,9800.0,-0.09459520172892226,0.01866058208228923,-0.8599563793538384,0.0,0.0,1.0,1.2768959394937034,0.046127483359880976,0.21818027062231338,0.0,0.0,1.0,1.084990723562152,0.029645298520543567,0.007786206186409442,0.010152544552210818,0.13101173469387756,-0.09428240275315387
0.10099999999999999,0.05,0.01,10000,0.12320918367346939,0.0032535080806633406,9800.0,-0.11665539513360805,0.018436307488699667,-1.0605035921237094,0.0,0.0,1.0,1.3317660739346684,0.046162567677430245,0.20896882564656857,0.0,0.0,1.0,1.1200834879406307,0.030242053325376005,0.007788967053904346,0.010152544552210818,0.13390688775510204,-0.11609079285152041
0.1045,0.05,0.01,10000,0.1260785714285714,0.003438090337401392,9800.0,-0.13278007586853804,0.019219238877806567,-1.2070915988048911,0.0,0.0,1.0,1.372286929881808,0.048439217076258714,0.20236215642694727,0.0,0.0,1.0,1.1461688311688312,0.030678077338047255,0.007824282053608418,0.010152544552210818,0.1360589285714286,-0.13195801338771687
0.108,0.05,0.01,10000,0.12946938775510206,0.002978190864094105,9800.0,-0.1516139090953991,0.01637796630844595,-1.3783082645036282,0.0,0.0,1.0,1.419865575397584,0.041664575241821725,0.19476489465453325,0.0,0.0,1.0,1.1769944341372913,0.031187226737244823,0.0077032470027359745,0.010152544552210818,0.13860204081632654,-0.15042379252724944
0.1115,0.05,0.01,10000,0.13315,0.0035846900178677613,9800.0,-0.1716335441200414,0.019354432667738203,-1.5603049465458303,0.0,0.0,1.0,1.471184678110448,0.04979771138284973,0.18687931349727008,0.0,0.0,1.0,1.2104545454545454,0.03172819007110906,0.007865213507764033,0.010152544552210818,0.1413625,-0.1699063994004516
0.11499999999999999,0.05,0.01,10000,0.1364061224489796,0.0037534407652330816,9800.0,-0.1890909213115752,0.019969542500662723,-1.7190083755597743,0.0,0.0,1.0,1.516258835846412,0.05178487123068194,0.18013838068666715,0.0,0.0,1.0,1.2400556586270872,0.03219977726450332,0.007907391415779334,0.010152544552210818,0.1438045918367347,-0.18679766742031625
0.1185,0.05,0.01,10000,0.14022346938775512,0.0032921775879574005,9800.0,-0.20928355452072064,0.017151900536439228,-1.9025777683701879,0.0,0.0,1.0,1.568695522572992,0.04509409509047587,0.1724963024731111,0.0,0.0,1.0,1.2747588126159555,0.0327451066658536,0.007738061224489795,0.010152544552210818,0.14666760204081633,-0.206222389470475
0.122,0.05,0.01,10000,0.14332448979591836,0.003635919192104228,9800.0,-0.2253689678216891,0.018806119512052313,-2.048808798378991,0.0,0.0,1.0,1.6110347861128045,0.049481173738830306,0.16655723711616408,0.0,0.0,1.0,1.3029499072356214,0.03317934897232733,0.007835102040816324,0.010152544552210818,0.14899336734693877,-0.22155622868792998
0.1255,0.05,0.01,10000,0.14729489795918368,0.003273364585977115,9800.0,-0.24570075164054583,0.01653875235116468,-2.2336431967322348,0.0,0.0,1.0,1.6648460181078886,0.0442110232427808,0.15920062312886837,0.0,0.0,1.0,1.3390445269016695,0.03372809678640909,0.007758349043552301,0.010152544552210818,0.1519711734693878,-0.24081124910999432
0.129,0.05,0.01,10000,0.15034795918367347,0.003449568543514334,9800.0,-0.261051693463709,0.017237341227849468,-2.3731972133064456,0.0,0.0,1.0,1.7059437007065237,0.04626941165899827,0.15378600474055532,0.0,0.0,1.0,1.366799628942486,0.0341422753526136,0.007815092614684944,0.010152544552210818,0.15426096938775513,-0.25520880495901527
0.1325,0.05,0.01,10000,0.15357755102040815,0.004180688861036531,9800.0,-0.27701477442158284,0.020521860747886356,-2.5183161311052986,0.0,0.0,1.0,1.7491423648767659,0.0556658807868263,0.14829124132764646,0.0,0.0,1.0,1.3961595547309835,0.03457284326493163,0.007993940331410708,0.010152544552210818,0.15668316326530612,-0.2700349361522301
0.136,0.05,0.01,10000,0.1573714285714286,0.0033779690414622193,9800.0,-0.29560894103040725,0.016349530271777588,-2.6873540093673385,0.0,0.0,1.0,1.7995199645864581,0.04469255442276752,0.1419956858335773,0.0,0.0,1.0,1.4306493506493507,0.03507430562763144,0.007804333851966835,0.010152544552210818,0.15952857142857144,-0.2872193294383899
0.1395,0.05,0.01,10000,0.16101326530612245,0.003580950142905317,9800.0,-0.3130848198064209,0.017017491752616257,-2.8462256346038264,0.0,0.0,1.0,1.8475336010333732,0.04702607305944247,0.1362562311693291,0.0,0.0,1.0,1.4637569573283857,0.0355454461047169,0.007856330191289541,0.010152544552210818,0.16225994897959184,-0.30316168024989826
0.14300000000000002,0.05,0.01,10000,0.16428673469387753,0.0034807825474762236,9800.0,-0.32857146916195573,0.016368117762886648,-2.98701335601778,0.0,0.0,1.0,1.8903950844127564,0.045420899359964545,0.13128539167090245,0.0,0.0,1.0,1.493515769944341,0.0359628636314761,0.007843400841910715,0.010152544552210818,0.16471505102040812,-0.3171611921237087
0.14650000000000002,0.05,0.01,10000,0.16861020408163266,0.0032216527760401655,9800.0,-0.34868955383256256,0.014810387807291856,-3.1699050348414772,0.0,0.0,1.0,1.9465596883326584,0.04176117488640986,0.12499965441590327,0.0,0.0,1.0,1.5328200371057512,0.03650497738533755,0.007746688660973221,0.010152544552210818,0.16795765306122448,-0.3351481678711922
0.15000000000000002,0.05,0.01,10000,0.17142448979591837,0.003267911504390595,9800.0,-0.3615626314212313,0.014868299084793386,-3.286933012920284,0.0,0.0,1.0,1.982890484530881,0.04205650559369611,0.1210816651917692,0.0,0.0,1.0,1.5584044526901673,0.03685177455936662,0.007778686556196429,0.010152544552210818,0.1700683673469388,-0.3465230671145932
0.15350000000000003,0.05,0.01,10000,0.17450408163265305,0.004122910734603241,9800.0,-0.37540582019360647,0.01849222959481467,-3.4127801835782408,0.0,0.0,1.0,2.022416540854054,0.05269790183557402,0.11697804422932027,0.0,0.0,1.0,1.586400742115028,0.037224614393782364,0.007963133431011477,0.010152544552210818,0.1723780612244898,-0.3586053607501254
0.157,0.05,0.01,10000,0.17825408163265308,0.004276105468386969,9800.0,-0.3920714488717374,0.01879114624999963,-3.5642858988339765,0.0,0.0,1.0,2.070246772226243,0.054295292902481675,0.11213470467709742,0.0,0.0,1.0,1.6204916512059366,0.03767340200703781,0.008037070101744887,0.010152544552210818,0.1751905612244898,-0.373032029587011
0.1605,0.05,0.01,10000,0.18171020408163266,0.0034141417253101347,9800.0,-0.40726030263290874,0.014791681449461375,-3.702366387571898,0.0,0.0,1.0,2.1139824467882535,0.04307169769598601,0.10781429483222245,0.0,0.0,1.0,1.6519109461966606,0.03808235860651689,0.007797688112096933,0.010152544552210818,0.17778265306122448,-0.38607268499093733
0.164,0.05,0.01,10000,0.18541530612244897,0.003896471512827279,9800.0,-0.42318355706684635,0.01660888860618191,-3.84712324606224,0.0,0.0,1.0,2.1606215062913305,0.048848535787337145,0.10342947882881054,0.0,0.0,1.0,1.6855936920222634,0.03851096430923337,0.007959916262570147,0.010152544552210818,0.18056147959183672,-0.39951720935071966
0.1675,0.05,0.01,10000,0.1879938775510204,0.0036636421151141373,9800.0,-0.4341503051799127,0.015437764481126125,-3.946820956181025,0.0,0.0,1.0,2.192889548411421,0.0456085432542653,0.10046498694132368,0.0,0.0,1.0,1.7090352504638222,0.03880611714790355,0.007957734145001264,0.010152544552210818,0.18249540816326534,-0.4087035186394777
0.171,0.05,0.01,10000,0.19197857142857144,0.004018185886692658,9800.0,-0.4507999045945334,0.0166154324423471,-4.098180950859394,0.0,0.0,1.0,2.242387357645173,0.04971427717082106,0.09609363752253863,0.0,0.0,1.0,1.7452597402597403,0.03925411852526855,0.007932287270186217,0.010152544552210818,0.1854839285714286,-0.4224613076809416
0.17450000000000002,0.05,0.01,10000,0.19548979591836735,0.004150850929565646,9800.0,-0.46523844081009186,0.01693556699562783,-4.229440371000836,0.0,0.0,1.0,2.285777141523118,0.05104757178449997,0.0923958132947314,0.0,0.0,1.0,1.7771799628942486,0.03964255209520323,0.008021964400251267,0.010152544552210818,0.1881173469387755,-0.4342440069542928
0.17800000000000002,0.05,0.01,10000,0.1998020408163265,0.0040398245317458965,9800.0,-0.4826821556114691,0.016175810082834096,-4.388019596467902,0.0,0.0,1.0,2.338648570713928,0.049413636629257594,0.08805218358841292,0.0,0.0,1.0,1.8163821892393321,0.04011174517838307,0.007962448979591835,0.010152544552210818,0.19135153061224486,-0.4482963451853968
0.18150000000000002,0.05,0.01,10000,0.2029765306122449,0.003714470757055298,9800.0,-0.4953247262110331,0.014691836098544816,-4.502952056463937,0.0,0.0,1.0,2.377339844685335,0.045146390109188,0.08498228329930807,0.0,0.0,1.0,1.8452411873840444,0.04045174041423536,0.007924044477003825,0.010152544552210818,0.1937323979591837,-0.4583550922484716
0.18500000000000003,0.05,0.01,10000,0.20709897959183673,0.004018666426465589,9800.0,-0.5114252688706169,0.015541537988264834,-4.649320626096518,0.0,0.0,1.0,2.4272496359422155,0.04858308251400359,0.08119103909193648,0.0,0.0,1.0,1.8827179962894247,0.040884641271752224,0.007943731033200256,0.010152544552210818,0.19682423469387753,-0.4709672845991254
0.1885,0.05,0.01,10000,0.21026122448979592,0.0042543422838935375,9800.0,-0.5235717215134187,0.0162625382686642,-4.75974292284926,0.0,0.0,1.0,2.4653416217625734,0.05111421595412262,0.07840267933091757,0.0,0.0,1.0,1.911465677179963,0.04121117122114148,0.008049087398107146,0.010152544552210818,0.19919591836734699,-0.48035528799389327
0.192,0.05,0.01,10000,0.21398673469387755,0.004351935477879713,9800.0,-0.5376723292004381,0.016275013665612452,-4.887930265458527,0.0,0.0,1.0,2.509922920348757,0.05199171304198817,0.07524412047381593,0.0,0.0,1.0,1.945333951762523,0.041590179750615804,0.008039897959183674,0.010152544552210818,0.20199005102040815,-0.49112618378082296
0.1955,0.05,0.01,10000,0.21791632653061221,0.004321010332669546,9800.0,-0.5522964341737686,0.015936454026904846,-5.020876674306987,0.0,0.0,1.0,2.5566840255417405,0.05135245106796387,0.07205337851168107,0.0,0.0,1.0,1.9810575139146567,0.04198319496974931,0.008066714834590571,0.010152544552210818,0.20493724489795917,-0.5021449812960214
0.199,0.05,0.01,10000,0.2205030612244898,0.004525012627087571,9800.0,-0.5617637994824068,0.01649585787418115,-5.106943631658244,0.0,0.0,1.0,2.587299261276362,0.0534490373679927,0.0700394769108669,0.0,0.0,1.0,2.0045732838589982,0.042237586397385424,0.008104350599452805,0.010152544552210818,0.20687729591836734,-0.5091833599986451
0.2025,0.05,0.01,10000,0.22372653061224487,0.004511073809569577,9800.0,-0.5734240234477102,0.016271956824180075,-5.212945667706457,0.0,0.0,1.0,2.625276551510997,0.052997815396486646,0.06760543258530377,0.0,0.0,1.0,2.0338775510204083,0.042550867456754925,0.008097927793478319,0.010152544552210818,0.20929489795918366,-0.5177702490172155
0.20600000000000002,0.05,0.01,10000,0.2278459183673469,0.0038262700385408126,9800.0,-0.5881197247853421,0.013477953348925832,-5.346542952594018,0.0,0.0,1.0,2.673511287972606,0.044742599351876765,0.06460672565052014,0.0,0.0,1.0,2.0713265306122453,0.042945656736139634,0.007917682895519133,0.010152544552210818,0.21238443877551025,-0.5284734659968436
0.20950000000000002,0.05,0.01,10000,0.2310938775510204,0.004430562588924195,9800.0,-0.5994324316225937,0.015449714165289534,-5.449385742023581,0.0,0.0,1.0,2.7113770874848484,0.05152652503150657,0.062372986303792025,0.0,0.0,1.0,2.100853432282004,0.043249502329860065,0.008055699643005105,0.010152544552210818,0.21482040816326534,-0.536555373507823
0.21300000000000002,0.05,0.01,10000,0.2345,0.004147619052690634,9800.0,-0.6111743494904555,0.01419582448120267,-5.55613044991323,0.0,0.0,1.0,2.7508467497264517,0.047996948382448584,0.060095643782864576,0.0,0.0,1.0,2.131818181818182,0.043564850335697534,0.007946241237281888,0.010152544552210818,0.21737500000000004,-0.5448768401200048
0.21650000000000003,0.05,0.01,10000,0.23858775510204083,0.0042415765671773905,9800.0,-0.6249901195937216,0.014234106807949547,-5.681728359942924,0.0,0.0,1.0,2.798028239495935,0.04884573766383658,0.057487554118781474,0.0,0.0,1.0,2.168979591836735,0.0439358369087878,0.008030297245193883,0.010152544552210818,0.22044081632653062,-0.5545158826266391
0.22,0.05,0.01,10000,0.2415551020408163,0.0038832461512808346,9800.0,-0.6348801118182252,0.012795438680775402,-5.771637380165683,0.0,0.0,1.0,2.832063275736884,0.044504101499118584,0.05566157865629135,0.0,0.0,1.0,2.1959554730983304,0.044201378784449394,0.007926415484619895,0.010152544552210818,0.2226663265306123,-0.5613410872919047
0.01,0.1,0.01,10000,0.03425643666323378,0.0015693046048435087,9710.0,0.5296051729528544,0.015109200664592507,4.814592481389585,1.0,0.0,0.0,0.009159391834530978,0.024611456716594836,0.49771055696485095,0.0,1.0,0.0,0.3114221514839434,0.012608055307252657,0.007388395937885095,0.014823195145212242,0.0996923274974253,0.4849954368813668
0.0135,0.1,0.01,10000,0.037395468589083415,0.0019229681087713625,9710.0,0.4998202187718103,0.017993887293674213,4.543820170652821,1.0,0.0,0.0,0.05839603166102503,0.03012930129581695,0.48540855722353293,0.0,1.0,0.0,0.3399588053553038,0.013432094820509569,0.007483670429916877,0.014823195145212242,0.10204660144181257,0.4618594309627106
0.017,0.1,0.01,10000,0.041286302780638516,0.0021480256654018014,9710.0,0.46396386652202437,0.019545399096072336,4.217853332018404,1.0,0.0,0.0,0.11935933287422383,0.0336370100251642,0.4702036734811726,0.0,1.0,0.0,0.375330025278532,0.014422033086948394,0.007497324225278799,0.014823195145212242,0.10496472708547891,0.43317605382040364
0.0205,0.1,0.01,10000,0.044761071060762096,0.0022334955693910485,9710.0,0.432858974228788,0.01970423838431848,3.9350815838980733,1.0,0.0,0.0,0.17378022814361033,0.034977355027790695,0.45667712004790084,0.0,1.0,0.0,0.40691882782511,0.015279123810811502,0.007533696098221274,0.014823195145212242,0.10757080329557159,0.4075773565697451
0.024,0.1,0.01,10000,0.048104016477857885,0.0023124650982813385,9710.0,0.4037061499908804,0.019924802321816915,3.670055909008003,1.0,0.0,0.0,0.22607572627341252,0.03614971340422025,0.44373855734345374,0.0,1.0,0.0,0.4373092407077989,0.016081104423745423,0.007537617072352509,0.014823195145212242,0.11007801235839342,0.38298716974697056
0.027500000000000004,0.1,0.01,10000,0.05185787847579814,0.0022764336016961825,9710.0,0.37179151776875635,0.0191536278702484,3.3799228888068757,1.0,0.0,0.0,0.2847288868460246,0.035528623460128965,0.42931613143571623,0.0,1.0,0.0,0.47143525887089227,0.016957743490791818,0.007549809200946003,0.014823195145212242,0.11289340885684862,0.355444458587757
0.031,0.1,0.01,10000,0.0553934088568486,0.002433309413497956,9710.0,0.34251550636955136,0.019903166541781814,3.113777330632284,1.0,0.0,0.0,0.33989342286925406,0.03794405832244871,0.4158646103159487,0.0,1.0,0.0,0.5035764441531692,0.017760729433131228,0.0076096667926739735,0.014823195145212242,0.11554505664263648,0.32960620320380923
0.0345,0.1,0.01,10000,0.05901647785787847,0.0025002241807322275,9710.0,0.31321927965459645,0.020008358900330647,2.8474479968599673,1.0,0.0,0.0,0.3962786661894169,0.038891688452302765,0.40224180166306717,0.0,1.0,0.0,0.5365134350716226,0.0185632674760906,0.00760512593041415,0.014823195145212242,0.11826235839340887,0.303253520554428
0.038,0.1,0.01,10000,0.06222863027806386,0.002231790416279394,9710.0,0.2877785444906329,0.01746069644464905,2.616168586278481,1.0,0.0,0.0,0.44612233271895746,0.034635869332875074,0.3903141902958543,0.0,0.88,0.12,0.5657148207096714,0.019259469644943863,0.00751687603804399,0.014823195145212242,0.12067147270854787,0.28001112378995563
0.0415,0.1,0.01,10000,0.06551390319258496,0.0024126769319617867,9710.0,0.2623401900424264,0.018457599095505404,2.3849108185675134,1.0,0.0,0.0,0.4970143197854738,0.03730945536360646,0.378282324000348,0.0,0.41,0.59,0.5955809381144087,0.019954861667685075,0.0075526875725445055,0.014823195145212242,0.12313542739443875,0.25640282390449476
0.045000000000000005,0.1,0.01,10000,0.0689577754891864,0.002843374861078481,9710.0,0.23625021867518523,0.02136191881553641,2.1477292606835023,1.0,0.0,0.0,0.5502418191609953,0.04380019606937429,0.36586739908064736,0.0,0.1,0.9,0.6268888680835127,0.020667367087006835,0.007697883533854639,0.014823195145212242,0.12571833161688983,0.23185161838606547
0.0485,0.1,0.01,10000,0.07267044284243047,0.0024722271459916194,9710.0,0.2086215279721819,0.018125564549334425,1.8965593452016538,1.0,0.0,0.0,0.6073332877950179,0.03797564304114448,0.3527160053871639,0.0,0.0,1.0,0.6606403894766407,0.021421317847185876,0.007586308581813299,0.014823195145212242,0.12850283213182287,0.2055831589304745
0.052000000000000005,0.1,0.01,10000,0.07606694129763131,0.0025922645384688025,9710.0,0.18391737908061706,0.018672885611664906,1.6719761734601557,1.0,0.0,0.0,0.6593983613276443,0.0396486396333163,0.34093044364526465,0.0,0.0,1.0,0.6915176481602846,0.022094826510965806,0.0076061988554347515,0.014823195145212242,0.1310502059732235,0.18181073426659033
0.0555,0.1,0.01,10000,0.07939031925849639,0.0025766942665357926,9710.0,0.16019005839233166,0.018248884576278893,1.4562732581121063,1.0,0.0,0.0,0.7101475731452882,0.03921588749397717,0.3296234073583529,0.0,0.0,1.0,0.7217301750772398,0.022741233949086465,0.007626262707134029,0.014823195145212242,0.1335427394438723,0.158782354475451
0.059000000000000004,0.1,0.01,10000,0.08329557157569517,0.0032237582851686306,9710.0,0.13293724165046067,0.022362818226130045,1.2085203786405514,1.0,0.0,0.0,0.7695282240057381,0.048876308843102845,0.3166746605469636,0.0,0.0,1.0,0.7572324688699557,0.023483057374971684,0.007777051402031779,0.014823195145212242,0.13647167868177137,0.13209444937422368
0.0625,0.1,0.01,10000,0.08679505664263645,0.002845837960314202,9710.0,0.10889952522692939,0.019358539909252258,0.9899956838811762,1.0,0.0,0.0,0.8224258878708736,0.04293398799034455,0.3053241342389852,0.0,0.0,1.0,0.789045969478513,0.024136996708585285,0.007681019384908046,0.014823195145212242,0.13909629248197736,0.10843079413179924
0.066,0.1,0.01,10000,0.08976622039134913,0.003218192176238348,9710.0,0.08891775228251539,0.021521001861597194,0.8083432025683216,1.0,0.0,0.0,0.8671748134608864,0.04828388591713995,0.29594057504509796,0.0,0.0,1.0,0.8160565490122648,0.024680200532283685,0.007798297722582021,0.014823195145212242,0.14132466529351184,0.08864363712050313
0.0695,0.1,0.01,10000,0.09353038105046345,0.0028866841256516584,9710.0,0.0639643559008261,0.018905822127470495,0.5814941445529644,1.0,0.0,0.0,0.9235202290247336,0.04307976874159476,0.28432184102286273,0.0,0.0,1.0,0.8502761913678496,0.025358236407606493,0.0076899803412696765,0.014823195145212242,0.14414778578784757,0.06385493611794979
0.073,0.1,0.01,10000,0.09736251287332646,0.0034493844146674616,9710.0,0.0391502537049023,0.02214304021430224,0.3559113973172937,0.93,0.02,0.05,0.9805884166930571,0.05121669626937944,0.27289213038897175,0.0,0.0,1.0,0.8851137533938771,0.02603198689244233,0.007828939237899074,0.014823195145212242,0.14702188465499486,0.039111664853524374
0.0765,0.1,0.01,10000,0.1006323377960865,0.0031031966419129775,9710.0,0.01827274290738091,0.019597717450214307,0.16611584461255371,0.77,0.06,0.17,1.0289767328872315,0.04580095913894369,0.26337789343521445,0.0,0.0,1.0,0.9148394345098774,0.02659860960026402,0.00775220709436369,0.014823195145212242,0.14947425334706488,0.01826396752595834
0.08,0.1,0.01,10000,0.10466735324407826,0.0029073010479160576,9710.0,-0.0069937152770368875,0.017990659216153775,-0.06357922979124442,0.3,0.12,0.58,1.0883184998287492,0.042670232398583176,0.2520193215833919,0.0,0.0,1.0,0.9515213931279842,0.02728395881380387,0.007695816031986905,0.014823195145212242,0.1525005149330587,-0.006991160424579
0.08349999999999999,0.1,0.01,10000,0.10750772399588053,0.002798650036832735,9710.0,-0.024473494380130915,0.01711270446570027,-0.22248631254664467,0.08,0.02,0.9,1.1298452611103014,0.04079999111108292,0.24426739475399117,0.0,0.0,1.0,0.9773429454170959,0.027757863227836372,0.007670376552977049,0.014823195145212242,0.1546307929969104,-0.024461845057037825
0.087,0.1,0.01,10000,0.1115695159629248,0.0031025475288897694,9710.0,-0.04901017833112821,0.018641593791995634,-0.44554707573752916,0.01,0.0,0.99,1.1888822218476303,0.044965457090941255,0.2335542422463418,0.0,0.0,1.0,1.01426832693568,0.028422759233380685,0.007754999543629539,0.014823195145212242,0.15767713697219363,-0.04895522416311123
0.0905,0.1,0.01,10000,0.11400000000000002,0.0030423493757233753,9710.0,-0.06348373632527066,0.01797148825613579,-0.5771248756842787,0.0,0.0,1.0,1.223995055992597,0.043776910605366204,0.22732502150149578,0.0,0.0,1.0,1.0363636363636364,0.02881481948886758,0.007755846067726939,0.014823195145212242,0.1595,-0.06337802118995749
0.094,0.1,0.01,10000,0.11805973223480949,0.003392311464170858,9710.0,-0.08724320030349952,0.01967237916741353,-0.7931200027590865,0.0,0.0,1.0,1.2822676511801183,0.04850697497286483,0.2172764094535367,0.0,0.0,1.0,1.0732702930437226,0.029458134726881996,0.007789807506310137,0.014823195145212242,0.16254479917610712,-0.08698933364882305
0.0975,0.1,0.01,10000,0.1214768280123584,0.003242395074526256,9710.0,-0.10692706468979124,0.01849169905372335,-0.9720642244526476,0.0,0.0,1.0,1.3309957876081637,0.04604660854119876,0.2090956320224195,0.0,0.0,1.0,1.104334800112349,0.02999089373975426,0.007792613422184052,0.014823195145212242,0.1651076210092688,-0.10648553770640592
0.10099999999999999,0.1,0.01,10000,0.1252358393408857,0.0034761472352161722,9710.0,-0.12818048185905295,0.019456772609100035,-1.1652771078095723,0.0,0.0,1.0,1.384214037251202,0.049019730020770536,0.2004471704628719,0.0,0.0,1.0,1.1385076303716881,0.030565883702541853,0.007840714257789465,0.014823195145212242,0.16792687950566423,-0.12743555459756753
0.1045,0.1,0.01,10000,0.12894232749742535,0.003268460370547547,9710.0,-0.14881037484651308,0.018001365013850534,-1.352821589513755,0.0,0.0,1.0,1.4362857384695529,0.045791890732936706,0.19222030850753463,0.0,0.0,1.0,1.1722029772493214,0.031123807063892103,0.0077504128850389865,0.014823195145212242,0.17070674562306898,-0.14767509767397927
0.108,0.1,0.01,10000,0.13210195674562308,0.0036644227876092327,9710.0,-0.16606760854006275,0.01990642574597695,-1.5097055321823887,0.0,0.0,1.0,1.4804031881990016,0.050989261372132076,0.18548874508709823,0.0,0.0,1.0,1.2009268795056642,0.031590327948015536,0.007855866769248933,0.014823195145212242,0.17307646755921727,-0.164494951803507
0.1115,0.1,0.01,10000,0.13578887744593204,0.0033551889638847557,9710.0,-0.18595472099408972,0.017899336402220755,-1.6904974635826335,0.0,0.0,1.0,1.5315354455162231,0.04636103790083394,0.17786928423930706,0.0,0.0,1.0,1.234444340417564,0.032127803039744544,0.007818132383433131,0.014823195145212242,0.17584165808444902,-0.183784072701934
0.11499999999999999,0.1,0.01,10000,0.13887847579814624,0.003631831531555441,9710.0,-0.20231614665062242,0.01910604427830129,-1.8392376968238398,0.0,0.0,1.0,1.5741050668374321,0.04982993871493153,0.17174664269505754,0.0,0.0,1.0,1.2625315981649659,0.03256982663217258,0.007923154284443871,0.014823195145212242,0.1781588568486097,-0.19953083123609258
0.1185,0.1,0.01,10000,0.14303707518022654,0.0037655186337969453,9710.0,-0.22399551210341984,0.019462288579110074,-2.0363228373038162,0.0,0.0,1.0,1.6309436599536986,0.05130922512119874,0.16382110868721433,0.0,0.0,1.0,1.300337047092969,0.03315534156798776,0.007913665019689568,0.014823195145212242,0.18127780638516997,-0.22024453243206452
0.122,0.1,0.01,10000,0.14670030895983519,0.0038309436760179286,9710.0,-0.24275960232419982,0.01946809327999847,-2.2069054756745436,0.0,0.0,1.0,1.680642243003434,0.05182701399989304,0.15713112956868355,0.0,0.0,1.0,1.3336391723621381,0.03366195318670178,0.007942826056825803,0.014823195145212242,0.1840252317198764,-0.23801647009738908
0.1255,0.1,0.01,10000,0.14978784757981464,0.003398079630091844,9710.0,-0.2583742828897396,0.017005795282305693,-2.3488571171794503,0.0,0.0,1.0,1.722231170992932,0.04564709731771287,0.15167633158338106,0.0,0.0,1.0,1.3617077052710425,0.03408343530137304,0.007825322726116668,0.014823195145212242,0.18634088568486099,-0.25270645124260177
0.129,0.1,0.01,10000,0.1533285272914521,0.003329349594466876,9710.0,-0.2759786444772921,0.016429001630810035,-2.508896767975383,0.0,0.0,1.0,1.7696038303116017,0.044413325558729115,0.14567771428696447,0.0,0.0,1.0,1.3938957026495649,0.03455848048617044,0.0077750296835692205,0.014823195145212242,0.18899639546858907,-0.2691126119441916
0.1325,0.1,0.01,10000,0.15657260556127706,0.003828942510733477,9710.0,-0.29182067919484084,0.018542535304059478,-2.6529152654076444,0.0,0.0,1.0,1.8127603176430225,0.0507021728785531,0.14041493758453905,0.0,0.0,1.0,1.4233873232843366,0.03498584011738632,0.007945319349770488,0.014823195145212242,0.19142945417095775,-0.2837203975278252
0.136,0.1,0.01,10000,0.16020288362512872,0.0037484192943547045,9710.0,-0.3093258620482591,0.017880175790533945,-2.8120532913478105,0.0,0.0,1.0,1.8606733167060088,0.0493089742341884,0.1347268286304151,0.0,0.0,1.0,1.456389851137534,0.035457966420094834,0.007885922382019274,0.014823195145212242,0.19415216271884655,-0.2997370782304725
0.1395,0.1,0.01,10000,0.16418846549948507,0.00393042345386343,9710.0,-0.3281965214716752,0.018530507430879167,-2.9836047406515935,0.0,0.0,1.0,1.9129079925958186,0.051370641642924625,0.12876359426740713,0.0,0.0,1.0,1.4926224136316821,0.035966771647472036,0.007940838884515222,0.014823195145212242,0.1971413491246138,-0.31680311058704314
0.14300000000000002,0.1,0.01,10000,0.1663120494335736,0.003766400519669353,9710.0,-0.33813595701457827,0.017527371004134987,-3.0739632455870747,0.0,0.0,1.0,1.9405657869877972,0.04886838266000881,0.12568292013819163,0.0,0.0,1.0,1.5119277221233969,0.03623471939734111,0.00789575796853686,0.014823195145212242,0.19873403707518023,-0.3257238160022744
0.14650000000000002,0.1,0.01,10000,0.17122554067971169,0.00406110815957826,9710.0,-0.3607206226713619,0.01848541450807996,-3.279278387921472,0.0,0.0,1.0,2.004147466458721,0.05236548085746356,0.11887646061192929,0.0,0.0,1.0,1.5565958243610145,0.03684339194621956,0.007993958622807117,0.014823195145212242,0.20241915550978373,-0.34574576043319055
0.15000000000000002,0.1,0.01,10000,0.17425128733264675,0.0038919966573413445,9710.0,-0.374411366038373,0.01745999676134468,-3.403739691257937,0.0,0.0,1.0,2.0429867465264677,0.049829438262074754,0.11485906519538436,0.0,0.0,1.0,1.584102612114971,0.0372122831042004,0.007943586645664998,0.014823195145212242,0.20468846549948505,-0.35775006023533223
0.15350000000000003,0.1,0.01,10000,0.17849536560247173,0.0038513675748239403,9710.0,-0.3932896904282059,0.016961646892782057,-3.575360822074599,0.0,0.0,1.0,2.097115604985716,0.048984704414388104,0.10946783746626751,0.0,0.0,1.0,1.6226851418406514,0.03772082976370538,0.007977048977203173,0.014823195145212242,0.20787152420185376,-0.37410115090183976
0.157,0.1,0.01,10000,0.18105973223480945,0.004161307300636204,9710.0,-0.4044984327219219,0.01810223176807154,-3.6772584792901983,0.0,0.0,1.0,2.1295804984861224,0.05257425257186097,0.10635699733264492,0.0,0.0,1.0,1.6459975657709955,0.03802270115452223,0.007996363164717522,0.014823195145212242,0.2097947991761071,-0.38368520828846997
0.1605,0.1,0.01,10000,0.1841843460350154,0.004000890391353293,9710.0,-0.4180248252650437,0.01717547988388572,-3.80022568422767,0.0,0.0,1.0,2.1689457351152557,0.05020687349192563,0.10266527661957564,0.0,0.0,1.0,1.6744031457728679,0.038386944865072936,0.00794560583509931,0.014823195145212242,0.21213825952626159,-0.3951677900573152
0.164,0.1,0.01,10000,0.18802471678681773,0.0038169539040720482,9710.0,-0.4343911757612153,0.01609057843650949,-3.9490106887383205,0.0,0.0,1.0,2.2170533058023794,0.047605640688265276,0.09830923173565263,0.0,0.0,1.0,1.7093156071528883,0.03882757595279853,0.007965455943942181,0.014823195145212242,0.2150185375901133,-0.408897193433347
0.1675,0.1,0.01,10000,0.19166117404737387,0.004048014363365989,9710.0,-0.4496015707928656,0.016803724861257426,-4.08728700720787,0.0,0.0,1.0,2.2622597463889296,0.05017280035780722,0.09438348406708313,0.0,0.0,1.0,1.7423743095215807,0.03923699094496179,0.007978810595908487,0.014823195145212242,0.21774588053553043,-0.4214745615156347
0.171,0.1,0.01,10000,0.1944562306900103,0.0036411870409223273,9710.0,-0.4611664554628067,0.014953855166861296,-4.192422322389152,0.0,0.0,1.0,2.2968096305753334,0.044838133809768414,0.09145515305581192,0.0,0.0,1.0,1.76778391536373,0.03954823996791019,0.007886434968597915,0.014823195145212242,0.21984217301750775,-0.4309568371356944
0.17450000000000002,0.1,0.01,10000,0.19920288362512875,0.0038800493564719748,9710.0,-0.48041280359695043,0.015532566312700847,-4.367389123608639,0.0,0.0,1.0,2.3551087638690262,0.04748887178528021,0.08673334486987486,0.0,0.0,1.0,1.8109353056829882,0.04006610210374402,0.007930609498193318,0.014823195145212242,0.22340216271884653,-0.4464886802961566
0.17800000000000002,0.1,0.01,10000,0.20273738414006176,0.0035621267221320925,9710.0,-0.4945116816516451,0.014070244051805533,-4.495560742287682,0.0,0.0,1.0,2.398214355052948,0.043369543882295226,0.08336819076016401,0.0,0.0,1.0,1.8430671285460165,0.040445391497761135,0.00789048179479476,0.014823195145212242,0.22605303810504637,-0.45771904247225803
0.18150000000000002,0.1,0.01,10000,0.20511019567456232,0.003836431026211928,9710.0,-0.5038194118826831,0.015004394410243229,-4.5801764716607565,0.0,0.0,1.0,2.426997827822619,0.046402024901072564,0.08120360438061314,0.0,0.0,1.0,1.864638142496021,0.04069574393910831,0.007925223468021924,0.014823195145212242,0.22783264675592174,-0.4650344363630513
0.18500000000000003,0.1,0.01,10000,0.20892378990731203,0.004127865825757559,9710.0,-0.5185792173371173,0.015868974061708088,-4.71435652124652,0.0,0.0,1.0,2.4730316380508905,0.049642580985590753,0.07784444705237827,0.0,0.0,1.0,1.8993071809755646,0.041092687252056434,0.007984642349709432,0.014823195145212242,0.23069284243048405,-0.4765109345865419
0.1885,0.1,0.01,10000,0.21273532440782691,0.0040188169813525545,9710.0,-0.5331053567171622,0.015145090966984473,-4.846412333792383,0.0,0.0,1.0,2.5187513630772984,0.04805910611631201,0.07462100521329701,0.0,0.0,1.0,1.9339574946166094,0.041483285933813875,0.007970469240927616,0.014823195145212242,0.23355149330587024,-0.4876668310915364
0.192,0.1,0.01,10000,0.2156560247167868,0.005018743407761803,9710.0,-0.5439842547425319,0.01871770250650472,-4.94531140675029,0.0,0.0,1.0,2.5536240904395258,0.0596750996991131,0.0722845149620622,0.0,0.0,1.0,1.9605093156071536,0.041775747271751706,0.008229349776457996,0.014823195145212242,0.23574201853759014,-0.4958683594998153
0.1955,0.1,0.01,10000,0.21944696189495363,0.004473400548569386,9710.0,-0.5580310091758183,0.016439521394677484,-5.0730091743256205,0.0,0.0,1.0,2.598585190255181,0.05289480951625671,0.06930675010493233,0.0,0.0,1.0,1.9949723808632152,0.042153353243381854,0.008073542178873766,0.014823195145212242,0.23858522142121527,-0.5064144365315998
0.199,0.1,0.01,10000,0.22420391349124613,0.00420198888979601,9710.0,-0.5752797327812597,0.015100298473714455,-5.229815752556907,0.0,0.0,1.0,2.6546793165609053,0.049454452111469,0.06576598825141278,0.0,0.0,1.0,2.0382173953749647,0.04261694274524069,0.008076728128270556,0.014823195145212242,0.24215293511843458,-0.5191406516405481
0.2025,0.1,0.01,10000,0.2262451081359423,0.003980903698440203,9710.0,-0.5825722061671686,0.014115682411744592,-5.29611096515608,0.0,0.0,1.0,2.67858333893985,0.04656176457867542,0.06430517164240614,0.0,0.0,1.0,2.0567737103267483,0.04281291504597769,0.00797050743724805,0.014823195145212242,0.24368383110195677,-0.5244574580446466
0.20600000000000002,0.1,0.01,10000,0.2302409886714727,0.004427069812864831,9710.0,-0.5965896150340779,0.015454705937329446,-5.423541954855255,0.0,0.0,1.0,2.725225231523934,0.05152920290202462,0.06156789674751582,0.0,0.0,1.0,2.093099897013388,0.04318954884951392,0.008034266644050315,0.014823195145212242,0.2466807415036045,-0.5345281419704716
0.20950000000000002,0.1,0.01,10000,0.23398764160659113,0.0038640946916991535,9710.0,-0.6095627005748598,0.013227522069864939,-5.541479096135089,0.0,0.0,1.0,2.768678559952444,0.04476145198468578,0.059088985620640695,0.0,0.0,1.0,2.127160378241738,0.04353808549874093,0.007867952443610412,0.014823195145212242,0.24949073120494336,-0.543752882967432
0.21300000000000002,0.1,0.01,10000,0.23686611740473737,0.004285761546746492,9710.0,-0.6193198504249049,0.014464308206841529,-5.630180458408226,0.0,0.0,1.0,2.801981303069041,0.049389322700475385,0.05727485786916546,0.0,0.0,1.0,2.153328340043067,0.0438001777915301,0.00803993127279241,0.014823195145212242,0.25164958805355303,-0.5505748388061172
0.21650000000000003,0.1,0.01,10000,0.24059526261585998,0.004098276399298075,9710.0,-0.6318113572012288,0.013671296779435346,-5.743739610920262,0.0,0.0,1.0,2.8448525334077637,0.04696514081773597,0.054998831722141144,0.0,0.0,1.0,2.1872296601441814,0.044135688271821974,0.007992115540478885,0.014823195145212242,0.254446446961895,-0.559227134014252
0.22,0.1,0.01,10000,0.2443666323377961,0.00410242081689954,9710.0,-0.644208519223474,0.013410397166715906,-5.856441083849763,0.0,0.0,1.0,2.887984244673624,0.04684900150664454,0.05279951675082567,0.0,0.0,1.0,2.22151483943451,0.04446861830890143,0.00796580844490216,0.014823195145212242,0.25727497425334706,-0.5676897963908623
0.01,0.15,0.01,10000,0.037093555093555095,0.0019875143012874764,9620.0,0.5025407936924464,0.018604490882703655,4.568552669931331,1.0,0.0,0.0,0.0774748366602485,0.03120525495035493,0.48064595270598653,0.0,1.0,0.0,0.3372141372141372,0.013362411895877158,0.00747566424358294,0.01955923785773206,0.13432016632016633,0.46398855914408715
0.0135,0.15,0.01,10000,0.040568607068607064,0.0018241287474060179,9620.0,0.4703269418215033,0.016630109245127762,4.275699471104575,1.0,0.0,0.0,0.1319029752598602,0.028613236323614018,0.4670787336380285,0.0,1.0,0.0,0.36880551880551876,0.014252541942837173,0.007425664764542808,0.01955923785773206,0.1369264553014553,0.4383665948931617
0.017,0.15,0.01,10000,0.043867983367983365,0.002099818869450211,9620.0,0.4406335720300572,0.018664603680360208,4.005759745727792,1.0,0.0,0.0,0.18361351899286446,0.03287789762360526,0.4542373657591693,0.0,1.0,0.0,0.3987998487998488,0.0150713706306228,0.007517564451483149,0.01955923785773206,0.13940098752598756,0.4140512306209542
0.0205,0.15,0.01,10000,0.047656964656964666,0.0022727512632691343,9620.0,0.4074351723468459,0.01961804488572521,3.703956112244053,1.0,0.0,0.0,0.24290783620557016,0.0355762662522149,0.43958870722470633,0.0,1.0,0.0,0.4332451332451333,0.015985297338452907,0.007539082634285891,0.01955923785773206,0.14224272349272354,0.386167760401068
0.024,0.15,0.01,10000,0.050764033264033274,0.0022302828697148224,9620.0,0.3808707759843788,0.018789785481738257,3.462461599857989,1.0,0.0,0.0,0.29147629784583634,0.0348486209560929,0.42766410694422397,0.0,1.0,0.0,0.46149121149121153,0.016715518418690407,0.007558542108257547,0.01955923785773206,0.14457302494802493,0.3633536793075972
0.027500000000000004,0.15,0.01,10000,0.05416424116424118,0.0021738491939727357,9620.0,0.35246381762378687,0.01793184742102841,3.2042165238526086,1.0,0.0,0.0,0.34453217028781113,0.033870936073117835,0.41473256008510845,0.0,1.0,0.0,0.49240219240219246,0.017495362873380584,0.007536831089546528,0.01955923785773206,0.14712318087318088,0.33846345831129104
0.031,0.15,0.01,10000,0.058199584199584195,0.0024510307092521434,9620.0,0.31963546906528195,0.01965914248618062,2.905776991502563,1.0,0.0,0.0,0.4074090769852928,0.0381674994400684,0.399568503085084,0.0,0.98,0.02,0.5290871290871291,0.018395307828228562,0.007615786899868202,0.01955923785773206,0.15014968814968818,0.30907064399624784
0.0345,0.15,0.01,10000,0.061728690228690236,0.0023743402570404,9620.0,0.2915917309338834,0.018627266646343617,2.650833917580759,1.0,0.0,0.0,0.4622150198953205,0.036877180009291716,0.3864968545326677,0.0,0.76,0.24,0.5611699111699111,0.01916317667398888,0.007567255717255718,0.01955923785773206,0.1527965176715177,0.2835098202013582
0.038,0.15,0.01,10000,0.06496673596673597,0.0023317079100560853,9620.0,0.26641307112399565,0.017978927269357556,2.4219370102181417,1.0,0.0,0.0,0.5123904801096585,0.036064354945327635,0.3746709287168279,0.0,0.28,0.72,0.5906066906066907,0.01985187780411922,0.007568519740844952,0.01955923785773206,0.15522505197505196,0.2602060216737977
0.0415,0.15,0.01,10000,0.06834927234927235,0.0025655698754645114,9620.0,0.24067259396011503,0.019299931451053458,2.187932672364682,1.0,0.0,0.0,0.5646548682841632,0.0395782235895018,0.3625206351312411,0.0,0.04,0.96,0.6213570213570214,0.020555256572947708,0.00759545218537088,0.01955923785773206,0.15776195426195425,0.23604925009751093
0.045000000000000005,0.15,0.01,10000,0.07212266112266114,0.0026037826957067433,9620.0,0.21254554987842045,0.0192332234437309,1.9322322716220044,1.0,0.0,0.0,0.6227692461989874,0.040022011176153886,0.34920601261872286,0.0,0.0,1.0,0.6556605556605557,0.02132315811005587,0.007636129414251368,0.01955923785773206,0.16059199584199585,0.20932789299946625
0.0485,0.15,0.01,10000,0.07503742203742203,0.0027843790683787727,9620.0,0.1912569361090484,0.02020158279926843,1.7386994191731677,1.0,0.0,0.0,0.6675000559505354,0.04259179909388466,0.33912148730931085,0.0,0.0,1.0,0.6821583821583821,0.02190387302164219,0.007684823284823283,0.01955923785773206,0.16277806652806653,0.18888465689655617
0.052000000000000005,0.15,0.01,10000,0.07949688149688151,0.0027106113701931994,9620.0,0.1593267473348,0.019129810304154334,1.4484249757709091,1.0,0.0,0.0,0.7356180418935465,0.04136478790053567,0.3240285451377281,0.0,0.0,1.0,0.7226989226989227,0.02277418799563277,0.007667867976111884,0.01955923785773206,0.16612266112266116,0.15793671617854213
0.0555,0.15,0.01,10000,0.08207172557172557,0.0026446298072417703,9620.0,0.14124949416690036,0.018427423647649998,1.284086310608185,1.0,0.0,0.0,0.7747606820198475,0.04011914993552791,0.3155136508675898,0.0,0.0,1.0,0.7461065961065959,0.023266546727602203,0.007619235978829464,0.01955923785773206,0.16805379417879418,0.1402712842011155
0.059000000000000004,0.15,0.01,10000,0.08542411642411642,0.0025851965887676944,9620.0,0.11809610010702279,0.017690670510512426,1.0736009100638437,1.0,0.0,0.0,0.8255490792288779,0.03900827089964112,0.3046493318444135,0.0,0.0,1.0,0.7765828765828767,0.02389678569739559,0.00761797297781037,0.01955923785773206,0.17056808731808737,0.11751414005696179
0.0625,0.15,0.01,10000,0.08967255717255718,0.002891730771498334,9620.0,0.08938636826263507,0.019379606150629662,0.8126033478421368,1.0,0.0,0.0,0.8895730655047874,0.04345437057231258,0.2912782858013911,0.0,0.0,1.0,0.8152050652050653,0.02467767673772259,0.007676017143301703,0.01955923785773206,0.1737544178794179,0.08911552176428725
0.066,0.15,0.01,10000,0.09308731808731814,0.0027187885033805887,9620.0,0.0667329383438155,0.01785586240673752,0.6066630758528678,1.0,0.0,0.0,0.9407380828243483,0.040649368502413435,0.28082369186736,0.0,0.0,1.0,0.8462483462483463,0.025293460752055137,0.007661150209109556,0.01955923785773206,0.17631548856548854,0.06661315621432345
0.0695,0.15,0.01,10000,0.09603118503118503,0.002763697158361662,9620.0,0.0475430225402938,0.01786209588643957,0.43220929582085277,0.99,0.0,0.01,0.9846270060858344,0.041064680423553636,0.27205005736733845,0.0,0.0,1.0,0.8730107730107731,0.025814802924014692,0.007669675685350473,0.01955923785773206,0.1785233887733888,0.04749250837601568
0.073,0.15,0.01,10000,0.09986486486486487,0.0032964914653614828,9620.0,0.02303013430750806,0.020929333573334086,0.20936485734098234,0.85,0.03,0.12,1.0414880040846888,0.04871801969486956,0.26097122584031673,0.0,0.0,1.0,0.907862407862408,0.026480363394190708,0.007802797820675865,0.01955923785773206,0.18139864864864863,0.023015797232550282
0.0765,0.15,0.01,10000,0.10408316008316008,0.0029058019462725702,9620.0,-0.0034929351057959804,0.018047462243134346,-0.031753955507236184,0.43,0.05,0.52,1.1036007407386312,0.04271538693777824,0.24915058240762492,0.0,0.0,1.0,0.9462105462105463,0.02720014737964647,0.007718957894161152,0.01955923785773206,0.18456237006237008,-0.0034917894733556025
0.08,0.15,0.01,10000,0.1070051975051975,0.0032532101739308652,9620.0,-0.02148273832852394,0.01989545919900557,-0.19529762116839944,0.13,0.04,0.83,1.146350470103623,0.04748672546433971,0.24126203569121277,0.0,0.0,1.0,0.9727745227745228,0.02768806356388702,0.007745978168059471,0.01955923785773206,0.1867538981288982,-0.021470743593776896
0.08349999999999999,0.15,0.01,10000,0.1106122661122661,0.0034193136776881636,9620.0,-0.04335854518099731,0.020587760616773112,-0.3941685925545211,0.01,0.02,0.97,1.1988697702944469,0.04961135610086669,0.2317926354455954,0.0,0.0,1.0,1.0055660555660555,0.028281132802766073,0.007857540535703141,0.01955923785773206,0.18945919958419963,-0.0433136391672101
0.087,0.15,0.01,10000,0.11331704781704781,0.0030877225056789048,9620.0,-0.0595553174093479,0.01823972091559103,-0.5414119764486174,0.0,0.0,1.0,1.2379869837002695,0.04449259995696596,0.22488058655455279,0.0,0.0,1.0,1.0301549801549803,0.028720093023918297,0.007768687648077873,0.01955923785773206,0.1914877858627859,-0.05946422837893998
0.0905,0.15,0.01,10000,0.11814553014553017,0.003127635954455624,9620.0,-0.08788792279219353,0.0181151989950351,-0.7989811162926685,0.0,0.0,1.0,1.3073484639936759,0.044802886992798344,0.213026447489134,0.0,0.0,1.0,1.0740502740502742,0.029487555293943882,0.0077710992663025235,0.01955923785773206,0.19510914760914763,-0.08763375254426188
0.094,0.15,0.01,10000,0.12099272349272351,0.003381768988020401,9620.0,-0.10427055714193698,0.019323826287390992,-0.9479141558357904,0.0,0.0,1.0,1.3479357166301744,0.048097494574787125,0.20631812490803267,0.0,0.0,1.0,1.09993384993385,0.029931109700961123,0.0077826845126438594,0.01955923785773206,0.19724454261954263,-0.103855991081823
0.0975,0.15,0.01,10000,0.1245051975051975,0.0033274734990753397,9620.0,-0.12421080764084293,0.01874306741455594,-1.1291891603712991,0.0,0.0,1.0,1.3977478228341662,0.04701771775020628,0.19827867568444163,0.0,0.0,1.0,1.131865431865432,0.03047081426138225,0.007829568088527436,0.01955923785773206,0.19987889812889814,-0.12353388753415506
0.10099999999999999,0.15,0.01,10000,0.12806964656964656,0.003815066089030301,9620.0,-0.14406381745385805,0.021016367800452546,-1.3096710677623455,0.0,0.0,1.0,1.4478918755600134,0.053505721753130335,0.19046121561595433,0.0,0.0,1.0,1.1642695142695143,0.03100792693483228,0.00786599376783116,0.01955923785773206,0.202552234927235,-0.1430127317117444
0.1045,0.15,0.01,10000,0.13166528066528066,0.0032282494347987425,9620.0,-0.1638535731040583,0.017565779024787596,-1.4895779373096212,0.0,0.0,1.0,1.4981637326916402,0.044990978708143725,0.18279445185828502,0.0,0.0,1.0,1.1969570969570968,0.03154318579229859,0.0077694953186172745,0.01955923785773206,0.20524896049896055,-0.1623544604385799
0.108,0.15,0.01,10000,0.13441787941787942,0.00319018192224381,9620.0,-0.17874525245737194,0.017175589246028015,-1.6249568405215624,0.0,0.0,1.0,1.5363917330996788,0.04414223044587997,0.17715121617146923,0.0,0.0,1.0,1.2219807219807222,0.03194581745767665,0.0077500556217710605,0.01955923785773206,0.20731340956340957,-0.1768160324474168
0.1115,0.15,0.01,10000,0.1381954261954262,0.003501643361680371,9620.0,-0.19884774189557242,0.01851781115299824,-1.8077067445052035,0.0,0.0,1.0,1.5885327372123925,0.04811330864553814,0.16969708816057616,0.0,0.0,1.0,1.2563220563220563,0.032489152669519177,0.007839501039501038,0.01955923785773206,0.2101465696465697,-0.19620398728549795
0.11499999999999999,0.15,0.01,10000,0.14141476091476093,0.0034828525031267107,9620.0,-0.21572984960348648,0.01811888512659283,-1.9611804509407857,0.0,0.0,1.0,1.6326477532419568,0.04751016314492312,0.16357074194879628,0.0,0.0,1.0,1.2855887355887359,0.03294531389132942,0.007833386699224091,0.01955923785773206,0.2125610706860707,-0.21237841431546858
0.1185,0.15,0.01,10000,0.1455966735966736,0.0037532276825183383,9620.0,-0.23726763740922568,0.01915260246464835,-2.1569785219020514,0.0,0.0,1.0,1.6895309526441367,0.050854691373930734,0.15595334797644747,0.0,0.0,1.0,1.3236061236061238,0.03352707232552812,0.007893256759175455,0.01955923785773206,0.21569750519750516,-0.23283325006513375
0.122,0.15,0.01,10000,0.14822765072765073,0.0037800854823275124,9620.0,-0.2506207764252395,0.01913598122012532,-2.278370694774904,0.0,0.0,1.0,1.725078406156357,0.05088764757208755,0.15133314155920097,0.0,0.0,1.0,1.3475240975240976,0.03388765629366568,0.007910179319976061,0.01955923785773206,0.21767073804573808,-0.24541928145817352
0.1255,0.15,0.01,10000,0.15254885654885655,0.003573231950568053,9620.0,-0.27223161499489723,0.017730037405654476,-2.474832863589975,0.0,0.0,1.0,1.7830315059375053,0.047754059744596566,0.14402841589557933,0.0,0.0,1.0,1.3868077868077864,0.034471075567943266,0.007824885133925784,0.01955923785773206,0.22091164241164246,-0.26562383219271785
0.129,0.15,0.01,10000,0.1558898128898129,0.0037563584034730753,9620.0,-0.28862583920698764,0.018352028291375184,-2.6238712655180687,0.0,0.0,1.0,1.8275386694894977,0.049845047018803705,0.13863800980816132,0.0,0.0,1.0,1.4171801171801173,0.034913518207779826,0.00792787161799357,0.01955923785773206,0.22341735966735968,-0.2807837585248899
0.1325,0.15,0.01,10000,0.160033264033264,0.003566168858412054,9620.0,-0.3086516033324393,0.017069935235018093,-2.8059236666585394,0.0,0.0,1.0,1.8822935448504274,0.04698984942422861,0.13221788030838533,0.0,0.0,1.0,1.4548478548478545,0.035453831167604935,0.007891912151278015,0.01955923785773206,0.22652494802494808,-0.2991314489010311
0.136,0.15,0.01,10000,0.1627027027027027,0.003205490009393591,9620.0,-0.32137330436498446,0.01515297309802054,-2.921575494227131,0.0,0.0,1.0,1.9173021631568106,0.04192782305172789,0.12823499759611565,0.0,0.0,1.0,1.4791154791154792,0.035796995309859095,0.007758419958419958,0.01955923785773206,0.22852702702702704,-0.31068437523541026
0.1395,0.15,0.01,10000,0.16674324324324322,0.003735759791797847,9620.0,-0.34026563340195687,0.017313393767179438,-3.0933239400177888,0.0,0.0,1.0,1.9699955808608698,0.04853422616271482,0.12248376334614702,0.0,0.0,1.0,1.515847665847666,0.03630645900508921,0.007880211016292318,0.01955923785773206,0.23155743243243246,-0.3276275798740269
0.14300000000000002,0.15,0.01,10000,0.16960187110187114,0.003958171187486417,9620.0,-0.3534363550334564,0.01809692929118565,-3.2130577730314216,0.0,0.0,1.0,2.0070416910409996,0.051073843855510524,0.11856819130027463,0.0,0.0,1.0,1.5418351918351916,0.036661551333436494,0.007976219341975432,0.01955923785773206,0.23370140332640332,-0.33932193002240835
0.14650000000000002,0.15,0.01,10000,0.17324844074844073,0.0034744524035093547,9620.0,-0.3700523471364911,0.015692178466120345,-3.364112246695373,0.0,0.0,1.0,2.053959305166245,0.04453680133403233,0.11372945059277066,0.0,0.0,1.0,1.5749858249858248,0.037109457095478506,0.007845426195426197,0.01955923785773206,0.2364363305613306,-0.35396218735531454
0.15000000000000002,0.15,0.01,10000,0.17699792099792103,0.0038973925678487237,9620.0,-0.38679013858107525,0.01732038225642148,-3.5162739871006847,0.0,0.0,1.0,2.1018635924284474,0.049654350006925495,0.10900863725161916,0.0,0.0,1.0,1.6090720090720092,0.037560515041043026,0.007901716213797516,0.01955923785773206,0.23924844074844073,-0.36849544683901014
0.15350000000000003,0.15,0.01,10000,0.18096465696465697,0.0038144316172088566,9620.0,-0.404233945338085,0.016618897983504754,-3.6748540485280445,0.0,0.0,1.0,2.1522165336205994,0.04826381340246711,0.10420942347090921,0.0,0.0,1.0,1.6451332451332454,0.0380305032017818,0.007947547809791717,0.01955923785773206,0.24222349272349278,-0.38347645434948546
0.157,0.15,0.01,10000,0.18344906444906445,0.003896734387299522,9620.0,-0.4149924915420795,0.01682197423090781,-3.7726590140189042,0.0,0.0,1.0,2.1835218570133366,0.04896429035030732,0.10132629745095051,0.0,0.0,1.0,1.6677187677187673,0.038320311042510755,0.007911805615724313,0.01955923785773206,0.24408679833679833,-0.39261067968117325
0.1605,0.15,0.01,10000,0.18777027027027024,0.0033531487616607456,9620.0,-0.4334704914200957,0.014187475228511012,-3.9406408310917787,0.0,0.0,1.0,2.237666953576651,0.04188716060373401,0.0964797524560791,0.0,0.0,1.0,1.7070024570024571,0.038817980839059234,0.007801181384465944,0.01955923785773206,0.2473277027027027,-0.4081498646792256
0.164,0.15,0.01,10000,0.1903316008316008,0.003714582885367241,9620.0,-0.44420992424698225,0.01551465394410963,-4.0382720386089295,0.0,0.0,1.0,2.2695581002442307,0.04608007642590963,0.09374819600371756,0.0,0.0,1.0,1.7302872802872802,0.03910715623730215,0.007854428284103071,0.01955923785773206,0.2492487006237006,-0.41704590477996156
0.1675,0.15,0.01,10000,0.19489085239085238,0.003861161574286616,9620.0,-0.46305537259950597,0.015836333101177852,-4.209594296359145,0.0,0.0,1.0,2.3259995357417838,0.04763722025627876,0.08906747689784275,0.0,0.0,1.0,1.7717350217350218,0.039614511600298746,0.007943476081801295,0.01955923785773206,0.25266813929313925,-0.4324839933842927
0.171,0.15,0.01,10000,0.19781185031185033,0.003842175264122103,9620.0,-0.4749358964267614,0.015534561639512454,-4.317599058425103,0.0,0.0,1.0,2.3619055378474787,0.047093701877638484,0.08619567607974898,0.0,0.0,1.0,1.7982895482895487,0.03993429810318538,0.007942903328822025,0.01955923785773206,0.2548588877338877,-0.4420938770422404
0.17450000000000002,0.15,0.01,10000,0.20143451143451144,0.0044387959533863834,9620.0,-0.48940907411903284,0.017682582551081415,-4.449173401082116,0.0,0.0,1.0,2.406182912083517,0.05408923931591627,0.08279435377671535,0.0,0.0,1.0,1.8312228312228314,0.04032379258018737,0.00805904365904366,0.01955923785773206,0.25757588357588357,-0.4536359520411232
0.17800000000000002,0.15,0.01,10000,0.20446257796257797,0.0033897599562739884,9620.0,-0.501435453320482,0.013316097324658207,-4.558504121095292,0.0,0.0,1.0,2.442956113104504,0.04104658068913438,0.08000683825268382,0.0,0.0,1.0,1.858750708750709,0.040647419073518515,0.007814503644300386,0.01955923785773206,0.25984693347193344,-0.4631815322877644
0.18150000000000002,0.15,0.01,10000,0.20852494802494806,0.00420982676262219,9620.0,-0.5171626722475446,0.016202379954500544,-4.701478838614042,0.0,0.0,1.0,2.492053757685314,0.05067898082902788,0.07649311822250693,0.0,0.0,1.0,1.8956813456813457,0.041070519718809075,0.008003892924136833,0.01955923785773206,0.26289371101871106,-0.47541159676885597
0.18500000000000003,0.15,0.01,10000,0.21209563409563412,0.004525452263897598,9620.0,-0.530772093445743,0.01718239007111014,-4.825200849506755,0.0,0.0,1.0,2.534918234525347,0.054204281105947535,0.07353093579771851,0.0,0.0,1.0,1.9281421281421285,0.041436588567608144,0.00806506133298003,0.01955923785773206,0.2655717255717256,-0.48586273114287165
0.1885,0.15,0.01,10000,0.2157962577962578,0.0043242788913479165,9620.0,-0.5446847485104316,0.016077908637263345,-4.9516795319130145,0.0,0.0,1.0,2.5790903346406924,0.05149420866078545,0.07057005789699816,0.0,0.0,1.0,1.961784161784162,0.04181076407971727,0.008045953220034523,0.01955923785773206,0.26834719334719337,-0.4964302054378731
0.192,0.15,0.01,10000,0.2186060291060291,0.004089438000265391,9620.0,-0.5550964569399701,0.015073451172868195,-5.046331426727002,0.0,0.0,1.0,2.6124282449858525,0.04840793258008424,0.06840680156539133,0.0,0.0,1.0,1.9873275373275376,0.0420907434360757,0.007962467780305174,0.01955923785773206,0.27045452182952184,-0.5042456494614737
0.1955,0.15,0.01,10000,0.22214033264033264,0.004075722954157163,9620.0,-0.5679843605729704,0.014696137695959838,-5.163494187027004,0.0,0.0,1.0,2.6541938438195047,0.04797864005028044,0.06579154436426787,0.0,0.0,1.0,2.01945756945757,0.0424372589185573,0.007989087322924715,0.01955923785773206,0.2731052494802495,-0.513796559867232
0.199,0.15,0.01,10000,0.22608108108108113,0.004133057421789615,9620.0,-0.582103047830339,0.014658510952823538,-5.291845889366718,0.0,0.0,1.0,2.7004785152744746,0.04842987629282748,0.06300488811046386,0.0,0.0,1.0,2.055282555282555,0.042816805920119425,0.007993560293478991,0.01955923785773206,0.27606081081081085,-0.5241114319637306
0.2025,0.15,0.01,10000,0.22988565488565488,0.003967267337337443,9620.0,-0.5955053797205486,0.013844524344982328,-5.413685270186806,0.0,0.0,1.0,2.7449133248329542,0.04624859804181229,0.06042739837111843,0.0,0.0,1.0,2.08986958986959,0.04317704283425443,0.007982626295748248,0.01955923785773206,0.2789142411642412,-0.5337711667825963
0.20600000000000002,0.15,0.01,10000,0.23295426195426194,0.004500310139830638,9620.0,-0.606098062304672,0.015518128744595055,-5.509982384587929,0.0,0.0,1.0,2.780572967637586,0.05217499532984439,0.05844869625481733,0.0,0.0,1.0,2.1177660177660176,0.043461712093817176,0.008080346672387323,0.01955923785773206,0.28121569646569644,-0.5412834078427193
0.20950000000000002,0.15,0.01,10000,0.23696777546777548,0.0044835361666209425,9620.0,-0.6197725166808262,0.015101650408508353,-5.634295606189329,0.0,0.0,1.0,2.826956790950968,0.05174235959254186,0.05594670561004796,0.0,0.0,1.0,2.1542525042525043,0.043829163632795404,0.008048093550256154,0.01955923785773206,0.28422583160083165,-0.5508830006424477
0.21300000000000002,0.15,0.01,10000,0.24013097713097714,0.004361772906973351,9620.0,-0.6303756780114851,0.01449355584958064,-5.730687981922591,0.0,0.0,1.0,2.863335798820667,0.05007878953608975,0.05405258328429792,0.0,0.0,1.0,2.183008883008883,0.044114048693390535,0.008022639290720592,0.01955923785773206,0.2865982328482329,-0.5582309492972657
0.21650000000000003,0.15,0.01,10000,0.24304158004158008,0.004442896078070179,9620.0,-0.6399789932957272,0.014557656770783047,-5.8179908481429745,0.0,0.0,1.0,2.8966930541950004,0.050735174097350635,0.052373802925824095,0.0,0.0,1.0,2.209468909468909,0.04437203929749747,0.00808024948024948,0.01955923785773206,0.28878118503118505,-0.5648045648685404
0.22,0.15,0.01,10000,0.24793970893970896,0.003577838363305682,9620.0,-0.6559031308561362,0.011428785240157011,-5.962755735055785,0.0,0.0,1.0,2.9524560094722876,0.0407438447181044,0.04965536159685333,0.0,0.0,1.0,2.253997353997354,0.044799790862165956,0.007868961005408171,0.01955923785773206,0.2924547817047818,-0.5755807386825176
0.01,0.2,0.01,10000,0.039740818467995806,0.0017358961544259928,9530.0,0.4777745942497106,0.01597948427855662,4.343405402270096,1.0,0.0,0.0,0.14278405085184298,0.02719513053691437,0.46437092465224367,0.0,1.0,0.0,0.3612801678908709,0.014052872380230452,0.007415215110178382,0.024362212958302754,0.1688056138509969,0.4443693553174944
0.0135,0.2,0.01,10000,0.043015739769150046,0.001745031893392078,9530.0,0.4480681651624667,0.015669588520692026,4.073346956022425,1.0,0.0,0.0,0.1940805852830823,0.0272818957463357,0.4516402470435535,0.0,1.0,0.0,0.3910521797195459,0.014872848390370855,0.007410493179433368,0.024362212958302754,0.1712618048268625,0.42022542865564233
0.017,0.2,0.01,10000,0.04675341028331584,0.002000988592719707,9530.0,0.41511034302339456,0.017396686926921534,3.7737303911217683,1.0,0.0,0.0,0.25261564349406196,0.03131965579744977,0.4371948907759438,0.0,1.0,0.0,0.42503100257559856,0.01578090056610676,0.007489925586540991,0.024362212958302754,0.17406505771248693,0.3927037570753039
0.0205,0.2,0.01,10000,0.05025393494228751,0.002467759437103378,9530.0,0.3850993894030528,0.02091972850321172,3.5009035400277524,1.0,0.0,0.0,0.3073835437680833,0.038569643523621404,0.42378102999889933,0.0,1.0,0.0,0.45685395402079565,0.016606348255591156,0.007597939708275742,0.024362212958302754,0.17669045120671567,0.3669903184057018
0.024,0.2,0.01,10000,0.05349842602308501,0.0025443174139710176,9530.0,0.3578965687925911,0.021064669367328797,3.253605170841736,1.0,0.0,0.0,0.3580403362713875,0.03968506827422766,0.4114676878855408,0.0,1.0,0.0,0.4863493274825908,0.017353605271698748,0.007617554432360598,0.024362212958302754,0.1791238195173138,0.3432272430910753
0.027500000000000004,0.2,0.01,10000,0.056627492130115434,0.0019397391227340085,9530.0,0.33214837577949685,0.015709805291313425,3.0195306889045175,1.0,0.0,0.0,0.406755546666115,0.03016449220248093,0.39971219216286913,0.0,1.0,0.0,0.5147953830010493,0.018060173482989657,0.007475197223685019,0.024362212958302754,0.18147061909758658,0.32037990592291565
0.031,0.2,0.01,10000,0.0606379853095488,0.00256124610608653,9530.0,0.3000863908195542,0.020241062701908317,2.728058098359584,1.0,0.0,0.0,0.4691678378494632,0.03977884426789778,0.3848560434330847,0.0,0.7,0.3,0.551254411904989,0.018938688278337223,0.007613654029450249,0.024362212958302754,0.18447848898216163,0.2912837119287536
0.0345,0.2,0.01,10000,0.06396956977964324,0.00251958410165446,9530.0,0.2740077045115638,0.01949914363773871,2.4909791319233068,1.0,0.0,0.0,0.5208201499750076,0.038993927437555816,0.372705363976447,0.0,0.23,0.77,0.581541543451302,0.01965252413220628,0.007578327779684839,0.024362212958302754,0.1869771773347325,0.26725677058868746
0.038,0.2,0.01,10000,0.06762119622245541,0.002302529964231656,9530.0,0.24602101367360002,0.017471844407836053,2.23655466976,1.0,0.0,0.0,0.5772790150979789,0.035523865689555005,0.35959913350271683,0.0,0.01,0.99,0.6147381474768673,0.020417831988119365,0.007549947534102832,0.024362212958302754,0.18971589716684156,0.24110566630729713
0.0415,0.2,0.01,10000,0.07123924449108081,0.002426602586895736,9530.0,0.2189311883311053,0.017995079567317985,1.9902835302827757,1.0,0.0,0.0,0.6330450370629284,0.03731907346105628,0.3468681699848528,0.0,0.0,1.0,0.6476294953734617,0.021157851276191155,0.007589481244449473,0.024362212958302754,0.19242943336831062,0.2154330776801842
0.045000000000000005,0.2,0.01,10000,0.0746379853095488,0.002770640164503181,9530.0,0.19402877093517845,0.020085231929212688,1.7638979175925311,1.0,0.0,0.0,0.685240465362572,0.04245654307070392,0.3351584998387871,0.0,0.0,1.0,0.6785271391777163,0.02183749979841903,0.0076566631689401875,0.024362212958302754,0.19497848898216155,0.19155691506931644
0.0485,0.2,0.01,10000,0.07839034627492131,0.002709401990335611,9530.0,0.167047537409286,0.0192332617037569,1.5186139764480546,1.0,0.0,0.0,0.742608799534037,0.04136577399017445,0.3224998218863883,0.0,0.0,1.0,0.7126395115901937,0.022573328943139605,0.007637145855194123,0.024362212958302754,0.197792759706191,0.16545241916804926
0.052000000000000005,0.2,0.01,10000,0.08183630640083946,0.00296565130622336,9530.0,0.14279971708986114,0.02062827315667077,1.2981792462714647,1.0,0.0,0.0,0.7950803135865664,0.045080844146536486,0.31116063989579584,0.0,0.0,1.0,0.7439664218258132,0.02323406548580414,0.007705353924518452,0.024362212958302754,0.20037722980062964,0.14177935389638607
0.0555,0.2,0.01,10000,0.08529275970619098,0.002830182049535604,9530.0,0.11889467977314551,0.01938880180827175,1.0808607252104137,1.0,0.0,0.0,0.8474523922294346,0.04279067033649449,0.30004359925563284,0.0,0.0,1.0,0.7753887246017362,0.023885047053721936,0.0076791460314240625,0.024362212958302754,0.20296956977964326,0.11829396357571072
0.059000000000000004,0.2,0.01,10000,0.08872402938090239,0.002821866276445617,9530.0,0.09561455617078382,0.018973463761853666,0.8692232379162168,1.0,0.0,0.0,0.8991784524994965,0.04244688234842736,0.2892965842267884,0.0,0.0,1.0,0.8065820852809309,0.024518583759141108,0.00763914633579561,0.024362212958302754,0.20554302203567684,0.09529045987769345
0.0625,0.2,0.01,10000,0.09217628541448059,0.0025521997193640785,9530.0,0.07259244067635218,0.016818520676347398,0.6599312788759291,1.0,0.0,0.0,0.9509881293201944,0.03820215794804139,0.27875049580656563,0.0,0.0,1.0,0.8379662310407325,0.025144733448146047,0.007632190799635749,0.024362212958302754,0.20813221406086044,0.07244536741638707
0.066,0.2,0.01,10000,0.09564008394543545,0.0027864062324228804,9530.0,0.049953504095176744,0.018055572759458214,0.45412276450160677,1.0,0.0,0.0,1.0026932881436215,0.04146642340138736,0.2684896318978412,0.0,0.0,1.0,0.869455308594868,0.025760058995652608,0.007691117611724623,0.024362212958302754,0.2107300629590766,0.04989603209216058
0.0695,0.2,0.01,10000,0.09945120671563483,0.0033788128296196288,9530.0,0.025542315861781476,0.02155398282983431,0.23220287147074065,0.86,0.07,0.07,1.059246520022952,0.05000977346694182,0.25756798136827636,0.0,0.0,1.0,0.9041018792330442,0.02642314007768803,0.007810140216117889,0.024362212958302754,0.21358840503672613,0.025523697208186816
0.073,0.2,0.01,10000,0.10303043022035675,0.0031567135164337363,9530.0,0.0029627534707505386,0.019698962289333675,0.026934122461368518,0.51,0.12,0.37,1.111999545370533,0.04644125266900608,0.24759867233058355,0.0,0.0,1.0,0.936640274730516,0.02703619336995471,0.007722148698776405,0.024362212958302754,0.21627282266526757,0.0029617414517363163
0.0765,0.2,0.01,10000,0.10602623294858343,0.0028097733981609575,9530.0,-0.015639205140948177,0.017257842213050614,-0.142174592190438,0.13,0.08,0.79,1.1559390992097343,0.041076066110471904,0.2394852335737417,0.0,0.0,1.0,0.9638748449871222,0.027541018723126195,0.007700269979082984,0.024362212958302754,0.2185196747114376,-0.015632953750224395
0.08,0.2,0.01,10000,0.10954354669464848,0.00302185515428472,9530.0,-0.03707519477737313,0.018238415958206192,-0.3370472252488467,0.01,0.01,0.98,1.2072116091108733,0.04389744173501965,0.23028600604042357,0.0,0.0,1.0,0.9958504244968043,0.028122453136669973,0.007735966069365935,0.024362212958302754,0.2211576600209864,-0.037045579862055006
0.08349999999999999,0.2,0.01,10000,0.11362014690451205,0.0030492472497661237,9530.0,-0.06148094445747877,0.01809059769878057,-0.5589176768861707,0.0,0.0,1.0,1.2662243077837159,0.04402449356680456,0.21999641729544595,0.0,0.0,1.0,1.0329104264046551,0.02878412558708421,0.007732238067031529,0.024362212958302754,0.22421511017838405,-0.06138405164445907
0.087,0.2,0.01,10000,0.11681427072402936,0.003000015164672959,9530.0,-0.08027604880910535,0.017538984105730286,-0.7297822619009576,0.0,0.0,1.0,1.3121490746548654,0.043025568217585054,0.21221558223056788,0.0,0.0,1.0,1.0619479156729945,0.0292934601518051,0.007712674799552535,0.024362212958302754,0.22661070304302208,-0.08008023262898499
0.0905,0.2,0.01,10000,0.1210566631689402,0.0033402848355099965,9530.0,-0.1047648297709082,0.019108511240885327,-0.9524075433718926,0.0,0.0,1.0,1.3727442234643035,0.04760105013954573,0.2022845475761459,0.0,0.0,1.0,1.100515119717638,0.02995677665839326,0.00782312902608039,0.024362212958302754,0.22979249737670515,-0.10434596596151141
0.094,0.2,0.01,10000,0.12384365162644281,0.003619823692169287,9530.0,-0.12057986080228923,0.02039950461992301,-1.096180552748084,0.0,0.0,1.0,1.412249625447704,0.05119024940094642,0.19600361881907724,0.0,0.0,1.0,1.1258513784222073,0.03038497830064771,0.00783726937033989,0.024362212958302754,0.23188273871983214,-0.11994968098550088
0.0975,0.2,0.01,10000,0.12754774396642182,0.0032881488851685308,9530.0,-0.14134347435680503,0.018210339862205722,-1.2849406759709547,0.0,0.0,1.0,1.464435983547438,0.04618656134303179,0.18789023268141058,0.0,0.0,1.0,1.1595249451492893,0.030947007334885347,0.0077348915277653165,0.024362212958302754,0.23466080797481642,-0.1403641742484916
0.10099999999999999,0.2,0.01,10000,0.13039139559286464,0.0033373401478292283,9530.0,-0.15701446823551907,0.01825414449377983,-1.427404256686537,0.0,0.0,1.0,1.5042766008706718,0.046560594434814695,0.18189005004564662,0.0,0.0,1.0,1.1853763235714967,0.03137102811078312,0.007795172785000772,0.024362212958302754,0.23679354669464853,-0.15568644498031167
0.1045,0.2,0.01,10000,0.13450472193074503,0.0030487020933762546,9530.0,-0.17934747620479213,0.01643255934725882,-1.630431601861747,0.0,0.0,1.0,1.5614797832421068,0.04226195400577397,0.17351727322834612,0.0,0.0,1.0,1.2227701993704092,0.03197511365378374,0.00774451491073863,0.024362212958302754,0.23987854144805876,-0.17740368481652838
0.108,0.2,0.01,10000,0.13881427072402938,0.00376484841817638,9530.0,-0.20221352725105668,0.019910732539528568,-1.8383047931914245,0.0,0.0,1.0,1.6209396463854109,0.05183116446680237,0.16519828012488758,0.0,0.0,1.0,1.2619479156729942,0.032593324613896996,0.007963140744807706,0.024362212958302754,0.24311070304302207,-0.19942768726474888
0.1115,0.2,0.01,10000,0.14104407135362013,0.0035878985340297934,9530.0,-0.21391463847445802,0.01873865469614897,-1.9446785315859823,0.0,0.0,1.0,1.6514374883082825,0.04906381367432066,0.16102390650456322,0.0,0.0,1.0,1.2822188304874558,0.03290960938149542,0.007812179737739857,0.024362212958302754,0.24478305351521512,-0.2106409599884572
0.11499999999999999,0.2,0.01,10000,0.14421511017838406,0.0032379494114155583,9530.0,-0.2303567994550391,0.016597100617699992,-2.0941527223185377,0.0,0.0,1.0,1.6946555458400416,0.04392031605955342,0.15525073246487614,0.0,0.0,1.0,1.3110464561671276,0.033353942399610224,0.007762570957102783,0.024362212958302754,0.24716133263378803,-0.22630799075435168
0.1185,0.2,0.01,10000,0.14836306400839455,0.0038603844487845474,9530.0,-0.2514218917875412,0.019519581159231744,-2.2856535617049194,0.0,0.0,1.0,1.7507729840745734,0.052036659039073084,0.14806886608264938,0.0,0.0,1.0,1.348755127349041,0.03392298263197542,0.00792181549627191,0.024362212958302754,0.2502722980062959,-0.2461682399338368
0.122,0.2,0.01,10000,0.15200419727177336,0.0036667482919133486,9530.0,-0.26965075928813803,0.018187227769982592,-2.451370538983073,0.0,0.0,1.0,1.7996318078304734,0.04906638517527214,0.14199977250449602,0.0,0.0,1.0,1.381856338834303,0.03441528120079219,0.007860020986358867,0.024362212958302754,0.25300314795383,-0.2632196691933232
0.1255,0.2,0.01,10000,0.15511332633788036,0.0032239116257551936,9530.0,-0.2849998444189614,0.015763613678860918,-2.590907676536012,0.0,0.0,1.0,1.8410818721009852,0.04283027951034015,0.13700127604044063,0.0,0.0,1.0,1.410121148526185,0.0348297041438895,0.007779845838377299,0.024362212958302754,0.2553349947534103,-0.2774631889035377
0.129,0.2,0.01,10000,0.15868310598111227,0.0035901607018592645,9530.0,-0.3022950924087679,0.017282628214904963,-2.7481372037160714,0.0,0.0,1.0,1.8883744740867925,0.04737694737521808,0.13152340290879874,0.0,0.0,1.0,1.4425736907373843,0.03529652473039204,0.007900698669520322,0.024362212958302754,0.25801232948583425,-0.29333230513433917
0.1325,0.2,0.01,10000,0.16219307450157397,0.00423676660418266,9530.0,-0.31900580506303017,0.0200242150955105,-2.9000527733002746,0.0,0.0,1.0,1.9345216189372283,0.05549933483916119,0.12637634366198755,0.0,0.0,1.0,1.4744824954688545,0.03574744082249055,0.00802885339985948,0.024362212958302754,0.26064480587618055,-0.30849652234373226
0.136,0.2,0.01,10000,0.1654438614900315,0.00364380269562578,9530.0,-0.33434664520094776,0.01704332940456255,-3.0395149563722526,0.0,0.0,1.0,1.9769781083195235,0.04741125781071832,0.1217314157009436,0.0,0.0,1.0,1.5040351044548317,0.036161333901975116,0.007885228358825129,0.024362212958302754,0.2630828961175236,-0.322338188841603
0.1395,0.2,0.01,10000,0.16897166841552988,0.0038695640345387033,9530.0,-0.35067519358533317,0.01776349733271573,-3.18795630532121,0.0,0.0,1.0,2.0227711453790294,0.05000821953566818,0.11693048913125771,0.0,0.0,1.0,1.5361060765048173,0.03660174478163081,0.00796937137043697,0.024362212958302754,0.26572875131164747,-0.3368807971145687
0.14300000000000002,0.2,0.01,10000,0.17275655823714586,0.003988541995331406,9530.0,-0.36791819628973826,0.01804045746469777,-3.344710875361257,0.0,0.0,1.0,2.0715309514325217,0.05119783481777099,0.11199494705286081,0.0,0.0,1.0,1.5705141657922348,0.037066710693638566,0.007983428866667273,0.024362212958302754,0.26856741867785944,-0.35207021295297813
0.14650000000000002,0.2,0.01,10000,0.17581846799580272,0.004078997925288514,9530.0,-0.38165628793387846,0.01818316597362724,-3.4696026175807124,0.0,0.0,1.0,2.110705835016968,0.0520143170753204,0.1081617604114785,0.0,0.0,1.0,1.598349709052752,0.03743708438051156,0.007964979886729137,0.024362212958302754,0.2708638509968521,-0.3640416893184802
0.15000000000000002,0.2,0.01,10000,0.1799548793284365,0.004017293379949012,9530.0,-0.3999342303886636,0.017517101219613165,-3.6357657308060336,0.0,0.0,1.0,2.1632892792022966,0.05087346284779588,0.10318954726758163,0.0,0.0,1.0,1.6359534484403317,0.03792974672819697,0.007947475821629815,0.024362212958302754,0.2739661594963274,-0.3797936697455054
0.15350000000000003,0.2,0.01,10000,0.1834480587618048,0.0033306671816792917,9530.0,-0.4151522548406568,0.014344349944002004,-3.7741114076423345,0.0,0.0,1.0,2.2073696740470865,0.04193040914135484,0.09915289345329958,0.0,0.0,1.0,1.667709625107317,0.0383398525486903,0.007796101871955472,0.024362212958302754,0.2765860440713536,-0.3927709598905322
0.157,0.2,0.01,10000,0.1874071353620147,0.0037981712394561376,9530.0,-0.432029673133701,0.016070862439998113,-3.9275424830336463,0.0,0.0,1.0,2.257018503445592,0.04751586897140988,0.09482341891750387,0.0,0.0,1.0,1.7037012305637702,0.03879454940453459,0.007928221846660888,0.024362212958302754,0.279555351521511,-0.4069293317267185
0.1605,0.2,0.01,10000,0.19032843651626444,0.00402182010523959,9530.0,-0.44429934021094697,0.016837909052472372,-4.039084911008608,0.0,0.0,1.0,2.2933986888596003,0.04999887611575977,0.09175548040182913,0.0,0.0,1.0,1.7302585137842215,0.039125046939156534,0.007950699414466718,0.024362212958302754,0.2817463273871983,-0.4171053065071947
0.164,0.2,0.01,10000,0.19303882476390347,0.004313401366807405,9530.0,-0.45553398806956197,0.017714088113004563,-4.141218073359654,0.0,0.0,1.0,2.327001360237817,0.05324587792113886,0.08900417684198046,0.0,0.0,1.0,1.7548984069445772,0.03942761793287269,0.008030378186972761,0.024362212958302754,0.28377911857292765,-0.42632865682497284
0.1675,0.2,0.01,10000,0.1972014690451207,0.004099143747084545,9530.0,-0.4725730822067052,0.016592018867595565,-4.296118929151865,0.0,0.0,1.0,2.378290964429596,0.05030038505583248,0.08492382250081555,0.0,0.0,1.0,1.7927406276829156,0.03988644466120952,0.008015959557201696,0.024362212958302754,0.28690110178384054,-0.4401792352043373
0.171,0.2,0.01,10000,0.20066631689401884,0.0038666851710102775,9530.0,-0.4865176231698007,0.015444268136455407,-4.4228874833618255,0.0,0.0,1.0,2.4206669616884913,0.04716602273561102,0.08167942651394768,0.0,0.0,1.0,1.8242392444910807,0.04026186880437286,0.007925718959021125,0.024362212958302754,0.2894997376705142,-0.4513633693120884
0.17450000000000002,0.2,0.01,10000,0.20448478488982158,0.004059709021251367,9530.0,-0.5016038002976999,0.015888464949189295,-4.560034548160908,0.0,0.0,1.0,2.4671135915289897,0.049219026139432125,0.07826880380275789,0.0,0.0,1.0,1.8589525899074695,0.04066794660864234,0.007989425718713444,0.024362212958302754,0.2923635886673662,-0.4632865629134539
0.17800000000000002,0.2,0.01,10000,0.2076652675760756,0.0040779071291698905,9530.0,-0.5139814256417098,0.015771466509147288,-4.672558414924634,0.0,0.0,1.0,2.5055776226697377,0.049173952104794166,0.07553907282128296,0.0,0.0,1.0,1.8878660688734141,0.041001063973753415,0.008030636847876636,0.024362212958302754,0.2947489506820567,-0.47295116770507617
0.18150000000000002,0.2,0.01,10000,0.2106327387198321,0.004835933703385861,9530.0,-0.5253133845101239,0.01844217351462174,-4.775576222819308,0.0,0.0,1.0,2.5412640093866643,0.057962915903742335,0.0731117256099882,0.0,0.0,1.0,1.9148430792712006,0.041305980596928,0.008168842906680048,0.024362212958302754,0.2969745540398741,-0.4816659851334713
0.18500000000000003,0.2,0.01,10000,0.21444596012591816,0.004083186053534989,9530.0,-0.5397831184165683,0.015292795961298957,-4.90711925833244,0.0,0.0,1.0,2.5868402577484115,0.0486536539982643,0.07005573541623783,0.0,0.0,1.0,1.9495087284174373,0.04169530289070095,0.007952202430248094,0.024362212958302754,0.2998344700944386,-0.492737422976106
0.1885,0.2,0.01,10000,0.21805771248688352,0.003891506552114791,9530.0,-0.5532167977728182,0.014307323917120203,-5.029243616116529,0.0,0.0,1.0,2.629775983140988,0.046134426072928426,0.06730352679540436,0.0,0.0,1.0,1.9823428407898505,0.04205667842246715,0.007905351169051139,0.024362212958302754,0.30254328436516265,-0.5028510919297406
0.192,0.2,0.01,10000,0.2216421825813222,0.00413020966927241,9530.0,-0.566301979697317,0.014908239886598756,-5.148199815430154,0.0,0.0,1.0,2.67216124900574,0.04866064644997034,0.06469755356682794,0.0,0.0,1.0,2.0149289325574737,0.04240861761577091,0.00796002050575738,0.024362212958302754,0.3052316369359916,-0.5125550785917314
0.1955,0.2,0.01,10000,0.22543022035676813,0.004184543405093423,9530.0,-0.5799096719193879,0.014879393666235832,-5.2719061083580705,0.0,0.0,1.0,2.716698598520628,0.049078476910619784,0.062055776115737205,0.0,0.0,1.0,2.049365639606983,0.042774557007552734,0.007983063615908025,0.024362212958302754,0.3080726652675761,-0.5225165162247876
0.199,0.2,0.01,10000,0.22882686253934942,0.0044916998652783655,9530.0,-0.5918914199522952,0.01574502989582811,-5.380831090475413,0.0,0.0,1.0,2.756458470649065,0.05240219530885464,0.05979013231871755,0.0,0.0,1.0,2.0802442049031766,0.04309672049917466,0.00813467689818842,0.024362212958302754,0.31062014690451206,-0.531161010190404
0.2025,0.2,0.01,10000,0.2323441762854145,0.004057503059453963,9530.0,-0.6041524149381194,0.013982872578309189,-5.492294681255633,0.0,0.0,1.0,2.797338931861213,0.04708804729844595,0.057520709672695514,0.0,0.0,1.0,2.112219784412859,0.04342635939070397,0.007985353796376844,0.024362212958302754,0.31325813221406085,-0.5399237070384383
0.20600000000000002,0.2,0.01,10000,0.23547009443861489,0.005004148777385554,9530.0,-0.6147859165389725,0.017049428395677534,-5.588962877627024,0.0,0.0,1.0,2.8335746334748415,0.0577813303116174,0.055613904540948444,0.0,0.0,1.0,2.1406372221692265,0.043712185829657704,0.008246219876166614,0.024362212958302754,0.3156025708289612,-0.5473769810290073
0.20950000000000002,0.2,0.01,10000,0.2391227701993704,0.00486705774400584,9530.0,-0.627104047834621,0.01631340114512467,-5.700945889405646,0.0,0.0,1.0,2.87562067725643,0.05591849079022847,0.05344211716470148,0.0,0.0,1.0,2.173843365448822,0.04404327297875735,0.008133965460622837,0.024362212958302754,0.3183420776495278,-0.555953756271251
0.21300000000000002,0.2,0.01,10000,0.2429611752360966,0.004549714139322899,9530.0,-0.6398325851640633,0.01495467339607599,-5.816659865127848,0.0,0.0,1.0,2.919636546761804,0.0520317553865173,0.05124994068893113,0.0,0.0,1.0,2.2087379566917864,0.0443853469843834,0.008125461307408549,0.024362212958302754,0.3212208814270724,-0.5647004152359151
0.21650000000000003,0.2,0.01,10000,0.24532738719832106,0.00414470068813463,9530.0,-0.6475768497078775,0.013373980123244304,-5.887062270071613,0.0,0.0,1.0,2.946635523787683,0.04715925531599101,0.049942458648848394,0.0,0.0,1.0,2.2302489745301917,0.04459345059488031,0.008045519844895111,0.024362212958302754,0.3229955403987408,-0.569968323743601
0.22,0.2,0.01,10000,0.24920251836306398,0.0048100473889530595,9530.0,-0.6599802387950846,0.015294724792958434,-5.999820352682588,0.0,0.0,1.0,2.990678506305618,0.05449405314912434,0.0479092596463156,0.0,0.0,1.0,2.2654774396642186,0.04492670027948338,0.008137068990639353,0.024362212958302754,0.3259018887722981,-0.5782611444461735
0.01,0.25,0.01,10000,0.04249788135593221,0.0020459394236826862,9440.0,0.45262612868774665,0.01833038011130316,4.114782988070424,1.0,0.0,0.0,0.2098963691331511,0.03208255352880286,0.44773118127639644,0.0,1.0,0.0,0.38634437596302007,0.014753392654401662,0.007483686440677964,0.029233711990772838,0.20337341101694917,0.4239399612186466
0.0135,0.25,0.01,10000,0.04568220338983053,0.001786224455412116,9440.0,0.4243161606037167,0.015651136904777315,3.85741964185197,1.0,0.0,0.0,0.25973682397895814,0.02793496889474095,0.4354407365134037,0.0,1.0,0.0,0.4152927580893682,0.015534136693900094,0.0074509805714535575,0.029233711990772838,0.20576165254237289,0.4004788670443209
0.017,0.25,0.01,10000,0.04929237288135594,0.0022221995521435273,9440.0,0.3931233310380378,0.01894731568038078,3.573848463982163,1.0,0.0,0.0,0.3162236800163128,0.03473158999903414,0.42161936702710534,0.0,1.0,0.0,0.4481124807395993,0.01639285919501971,0.00751443546007966,0.029233711990772838,0.20846927966101692,0.37393564306396654
0.0205,0.25,0.01,10000,0.05267690677966102,0.0023493934822762103,9440.0,0.36457587217813164,0.01961593099715751,3.3143261107102875,1.0,0.0,0.0,0.3690950859244272,0.03662521675503195,0.4087888663964079,0.0,1.0,0.0,0.47888097072419095,0.017177649001647116,0.007542933702185423,0.029233711990772838,0.21100768008474577,0.34912121920874056
0.024,0.25,0.01,10000,0.056087923728813556,0.0024244995092450035,9440.0,0.3364677955424339,0.0197805703931735,3.0587981412948535,1.0,0.0,0.0,0.4223001975044576,0.03771530945350031,0.39600135610610543,0.0,0.97,0.03,0.5098902157164868,0.017949364426278716,0.00759492248911661,0.029233711990772838,0.21356594279661018,0.3242077013307032
0.027500000000000004,0.25,0.01,10000,0.06018220338983051,0.0025146814852055883,9440.0,0.30356436608295195,0.019962852758294115,2.759676055299563,1.0,0.0,0.0,0.4859970660878984,0.03908644528054538,0.3808794030926338,0.0,0.57,0.43,0.5471109399075502,0.018851554190518545,0.007615397786887457,0.029233711990772838,0.21663665254237294,0.2944647927676342
0.031,0.25,0.01,10000,0.06339088983050849,0.0024729936254139265,9440.0,0.2783651185977652,0.0192111743772584,2.530591987252411,1.0,0.0,0.0,0.5357634409718286,0.038317546513669865,0.3692179956990628,0.0,0.12,0.88,0.5762808166409862,0.019541710944264875,0.007576374121052882,0.029233711990772838,0.21904316737288135,0.2712995345239099
0.0345,0.25,0.01,10000,0.06676377118644068,0.002520943426012374,9440.0,0.252427408148116,0.01915502417758207,2.2947946195283278,1.0,0.0,0.0,0.5879597387619652,0.038937708865433567,0.3571525491905214,0.0,0.0,1.0,0.606943374422188,0.02025138941663521,0.007598015968554234,0.029233711990772838,0.22157282838983058,0.2471152061960794
0.038,0.25,0.01,10000,0.07062605932203389,0.002420374357593261,9440.0,0.22335590177244483,0.017977888859841393,2.0305081979313164,1.0,0.0,0.0,0.6475233700812789,0.03729081271279108,0.3435965422083338,0.0,0.0,1.0,0.6420550847457627,0.021046046108629875,0.007595868644067797,0.029233711990772838,0.22446954449152542,0.219647669562754
0.0415,0.25,0.01,10000,0.073875,0.0025886659125524476,9440.0,0.1994386700292306,0.01892256427968702,1.8130788184475508,1.0,0.0,0.0,0.6974411613491412,0.03969221297485997,0.33243762625196377,0.0,0.0,1.0,0.671590909090909,0.021699191741170673,0.007606412256646101,0.029233711990772838,0.22690625000000003,0.19676828894757697
0.045000000000000005,0.25,0.01,10000,0.07774576271186441,0.002517177413606634,9440.0,0.17149411905448098,0.01796209896122575,1.5590374459498266,1.0,0.0,0.0,0.7566792804529505,0.03848047181705821,0.3194252279808604,0.0,0.0,1.0,0.7067796610169492,0.02246171508238541,0.007605725815968135,0.029233711990772838,0.2298093220338983,0.1697798055124154
0.0485,0.25,0.01,10000,0.08091525423728813,0.002538165996675647,9440.0,0.14907201355567032,0.017825469558700967,1.3552001232333666,1.0,0.0,0.0,0.8049736342620468,0.038593212717283755,0.30902261907505807,0.0,0.0,1.0,0.735593220338983,0.0230730626880336,0.0076025650581176265,0.029233711990772838,0.23218644067796607,0.14793158175589663
0.052000000000000005,0.25,0.01,10000,0.08398834745762715,0.00272317032686765,9440.0,0.1277192875340421,0.018696166238283487,1.1610844321276554,1.0,0.0,0.0,0.8516160597725233,0.041199307841076845,0.29916506074605675,0.0,0.0,1.0,0.7635304314329738,0.02365486577340733,0.007636440215565081,0.029233711990772838,0.23449126059322037,0.12698722508503577
0.0555,0.25,0.01,10000,0.08759110169491527,0.002984655175841448,9440.0,0.10314371658136831,0.020178739930021047,0.9376701507397119,1.0,0.0,0.0,0.9060645358332176,0.044940726463635935,0.28789277265438323,0.0,0.0,1.0,0.7962827426810475,0.024324039510035127,0.007723110687688811,0.029233711990772838,0.23719332627118642,0.10273854995126636
0.059000000000000004,0.25,0.01,10000,0.0916302966101695,0.003004356504963599,9440.0,0.0761182877383867,0.019881240151885582,0.6919844339853337,1.0,0.0,0.0,0.966729405880916,0.04502039266533065,0.27562276690055415,0.0,0.0,1.0,0.8330026964560865,0.025059435931699858,0.0076944845496430495,0.029233711990772838,0.2402227224576271,0.07594212095458418
0.0625,0.25,0.01,10000,0.09479131355932204,0.002882141622676622,9440.0,0.055350772484415244,0.018728487385772888,0.5031888407674113,1.0,0.0,0.0,1.013973165758862,0.04293952012414373,0.2662864679962292,0.0,0.0,1.0,0.8617392141756549,0.025624207285466803,0.007715733309946099,0.029233711990772838,0.2425934851694915,0.055275738531828954
0.066,0.25,0.01,10000,0.09886758474576272,0.0031029165100117688,9440.0,0.029103102589590944,0.019788711554261686,0.2645736599053723,0.91,0.03,0.06,1.074521769409809,0.04598652265614715,0.25464158059856695,0.0,0.0,1.0,0.8987962249614792,0.026337558563009487,0.007750503978189493,0.029233711990772838,0.24565068855932204,0.02908355052824621
0.0695,0.25,0.01,10000,0.10255508474576272,0.0030527045699248697,9440.0,0.005798058102315305,0.0190694525221508,0.05270961911195732,0.57,0.08,0.35,1.1289558167393074,0.04497325756404172,0.24444840581735183,0.0,0.0,1.0,0.9323189522342065,0.0269705801138829,0.007771019169447798,0.029233711990772838,0.248416313559322,0.005796468268808657
0.073,0.25,0.01,10000,0.10550317796610172,0.003306630943500586,9440.0,-0.012496981778472001,0.02043177009912846,-0.11360892525883638,0.23,0.04,0.73,1.1722068759055262,0.048393834257376686,0.23656650543983113,0.0,0.0,1.0,0.9591197996918336,0.02746725357780487,0.007792936181579322,0.029233711990772838,0.25062738347457625,-0.012491842369035704
0.0765,0.25,0.01,10000,0.10980826271186443,0.0032859201972954026,9440.0,-0.03877688966662779,0.019853969477965305,-0.3525171787875253,0.0,0.03,0.97,1.235005746193577,0.047822602067216134,0.22541500374878315,0.0,0.0,1.0,0.9982569337442219,0.028180375326608827,0.007854201113738985,0.029233711990772838,0.25385619703389833,-0.038742588482821264
0.08,0.25,0.01,10000,0.11227754237288134,0.003612394979344003,9440.0,-0.05356827168723867,0.021576784642902292,-0.48698428806580596,0.01,0.0,0.99,1.2707642361262768,0.052215011380292546,0.21925607294658167,0.0,0.0,1.0,1.0207049306625577,0.028581544697615598,0.007866446154951185,0.029233711990772838,0.255708156779661,-0.053493003336343124
0.08349999999999999,0.25,0.01,10000,0.11632838983050847,0.0031793575393636113,9440.0,-0.07754750427119123,0.01862221929938216,-0.7049773115562837,0.0,0.0,1.0,1.3291048511734258,0.045659103963833096,0.20940671926012647,0.0,0.0,1.0,1.0575308166409862,0.029231705935923596,0.007763397527788815,0.029233711990772838,0.2587462923728813,-0.0773663681946175
0.087,0.25,0.01,10000,0.11911016949152542,0.003473399047276253,9440.0,-0.09369120062204464,0.02004600190922874,-0.8517381874731332,0.0,0.0,1.0,1.3689165006201696,0.04953415527829952,0.20291159746557003,0.0,0.0,1.0,1.0828197226502312,0.029669200405892063,0.007822698171944066,0.029233711990772838,0.260832627118644,-0.09338114283262577
0.0905,0.25,0.01,10000,0.12273728813559322,0.0031418624889242193,9440.0,-0.11448581014156507,0.017808358994945147,-1.0407800921960462,0.0,0.0,1.0,1.4204997068994458,0.04449913449948495,0.19467701965286094,0.0,0.0,1.0,1.115793528505393,0.030232568284818045,0.007736980312354914,0.029233711990772838,0.263552966101695,-0.11395267684856611
0.094,0.25,0.01,10000,0.12679555084745764,0.0035139019754367147,9440.0,-0.13726910448617757,0.019526689362514983,-1.2479009498743416,0.0,0.0,1.0,1.4778153193645247,0.049451185779107856,0.18587257337600918,0.0,0.0,1.0,1.1526868258859786,0.030849511308490056,0.007855755476985084,0.029233711990772838,0.2665966631355932,-0.1363623717493436
0.0975,0.25,0.01,10000,0.13020868644067796,0.0036569764939388813,9440.0,-0.15611202320798678,0.020019379302889214,-1.419200210981698,0.0,0.0,1.0,1.5256472092586177,0.051096934217949516,0.17875319905142537,0.0,0.0,1.0,1.1837153312788904,0.03135956219341848,0.007878207368020002,0.029233711990772838,0.26915651483050845,-0.15479592098037234
0.10099999999999999,0.25,0.01,10000,0.13352224576271185,0.003777254686172954,9440.0,-0.17412277932546402,0.020383519552679766,-1.5829343575042185,0.0,0.0,1.0,1.5717839882495122,0.05242421534227448,0.1720892393685809,0.0,0.0,1.0,1.213838597842835,0.031846923590900564,0.007916035138002033,0.029233711990772838,0.27164168432203395,-0.1723154318714423
0.1045,0.25,0.01,10000,0.13729449152542372,0.003576296821242199,9440.0,-0.19432440645039836,0.018952180488405038,-1.7665855131854393,0.0,0.0,1.0,1.6239182092510105,0.0492957299137908,0.16477607364871416,0.0,0.0,1.0,1.248131741140216,0.032393398858533165,0.007839206387421695,0.029233711990772838,0.27447086864406783,-0.19184896234873236
0.108,0.25,0.01,10000,0.14041101694915253,0.0033863672173030236,9440.0,-0.2107529148542543,0.01768654006740279,-1.9159355895841303,0.0,0.0,1.0,1.6667072486792214,0.046347513424128454,0.15896052355794957,0.0,0.0,1.0,1.2764637904468414,0.03283766429712819,0.0078022121235054205,0.029233711990772838,0.27680826271186443,-0.20762537774539905
0.1115,0.25,0.01,10000,0.14426377118644068,0.0039749963353916526,9440.0,-0.23067211741863164,0.020367950110832596,-2.0970192492602875,0.0,0.0,1.0,1.7192519144162133,0.05400667533475726,0.1520967839736589,0.0,0.0,1.0,1.3114888289676427,0.033376123045070774,0.00797134895642271,0.029233711990772838,0.27969782838983054,-0.22657719510757815
0.11499999999999999,0.25,0.01,10000,0.14749788135593223,0.0034001065407561993,9440.0,-0.24721545429765895,0.01715350412625189,-2.2474132208878084,0.0,0.0,1.0,1.7630187974151699,0.04587053007136837,0.1465044540971071,0.0,0.0,1.0,1.3408898305084742,0.03382323418468633,0.007815206387421694,0.029233711990772838,0.2821234110169491,-0.24223242454737373
0.1185,0.25,0.01,10000,0.15130190677966102,0.0038688090270208686,9440.0,-0.26627086855131366,0.019283746683937307,-2.420644259557397,0.0,0.0,1.0,1.8141654141741401,0.05185877707782842,0.14025100434019053,0.0,0.0,1.0,1.3754718798151,0.034338040562542166,0.007948196154951187,0.029233711990772838,0.2849764300847457,-0.26006261814674386
0.122,0.25,0.01,10000,0.1545,0.0036927385903198617,9440.0,-0.2820865549465971,0.01814977981858295,-2.5644232267872473,0.0,0.0,1.0,1.8568426699429605,0.049154276652346715,0.13517359376452595,0.0,0.0,1.0,1.4045454545454543,0.03476522551278842,0.00788625397818949,0.029233711990772838,0.287375,-0.274752737972255
0.1255,0.25,0.01,10000,0.1579512711864407,0.0036534029815075914,9440.0,-0.29888829818922763,0.017628173171723285,-2.7171663471747967,0.0,0.0,1.0,1.9026119310350673,0.048265339001175224,0.1299094796586764,0.0,0.0,1.0,1.4359206471494608,0.035218922365854444,0.0078929548886261,0.029233711990772838,0.28996345338983054,-0.29021309514127397
0.129,0.25,0.01,10000,0.1615476694915254,0.0039432490639053075,9440.0,-0.3160947027502009,0.01872123290925806,-2.8735882068200085,0.0,0.0,1.0,1.9499636700746743,0.051741916568412,0.12466570184947066,0.0,0.0,1.0,1.468615177195686,0.03568341257954451,0.007950529661016949,0.029233711990772838,0.2926607521186441,-0.305875205781036
0.1325,0.25,0.01,10000,0.16532097457627118,0.0037703848907907566,9440.0,-0.33388988779633827,0.01758704179901922,-3.035362616330348,0.0,0.0,1.0,1.9992956154004529,0.04913968637013862,0.11937233560732526,0.0,0.0,1.0,1.5029179506933743,0.03616368692956943,0.007930829009678984,0.029233711990772838,0.2954907309322034,-0.3219231371933601
0.136,0.25,0.01,10000,0.16863983050847456,0.0040264350543907515,9440.0,-0.34926293071798037,0.01846919867396609,-3.17511755198164,0.0,0.0,1.0,2.0423689385323094,0.052113124274872386,0.11493058918807136,0.0,0.0,1.0,1.5330893682588598,0.03657847509832989,0.007963718118687796,0.029233711990772838,0.29797987288135597,-0.3356207272856082
0.1395,0.25,0.01,10000,0.17154343220338983,0.003532859557256962,9440.0,-0.36258142530024395,0.016035324924881147,-3.2961947754567626,0.0,0.0,1.0,2.0798413628204098,0.045407848884652914,0.11114990971098226,0.0,0.0,1.0,1.5594857473035437,0.03693777479369473,0.007877676985503389,0.029233711990772838,0.3001575741525424,-0.34740795623005044
0.14300000000000002,0.25,0.01,10000,0.17525317796610168,0.004276268840915623,9440.0,-0.379242875607789,0.01915167716129932,-3.4476625055253556,0.0,0.0,1.0,2.127393384879562,0.054632310888477795,0.10657352343124694,0.0,0.0,1.0,1.5932107087827425,0.03738712200641606,0.008009224835369831,0.029233711990772838,0.3029398834745763,-0.3619358969533636
0.14650000000000002,0.25,0.01,10000,0.17924152542372881,0.00365963695480898,9440.0,-0.39695958224478717,0.016142778687189163,-3.6087234749526105,0.0,0.0,1.0,2.1781434269383904,0.04645362236652408,0.10180857838430248,0.0,0.0,1.0,1.6294684129429893,0.037864855378810104,0.007852075493890507,0.029233711990772838,0.3059311440677966,-0.37726144156256225
0.15000000000000002,0.25,0.01,10000,0.18222987288135598,0.004075859902304022,9440.0,-0.4099622791334525,0.01773855858412942,-3.7269298103041155,0.0,0.0,1.0,2.2159281617862505,0.0514070521162983,0.09842283730437504,0.0,0.0,1.0,1.6566352080123266,0.03821537625370249,0.007933493024219324,0.029233711990772838,0.30817240466101703,-0.3883384313727033
0.15350000000000003,0.25,0.01,10000,0.1861016949152542,0.004122910586241305,9440.0,-0.426589399191479,0.01758644409964926,-3.8780854471952635,0.0,0.0,1.0,2.2646113588507335,0.051635906987335715,0.09418805013019764,0.0,0.0,1.0,1.6918335901386752,0.03866352654805898,0.008023977055665083,0.029233711990772838,0.31107627118644077,-0.402364020324817
0.157,0.25,0.01,10000,0.1896504237288136,0.00395521782705468,9440.0,-0.44159412393164293,0.01652851367174865,-4.014492035742209,0.0,0.0,1.0,2.308883081505775,0.04922843750667722,0.0904704626615652,0.0,0.0,1.0,1.7240947611710322,0.039067868668227035,0.0079595259419261,0.029233711990772838,0.31373781779661014,-0.41487188624623
0.1605,0.25,0.01,10000,0.19256355932203387,0.0038795964448458996,9440.0,-0.4537289321092162,0.016033638120948462,-4.124808473720147,0.0,0.0,1.0,2.3450260640563156,0.04796074687099545,0.0875368337944184,0.0,0.0,1.0,1.7505778120184903,0.03939481242767476,0.007949508992773559,0.029233711990772838,0.3159226694915254,-0.424870733632381
0.164,0.25,0.01,10000,0.19684639830508474,0.004514877386353151,9440.0,-0.4712281338613115,0.018235887492778186,-4.283892126011923,0.0,0.0,1.0,2.397821083681051,0.055470442872666316,0.08343542192956811,0.0,0.0,1.0,1.7895127118644067,0.03986618022074191,0.00807387737774271,0.029233711990772838,0.3191347987288136,-0.4390741638280613
0.1675,0.25,0.01,10000,0.19946398305084745,0.004274172308938379,9440.0,-0.48180583001076926,0.017206102665388672,-4.380053000097901,0.0,0.0,1.0,2.4298911039211295,0.05220296147024481,0.0810060316715932,0.0,0.0,1.0,1.813308936825886,0.04015106933197348,0.00802089530749356,0.029233711990772838,0.32109798728813566,-0.44758403609459757
0.171,0.25,0.01,10000,0.20280720338983052,0.004879587641637525,9440.0,-0.4950643420962241,0.01920039230123305,-4.500584928147491,0.0,0.0,1.0,2.4706661255100077,0.059217411824089426,0.07804514590454545,0.0,0.0,1.0,1.843701848998459,0.04050808826392048,0.008190302605351864,0.029233711990772838,0.32360540254237286,-0.4580944011171657
0.17450000000000002,0.25,0.01,10000,0.20675953389830506,0.004137940786952575,9440.0,-0.5105965762013883,0.016081501343657094,-4.641787056376257,0.0,0.0,1.0,2.5185197819356913,0.04995472166363298,0.07464269773592705,0.0,0.0,1.0,1.879632126348228,0.04092628996892108,0.007980340740945084,0.029233711990772838,0.3265696504237288,-0.47031621300874776
0.17800000000000002,0.25,0.01,10000,0.21057521186440678,0.004102710487151842,9440.0,-0.5252769184328694,0.015670560144484768,-4.775244713026086,0.0,0.0,1.0,2.5644617322559338,0.04923895609106999,0.07152930520892664,0.0,0.0,1.0,1.9143201078582432,0.04132146686138937,0.008007713104103727,0.029233711990772838,0.3294314088983052,-0.4816726199699732
0.18150000000000002,0.25,0.01,10000,0.21350105932203386,0.0039591098585111065,9440.0,-0.536370134706215,0.01494607943379127,-4.876092133692863,0.0,0.0,1.0,2.5994656192551746,0.04723242440035283,0.06923433079650318,0.0,0.0,1.0,1.9409187211093988,0.04162003824296853,0.007942337743353898,0.029233711990772838,0.33162579449152546,-0.4901531368307793
0.18500000000000003,0.25,0.01,10000,0.21687817796610173,0.003578553884156743,9440.0,-0.5490044199618999,0.013268088648672972,-4.990949272380908,0.0,0.0,1.0,2.639678835827779,0.04243051227521599,0.0666760806659104,0.0,0.0,1.0,1.9716197996918339,0.04196004263730867,0.007868145825690847,0.029233711990772838,0.3341586334745763,-0.49970835647875445
0.1885,0.25,0.01,10000,0.2206440677966102,0.004236626810231282,9440.0,-0.5627947431716162,0.0153963995711657,-5.116315847014692,0.0,0.0,1.0,2.6842860112170133,0.04998622585473604,0.06397135845645396,0.0,0.0,1.0,2.0058551617873652,0.04233108227407933,0.007994240285726779,0.029233711990772838,0.3369830508474576,-0.5099595061871735
0.192,0.25,0.01,10000,0.22422033898305088,0.004693503423787819,9440.0,-0.575677442617298,0.016833244696918423,-5.233431296520889,0.0,0.0,1.0,2.726395893806362,0.05510379697714186,0.061509778150108545,0.0,0.0,1.0,2.038366718027735,0.042677649735756315,0.008070562319625085,0.029233711990772838,0.3396652542372881,-0.5194102857297702
0.1955,0.25,0.01,10000,0.22783474576271184,0.003898777261623921,9440.0,-0.588571800619422,0.013767930888104539,-5.3506527329038365,0.0,0.0,1.0,2.768725613058982,0.04551518232150615,0.05908817137697454,0.0,0.0,1.0,2.071224961479199,0.043024501015732824,0.007938497002408814,0.029233711990772838,0.34237605932203385,-0.5287962150158154
0.199,0.25,0.01,10000,0.23119597457627122,0.0037114770470613448,9440.0,-0.6003301261187532,0.012849173893175357,-5.457546601079574,0.0,0.0,1.0,2.8078770870856276,0.043116339666751165,0.05694366818133362,0.0,0.0,1.0,2.1017815870570105,0.04334074022592663,0.007890643087198303,0.029233711990772838,0.3448969809322034,-0.5372219703363437
0.2025,0.25,0.01,10000,0.23462817796610175,0.003937449750086951,9440.0,-0.6121214427386665,0.013473756152345664,-5.564740388533332,0.0,0.0,1.0,2.8476842558022026,0.04548155266900423,0.05484854451551755,0.0,0.0,1.0,2.1329834360554702,0.0436578187958685,0.00796172431717254,0.029233711990772838,0.34747113347457625,-0.5455498766921294
0.20600000000000002,0.25,0.01,10000,0.2377680084745763,0.004046892371018853,9440.0,-0.6227486105362454,0.013608089303372579,-5.66135100487496,0.0,0.0,1.0,2.8839288542556694,0.046536515338521975,0.05300184106590846,0.0,0.0,1.0,2.1615273497688756,0.04394355876373171,0.008007959903210168,0.029233711990772838,0.3498260063559323,-0.552968509664087
0.20950000000000002,0.25,0.01,10000,0.2415074152542373,0.004560520077671775,9440.0,-0.6351740811872554,0.015057933226103984,-5.774309828975048,0.0,0.0,1.0,2.9268678371240435,0.05219279418964615,0.05089969504339909,0.0,0.0,1.0,2.195521956856702,0.04427760345758751,0.008076775682827456,0.029233711990772838,0.35263056144067795,-0.5615184026068892
0.21300000000000002,0.25,0.01,10000,0.24533580508474578,0.004577102731198502,9440.0,-0.6477013105684164,0.014877378047723397,-5.888193732440149,0.0,0.0,1.0,2.970610872654027,0.05216533545504278,0.04882794338409564,0.0,0.0,1.0,2.230325500770416,0.0446143452289065,0.008090942176761694,0.029233711990772838,0.3555018538135593,-0.5700361780108113
0.21650000000000003,0.25,0.01,10000,0.2488718220338983,0.004340397564209609,9440.0,-0.6590865391085119,0.013782113919306763,-5.991695810077379,0.0,0.0,1.0,3.0108124975460338,0.04923065652602959,0.04698817881305948,0.0,0.0,1.0,2.2624711093990753,0.044920353833155756,0.008058467859589151,0.029233711990772838,0.35815386652542375,-0.5776828217485328
0.22,0.25,0.01,10000,0.2529915254237288,0.004884384938771471,9440.0,-0.6720504505900518,0.015211947675894451,-6.1095495508186515,0.0,0.0,1.0,3.057421119341894,0.05516660052930463,0.04495672405956637,0.0,0.0,1.0,2.2999229583975347,0.045268738024471115,0.008152344200937288,0.029233711990772838,0.36124364406779663,-0.5862389278707387
0.01,0.3,0.01,10000,0.045213903743315506,0.0023565905711049385,9350.0,0.4283804720238475,0.020698705712617668,3.894367927489524,1.0,0.0,0.0,0.27638502220566175,0.03691247407832042,0.4313632461833612,0.0,1.0,0.0,0.4110354885755956,0.015428722274578139,0.007553147991136751,0.03417537999003839,0.23791042780748664,0.4038239521765829
0.0135,0.3,0.01,10000,0.04879786096256684,0.0022951522186552935,9350.0,0.3972370066226924,0.019663544815714775,3.611245514751749,1.0,0.0,0.0,0.3324528988676835,0.03590371675154294,0.41766954354433616,0.0,1.0,0.0,0.44361691784151674,0.016286767827734673,0.007560718319023676,0.03417537999003839,0.24059839572192515,0.3774585428774593
0.017,0.3,0.01,10000,0.051743315508021394,0.0023180134245159947,9350.0,0.3722550832838097,0.019505955156132196,3.3841371207619075,1.0,0.0,0.0,0.37845877462762145,0.03612747082045658,0.40652758094574454,0.0,1.0,0.0,0.47039377734564897,0.01697405585711934,0.007531704387155119,0.03417537999003839,0.242807486631016,0.35584517111221053
0.0205,0.3,0.01,10000,0.0557048128342246,0.0023757978054127055,9350.0,0.3394592899915285,0.019475542029200217,3.0859935453775313,1.0,0.0,0.0,0.44026678602707053,0.036991077090089385,0.39171199395240724,0.0,0.94,0.06,0.5064073894020418,0.01787508835765647,0.007573268998019841,0.03417537999003839,0.24577860962566844,0.32688430742941016
0.024,0.3,0.01,10000,0.05914866310160428,0.0026455776587811946,9350.0,0.31167815963346707,0.02106778294607375,2.8334378148497,1.0,0.0,0.0,0.4938725777644902,0.04114485113550694,0.37902980736653114,0.0,0.49,0.51,0.5377151191054934,0.018637301282003516,0.007605632880669223,0.03417537999003839,0.24836149732620322,0.30184310544420034
0.027500000000000004,0.3,0.01,10000,0.06252513368983957,0.002550946234512877,9350.0,0.2849936893160663,0.019941900533590812,2.590851721055148,1.0,0.0,0.0,0.5462940778122904,0.03953994856338855,0.3667725002136548,0.0,0.07,0.93,0.5684103062712689,0.01936866539286686,0.00758999676331861,0.03417537999003839,0.25089385026737976,0.27741960964429957
0.031,0.3,0.01,10000,0.06615508021390375,0.0026023124004613857,9350.0,0.256951285101367,0.01989942959424152,2.335920773648791,1.0,0.0,0.0,0.6025146925743917,0.04022008826856939,0.35382201064182817,0.0,0.0,1.0,0.6014098201263977,0.020136411546814517,0.007633048128342246,0.03417537999003839,0.25361631016042785,0.2513492105858377
0.0345,0.3,0.01,10000,0.0696331550802139,0.003068713074633999,9350.0,0.23071295136949227,0.022966480739376464,2.097390466995384,1.0,0.0,0.0,0.6562100749556311,0.04725517012249687,0.34167016655882115,0.0,0.0,1.0,0.6330286825473991,0.02085399324358583,0.007715944536294849,0.03417537999003839,0.2562248663101604,0.22659237457739448
0.038,0.3,0.01,10000,0.07334866310160428,0.002870491946565374,9350.0,0.20318866172096883,0.020967784878116163,1.847169652008807,1.0,0.0,0.0,0.713346278384527,0.044080351233561056,0.328932743238174,0.0,0.0,1.0,0.6668060281964026,0.02160615398017203,0.007701069518716577,0.03417537999003839,0.25901149732620327,0.20035472354622497
0.0415,0.3,0.01,10000,0.0762716577540107,0.0028509566856315264,9350.0,0.1819675699326976,0.020445307654877638,1.6542506357517968,1.0,0.0,0.0,0.7581352682228847,0.04359226726937851,0.3191255934970295,0.0,0.0,1.0,0.6933787068546424,0.022185579623262112,0.007711141394631097,0.03417537999003839,0.26120374331550805,0.17991441140798764
0.045000000000000005,0.3,0.01,10000,0.08041283422459893,0.0028943556514378762,9350.0,0.1525097888627473,0.02042916391861277,1.3864526260249752,1.0,0.0,0.0,0.8213126739883658,0.04404844554362891,0.30556394783827656,0.0,0.0,1.0,0.7310257656781721,0.022989249796356515,0.007706748293672979,0.03417537999003839,0.2643096256684492,0.1512759768102994
0.0485,0.3,0.01,10000,0.08363422459893048,0.0029537835215808564,9350.0,0.13006090233441392,0.0204657536124282,1.1823718394037628,1.0,0.0,0.0,0.8702339378207388,0.04473920379423059,0.2952897500762655,0.0,0.0,1.0,0.7603111327175496,0.023601229112490203,0.007726119388542392,0.03417537999003839,0.2667256684491979,0.12927876742815333
0.052000000000000005,0.3,0.01,10000,0.08745454545454547,0.00297531781910294,9350.0,0.10393784690137436,0.02010147680043972,0.9448895172852216,1.0,0.0,0.0,0.9279702951203446,0.04487471612641931,0.2834244922661516,0.0,0.0,1.0,0.7950413223140497,0.024312884086940417,0.007741176470588235,0.03417537999003839,0.26959090909090905,0.10352471196785887
0.0555,0.3,0.01,10000,0.09024705882352942,0.003258712213932194,9350.0,0.08520875901041142,0.02176473906816012,0.7746250819128311,1.0,0.0,0.0,0.9699584312682838,0.048856857899816204,0.2749946092114817,0.0,0.0,1.0,0.820427807486631,0.02482276552979636,0.007759886082194063,0.03417537999003839,0.2716852941176471,0.0849628740920917
0.059000000000000004,0.3,0.01,10000,0.09452941176470589,0.0030046047323847645,9350.0,0.05694150406075171,0.019605356573156988,0.5176500369159246,1.0,0.0,0.0,1.0340256442998146,0.044831997509425146,0.2623958309944371,0.0,0.0,1.0,0.8593582887700535,0.025591909427672147,0.007734313520252069,0.03417537999003839,0.27489705882352944,0.05685820606865237
0.0625,0.3,0.01,10000,0.09770160427807487,0.0030323611072838406,9350.0,0.036425815568088875,0.019430973619427524,0.331143777891717,0.93,0.03,0.04,1.0811846416613458,0.04498677408266903,0.25337539759600025,0.0,0.0,1.0,0.8881964025279533,0.026149769693871897,0.007704570574172672,0.03417537999003839,0.2772762032085562,0.03639641996933962
0.066,0.3,0.01,10000,0.10088021390374331,0.0030018916519907886,9350.0,0.016194270554043846,0.018963650521178432,0.14722064140039856,0.74,0.09,0.17,1.1282291671078357,0.044255615990498015,0.2445794941099048,0.0,0.0,1.0,0.9170928536703938,0.02669963278147591,0.007745518839720415,0.03417537999003839,0.2796601604278075,0.01618682237391906
0.0695,0.3,0.01,10000,0.104648128342246,0.0032004225397395353,9350.0,-0.0073504130855088345,0.019816976757135046,-0.06682193714098941,0.3,0.12,0.58,1.1836234391131915,0.04690063731024239,0.23450504605194336,0.0,0.0,1.0,0.9513466212931455,0.027339194896520896,0.007737967914438502,0.03417537999003839,0.2824860962566845,-0.007347393155990027
0.073,0.3,0.01,10000,0.10791871657754011,0.003161904313854564,9350.0,-0.027452160475863314,0.0192972413759364,-0.24956509523512105,0.06,0.01,0.93,1.231436343334661,0.046051091701072244,0.22603068333242696,0.0,0.0,1.0,0.9810792416140011,0.027884976413856233,0.00775119798410544,0.03417537999003839,0.28493903743315513,-0.027435621239185578
0.0765,0.3,0.01,10000,0.11184064171122994,0.0037153944770114415,9350.0,-0.05107576165582611,0.022253547807241956,-0.4643251059620556,0.0,0.01,0.99,1.2884148094178574,0.053781175628187454,0.21625885979464068,0.0,0.0,1.0,1.0167331064657268,0.02852602749256084,0.00791698744018639,0.03417537999003839,0.2878804812834225,-0.051007207694850655
0.08,0.3,0.01,10000,0.11457540106951873,0.003360388892290994,9350.0,-0.0673586783017238,0.019774374390701344,-0.6123516209247618,0.0,0.0,1.0,1.3278816456161977,0.048313159845956404,0.2096210933399102,0.0,0.0,1.0,1.0415945551774428,0.02896774742903114,0.007833511996929008,0.03417537999003839,0.28993155080213906,-0.06723029056556472
0.08349999999999999,0.3,0.01,10000,0.11856577540106952,0.003653800644162097,9350.0,-0.09065431698153124,0.021153395920005934,-0.824130154377557,0.0,0.0,1.0,1.385110773384026,0.052194244747864896,0.20031883667280453,0.0,0.0,1.0,1.0778706854642683,0.029599387698755617,0.007887807486631015,0.03417537999003839,0.29292433155080216,-0.09036719909270598
0.087,0.3,0.01,10000,0.121875935828877,0.0037725527499937856,9350.0,-0.10965661297701043,0.021552446589288607,-0.9968782997910038,0.0,0.0,1.0,1.432229061124023,0.053544989260499706,0.19288727919272314,0.0,0.0,1.0,1.1079630529897908,0.03011440571506273,0.007850549060655469,0.03417537999003839,0.2954069518716577,-0.10917059882442676
0.0905,0.3,0.01,10000,0.12601390374331553,0.0035761892476395825,9350.0,-0.1330305924219204,0.02001283958870345,-1.209369022017458,0.0,0.0,1.0,1.4907652256725703,0.05042196469814043,0.18392627873456294,0.0,0.0,1.0,1.14558094312105,0.030747668417688393,0.0078556167147456,0.03417537999003839,0.29851042780748666,-0.13220033330903883
0.094,0.3,0.01,10000,0.12911122994652408,0.0031951933697102032,9350.0,-0.15025022770747704,0.01759935604904404,-1.3659111609770642,0.0,0.0,1.0,1.5342529167504706,0.044719519511862545,0.17746545283020537,0.0,0.0,1.0,1.1737384540593097,0.03121402308167144,0.007772727395870146,0.03417537999003839,0.3008334224598931,-0.14908504307289236
0.0975,0.3,0.01,10000,0.13319893048128342,0.0032239353062455366,9350.0,-0.172552802176211,0.01743277443000198,-1.5686618379655541,0.0,0.0,1.0,1.591236609398292,0.044817598217053466,0.1693024380922434,0.0,0.0,1.0,1.2108993680116675,0.03181778710462558,0.0077653988354636485,0.03417537999003839,0.3038991978609626,-0.17081066747256218
0.10099999999999999,0.3,0.01,10000,0.13626203208556154,0.0037832251432987386,9350.0,-0.18894462809637183,0.020205224859587072,-1.7176784372397433,0.0,0.0,1.0,1.633663600261282,0.05222469126063906,0.16345342459967607,0.0,0.0,1.0,1.2387457462323774,0.03226135684507994,0.00794019947930326,0.03417537999003839,0.30619652406417114,-0.18665568374147035
0.1045,0.3,0.01,10000,0.13960748663101602,0.0035779076639757715,9350.0,-0.20665643941571743,0.018739521278874738,-1.8786949037792502,0.0,0.0,1.0,1.679665573683653,0.049034578181917525,0.1572476822533438,0.0,0.0,1.0,1.269158969372873,0.032740542495888335,0.00786559382917345,0.03417537999003839,0.308705614973262,-0.20369571436074246
0.108,0.3,0.01,10000,0.1424106951871658,0.0034972787942640408,9350.0,-0.22128088096437526,0.01807891179099468,-2.0116443724034117,0.0,0.0,1.0,1.7180086131011294,0.04758647629640807,0.1522282584498213,0.0,0.0,1.0,1.294642683519689,0.03313608392558385,0.007900756244750253,0.03417537999003839,0.3108080213903744,-0.2176710667860634
0.1115,0.3,0.01,10000,0.14646844919786098,0.0036316732852119875,9350.0,-0.24210109073764932,0.018459060437615787,-2.2009190067059032,0.0,0.0,1.0,1.7730753058230977,0.049061204661619194,0.14526513955965606,0.0,0.0,1.0,1.3315313563441906,0.033699019589109126,0.007882005224450707,0.03417537999003839,0.3138513368983957,-0.23740369307199324
0.11499999999999999,0.3,0.01,10000,0.1500951871657754,0.003494683536825447,9350.0,-0.2604086143571116,0.017502241292920613,-2.3673510396101056,0.0,0.0,1.0,1.821928883540765,0.04690010547028065,0.13929677286788592,0.0,0.0,1.0,1.3645017015070493,0.034193867202409384,0.007843041039265093,0.03417537999003839,0.3165713903743315,-0.2546056880330034
0.1185,0.3,0.01,10000,0.15358395721925133,0.0037026908722045076,9350.0,-0.2777120826076578,0.018196756734579506,-2.524655296433253,0.0,0.0,1.0,1.868594357798905,0.04933492210327938,0.13380646128535126,0.0,0.0,1.0,1.3962177929022845,0.03466142849055503,0.007886408404881617,0.03417537999003839,0.3191879679144385,-0.27070371450950154
0.122,0.3,0.01,10000,0.15773903743315507,0.00366658304186267,9350.0,-0.29799045003973834,0.01767711161939541,-2.709004091270349,0.0,0.0,1.0,1.9237480198290282,0.04850873904060822,0.1275404469147668,0.0,0.0,1.0,1.4339912493923188,0.035209222240519054,0.007874366996187898,0.03417537999003839,0.32230427807486633,-0.2893901860810643
0.1255,0.3,0.01,10000,0.16034973262032085,0.003976162902503719,9350.0,-0.3105120229700617,0.018987417744745324,-2.8228365724551066,0.0,0.0,1.0,1.9581853217141925,0.05224958631048343,0.12377371869100257,0.0,0.0,1.0,1.4577248420029165,0.03554737785207738,0.007975235417260522,0.03417537999003839,0.32426229946524066,-0.3008051709219033
0.129,0.3,0.01,10000,0.1642010695187166,0.004067413070130639,9350.0,-0.3287476806678835,0.01913760045998055,-2.9886152787989415,0.0,0.0,1.0,2.0086179438739205,0.053102932682290944,0.11841237285731701,0.0,0.0,1.0,1.4927369956246965,0.036039745264616854,0.007940106951871657,0.03417537999003839,0.32715080213903747,-0.3172920134844048
0.1325,0.3,0.01,10000,0.16822352941176472,0.0037456419528683624,9350.0,-0.3474946555446635,0.017318576754772826,-3.159042323133305,0.0,0.0,1.0,2.0609551285480294,0.048568138530008506,0.11304086889854784,0.0,0.0,1.0,1.5293048128342244,0.036545793027192845,0.00796516204614818,0.03417537999003839,0.3301676470588235,-0.33406402304985905
0.136,0.3,0.01,10000,0.17126951871657753,0.004111505127125545,9350.0,-0.361420093660905,0.01865737643039925,-3.2856372150991366,0.0,0.0,1.0,2.1002631478347973,0.05293312003935744,0.10917631709604285,0.0,0.0,1.0,1.5569956246961594,0.03692158160191952,0.007997390497474425,0.03417537999003839,0.3324521390374332,-0.3463589523056024
0.1395,0.3,0.01,10000,0.1746695187165775,0.003570105653356366,9350.0,-0.3768142937453937,0.015989297147448348,-3.4255844885944877,0.0,0.0,1.0,2.143866593022031,0.04566611756621188,0.10498229065351433,0.0,0.0,1.0,1.5879047156052506,0.03733694576459448,0.007832463622301018,0.03417537999003839,0.3350021390374332,-0.3598583876180579
0.14300000000000002,0.3,0.01,10000,0.17886737967914437,0.003914907056891535,9350.0,-0.3954256235457612,0.017200939528212205,-3.5947783958705566,0.0,0.0,1.0,2.197359486668639,0.0497441158959603,0.10007593121822422,0.0,0.0,1.0,1.6260670879922214,0.03783896480850921,0.00793778597311381,0.03417537999003839,0.33815053475935825,-0.3759335809925368
0.14650000000000002,0.3,0.01,10000,0.18172941176470586,0.003854737767435998,9350.0,-0.40793789884488113,0.016640115920700648,-3.7085263531352823,0.0,0.0,1.0,2.2335620424047535,0.04862790516006597,0.09685879108365764,0.0,0.0,1.0,1.6520855614973262,0.038176404761940105,0.007890597435283465,0.03417537999003839,0.34029705882352945,-0.38662982657534933
0.15000000000000002,0.3,0.01,10000,0.18524385026737974,0.004211535006385986,9350.0,-0.423051422782131,0.017961436453697036,-3.8459220252920985,0.0,0.0,1.0,2.2777952305043927,0.05280927976610047,0.09307323783204945,0.0,0.0,1.0,1.6840350024307242,0.038583907472809396,0.008015479665081765,0.03417537999003839,0.3429328877005347,-0.399390619524882
0.15350000000000003,0.3,0.01,10000,0.1886064171122995,0.004349255373147094,9350.0,-0.43730626981944487,0.01829032005777032,-3.9755115438131345,0.0,0.0,1.0,2.319818238244695,0.05419689940980246,0.08959198354561054,0.0,0.0,1.0,1.714603791929995,0.03896818781625782,0.008021053599078702,0.03417537999003839,0.34545481283422463,-0.4112959299951925
0.157,0.3,0.01,10000,0.19197647058823525,0.00429685770297275,9350.0,-0.4513940902486356,0.0178379348158594,-4.10358263862396,0.0,0.0,1.0,2.3617081047533532,0.053208485668708866,0.08623104201240488,0.0,0.0,1.0,1.74524064171123,0.03934789917651948,0.008052328067834997,0.03417537999003839,0.34798235294117646,-0.42293500327865224
0.1605,0.3,0.01,10000,0.19533582887700532,0.004645410605169744,9350.0,-0.46519436114905716,0.019023713859222777,-4.2290396468096105,0.0,0.0,1.0,2.4031713949027833,0.05716776927241666,0.08303408486984194,0.0,0.0,1.0,1.7757802625182304,0.03971978223320112,0.008072830741631792,0.03417537999003839,0.35050187165775415,-0.4341823078798204
0.164,0.3,0.01,10000,0.19923529411764707,0.004046859764178279,9350.0,-0.48103385742581894,0.016277293389184794,-4.373035067507444,0.0,0.0,1.0,2.4510400639412726,0.049496544633972045,0.07943723774504081,0.0,0.0,1.0,1.8112299465240642,0.04014656131876722,0.007987807363488142,0.03417537999003839,0.3534264705882354,-0.4469775227971119
0.1675,0.3,0.01,10000,0.20316898395721927,0.00438371315958855,9350.0,-0.4966609421737081,0.01728578603821209,-4.515099474306436,0.0,0.0,1.0,2.4989718784389128,0.0532909832042144,0.07601392023174278,0.0,0.0,1.0,1.8469907632474474,0.0405675114556051,0.008022623557537006,0.03417537999003839,0.3563767379679144,-0.45937995290650513
0.171,0.3,0.01,10000,0.20636363636363642,0.004168352017993416,9350.0,-0.5091855443679532,0.016186506430703695,-4.6289594942541195,0.0,0.0,1.0,2.5376939498766697,0.05038227855069339,0.07333029244573314,0.0,0.0,1.0,1.8760330578512394,0.04090484080813085,0.008024812834224598,0.03417537999003839,0.3587727272727272,-0.46921545490267147
0.17450000000000002,0.3,0.01,10000,0.20930374331550802,0.004065293792009301,9350.0,-0.5205453141169656,0.015618894294009866,-4.732230128336051,0.0,0.0,1.0,2.573109516539386,0.048853609943301166,0.07095613997643066,0.0,0.0,1.0,1.9027613028682548,0.04121074974351714,0.00796148861878536,0.03417537999003839,0.360977807486631,-0.4780318095302612
0.17800000000000002,0.3,0.01,10000,0.21369946524064168,0.0037677619223542066,9350.0,-0.537257491533277,0.014199426289675509,-4.8841590139388815,0.0,0.0,1.0,2.6257607782525088,0.045035490313310514,0.0675536152058985,0.0,0.0,1.0,1.9427224112785613,0.04166072040754758,0.007888805498861699,0.03417537999003839,0.3642745989304813,-0.4908348948680814
0.18150000000000002,0.3,0.01,10000,0.21629732620320857,0.0037149119555501212,9350.0,-0.5469695249783889,0.013818660603243708,-4.972450227076262,0.0,0.0,1.0,2.656708057187844,0.04411151179264483,0.06562812372137648,0.0,0.0,1.0,1.9663393291200777,0.04192217055662778,0.007879804003663875,0.03417537999003839,0.36622299465240643,-0.4981747285375762
0.18500000000000003,0.3,0.01,10000,0.2200342245989305,0.004051896049045833,9350.0,-0.5607120224001785,0.014767590419910737,-5.097382021819804,0.0,0.0,1.0,2.701030428423975,0.047873014147580654,0.06297089933010634,0.0,0.0,1.0,2.00031113271755,0.04229206389498964,0.00799512660076242,0.03417537999003839,0.36902566844919776,-0.5084241216604238
0.1885,0.3,0.01,10000,0.22307272727272728,0.004519745930393743,9350.0,-0.5716973266549743,0.016312563303062393,-5.197248424136131,0.0,0.0,1.0,2.7368678575187624,0.05311157010881788,0.0609028723051747,0.0,0.0,1.0,2.0279338842975205,0.042587697790985805,0.008099479665081764,0.03417537999003839,0.3713045454545455,-0.5165050256109242
0.192,0.3,0.01,10000,0.22684278074866307,0.004445827330236602,9350.0,-0.5851613383444435,0.015710612155076818,-5.319648530404033,0.0,0.0,1.0,2.7810845962169255,0.051971083915223336,0.05841970813317503,0.0,0.0,1.0,2.062207097715119,0.042949999248750516,0.00807049558471964,0.03417537999003839,0.37413208556149724,-0.5263137018032815
0.1955,0.3,0.01,10000,0.23090160427807482,0.004502056867607299,9350.0,-0.599384750601798,0.01566976878503334,-5.448952278198164,0.0,0.0,1.0,2.8284204468643326,0.052361315881806994,0.055871295822017775,0.0,0.0,1.0,2.099105493437045,0.04333267191529517,0.008087600548821978,0.03417537999003839,0.37717620320855616,-0.5365187977047049
0.199,0.3,0.01,10000,0.2340128342245989,0.004373456772357321,9350.0,-0.6101187822443901,0.014933126292254975,-5.546534384039909,0.0,0.0,1.0,2.8645083285238737,0.0506137649885712,0.05399375655193764,0.0,0.0,1.0,2.1273894020418083,0.04362142760034999,0.008053814821993917,0.03417537999003839,0.3795096256684492,-0.5441261542911141
0.2025,0.3,0.01,10000,0.23749839572192513,0.004669969351895733,9350.0,-0.621927154061676,0.015757202799773787,-5.653883218742508,0.0,0.0,1.0,2.9047711395778992,0.053756810505760394,0.05198150557370596,0.0,0.0,1.0,2.1590763247447744,0.04393903669764831,0.008142975003515652,0.03417537999003839,0.3821237967914439,-0.5523740895616844
0.20600000000000002,0.3,0.01,10000,0.24137219251336897,0.004475565154684899,9350.0,-0.6348616247548527,0.014834464916257326,-5.771469315953206,0.0,0.0,1.0,2.9492598424045378,0.0512891463028238,0.04982717014156052,0.0,0.0,1.0,2.1942926592124454,0.04428689536340898,0.008091115782432379,0.03417537999003839,0.3850291443850268,-0.5613070084033152
0.20950000000000002,0.3,0.01,10000,0.24513368983957218,0.004703622955591102,9350.0,-0.6471650187975758,0.015304856086053352,-5.883318352705236,0.0,0.0,1.0,2.9922553884958303,0.05364890137851888,0.04783578831682198,0.0,0.0,1.0,2.2284880894506562,0.044617730587529145,0.008154513122698206,0.03417537999003839,0.3878502673796792,-0.5696691717600004
0.21300000000000002,0.3,0.01,10000,0.24850053475935827,0.0040793944829348025,9350.0,-0.6580471513919964,0.012987785673626014,-5.982246830836332,0.0,0.0,1.0,3.0305092764841803,0.04634135392680123,0.046108689294611815,0.0,0.0,1.0,2.259095770539621,0.04491032314867764,0.007981868174786872,0.03417537999003839,0.39037540106951873,-0.5769980665183616
0.21650000000000003,0.3,0.01,10000,0.25137326203208554,0.004313932264215836,9350.0,-0.6671421025384577,0.013610998390710774,-6.064928204895071,0.0,0.0,1.0,3.063059647734673,0.04874456926938626,0.04470279256024314,0.0,0.0,1.0,2.28521147301896,0.04515482675671282,0.008044741697167325,0.03417537999003839,0.3925299465240642,-0.583026245811613
0.22,0.3,0.01,10000,0.25426844919786096,0.004705909238148919,9350.0,-0.6761690019928477,0.014608256201040943,-6.146990927207708,0.0,0.0,1.0,3.0957653512425702,0.05291481030134967,0.04333467791345866,0.0,0.0,1.0,2.31153135634419,0.04539747620590809,0.008177782982718167,0.03417537999003839,0.3947013368983957,-0.588941946779058
0.01,0.35,0.01,10000,0.047656587473002145,0.002048963258548039,9260.0,0.4068986861464093,0.017761845161483627,3.699078964967358,1.0,0.0,0.0,0.3385543592462658,0.031987123346464606,0.4161810916302898,0.0,1.0,0.0,0.4332417043000196,0.01602786989555867,0.007482073434125268,0.03918891781593148,0.27224244060475156,0.38573333964078743
0.0135,0.35,0.01,10000,0.05197624190064796,0.0025072147526691586,9260.0,0.3701958199749722,0.020944882153721648,3.3654165452270193,1.0,0.0,0.0,0.4061083747572329,0.03923783185028714,0.3998826413585014,0.0,0.98,0.02,0.47251129000589037,0.017038179677666954,0.007609789432302315,0.03918891781593148,0.275482181425486,0.354029097470965
0.017,0.35,0.01,10000,0.05495788336933046,0.002471801488007936,9260.0,0.34545794976681354,0.02028003776453276,3.14052681606194,1.0,0.0,0.0,0.45262022757783554,0.03853508457150458,0.38877691317615076,0.0,0.84,0.16,0.49961712153936766,0.017718206029680925,0.00760097192224622,0.03918891781593148,0.2777184125269978,0.33222107348764324
0.0205,0.35,0.01,10000,0.058572354211663076,0.002591100801404497,9260.0,0.3161519201491416,0.02074574775964721,2.874108364992196,1.0,0.0,0.0,0.5089068197639419,0.040323900455135,0.3754969692706178,0.0,0.33,0.67,0.5324759473787551,0.018522813358100645,0.00762260223697334,0.03918891781593148,0.2804292656587473,0.3059054201462185
0.024,0.35,0.01,10000,0.061681425485961124,0.0025065829712843943,9260.0,0.2914691016122334,0.01971496068854179,2.6497191055657585,1.0,0.0,0.0,0.5572046602142108,0.03886243536655364,0.364241377401903,0.0,0.04,0.96,0.5607402316905556,0.0191997566328156,0.007610420070937424,0.03918891781593148,0.28276106911447085,0.2833858471325583
0.027500000000000004,0.35,0.01,10000,0.06475809935205183,0.0025096905342474832,9260.0,0.26752981177429447,0.01937166227196835,2.432089197948131,1.0,0.0,0.0,0.6048916555170086,0.03876395694648854,0.35327505939589954,0.0,0.0,1.0,0.5887099941095622,0.0198556645368433,0.007619194353537918,0.03918891781593148,0.28506857451403883,0.2612340033589571
0.031,0.35,0.01,10000,0.06947300215982721,0.002844989263659288,9260.0,0.2317528987542879,0.021362955109742142,2.10684453412989,1.0,0.0,0.0,0.6777350955506389,0.04389270402377207,0.3368361723618063,0.0,0.0,1.0,0.6315727469075202,0.020834775146872056,0.007696490311688864,0.03918891781593148,0.2886047516198703,0.2275926833862166
0.0345,0.35,0.01,10000,0.07274190064794818,0.002566539595277458,9260.0,0.20747322532183066,0.018828043115674407,1.8861202301984608,1.0,0.0,0.0,0.7279928344941269,0.03946188665438393,0.325694477225389,0.0,0.0,1.0,0.6612900058904378,0.021498616191083605,0.007601934495544954,0.03918891781593148,0.2910564254859611,0.20447823178406999
0.038,0.35,0.01,10000,0.07594600431965443,0.002735592533655452,9260.0,0.18417121368110795,0.019715822209461217,1.6742837607373449,1.0,0.0,0.0,0.7771326816568945,0.04186666272581585,0.31500750383036025,0.0,0.0,1.0,0.6904182210877675,0.022135162456366576,0.007666307405102991,0.03918891781593148,0.2934595032397408,0.1820491643875476
0.0415,0.35,0.01,10000,0.0795658747300216,0.0028134997136986225,9260.0,0.15834064207965054,0.01992203901011109,1.4394603825422778,1.0,0.0,0.0,0.8323956133177682,0.04286827510593295,0.3032141927263992,0.0,0.0,1.0,0.7233261339092872,0.02284024713774318,0.007661628895449865,0.03918891781593148,0.29617440604751616,0.15696963459678318
0.045000000000000005,0.35,0.01,10000,0.08283045356371493,0.003148929610466407,9260.0,0.1355179196899623,0.021841600113850827,1.2319810880905664,1.0,0.0,0.0,0.8820330527859214,0.04775596972678996,0.29285353140447307,0.0,0.0,1.0,0.7530041233064989,0.023462742778080324,0.007730544986096511,0.03918891781593148,0.2986228401727862,0.13463202969869356
0.0485,0.35,0.01,10000,0.08630561555075594,0.0027471978123178075,9260.0,0.11158406283158262,0.018672686545040333,1.0144005711962059,1.0,0.0,0.0,0.9346115785183539,0.041461869840431397,0.28206528049615326,0.0,0.0,1.0,0.7845965050068722,0.024115185002550416,0.007654361045964021,0.03918891781593148,0.30122921166306693,0.11108583761358853
0.052000000000000005,0.35,0.01,10000,0.08996868250539958,0.003183692994857074,9260.0,0.08692826782603744,0.021341089037899094,0.790256980236704,1.0,0.0,0.0,0.9897770750367129,0.047803787763424394,0.27105811403316904,0.0,0.0,1.0,0.8178971136854506,0.024786762532162637,0.007748953933989878,0.03918891781593148,0.30397651187904967,0.08666972167287486
0.0555,0.35,0.01,10000,0.09350323974082077,0.002995330106016084,9260.0,0.06351967304081771,0.01963526553073356,0.5774515730983429,1.0,0.0,0.0,1.042704031214627,0.04474696699542578,0.2607199768551739,0.0,0.0,1.0,0.8500294521892795,0.025424024407862858,0.007717785822286517,0.03918891781593148,0.3066274298056156,0.0634102213412386
0.059000000000000004,0.35,0.01,10000,0.09714470842332615,0.0030583619870796362,9260.0,0.039875789887244426,0.01963254720088568,0.36250718079313116,0.97,0.01,0.02,1.096919399305594,0.04544361531693413,0.2504133907164416,0.0,0.0,1.0,0.8831337129393286,0.0260672778866722,0.0077119416537539,0.03918891781593148,0.3093585313174946,0.039840119935077106
0.0625,0.35,0.01,10000,0.1002634989200864,0.0030811562199636673,9260.0,0.019970730788050905,0.019501291111044858,0.18155209807319003,0.82,0.02,0.16,1.143112018652207,0.04549624835588137,0.24184642287307395,0.0,0.0,1.0,0.9114863538189671,0.026608522908702303,0.007734294060409067,0.03918891781593148,0.31169762419006475,0.019960650247219585
0.066,0.35,0.01,10000,0.10358315334773219,0.003074805426222612,9260.0,-0.0008775225890963928,0.019160946519508837,-0.007977478082694486,0.48,0.07,0.45,1.1920166833309476,0.04512801079263782,0.2329945977523316,0.0,0.0,1.0,0.9416650304339289,0.02717514121061011,0.007761423650041898,0.03918891781593148,0.3141873650107991,-0.0008774553634507751
0.0695,0.35,0.01,10000,0.10738012958963283,0.002923058854224899,9260.0,-0.024316588911131462,0.017913271213465212,-0.22105989919210425,0.08,0.02,0.9,1.2475638777250848,0.04264144470406431,0.22320843152122144,0.0,0.0,1.0,0.9761829962693895,0.027811856304964765,0.007669700524567233,0.03918891781593148,0.3170350971922246,-0.02430488252151062
0.073,0.35,0.01,10000,0.11110583153347733,0.0036821734996716864,9260.0,-0.046808169223695364,0.022055148233712955,-0.4255288111245033,0.01,0.01,0.98,1.3017583906550425,0.05336173986525581,0.2140047602708286,0.0,0.0,1.0,1.010053013940703,0.028422458849714415,0.007877321814254858,0.03918891781593148,0.319829373650108,-0.04675092511163336
0.0765,0.35,0.01,10000,0.11388876889848813,0.0035956484361404266,9260.0,-0.06340658781041796,0.021291311303699878,-0.5764235255492542,0.0,0.0,1.0,1.3419811332076224,0.05177628925341142,0.20731202183782638,0.0,0.0,1.0,1.0353524445317104,0.028872927935634837,0.007865375779023877,0.03918891781593148,0.3219165766738661,-0.06329361748356278
0.08,0.35,0.01,10000,0.11759827213822895,0.0031378153255412853,9260.0,-0.085218358017414,0.018260568246726692,-0.7747123456128544,0.0,0.0,1.0,1.3952518276197865,0.04489146725455005,0.1986663153918319,0.0,0.0,1.0,1.0690752012566267,0.02946466515522693,0.0077378170934141255,0.03918891781593148,0.32469870410367163,-0.08498505917319302
0.08349999999999999,0.35,0.01,10000,0.1213585313174946,0.0032929926911974107,9260.0,-0.10687989480629417,0.018870095734242646,-0.9716354073299466,0.0,0.0,1.0,1.4488957425635305,0.04679833265777943,0.19027505310110418,0.0,0.0,1.0,1.1032593756135873,0.03005202560932133,0.007789530253036657,0.03918891781593148,0.327518898488121,-0.10643858789130649
0.087,0.35,0.01,10000,0.1255583153347732,0.0037053691904678316,9260.0,-0.13060013074064744,0.020716134053477185,-1.1872739158240673,0.0,0.0,1.0,1.5083346418139487,0.0523023487954659,0.18131367144623384,0.0,0.0,1.0,1.1414392303161198,0.030694908094238277,0.007865047547110031,0.03918891781593148,0.3306687365010799,-0.1298079693831081
0.0905,0.35,0.01,10000,0.12895680345572352,0.003946303606647671,9260.0,-0.14946173660725873,0.021710471387639964,-1.3587430600659882,0.0,0.0,1.0,1.556095919315799,0.05529683273867199,0.17434924641699528,0.0,0.0,1.0,1.172334576870214,0.031205903629685863,0.007953811030574454,0.03918891781593148,0.3332176025917926,-0.14829044159516827
0.094,0.35,0.01,10000,0.13196760259179263,0.003547928470531641,9260.0,-0.16598156691410434,0.01926969502669898,-1.5089233355827665,0.0,0.0,1.0,1.5981193652308556,0.049377864330670033,0.16835658980276202,0.0,0.0,1.0,1.1997054781072058,0.031653341671478,0.00784174372111151,0.03918891781593148,0.33547570194384446,-0.1644149814165996
0.0975,0.35,0.01,10000,0.13521490280777537,0.003661750084416535,9260.0,-0.1834923293503429,0.019593719388369214,-1.6681120850031173,0.0,0.0,1.0,1.6431803384068147,0.05060174849466422,0.16214900420194409,0.0,0.0,1.0,1.2292263891615942,0.032127441822230714,0.007883007189120269,0.03918891781593148,0.33791117710583163,-0.18139355590736256
0.10099999999999999,0.35,0.01,10000,0.1390658747300216,0.0037734553061095537,9260.0,-0.2039235058952418,0.019835832248325025,-1.8538500535931075,0.0,0.0,1.0,1.6962269519454538,0.05178872132165142,0.15507854253497802,0.0,0.0,1.0,1.2642352248183781,0.03268042533530035,0.007897023048460721,0.03918891781593148,0.34079940604751613,-0.20106778628018135
0.1045,0.35,0.01,10000,0.1425831533477322,0.0030899965823603963,9260.0,-0.22233520470868792,0.016048469248068877,-2.021229133715344,0.0,0.0,1.0,1.744316009344997,0.0421334570740502,0.1488438668457208,0.0,0.0,1.0,1.2962104849793834,0.033178614240414545,0.007736152283274238,0.03918891781593148,0.3434373650107991,-0.2186901288775595
0.108,0.35,0.01,10000,0.1460680345572354,0.0032557398512876477,9260.0,-0.24022201720411704,0.016656092030578495,-2.1838365200374277,0.0,0.0,1.0,1.7916342610837033,0.044101009934857036,0.14295689364143077,0.0,0.0,1.0,1.3278912232475948,0.0336624158724565,0.0077624830916572666,0.03918891781593148,0.3460510259179264,-0.23564504611888193
0.1115,0.35,0.01,10000,0.14934449244060474,0.0033085412666669428,9260.0,-0.2567909003819304,0.016586019955362605,-2.3344627307448222,0.0,0.0,1.0,1.8358412995327074,0.044462755482627396,0.13762791389030835,0.0,0.0,1.0,1.3576772040054976,0.03411044660360809,0.00781141072198994,0.03918891781593148,0.3485083693304535,-0.2512272261075638
0.11499999999999999,0.35,0.01,10000,0.15314254859611232,0.003975137777597851,9260.0,-0.2756428027836693,0.019619785719275765,-2.5058436616697213,0.0,0.0,1.0,1.8867165813310913,0.05305534331371792,0.1317366003765312,0.0,0.0,1.0,1.3922049872373847,0.034620039524231094,0.007983342702888368,0.03918891781593148,0.3513569114470842,-0.2687727037435833
0.1185,0.35,0.01,10000,0.15601403887688986,0.0036495888458903222,9260.0,-0.289750690036358,0.017740899522775664,-2.6340971821487087,0.0,0.0,1.0,1.924909297221237,0.048357080264775386,0.12741076639242066,0.0,0.0,1.0,1.418309444335362,0.035001327584093196,0.00789720118783887,0.03918891781593148,0.35351052915766745,-0.2818242098900389
0.122,0.35,0.01,10000,0.15929589632829372,0.0032966073301876177,9260.0,-0.30564760866084095,0.01587652052365772,-2.7786146241894643,0.0,0.0,1.0,1.968290929952805,0.043385838212063495,0.12264843136470988,0.0,0.0,1.0,1.4481445120753977,0.0354308615839948,0.007807380808316933,0.03918891781593148,0.3559719222462203,-0.29640537008357937
0.1255,0.35,0.01,10000,0.16312203023758098,0.003810118061862358,9260.0,-0.32381973411836334,0.017990551578733242,-2.9438157647123933,0.0,0.0,1.0,2.0185302170933794,0.04979047196523147,0.11736833141556798,0.0,0.0,1.0,1.4829275476143726,0.03592171381410031,0.00792753779697624,0.03918891781593148,0.3588415226781858,-0.3128663719627611
0.129,0.35,0.01,10000,0.166463282937365,0.004260933838546942,9260.0,-0.33943220467721447,0.01976639088713889,-3.085747315247403,0.0,0.0,1.0,2.0621006063419443,0.05529997376822213,0.11295244236044191,0.0,0.0,1.0,1.5133025721578637,0.036343318448710596,0.008055583832075032,0.03918891781593148,0.36134746220302383,-0.3268572217404824
0.1325,0.35,0.01,10000,0.1696619870410367,0.003851929034636392,9260.0,-0.35423042589356796,0.01764621329420303,-3.2202765990324353,0.0,0.0,1.0,2.1035344979165185,0.049660907847736135,0.10884630069314141,0.0,0.0,1.0,1.5423817003730613,0.036742872768723046,0.007962460721923848,0.03918891781593148,0.3637464902807776,-0.3400292652009776
0.136,0.35,0.01,10000,0.1732991360691145,0.0040792673549584265,9260.0,-0.3707454666605969,0.018460336231350995,-3.3704133332781545,0.0,0.0,1.0,2.150330619463899,0.052254672963472935,0.10440063552546454,0.0,0.0,1.0,1.5754466915374041,0.03718865666806569,0.00799683043810805,0.03918891781593148,0.3664743520518358,-0.3545395351198015
0.1395,0.35,0.01,10000,0.177011879049676,0.004139274831357508,9260.0,-0.3873437938734824,0.018316508229297056,-3.5213072170316586,0.0,0.0,1.0,2.1977583806478873,0.05263633550752549,0.10005042340243625,0.0,0.0,1.0,1.6091989004516003,0.03763658985484035,0.007978188969425546,0.03918891781593148,0.3692589092872571,-0.36896207116679486
0.14300000000000002,0.35,0.01,10000,0.1805280777537797,0.0044536479274559625,9260.0,-0.4027889404580771,0.01948755435394967,-3.661717640527973,0.0,0.0,1.0,2.2423835349581247,0.05631525321041151,0.09611881744918377,0.0,0.0,1.0,1.641164343216179,0.038053299224673307,0.00805449315024338,0.03918891781593148,0.3718960583153347,-0.3822104408776265
0.14650000000000002,0.35,0.01,10000,0.18436177105831533,0.0036616407040094673,9260.0,-0.41944466335194897,0.01571973266620065,-3.8131333031995354,0.0,0.0,1.0,2.2906970803200553,0.04597730571965209,0.09196765922877823,0.0,0.0,1.0,1.6760161005301393,0.038502603715316275,0.007875781502632087,0.03918891781593148,0.3747713282937366,-0.39638082142194164
0.15000000000000002,0.35,0.01,10000,0.18836285097192224,0.0036675369569552684,9260.0,-0.436461293238217,0.015480387386755598,-3.9678299385292446,0.0,0.0,1.0,2.3407684921838188,0.04577466513022279,0.08787093095362422,0.0,0.0,1.0,1.7123895542902021,0.03896151552075449,0.00789148022219142,0.03918891781593148,0.3777721382289417,-0.41062605063186264
0.15350000000000003,0.35,0.01,10000,0.1913250539956803,0.004354395253816288,9260.0,-0.44881377702692193,0.01818025739532289,-4.08012524569929,0.0,0.0,1.0,2.3775896327505084,0.05400460395069893,0.08499115105053566,0.0,0.0,1.0,1.7393186726880032,0.039294560421455606,0.008003936300552855,0.03918891781593148,0.37999379049676024,-0.4208104997368857
0.157,0.35,0.01,10000,0.19502699784017277,0.0038918493046308203,9260.0,-0.46412130122098216,0.015836939815584865,-4.219284556554383,0.0,0.0,1.0,2.423335040491415,0.04793435000545349,0.08148124344277878,0.0,0.0,1.0,1.7729727076379345,0.039707237758654146,0.007883685729684725,0.03918891781593148,0.38277024838012946,-0.43334959963785663
0.1605,0.35,0.01,10000,0.19803887688984884,0.004162094757590451,9260.0,-0.476339880584852,0.01682884544655931,-4.330362550771382,0.0,0.0,1.0,2.460380111214564,0.05096919475080267,0.07876149705634887,0.0,0.0,1.0,1.800353426271353,0.04003656412047029,0.00802250681884529,0.03918891781593148,0.38502915766738666,-0.4432078456272675
0.164,0.35,0.01,10000,0.20179049676025915,0.0035592390615080695,9260.0,-0.491395902783684,0.014124103810420854,-4.467235479851674,0.0,0.0,1.0,2.506187168370056,0.04332009515122293,0.07548057963771422,0.0,0.0,1.0,1.8344590614569014,0.04044231851819441,0.007872644692967664,0.03918891781593148,0.38784287257019445,-0.4552523824291048
0.1675,0.35,0.01,10000,0.20506371490280778,0.004095191708376637,9260.0,-0.5042533422796084,0.015992922638304825,-4.584121293450985,0.0,0.0,1.0,2.545954224708176,0.049550398180743735,0.07276866481870062,0.0,0.0,1.0,1.864215590025525,0.040788739605336216,0.008019990974960502,0.03918891781593148,0.3902977861771058,-0.4653632727825449
0.171,0.35,0.01,10000,0.20885961123110153,0.004376357336306097,9260.0,-0.518947958296166,0.016803674580346387,-4.717708711783327,0.0,0.0,1.0,2.5917600837748718,0.05264882713753622,0.06974706023652699,0.0,0.0,1.0,1.8987237384645592,0.04118459900763197,0.008049341221788457,0.03918891781593148,0.39314470842332605,-0.4767846590385746
0.17450000000000002,0.35,0.01,10000,0.21191792656587477,0.004276722316848332,9260.0,-0.5306279614208509,0.016244203719463307,-4.823890558371373,0.0,0.0,1.0,2.6284614944088456,0.051132149150844367,0.06739951069126103,0.0,0.0,1.0,1.9265266051443157,0.04149920318549431,0.008022906417791176,0.03918891781593148,0.39543844492440605,-0.48576410623472116
0.17800000000000002,0.35,0.01,10000,0.2159071274298056,0.004057119498278457,9260.0,-0.5456264471594384,0.015140943526482528,-4.960240428722169,0.0,0.0,1.0,2.6760754758306615,0.04824878276020508,0.06446063509990124,0.0,0.0,1.0,1.9627920675436874,0.04190312835743568,0.00800488049986461,0.03918891781593148,0.3984303455723542,-0.4971502954664566
0.18150000000000002,0.35,0.01,10000,0.2194168466522678,0.004435606951426963,9260.0,-0.5585573156616662,0.016246998871595555,-5.077793778742421,0.0,0.0,1.0,2.7177067454773556,0.05246891511261618,0.062005951873507305,0.0,0.0,1.0,1.9946986059297074,0.042251302328712485,0.008063916121557975,0.03918891781593148,0.40106263498920086,-0.5068078537558363
0.18500000000000003,0.35,0.01,10000,0.22334341252699783,0.004840209687063915,9260.0,-0.5727774017836074,0.017387884448272967,-5.207067288941886,0.0,0.0,1.0,2.7640414470370076,0.056972408152340906,0.05937740386353907,0.0,0.0,1.0,2.0303946593363444,0.042634128616696645,0.00819157667386609,0.03918891781593148,0.4040075593952484,-0.5172827041615344
0.1885,0.35,0.01,10000,0.22710259179265663,0.004467242620590352,9260.0,-0.5862087837220187,0.015805779107212425,-5.329170761109261,0.0,0.0,1.0,2.8080987651902785,0.05230610579522964,0.05695258126551012,0.0,0.0,1.0,2.0645690162968777,0.04299567747453372,0.008080208824512438,0.03918891781593148,0.4068269438444925,-0.5270693481484835
0.192,0.35,0.01,10000,0.22961663066954646,0.004608075579700331,9260.0,-0.5950321996806995,0.016108818815840618,-5.409383633460903,0.0,0.0,1.0,2.83743030100418,0.053647612852213755,0.055401000435477535,0.0,0.0,1.0,2.087423915177695,0.04323315109833037,0.00808617420545436,0.03918891781593148,0.40871247300215985,-0.533407164825146
0.1955,0.35,0.01,10000,0.23387257019438448,0.003585620037592527,9260.0,-0.6098186571822661,0.012333712083062208,-5.543805974384238,0.0,0.0,1.0,2.8867969323919596,0.04154063012702957,0.052848546759398436,0.0,0.0,1.0,2.126114274494404,0.043631079435508854,0.007809175717465601,0.03918891781593148,0.4119044276457884,-0.5439417955994243
0.199,0.35,0.01,10000,0.2373444924406047,0.003871678355495361,9260.0,-0.6215932308039921,0.013042846594417798,-5.650847552763565,0.0,0.0,1.0,2.9269161119342577,0.04464753757008163,0.05088170607219288,0.0,0.0,1.0,2.157677204005498,0.04394789038243472,0.00790280996611651,0.03918891781593148,0.4145083693304536,-0.5521717259920301
0.2025,0.35,0.01,10000,0.2403023758099352,0.004418550699315559,9260.0,-0.6314517831732526,0.014648979468159216,-5.740470756120478,0.0,0.0,1.0,2.960950647084616,0.05067439752825947,0.04927499878314743,0.0,0.0,1.0,2.184567052817593,0.04421311218558357,0.008048663421773957,0.03918891781593148,0.4167267818574515,-0.5589694357274139
0.20600000000000002,0.35,0.01,10000,0.24403779697624192,0.0038362096652800525,9260.0,-0.6437865194456346,0.012509137404108786,-5.852604722233041,0.0,0.0,1.0,3.0036570477796793,0.04380599115705926,0.04729962927965534,0.0,0.0,1.0,2.2185254270567443,0.044544926288093006,0.007878842687432703,0.03918891781593148,0.4195283477321815,-0.5674126449660505
0.20950000000000002,0.35,0.01,10000,0.24787796976241896,0.004198184533962987,9260.0,-0.6561786085765635,0.01348141912549817,-5.96526007796876,0.0,0.0,1.0,3.047407935828259,0.04771458018463573,0.04537400372739248,0.0,0.0,1.0,2.2534360887492633,0.04487822650115034,0.0079942577599884,0.03918891781593148,0.4224084773218143,-0.5757454326914946
0.21300000000000002,0.35,0.01,10000,0.2510885529157667,0.0042552710028231485,9260.0,-0.6663788931466644,0.013485578008054756,-6.057989937696949,0.0,0.0,1.0,3.0837988430794154,0.048125794352209345,0.043824574087097494,0.0,0.0,1.0,2.2826232083251523,0.04515254529323566,0.0080172764887947,0.03918891781593148,0.424816414686825,-0.5825235962739744
0.21650000000000003,0.35,0.01,10000,0.2550291576673866,0.004566574737325787,9260.0,-0.6786667258198525,0.01411518003490857,-6.169697507453207,0.0,0.0,1.0,3.1282643469604046,0.0514624268099661,0.042004542871482246,0.0,0.0,1.0,2.3184468878853326,0.04548296336584116,0.008086084973811294,0.03918891781593148,0.42777186825054,-0.5905760989385777
0.22,0.35,0.01,10000,0.25827861771058314,0.004273407452591859,9260.0,-0.6886580312173091,0.013018661281118884,-6.2605275565209935,0.0,0.0,1.0,3.164738361242674,0.047947368607567924,0.0405551462286958,0.0,0.0,1.0,2.347987433732574,0.04575160280772947,0.008008223912391609,0.03918891781593148,0.4302089632829373,-0.5970547421388184
0.01,0.4,0.01,10000,0.05058996728462376,0.0023466872780268265,9170.0,0.3817178999652678,0.01991772116506659,3.4701627269569792,1.0,0.0,0.0,0.40845769618264116,0.03663553757875215,0.39931380592545784,0.0,1.0,0.0,0.4599087934965798,0.016728714587910705,0.0075490169801799515,0.044276084612790534,0.3069424754634678,0.36407393310530184
0.0135,0.4,0.01,10000,0.054027262813522346,0.00243674796863705,9170.0,0.352987101293753,0.020177136233092616,3.208973648125027,1.0,0.0,0.0,0.46212657005153235,0.037980972111674186,0.3865196771941276,0.0,0.76,0.24,0.491156934668385,0.017519184683050637,0.007579239444738294,0.044276084612790534,0.30952044711014176,0.33890068504737497
0.017,0.4,0.01,10000,0.057425299890948744,0.0022889008088954055,9170.0,0.32520904212532287,0.018374369251792838,2.956445837502935,1.0,0.0,0.0,0.5150597993154279,0.03564844283968473,0.37404580990688835,0.0,0.22,0.78,0.5220481808268067,0.01828250860186845,0.007545891880180022,0.044276084612790534,0.31206897491821156,0.31411574317841695
0.0205,0.4,0.01,10000,0.06088113413304254,0.0026788368086527663,9170.0,0.29766277185072415,0.021167333081876512,2.7060251986429473,1.0,0.0,0.0,0.5688351330041677,0.04155985803389536,0.36156022630374657,0.0,0.03,0.97,0.5534648557549321,0.01903846205279314,0.00767488736365872,0.044276084612790534,0.3146608505997819,0.2890545850386233
0.024,0.4,0.01,10000,0.06479825517993457,0.002401629757466957,9170.0,0.2670751383470345,0.018494788953981222,2.4279558031548594,1.0,0.0,0.0,0.6295218591666762,0.03718909427635426,0.3476663089420802,0.0,0.0,1.0,0.5890750470903143,0.019877032043687633,0.007562592927576326,0.044276084612790534,0.317598691384951,0.26081890588883244
0.027500000000000004,0.4,0.01,10000,0.0684143947655398,0.0027657398089085236,9170.0,0.23956295509804026,0.020801669762312756,2.17784504634582,1.0,0.0,0.0,0.6854394535576058,0.04270621417424455,0.3351149216079801,0.0,0.0,1.0,0.6219490433230891,0.02063036867031507,0.007676513476935626,0.044276084612790534,0.3203107960741549,0.23498832664759498
0.031,0.4,0.01,10000,0.07184078516902943,0.003049757731200519,9170.0,0.2140373349337383,0.022589139551279426,1.9457939539430753,1.0,0.0,0.0,0.7382011119979635,0.04690047225563962,0.3234813600016324,0.0,0.0,1.0,0.6530980469911768,0.021328656133259037,0.007693801837963476,0.044276084612790534,0.322880588876772,0.21072483403397235
0.0345,0.4,0.01,10000,0.07528244274809161,0.0025372118344363045,9170.0,0.18881170927184976,0.01832818230122981,1.7164700842895437,1.0,0.0,0.0,0.7909872247101616,0.03888284889089107,0.3120172927333719,0.0,0.0,1.0,0.684385843164469,0.02201826285578255,0.00759500529578792,0.044276084612790534,0.32546183206106877,0.18654013169497305
0.038,0.4,0.01,10000,0.07823991275899672,0.002700690396052447,9170.0,0.16759922654154738,0.019184940006266218,1.5236293321958856,1.0,0.0,0.0,0.8362273921046295,0.04117329695172092,0.30240005325591607,0.0,0.0,1.0,0.7112719341726976,0.02259764523937089,0.007677112320488064,0.044276084612790534,0.32767993456924754,0.165989100686077
0.0415,0.4,0.01,10000,0.08267611777535441,0.002887556370487366,9170.0,0.1364272489501925,0.020023852708954615,1.240247717729023,1.0,0.0,0.0,0.9037170229995373,0.04386854009406976,0.28837009388822077,0.0,0.0,1.0,0.7516010706850402,0.023448377843831577,0.007668827078830347,0.044276084612790534,0.33100708833151576,0.1355346965079628
0.045000000000000005,0.4,0.01,10000,0.08536205016357687,0.002975161854044504,9170.0,0.11791773860437717,0.020351741720166364,1.0719794418579744,1.0,0.0,0.0,0.9444103822325544,0.04494561775600512,0.2800990258017156,0.0,0.0,1.0,0.7760186378506988,0.023953166072925608,0.007716768965812465,0.044276084612790534,0.33302153762268266,0.11732690274904105
0.0485,0.4,0.01,10000,0.08920065430752457,0.0028910667515776836,9170.0,0.09190438500091912,0.019457564241169113,0.8354944090992646,1.0,0.0,0.0,1.002276343010605,0.04344604481895992,0.2685787944407743,0.0,0.0,1.0,0.810915039159314,0.024662173878157344,0.00770336797305063,0.044276084612790534,0.33590049073064343,0.09161125957144092
0.052000000000000005,0.4,0.01,10000,0.0929574700109051,0.0031058267166941783,9170.0,0.06698195477697723,0.020421390334838856,0.608926861608884,1.0,0.0,0.0,1.0585850783914317,0.04645133920609834,0.25767890053513687,0.0,0.0,1.0,0.8450679091900467,0.02534095601612714,0.007725154698309669,0.044276084612790534,0.33871810250817885,0.06685435074037586
0.0555,0.4,0.01,10000,0.09661723009814611,0.003521029502267248,9170.0,0.04319231496733484,0.02273134495118137,0.3926574087939531,0.97,0.02,0.01,1.1131525973730745,0.052372719780891995,0.24741122584878394,0.0,0.0,1.0,0.8783384554376923,0.025988456018587524,0.007854408944506484,0.044276084612790534,0.34146292257360955,0.043143037891833866
0.059000000000000004,0.4,0.01,10000,0.10013849509269354,0.003347392668857188,9170.0,0.020657118125150843,0.021165177015542557,0.1877919829559167,0.79,0.06,0.15,1.1653040462112083,0.04949325810980787,0.23782010534889886,0.0,0.0,1.0,0.9103499553881232,0.026601514619570707,0.007778141144138478,0.044276084612790534,0.3441038713195202,0.020645714438972722
0.0625,0.4,0.01,10000,0.10349727371864778,0.0032407428601958044,9170.0,-0.00045874307118402125,0.02019486397233933,-0.004170391556218378,0.42,0.15,0.43,1.2147735746794037,0.047636847429462496,0.22896493658698222,0.0,0.0,1.0,0.9408843065331614,0.027175649323063135,0.007741747937131918,0.044276084612790534,0.34662295528898585,-0.00045872138420006726
0.066,0.4,0.01,10000,0.10633696837513633,0.0034339085562862907,9170.0,-0.018009107700481027,0.021031578514363214,-0.16371916091346392,0.15,0.07,0.78,1.2564113769435694,0.050150112797712795,0.2217118190940718,0.0,0.0,1.0,0.9666997125012392,0.027652603757700744,0.007849934878189819,0.044276084612790534,0.34875272628135223,-0.017998277886194295
0.0695,0.4,0.01,10000,0.1106434023991276,0.0034538636191115096,9170.0,-0.04418538125761828,0.020753670926156383,-0.4016852841601659,0.01,0.0,0.99,1.319106689133263,0.050125384887079294,0.2110865609803975,0.0,0.0,1.0,1.0058491127193419,0.02836364621213952,0.007853853405602464,0.044276084612790534,0.3519825517993457,-0.044137628144607505
0.073,0.4,0.01,10000,0.11339912758996729,0.0032537419570922107,9170.0,-0.06066931337239006,0.019332063623899404,-0.5515392124762732,0.0,0.0,1.0,1.358951607330875,0.0469123236373925,0.2045154350261562,0.0,0.0,1.0,1.0309011599087936,0.028811214471047543,0.00777699080787897,0.044276084612790534,0.3540493456924754,-0.060573086835133294
0.0765,0.4,0.01,10000,0.11719629225736095,0.003126623722823614,9170.0,-0.08301129505929715,0.018240754356681512,-0.7546481369027014,0.0,0.0,1.0,1.4135382375255139,0.0447972352140174,0.1957717180586418,0.0,0.0,1.0,1.0654208387032815,0.029417578663350742,0.007741392895760639,0.044276084612790534,0.35689721919302064,-0.08279443626141134
0.08,0.4,0.01,10000,0.12108615049073063,0.0034078050292565745,9170.0,-0.10544477027371027,0.01954136053379656,-0.9585888206700932,0.0,0.0,1.0,1.469067188771031,0.04850361470507818,0.18719529825017073,0.0,0.0,1.0,1.1007831862793693,0.03002612011014354,0.007820610689326546,0.044276084612790534,0.359814612868048,-0.10501724087198863
0.08349999999999999,0.4,0.01,10000,0.12445910577971646,0.003246965540380442,9170.0,-0.12460086628793875,0.018300921054180103,-1.1327351480721704,0.0,0.0,1.0,1.5168673782859656,0.045904617804531055,0.1800218036128258,0.0,0.0,1.0,1.1314464161792406,0.030545565883246903,0.007778205952399092,0.044276084612790534,0.36234432933478744,-0.12391991801382948
0.087,0.4,0.01,10000,0.12816684841875683,0.003467238018127993,9170.0,-0.14527617012421545,0.019156731657425086,-1.3206924556746857,0.0,0.0,1.0,1.5690663006314114,0.04867247309317094,0.17245903924587327,0.0,0.0,1.0,1.165153167443244,0.031105968602410265,0.007847968220665177,0.044276084612790534,0.36512513631406757,-0.14421110736985232
0.0905,0.4,0.01,10000,0.13122137404580153,0.0036815210300023818,9170.0,-0.16203833673992776,0.02003556458350836,-1.4730757885447974,0.0,0.0,1.0,1.6117671450187194,0.05130781560386045,0.16646379825275642,0.0,0.0,1.0,1.1929215822345594,0.031560143017206194,0.007878751051894756,0.044276084612790534,0.36741603053435123,-0.16057218895442507
0.094,0.4,0.01,10000,0.13449945474372957,0.00335376221303568,9170.0,-0.17981293219464334,0.018072572011007516,-1.6346630199513033,0.0,0.0,1.0,1.6573238983649963,0.0464272850146217,0.16021923410944922,0.0,0.0,1.0,1.222722315852087,0.032041622476314945,0.007831624863685932,0.044276084612790534,0.3698745910577972,-0.17784475467801505
0.0975,0.4,0.01,10000,0.13755616139585602,0.003337978855917636,9170.0,-0.19612216602300647,0.017707821702728138,-1.7829287820273318,0.0,0.0,1.0,1.6995144560741309,0.045887387814989335,0.1546228271759664,0.0,0.0,1.0,1.2505105581441458,0.03248325862321108,0.00780086539663312,0.044276084612790534,0.3721671210468921,-0.1935882366457215
0.10099999999999999,0.4,0.01,10000,0.14186913849509267,0.003548888843035228,9170.0,-0.21872922228418307,0.01847577441863426,-1.9884474753107557,0.0,0.0,1.0,1.7586239651217934,0.04845722855056817,0.14706577984026528,0.0,0.0,1.0,1.289719440864479,0.0330952116676753,0.007844199720569767,0.044276084612790534,0.3754018538713196,-0.21523771759863636
0.1045,0.4,0.01,10000,0.14488113413304254,0.003658439617385075,9170.0,-0.2342582684945455,0.018735112318356322,-2.1296206226776864,0.0,0.0,1.0,1.7996005229361476,0.04957796614665097,0.1420057320287864,0.0,0.0,1.0,1.3171012193912959,0.0335154335985921,0.00786611403579609,0.044276084612790534,0.3776608505997819,-0.22998947200363296
0.108,0.4,0.01,10000,0.14889858233369685,0.0036379486741393826,9170.0,-0.25465595064453966,0.018346539302987155,-2.315054096768542,0.0,0.0,1.0,1.8538682173346743,0.048980016744760414,0.13552091283376888,0.0,0.0,1.0,1.35362347576088,0.0340672414382607,0.007853411436777482,0.044276084612790534,0.3806739367502726,-0.24921296240479549
0.1115,0.4,0.01,10000,0.1522966194111232,0.0038815748135507767,9170.0,-0.27160009614351316,0.019247806315805405,-2.4690917831228467,0.0,0.0,1.0,1.8994343787456316,0.051888736080007006,0.13028417087534883,0.0,0.0,1.0,1.3845147219193021,0.03452547184473408,0.007912639976390367,0.044276084612790534,0.38322246455834247,-0.2650230205668076
0.11499999999999999,0.4,0.01,10000,0.15663467829880043,0.003794627211687342,9170.0,-0.29289054156718575,0.018424545556410064,-2.6626412869744156,0.0,0.0,1.0,1.957170598117239,0.05037067455288346,0.12387598989546117,0.0,0.0,1.0,1.4239516208981857,0.03510108062052663,0.007928432781311246,0.044276084612790534,0.3864760087241003,-0.28470514974296035
0.1185,0.4,0.01,10000,0.15949182115594332,0.003283318181287757,9170.0,-0.30672108505101336,0.015766526046798957,-2.788373500463757,0.0,0.0,1.0,1.994910417858967,0.04329331802576818,0.11981277789997406,0.0,0.0,1.0,1.4499256468722117,0.0354749142322086,0.007814959028544148,0.044276084612790534,0.38861886586695754,-0.2973846804989959
0.122,0.4,0.01,10000,0.16285387131952014,0.0037349430991353897,9170.0,-0.32269179262841247,0.0176541493614122,-2.933561751167386,0.0,0.0,1.0,2.039070161598826,0.04888536703170009,0.11525425670127587,0.0,0.0,1.0,1.4804897392683654,0.03590646150789104,0.007946245210850566,0.044276084612790534,0.39114040348964013,-0.3118520713116987
0.1255,0.4,0.01,10000,0.16631624863685932,0.003769824661694911,9170.0,-0.3389210684801225,0.0175316847010089,-3.0811006225465682,0.0,0.0,1.0,2.084193881792516,0.04900899529521108,0.1107336681025055,0.0,0.0,1.0,1.511965896698721,0.03634490262548347,0.007884867582265496,0.044276084612790534,0.3937371864776445,-0.3264251249564491
0.129,0.4,0.01,10000,0.16970883315158122,0.0041253205526021845,9170.0,-0.35455556008872224,0.018845900191579095,-3.223232364442929,0.0,0.0,1.0,2.1281532070024345,0.05325300173343688,0.10649515559807701,0.0,0.0,1.0,1.542807574105284,0.036767165098155835,0.007983778157933495,0.044276084612790534,0.39628162486368596,-0.34030332025504123
0.1325,0.4,0.01,10000,0.17325081788440566,0.003987544460468944,9170.0,-0.3706673524311332,0.018030840800437584,-3.3697032039193924,0.0,0.0,1.0,2.17372819496941,0.05115078978239052,0.1022293983846524,0.0,0.0,1.0,1.575007435312779,0.037202232829459315,0.00794826764359322,0.044276084612790534,0.39893811341330426,-0.3544759304240466
0.136,0.4,0.01,10000,0.17742529989094874,0.004085634543624403,9170.0,-0.3893120597058078,0.018055484368040803,-3.539200542780071,0.0,0.0,1.0,2.2270662484820125,0.05205262950955764,0.09744084389473291,0.0,0.0,1.0,1.6129572717358973,0.03770556502597332,0.008004792648146093,0.044276084612790534,0.40206897491821153,-0.37066370756387046
0.1395,0.4,0.01,10000,0.1801842966194111,0.004124226718150544,9170.0,-0.40144656489543734,0.018071575673271622,-3.6495142263221565,0.0,0.0,1.0,2.262044325246482,0.05220140421574141,0.09440929578262168,0.0,0.0,1.0,1.6380390601764643,0.038033076514780675,0.007942130239013068,0.044276084612790534,0.4041382224645584,-0.38108100992172217
0.14300000000000002,0.4,0.01,10000,0.1836575790621592,0.004147512173720479,9170.0,-0.4165138795263851,0.017899176230118375,-3.7864898138762277,0.0,0.0,1.0,2.3059016817350546,0.05215362448732014,0.09072647419148983,0.0,0.0,1.0,1.6696143551105385,0.03843966959732144,0.008033936127780791,0.044276084612790534,0.40674318429661943,-0.39388423354898316
0.14650000000000002,0.4,0.01,10000,0.18654198473282446,0.004233822846542309,9170.0,-0.42884502825059484,0.017976068054449332,-3.8985911659144987,0.0,0.0,1.0,2.3420514755154445,0.05289666027037085,0.08779090283197782,0.0,0.0,1.0,1.6958362248438588,0.03877236331192471,0.007993212179621125,0.044276084612790534,0.4089064885496183,-0.4042474607656576
0.15000000000000002,0.4,0.01,10000,0.19057033805888765,0.004252234973701217,9170.0,-0.44580955948764156,0.017792629680841377,-4.0528141771603785,0.0,0.0,1.0,2.3922460629341247,0.05280950986585486,0.08385434026578935,0.0,0.0,1.0,1.732457618717161,0.03922997677534044,0.007974859012636306,0.044276084612790534,0.4119277535441658,-0.4183404859237871
0.15350000000000003,0.4,0.01,10000,0.19422791712104692,0.0035502572253891898,9170.0,-0.4610012744884576,0.0145994752489484,-4.190920677167797,0.0,0.0,1.0,2.437511629871348,0.04380834371243415,0.08041563790118994,0.0,0.0,1.0,1.7657083374640623,0.03963969886197548,0.007832812120597046,0.044276084612790534,0.41467093784078524,-0.4308259958412373
0.157,0.4,0.01,10000,0.1977546346782988,0.004220694522595127,9170.0,-0.4753199139331567,0.017058048134529793,-4.3210901266650605,0.0,0.0,1.0,2.480904425421969,0.0517480231125417,0.07728759826003395,0.0,0.0,1.0,1.7977694061663525,0.040025769182113334,0.008000619722369146,0.044276084612790534,0.4173159760087241,-0.4423852281890747
0.1605,0.4,0.01,10000,0.20138167938931292,0.003687440162671089,9170.0,-0.4898960922151512,0.014669528646867633,-4.453600838319556,0.0,0.0,1.0,2.5252291034214522,0.04493917400583121,0.07416681469767111,0.0,0.0,1.0,1.830742539902845,0.04041873712495252,0.007891819910959616,0.044276084612790534,0.42003625954198476,-0.45405722059454534
0.164,0.4,0.01,10000,0.20462268266085065,0.004027219934839815,9170.0,-0.502663978575659,0.01581794121208613,-4.569672532505991,0.0,0.0,1.0,2.56462481124644,0.04878842285454369,0.07151731124740258,0.0,0.0,1.0,1.860206206007733,0.040762877477736666,0.007989717402780771,0.044276084612790534,0.42246701199563796,-0.46411958745619214
0.1675,0.4,0.01,10000,0.2071494002181025,0.004719534133611975,9170.0,-0.5124544767858008,0.018265816795729545,-4.658677061689099,0.0,0.0,1.0,2.595188611527286,0.05685039307839592,0.06953765169433218,0.0,0.0,1.0,1.8831763656191136,0.0410267202569897,0.008150218097900884,0.044276084612790534,0.4243620501635769,-0.47173428553501945
0.171,0.4,0.01,10000,0.2117164667393675,0.003860878004342734,9170.0,-0.530025515630342,0.014628037104038502,-4.8184137784576535,0.0,0.0,1.0,2.650053581282446,0.04623998226107628,0.06604223400401832,0.0,0.0,1.0,1.9246951521760685,0.04150020408766526,0.007915691228176142,0.044276084612790534,0.4277873500545256,-0.48532198864434173
0.17450000000000002,0.4,0.01,10000,0.2150741548527808,0.004123485681431575,9170.0,-0.5426486260658138,0.015337662285642538,-4.933169327871034,0.0,0.0,1.0,2.690172575118888,0.049099926197860126,0.06361739528116896,0.0,0.0,1.0,1.9552195895707345,0.04184027699113663,0.007999469074863721,0.044276084612790534,0.4303056161395856,-0.4949031496166846
0.17800000000000002,0.4,0.01,10000,0.2182737186477645,0.004011061432694771,9170.0,-0.554522178650389,0.014753690471626241,-5.041110715003537,0.0,0.0,1.0,2.728166718710426,0.047476135824324944,0.06138790690844398,0.0,0.0,1.0,1.9843065331614949,0.04216011534578171,0.007940371396755743,0.044276084612790534,0.43270528898582333,-0.5038208094165437
0.18150000000000002,0.4,0.01,10000,0.22198691384950922,0.004038118720892955,9170.0,-0.5680742576827307,0.014622685784598603,-5.16431143347937,0.0,0.0,1.0,2.772043093642513,0.04754648622913306,0.058908469925074584,0.0,0.0,1.0,2.018062853177357,0.042525110745426364,0.007944599938672274,0.044276084612790534,0.43549018538713197,-0.513863587993766
0.18500000000000003,0.4,0.01,10000,0.22577426390403488,0.004692683334800818,9170.0,-0.5816147913499885,0.01671522309412758,-5.287407194090804,0.0,0.0,1.0,2.81656817064251,0.054978221805412425,0.05650622933926144,0.0,0.0,1.0,2.052493308218499,0.04288972677275928,0.008120749338890378,0.044276084612790534,0.4383306979280261,-0.523733037439611
0.1885,0.4,0.01,10000,0.22979389312977097,0.0048009905703064815,9170.0,-0.5957688699952309,0.016749142125958186,-5.416080636320281,0.0,0.0,1.0,2.863517181298629,0.055971696398125305,0.054057395248317146,0.0,0.0,1.0,2.089035392088827,0.04327081389018022,0.008136743263835835,0.044276084612790534,0.44134541984732834,-0.5339259686070534
0.192,0.4,0.01,10000,0.2326270447110142,0.00462729399408948,9170.0,-0.6056054885584198,0.01592710031283985,-5.5055044414401815,0.0,0.0,1.0,2.89645337962856,0.05365136901148855,0.052392375121816374,0.0,0.0,1.0,2.1147913155546743,0.04353562482248424,0.008130316248636858,0.044276084612790534,0.4434702835332606,-0.5409302153893516
0.1955,0.4,0.01,10000,0.23593675027262812,0.004874590195303271,9170.0,-0.6168979710741863,0.016594690114805365,-5.608163373401693,0.0,0.0,1.0,2.9347270181184673,0.05624801987778274,0.05053115026469583,0.0,0.0,1.0,2.144879547932983,0.04383958478275076,0.008130529209828253,0.044276084612790534,0.44595256270447114,-0.5488600389488206
0.199,0.4,0.01,10000,0.2395387131952017,0.004031970486371558,9170.0,-0.6290682310197253,0.013477600955818356,-5.71880210017932,0.0,0.0,1.0,2.9761822849340667,0.04628827043474374,0.04855791232836076,0.0,0.0,1.0,2.1776246654109253,0.044167146476437484,0.007960694499713766,0.044276084612790534,0.4486540348964013,-0.5573412224015578
0.2025,0.4,0.01,10000,0.24252998909487458,0.004781929802776015,9170.0,-0.6389181761395623,0.015675800360985686,-5.8083470558142025,0.0,0.0,1.0,3.010515582077732,0.054627542610459844,0.04701276907700107,0.0,0.0,1.0,2.204818082680678,0.044432204296716404,0.008184367500422634,0.044276084612790534,0.45089749182115596,-0.5640689557231747
0.20600000000000002,0.4,0.01,10000,0.2461145038167939,0.004608485896065384,9170.0,-0.6506103107978727,0.014963193985784627,-5.914639189071568,0.0,0.0,1.0,3.051369572653046,0.0523819688229344,0.045212006051329856,0.0,0.0,1.0,2.237404580152672,0.044746811780991144,0.008057543543266066,0.044276084612790534,0.4535858778625954,-0.5719954024030494
0.20950000000000002,0.4,0.01,10000,0.24976008724100324,0.0049590017799267605,9170.0,-0.6622590486371245,0.01573271233125251,-6.020536805792038,0.0,0.0,1.0,3.092795298311219,0.056120443117043506,0.04346450039743998,0.0,0.0,1.0,2.2705462476454845,0.04506020569575529,0.008172384639681014,0.044276084612790534,0.45632006543075243,-0.5797705427987978
0.21300000000000002,0.4,0.01,10000,0.2530185387131952,0.0040126521011106895,9170.0,-0.6725842969102147,0.012554337953057512,-6.114402699183771,0.0,0.0,1.0,3.129616412170526,0.045183755920076264,0.04193924684779067,0.0,0.0,1.0,2.30016853375632,0.04533797584301952,0.008004951860673416,0.044276084612790534,0.4587639040348964,-0.5866172300436517
0.21650000000000003,0.4,0.01,10000,0.25787350054525626,0.004676275171988411,9170.0,-0.6875286366183891,0.014333534142795638,-6.250260332894449,0.0,0.0,1.0,3.1842376155381844,0.05250849317054325,0.03981147930324368,0.0,0.0,1.0,2.344304550411421,0.045739930040124735,0.008137474843279638,0.044276084612790534,0.4624051254089423,-0.5963138448304345
0.22,0.4,0.01,10000,0.25967066521265,0.00396985479592699,9170.0,-0.6930320025023222,0.012023652186344736,-6.300290931839294,0.0,0.0,1.0,3.2043228999869484,0.04430527946956432,0.03903702261465907,0.0,0.0,1.0,2.3606424110240907,0.045887947819536444,0.007947054055302698,0.044276084612790534,0.46375299890948746,-0.5998713224313971
0.01,0.05,0.02,10000,0.04036945304437564,0.002159668211406612,9690.0,0.4587919403076288,0.01972469755884832,4.170835820978445,1.0,0.0,0.0,0.10223515085055462,0.03398595293663165,0.47447087267436866,0.0,1.0,0.0,0.3669950276761422,0.014193596341455226,0.01451753850619445,0.01586994446437262,0.08077708978328176,0.42896443028000575
0.0135,0.05,0.02,10000,0.043722394220846235,0.0022935781556686313,9690.0,0.4285538148820971,0.020377621616776812,3.895943771655429,1.0,0.0,0.0,0.15498928897365588,0.036058869718523054,0.4613426903857763,0.0,1.0,0.0,0.39747631109860215,0.01502728716797495,0.014562351973696703,0.01586994446437262,0.0832917956656347,0.40397335315894806
0.017,0.05,0.02,10000,0.04757172342621259,0.0020901621848686464,9690.0,0.3947437458607178,0.018097447229276753,3.5885795078247087,1.0,0.0,0.0,0.21543283634474214,0.032818410309704095,0.44636319297502586,0.0,1.0,0.0,0.43247021296556887,0.015957882385167883,0.014488493614533596,0.01586994446437262,0.08617879256965942,0.37533786895240806
0.0205,0.05,0.02,10000,0.050873065015479876,0.0025800385687090198,9690.0,0.3665961629349901,0.021792640390481448,3.332692390318091,1.0,0.0,0.0,0.26726342983926926,0.04042626133606818,0.43360545829444325,0.0,1.0,0.0,0.46248240923163514,0.016731247257183657,0.014603182275546793,0.01586994446437262,0.08865479876160992,0.3508661693871265
0.024,0.05,0.02,10000,0.05435706914344685,0.002602752790484848,9690.0,0.33752641493161817,0.021471257009095808,3.0684219539237994,1.0,0.0,0.0,0.32182763443132273,0.040697635585302774,0.4202621967697568,0.0,1.0,0.0,0.494155174031335,0.017528980783541103,0.014623848490709574,0.01586994446437262,0.09126780185758517,0.3251344345891535
0.027500000000000004,0.05,0.02,10000,0.05796181630546955,0.0025351358130856426,9690.0,0.3081546717376487,0.020389407643768932,2.8014061067058975,1.0,0.0,0.0,0.3781422492856558,0.039566222513549396,0.4066100608473874,0.0,0.99,0.01,0.526925602776996,0.01833398038982173,0.014606129837463799,0.01586994446437262,0.09397136222910216,0.2986455651436081
0.031,0.05,0.02,10000,0.06149019607843137,0.0025206816191949786,9690.0,0.2800796863426232,0.0197852764607379,2.5461789667511203,1.0,0.0,0.0,0.43312023413200307,0.03923925310349374,0.393420552345663,0.0,0.92,0.08,0.5590017825311943,0.01910251530429011,0.014592799148601817,0.01586994446437262,0.09661764705882352,0.2728814181723998
0.0345,0.05,0.02,10000,0.06493601651186792,0.0022775657471028783,9690.0,0.25323916412601954,0.01752868018970594,2.3021742193274504,1.0,0.0,0.0,0.4866468330845588,0.03532654313783398,0.38071857485636235,0.0,0.49,0.51,0.5903274228351628,0.019836504227709287,0.0145433939628383,0.01586994446437262,0.09920201238390096,0.2478903408870048
0.038,0.05,0.02,10000,0.06825696594427243,0.0024874028611749995,9690.0,0.22795635866884972,0.018771321219094812,2.0723305333531794,1.0,0.0,0.0,0.538085868621951,0.038429687136047865,0.36867761778891434,0.0,0.12,0.88,0.6205178722206586,0.020527174981889388,0.01456660429565814,0.01586994446437262,0.10169272445820436,0.22401387140176068
0.0415,0.05,0.02,10000,0.07179153766769866,0.0025805930616580623,9690.0,0.20158271008132533,0.01911598664725001,1.8325700916484116,1.0,0.0,0.0,0.5926571493190003,0.03970969146445213,0.356076595887811,0.0,0.01,0.99,0.6526503424336241,0.021247017994339933,0.014623418537144207,0.01586994446437262,0.104343653250774,0.19882604877562715
0.045000000000000005,0.05,0.02,10000,0.07558617131062953,0.002523221146572299,9690.0,0.17385284689420544,0.018270154571571672,1.5804804263109582,1.0,0.0,0.0,0.6509661525713729,0.03870695157379278,0.3428241575793484,0.0,0.0,1.0,0.6871470119148139,0.02200322586789843,0.014595975232198142,0.01586994446437262,0.10718962848297213,0.1720664944602384
0.0485,0.05,0.02,10000,0.07946026831785345,0.002556394477066197,9690.0,0.14616569828722445,0.018048778449063052,1.328779075338404,1.0,0.0,0.0,0.7102355984037007,0.039073138329747466,0.32960381706547137,0.0,0.0,1.0,0.7223660756168495,0.02275760672628962,0.01462541892413611,0.01586994446437262,0.11009520123839009,0.14508808879260746
0.052000000000000005,0.05,0.02,10000,0.08223323013415892,0.002867592091724912,9690.0,0.12674395727756044,0.01998184573225474,1.1522177934323674,1.0,0.0,0.0,0.7524719014586796,0.04355987635387746,0.3203562872929997,0.0,0.0,1.0,0.747574819401445,0.02328638084768128,0.014680751741493563,0.01586994446437262,0.11217492260061919,0.12602026376000708
0.0555,0.05,0.02,10000,0.08587306501547987,0.002440106421770143,9690.0,0.1016103405922208,0.016611722307545804,0.9237303690201888,1.0,0.0,0.0,0.8076284865389066,0.03689509128799072,0.3084513259657796,0.0,0.0,1.0,0.7806642274134535,0.023970316244335856,0.014573609133136928,0.01586994446437262,0.11490479876160992,0.10123523852270212
0.059000000000000004,0.05,0.02,10000,0.08904643962848299,0.003114682892186254,9690.0,0.08020029045561243,0.020890202879511897,0.7290935495964765,1.0,0.0,0.0,0.8555434496674796,0.046829688007517606,0.29836297088544395,0.0,0.0,1.0,0.8095130875316633,0.024552456535168937,0.014773482004656455,0.01586994446437262,0.11728482972136221,0.07999456992743292
0.0625,0.05,0.02,10000,0.09306604747162024,0.0029160998671022113,9690.0,0.0534876608831101,0.01917906979444046,0.48625146257372814,1.0,0.0,0.0,0.9158171959400967,0.04361688185178512,0.28589315580978925,0.0,0.0,1.0,0.8460549770147293,0.025278411844206795,0.01469733862227603,0.01586994446437262,0.12029953560371517,0.05341694991953976
0.066,0.05,0.02,10000,0.09688441692466458,0.002859137915252718,9690.0,0.028639132228363704,0.01842735341654764,0.2603557475305791,0.93,0.02,0.05,0.9727330423257224,0.042524399902773895,0.2744164420005194,0.0,0.0,1.0,0.88076742658786,0.025953255134537025,0.014696128289456191,0.01586994446437262,0.12316331269349848,0.02862150756184328
0.0695,0.05,0.02,10000,0.09940660474716202,0.0031108244519729884,9690.0,0.01251808968687095,0.019759737038709757,0.11380081533519043,0.72,0.03,0.25,1.0101379151322492,0.04596189979851444,0.26704827742448184,0.0,0.0,1.0,0.9036964067923822,0.02639083461712576,0.01476565789475683,0.01586994446437262,0.12505495356037152,0.012512941181580141
0.073,0.05,0.02,10000,0.10367905056759547,0.0029443933990221734,9690.0,-0.01438080309686437,0.018292068182940623,-0.13073457360785792,0.17,0.07,0.76,1.0730846624943036,0.043251817391125436,0.25490317810673113,0.0,0.0,1.0,0.9425368233417768,0.027120636901236048,0.014690418924136113,0.01586994446437262,0.1282592879256966,-0.01437458294203827
0.0765,0.05,0.02,10000,0.10726418988648094,0.0034769843326961604,9690.0,-0.036448383334243106,0.021327394618125665,-0.33134893940221,0.05,0.0,0.95,1.1255853285953519,0.05076464761453712,0.24509684104756813,0.0,0.0,1.0,0.9751289989680083,0.027718976050630593,0.014863667182642547,0.01586994446437262,0.1309481424148607,-0.03641710666514644
0.08,0.05,0.02,10000,0.11001135190918472,0.0031959444813196214,9690.0,-0.053163734000307473,0.019310540077122285,-0.48330667273006794,0.0,0.01,0.99,1.1655283079858492,0.04633656614776425,0.2377651387232325,0.0,0.0,1.0,1.0001031991744067,0.028172054258426737,0.014747367647068814,0.01586994446437262,0.13300851393188856,-0.05309468645663653
0.08349999999999999,0.05,0.02,10000,0.11396078431372551,0.0031759410117127413,9690.0,-0.07676650481360632,0.018842971877953415,-0.6978773164873302,0.0,0.0,1.0,1.2226382273235556,0.04576276909912945,0.22757169745239633,0.0,0.0,1.0,1.036007130124777,0.028811515441845122,0.01475791931114801,0.01586994446437262,0.13597058823529412,-0.07659005639878978
0.087,0.05,0.02,10000,0.11767492260061921,0.003404794171268312,9690.0,-0.09853335591893045,0.019853404847753553,-0.8957577810811856,0.0,0.0,1.0,1.2759403808704601,0.04873282928108938,0.21835496599588555,0.0,0.0,1.0,1.0697720236419928,0.02940094522904905,0.014788065982959642,0.01586994446437262,0.1387561919504644,-0.09817878048892753
0.0905,0.05,0.02,10000,0.12160061919504642,0.003525584907576407,9690.0,-0.12113536753692507,0.020085249433881347,-1.101230613972046,0.0,0.0,1.0,1.3318826412211229,0.050101859594221164,0.2089675984138983,0.0,0.0,1.0,1.1054601745004222,0.03001272849345853,0.014845214396274833,0.01586994446437262,0.1417004643962848,-0.12049850319911604
0.094,0.05,0.02,10000,0.12416408668730652,0.0035283507489226144,9690.0,-0.13567513943034515,0.019913578124509515,-1.2334103584576834,0.0,0.0,1.0,1.3681794624805912,0.049801918869372214,0.2030320753055093,0.0,0.0,1.0,1.1287644244300588,0.03040614636538287,0.014864925116106565,0.01586994446437262,0.14362306501547986,-0.13479718782347525
0.0975,0.05,0.02,10000,0.12847574819401444,0.003454896326228761,9690.0,-0.1597465714236366,0.01906928386023688,-1.4522415583966963,0.0,0.0,1.0,1.4287926491207197,0.04841112308549002,0.19339775938811474,0.0,0.0,1.0,1.167961347218313,0.031057240365331546,0.01483647213620292,0.01586994446437262,0.14685681114551086,-0.15834570308391194
0.10099999999999999,0.05,0.02,10000,0.13163467492260061,0.0030741262370036103,9690.0,-0.17710307932932548,0.01674341856559541,-1.6100279939029585,0.0,0.0,1.0,1.4728657867938935,0.04278546296921219,0.18659360094885324,0.0,0.0,1.0,1.1966788629327332,0.03152654066135026,0.014743891834362826,0.01586994446437262,0.14922600619195048,-0.17522736694938984
0.1045,0.05,0.02,10000,0.13458720330237356,0.0036501856982902405,9690.0,-0.1930200664055944,0.019678392460706105,-1.7547278764144947,0.0,0.0,1.0,1.5138203147900315,0.05045602154688563,0.18049250608597256,0.0,0.0,1.0,1.223520030021578,0.03195674496096951,0.014882080108364129,0.01586994446437262,0.1514404024767802,-0.190588823667063
0.108,0.05,0.02,10000,0.13831475748194016,0.0033181952239132663,9690.0,-0.21289730332459758,0.017491024080843826,-1.935430030223615,0.0,0.0,1.0,1.565151480864665,0.045514014685936785,0.17300451684136178,0.0,0.0,1.0,1.2574068861994556,0.0324938695499208,0.014779119969050241,0.01586994446437262,0.1542360681114551,-0.2096770934860565
0.1115,0.05,0.02,10000,0.14160681114551082,0.0040565709480575775,9690.0,-0.23008177795209228,0.021147696406803557,-2.0916525268372026,0.0,0.0,1.0,1.61016772112754,0.055279872240819906,0.16670545487158822,0.0,0.0,1.0,1.2873346467773714,0.03295803319662142,0.014929596555740044,0.01586994446437262,0.15670510835913312,-0.22601180139222296
0.11499999999999999,0.05,0.02,10000,0.1458452012383901,0.003626761593272494,9690.0,-0.2519504632667504,0.0185473659836042,-2.2904587569704584,0.0,0.0,1.0,1.667728384974807,0.04907385138978553,0.1588360514253987,0.0,0.0,1.0,1.325865465803546,0.03354859138975639,0.014911393962838302,0.01586994446437262,0.15988390092879257,-0.24667292910818273
0.1185,0.05,0.02,10000,0.14941486068111454,0.0033401424233202174,9690.0,-0.2700351783954067,0.01678838053784029,-2.4548652581400607,0.0,0.0,1.0,1.7157758128536125,0.04486883779998907,0.15250561861525858,0.0,0.0,1.0,1.3583169152828591,0.034036798943859865,0.01481458301082342,0.01586994446437262,0.16256114551083592,-0.2635894024631741
0.122,0.05,0.02,10000,0.15264499484004126,0.003698094922235535,9690.0,-0.28610182663721484,0.018258309979969103,-2.6009256967019523,0.0,0.0,1.0,1.7589766067284218,0.04930744860726445,0.14702490450410355,0.0,0.0,1.0,1.3876817712731022,0.034470386402546654,0.01490612712848047,0.01586994446437262,0.16498374613003097,-0.2784579800070852
0.1255,0.05,0.02,10000,0.15564602683178536,0.0035535945003174183,9690.0,-0.3008574351364881,0.017316674982508905,-2.735067592149891,0.0,0.0,1.0,1.7988508402629393,0.0470521006791044,0.14208648012694555,0.0,0.0,1.0,1.4149638802889577,0.034868513632793814,0.014867899380824938,0.01586994446437262,0.16723452012383902,-0.29201764061514346
0.129,0.05,0.02,10000,0.1597048503611971,0.0035188266478895142,9690.0,-0.3204866395103011,0.016889320418316773,-2.9135149046391007,0.0,0.0,1.0,1.8523963204182465,0.04627660780355205,0.13568243520689705,0.0,0.0,1.0,1.4518622760108826,0.03539799094914316,0.014847839783271734,0.01586994446437262,0.17027863777089786,-0.30986804910818205
0.1325,0.05,0.02,10000,0.16304127966976265,0.003457896668003591,9690.0,-0.3363593511780275,0.016294327551969343,-3.057812283436614,0.0,0.0,1.0,1.896080189177827,0.045153504137969744,0.1306372628253174,0.0,0.0,1.0,1.4821934515432968,0.035826028023702244,0.014807986842115255,0.01586994446437262,0.17278095975232202,-0.3241469115542345
0.136,0.05,0.02,10000,0.16713003095975232,0.003836105537839094,9690.0,-0.3554560296889766,0.017777103743454977,-3.23141845171797,0.0,0.0,1.0,1.949240030908757,0.049743886027098144,0.12473652435675907,0.0,0.0,1.0,1.5193639178159304,0.03634085773101326,0.014893880998429521,0.01586994446437262,0.17584752321981423,-0.34111107974623656
0.1395,0.05,0.02,10000,0.17051702786377715,0.00374567168452289,9690.0,-0.37104282247104914,0.017170504600328682,-3.3731165679186286,0.0,0.0,1.0,1.9929577414392958,0.04826515386636873,0.12003714893809202,0.0,0.0,1.0,1.5501547987616098,0.03676097057702298,0.014890862035586228,0.01586994446437262,0.1783877708978328,-0.35481350786238586
0.14300000000000002,0.05,0.02,10000,0.17371310629514963,0.0035777241301907046,9690.0,-0.3855427846996815,0.01607817021449457,-3.504934406360741,0.0,0.0,1.0,2.033947536279908,0.04577795327497021,0.1157659116829382,0.0,0.0,1.0,1.579210057228633,0.0371517098086908,0.014869216137778394,0.01586994446437262,0.18078482972136223,-0.36742992582308326
0.14650000000000002,0.05,0.02,10000,0.17720639834881313,0.004275482225572361,9690.0,-0.4010884342706603,0.018923941731717294,-3.64625849336964,0.0,0.0,1.0,2.0784461639788314,0.05430578473853658,0.11132150824216051,0.0,0.0,1.0,1.6109672577164837,0.03757051406293323,0.014995320046424638,0.01586994446437262,0.18340479876160995,-0.38076442255475645
0.15000000000000002,0.05,0.02,10000,0.1802177502579979,0.0037471361287277137,9690.0,-0.4143834677980489,0.01633072081761886,-3.7671224345277174,0.0,0.0,1.0,2.116568485990095,0.047270312687019735,0.1075798746026517,0.0,0.0,1.0,1.6383431841636178,0.03792864753103085,0.014863993421057629,0.01586994446437262,0.18566331269349842,-0.39210049554068654
0.15350000000000003,0.05,0.02,10000,0.18437048503611972,0.003622851685183391,9690.0,-0.43237866660548313,0.015509059358389986,-3.9307151509589375,0.0,0.0,1.0,2.168808171774159,0.045415649762386434,0.10266121259823581,0.0,0.0,1.0,1.676095318510179,0.038413270605468,0.014861773026288303,0.01586994446437262,0.1887778637770898,-0.40722627692192004
0.157,0.05,0.02,10000,0.18700619195046442,0.003965436525350777,9690.0,-0.4435981460083277,0.016753663254329674,-4.0327104182575235,0.0,0.0,1.0,2.201771051927197,0.049347369307724785,0.099677757351069,0.0,0.0,1.0,1.7000562904587673,0.03871535030687229,0.014973222716720764,0.01586994446437262,0.1907546439628483,-0.41652663810561863
0.1605,0.05,0.02,10000,0.19007636738906086,0.0037191559606418495,9690.0,-0.4565464256624987,0.015601927762927244,-4.150422051477261,0.0,0.0,1.0,2.2399141226335346,0.046042505514315664,0.09629692178040992,0.0,0.0,1.0,1.7279669762641898,0.039063936382232975,0.014863180340587258,0.01586994446437262,0.1930572755417957,-0.42718133046479223
0.164,0.05,0.02,10000,0.19517956656346752,0.0045095806434361,9690.0,-0.47759119258355737,0.018462916635658258,-4.341738114395977,0.0,0.0,1.0,2.3029398053305377,0.05548641548666414,0.09098295704919573,0.0,0.0,1.0,1.7743596960315224,0.03963034060870073,0.015111240325052414,0.01586994446437262,0.19688467492260067,-0.44419223442640104
0.1675,0.05,0.02,10000,0.1973250773993808,0.003869393722894039,9690.0,-0.48636947218774396,0.01564334964577033,-4.421540656252217,0.0,0.0,1.0,2.3292253057732935,0.04728895557435019,0.08880476957406305,0.0,0.0,1.0,1.7938643399943712,0.039866579859793964,0.014926933630048449,0.01586994446437262,0.19849380804953565,-0.45124308257868956
0.171,0.05,0.02,10000,0.2010268317853457,0.004039704766516094,9690.0,-0.5012217796155998,0.016030964265066748,-4.556561632869088,0.0,0.0,1.0,2.3744037007844976,0.04908661320844172,0.08522225485762781,0.0,0.0,1.0,1.827516652594052,0.040266193502097564,0.014989979876180977,0.01586994446437262,0.20127012383900925,-0.46298482771103766
0.17450000000000002,0.05,0.02,10000,0.20575232198142412,0.0037211194475487656,9690.0,-0.5198609364630101,0.014477242112403912,-4.726008513300091,0.0,0.0,1.0,2.4316267859044522,0.04497458966856116,0.08085477174593343,0.0,0.0,1.0,1.870475654376583,0.040767602076453864,0.014899506578922375,0.01586994446437262,0.20481424148606817,-0.4775161569858304
0.17800000000000002,0.05,0.02,10000,0.20855005159958723,0.003698639441274136,9690.0,-0.5306982001581602,0.014270109896591226,-4.824529092346911,0.0,0.0,1.0,2.4652890925971236,0.04442505441474932,0.07838729929940817,0.0,0.0,1.0,1.8959095599962472,0.041059077553121714,0.014870449883888432,0.01586994446437262,0.2069125386996904,-0.4858398779726021
0.18150000000000002,0.05,0.02,10000,0.21199793601651187,0.004274046912976732,9690.0,-0.5438253631110578,0.01616606772549548,-4.943866937373254,0.0,0.0,1.0,2.5065831849227003,0.05103673534346398,0.07547412743187899,0.0,0.0,1.0,1.9272539637864716,0.041412080730967936,0.014983479489169081,0.01586994446437262,0.2094984520123839,-0.4957814144430276
0.18500000000000003,0.05,0.02,10000,0.2151001031991744,0.0045083539670495365,9690.0,-0.5554786182887945,0.016834238649079326,-5.049805620807223,0.0,0.0,1.0,2.543570130218134,0.05353628729656064,0.07294146594304075,0.0,0.0,1.0,1.9554554836288582,0.04172540771871367,0.015107042376173482,0.01586994446437262,0.21182507739938075,-0.5045095649574496
0.1885,0.05,0.02,10000,0.21879463364293084,0.0048723745304893986,9690.0,-0.5691349749716484,0.017912411056419754,-5.1739543179240775,0.0,0.0,1.0,2.5873402391712466,0.0575494353341965,0.07004948159762572,0.0,0.0,1.0,1.989042124026644,0.042092537182938844,0.015177696207435339,0.01586994446437262,0.21459597523219812,-0.5146036195096485
0.192,0.05,0.02,10000,0.2219783281733746,0.0046433594819411455,9690.0,-0.5807609536521813,0.016855633673634594,-5.279645033201647,0.0,0.0,1.0,2.6248369634279443,0.05452132896769406,0.0676374124968998,0.0,0.0,1.0,2.017984801576133,0.04240504812005898,0.015091699883898428,0.01586994446437262,0.21698374613003096,-0.5231115079676097
0.1955,0.05,0.02,10000,0.22594736842105262,0.004444365415384456,9690.0,-0.5950106557668903,0.015706264436741453,-5.409187779699003,0.0,0.0,1.0,2.6713747587398258,0.05193448662317412,0.06475359969835662,0.0,0.0,1.0,2.054066985645933,0.04278802827834134,0.015103862422618105,0.01586994446437262,0.21996052631578944,-0.533396502792864
0.199,0.05,0.02,10000,0.22844582043343656,0.0044291692312907055,9690.0,-0.6038377724544552,0.01559995021599749,-5.489434295040504,0.0,0.0,1.0,2.7005033895876434,0.05144216010148984,0.06301142412338773,0.0,0.0,1.0,2.0767801857585138,0.0430252349796326,0.015082896284849706,0.01586994446437262,0.22183436532507742,-0.5396827091868966
0.2025,0.05,0.02,10000,0.2325376676986584,0.004457369720269443,9690.0,-0.6180713946307619,0.015343650312155113,-5.618830860279655,0.0,0.0,1.0,2.747980699151784,0.051552099254883195,0.06026617721771224,0.0,0.0,1.0,2.113978797260531,0.04340767961551358,0.015055632933459018,0.01586994446437262,0.22490325077399384,-0.5496944061263253
0.20600000000000002,0.05,0.02,10000,0.23560165118679052,0.004202350231365272,9690.0,-0.6285708730840487,0.014267477203803329,-5.714280664400442,0.0,0.0,1.0,2.78338092414206,0.04833442255483889,0.058284879635674525,0.0,0.0,1.0,2.141833192607186,0.043689756471052804,0.015064836880832435,0.01586994446437262,0.22720123839009287,-0.5569899539703054
0.20950000000000002,0.05,0.02,10000,0.23940144478844172,0.004331311459815453,9690.0,-0.6413522941322357,0.014480153563648946,-5.830475401202141,0.0,0.0,1.0,2.8270006114307726,0.049604955635104996,0.05593966404031644,0.0,0.0,1.0,2.1763767708040156,0.044033089499887844,0.01499002999227255,0.01586994446437262,0.23005108359133125,-0.5657397952694357
0.21300000000000002,0.05,0.02,10000,0.24388751289989677,0.004328127561757462,9690.0,-0.6561585278087878,0.014144253068896039,-5.9650775255344355,0.0,0.0,1.0,2.8782992291815903,0.049333292870939134,0.053291108483421196,0.0,0.0,1.0,2.2171592081808797,0.044430756328795014,0.015085107004621474,0.01586994446437262,0.23341563467492257,-0.5757250295099121
0.21650000000000003,0.05,0.02,10000,0.24680598555211566,0.004806086557058965,9690.0,-0.6655879595291206,0.015454226444446146,-6.0507996320829145,0.0,0.0,1.0,2.9114967295357315,0.054521021017774264,0.05165261768925693,0.0,0.0,1.0,2.2436907777465054,0.04468397377592329,0.015196093072752916,0.01586994446437262,0.23560448916408666,-0.5819791777031049
0.22,0.05,0.02,10000,0.2499205366357069,0.004328351252744535,9690.0,-0.6755743979137643,0.013668958974199502,-6.141585435579675,0.0,0.0,1.0,2.946737527467623,0.048873508131144695,0.04994112006657101,0.0,0.0,1.0,2.2720048785064266,0.04495213467762418,0.015062041021701807,0.01586994446437262,0.23794040247678017,-0.5885636230348769
0.01,0.1,0.02,10000,0.04302291666666666,0.0019995779840250123,9600.0,0.4346330105145623,0.017854858171863296,3.951209186496021,1.0,0.0,0.0,0.1677791340280482,0.03144894407846763,0.45816373852628295,0.0,1.0,0.0,0.3911174242424243,0.014866098741472796,0.014466677244602034,0.02062072615965761,0.11526718749999999,0.409078675366704
0.0135,0.1,0.02,10000,0.04672083333333334,0.0020010847752601033,9600.0,0.40199101683072613,0.01739122406143956,3.6544637893702374,1.0,0.0,0.0,0.22589359778887302,0.03144344006895804,0.44377924550554787,0.0,1.0,0.0,0.4247348484848485,0.015765205252108682,0.014466874999999997,0.02062072615965761,0.11804062500000001,0.38155381752858586
0.017,0.1,0.02,10000,0.050123958333333336,0.002186958556929654,9600.0,0.3727608255194957,0.018566545671649903,3.388734777449962,1.0,0.0,0.0,0.27932599007419423,0.034290226271146626,0.43063884699246735,0.0,1.0,0.0,0.4556723484848485,0.01656899545846182,0.014530044311150505,0.02062072615965761,0.12059296875000002,0.35629806752478754
0.0205,0.1,0.02,10000,0.054146875,0.0023911256540777325,9600.0,0.3391074655425814,0.01974310620056473,3.0827951412961947,1.0,0.0,0.0,0.34235579579144804,0.03746756187395067,0.4152659418391175,0.0,1.0,0.0,0.4922443181818182,0.017493024857919155,0.014573098877698983,0.02062072615965761,0.12361015625,0.32656773309885706
0.024,0.1,0.02,10000,0.05735833333333332,0.0026652770869191283,9600.0,0.3129161204907604,0.021564954067181508,2.8446920044614576,1.0,0.0,0.0,0.39257792786087753,0.0416129516671392,0.4031366415615978,0.0,1.0,0.0,0.5214393939393939,0.01821118524159534,0.014655679566548476,0.02062072615965761,0.12601875,0.30296062212808916
0.027500000000000004,0.1,0.02,10000,0.060375,0.0021835632766312846,9600.0,0.28872042016022886,0.017291401361615635,2.6247310923657166,1.0,0.0,0.0,0.43957882718662433,0.033979854717898765,0.3918708258799417,0.0,0.92,0.08,0.5488636363636364,0.018874057937391137,0.014532302244602032,0.02062072615965761,0.12828125,0.28088012565992254
0.031,0.1,0.02,10000,0.06405729166666667,0.0025575745740191963,9600.0,0.2599307023641466,0.019806674395291594,2.363006385128605,1.0,0.0,0.0,0.49686544177610104,0.03969514484330673,0.3783221636394511,0.0,0.42,0.58,0.5823390151515152,0.01966180537096861,0.014602928405575255,0.02062072615965761,0.13104296875000002,0.2541382178268263
0.0345,0.1,0.02,10000,0.06780833333333333,0.002908384706211783,9600.0,0.23127306677284654,0.02200166839424545,2.1024824252076955,1.0,0.0,0.0,0.5550243847364862,0.04500941639007861,0.3647623437658781,0.0,0.07,0.93,0.616439393939394,0.02044510771056838,0.0146875,0.02062072615965761,0.13385625,0.22713272109205715
0.038,0.1,0.02,10000,0.0712,0.002731563158625897,9600.0,0.20585254808606346,0.02019151481102896,1.8713868007823953,1.0,0.0,0.0,0.6073930773721536,0.04212162094145745,0.35271352486210467,0.0,0.0,1.0,0.6472727272727273,0.02113934578338839,0.014659713622301014,0.02062072615965761,0.1364,0.20291553719495248
0.0415,0.1,0.02,10000,0.07558958333333334,0.0026616434894280675,9600.0,0.17371947161337295,0.019279796701466817,1.5792679237579355,1.0,0.0,0.0,0.6748870152854906,0.04089652099512257,0.33746331558750325,0.0,0.0,1.0,0.6871780303030303,0.022016034375579384,0.014667065982919664,0.02062072615965761,0.1396921875,0.17193067719293711
0.045000000000000005,0.1,0.02,10000,0.07824270833333333,0.0029428037271120736,9600.0,0.1547214103610165,0.020908297343198122,1.4065582760092405,1.0,0.0,0.0,0.715497163506832,0.044985408846836335,0.32846134423117,0.0,0.0,1.0,0.7112973484848486,0.022533907188674013,0.0146934375,0.02062072615965761,0.14168203124999998,0.1534342274310419
0.0485,0.1,0.02,10000,0.08092500000000001,0.0028101522499304208,9600.0,0.13575474006329702,0.01965093014358917,1.2341340005754275,1.0,0.0,0.0,0.7564265925357023,0.04271713326138469,0.31949378040161736,0.0,0.0,1.0,0.7356818181818185,0.023050674526818152,0.014702363583628813,0.02062072615965761,0.14369375,0.13487704005209245
0.052000000000000005,0.1,0.02,10000,0.08474791666666669,0.0028367006567279938,9600.0,0.1092282634996583,0.019438654188304153,0.9929842136332573,1.0,0.0,0.0,0.8144814888549873,0.042925882654823506,0.3070114376118504,0.0,0.0,1.0,0.7704356060606059,0.02377291318587035,0.014700534055752541,0.02062072615965761,0.1465609375,0.1087563139786524
0.0555,0.1,0.02,10000,0.08808125,0.0029690750530889953,9600.0,0.08655546169073483,0.02003502792415884,0.7868678335521346,1.0,0.0,0.0,0.8648438821756258,0.04466783698107994,0.29641212012480184,0.0,0.0,1.0,0.8007386363636364,0.024389792262814836,0.01472548181115051,0.02062072615965761,0.1490609375,0.08630571745368894
0.059000000000000004,0.1,0.02,10000,0.09269375,0.002876482593618757,9600.0,0.055808708057022836,0.0189370088533745,0.5073518914274804,1.0,0.0,0.0,0.9341108134127117,0.043097200173433964,0.2821725739970001,0.0,0.0,1.0,0.8426704545454544,0.025225778679811014,0.014725036377698982,0.02062072615965761,0.1525203125,0.05573105503172158
0.0625,0.1,0.02,10000,0.09586770833333333,0.0031442328679555675,9600.0,0.0351104057416062,0.020311844744222526,0.31918550674187446,0.94,0.02,0.04,0.9814676181887263,0.04680954527233803,0.27269861965858144,0.0,0.0,1.0,0.8715246212121214,0.025788155696554682,0.014757598877698983,0.02062072615965761,0.15490078125,0.03508243311385882
0.066,0.1,0.02,10000,0.0990875,0.0030600045090487075,9600.0,0.014420744286683123,0.019461700516316693,0.1310976753334829,0.75,0.06,0.19,1.0292526573991723,0.045290175580246006,0.26332231794765504,0.0,0.0,1.0,0.9007954545454545,0.026350040649263745,0.014733195433451524,0.02062072615965761,0.15731562500000001,0.014414776520118569
0.0695,0.1,0.02,10000,0.10256458333333333,0.0029714587958005216,9600.0,-0.007545020769465248,0.018563777764476118,-0.06859109790422956,0.32,0.1,0.58,1.080562068594245,0.04370321853908078,0.2534879303186668,0.0,0.0,1.0,0.9324053030303031,0.026946278286506916,0.014715490905575253,0.02062072615965761,0.1599234375,-0.00754181522342648
0.073,0.1,0.02,10000,0.10634999999999999,0.0031659397424559344,9600.0,-0.03100053806615558,0.01939933379868561,-0.2818230733286871,0.04,0.03,0.93,1.1360746114666533,0.04628389899102678,0.2431421005243406,0.0,0.0,1.0,0.9668181818181819,0.027582600690308337,0.014777213622301015,0.02062072615965761,0.16276249999999998,-0.030978385766116508
0.0765,0.1,0.02,10000,0.10922395833333334,0.0029866386881256804,9600.0,-0.048546651903709125,0.018086109361084356,-0.44133319912462854,0.0,0.0,1.0,1.1779425858327224,0.043356686031113124,0.23551091540418492,0.0,0.0,1.0,0.9929450757575757,0.02805841164979317,0.014713980650177287,0.02062072615965761,0.16491796874999998,-0.04849291371238783
0.08,0.1,0.02,10000,0.11328437499999998,0.0031008980415472022,9600.0,-0.07288726511610931,0.018384226602760515,-0.6626115010555396,0.0,0.0,1.0,1.2367429649645505,0.04473880886999866,0.22509843396753978,0.0,0.0,1.0,1.0298579545454545,0.02871815379782986,0.01475942840557525,0.02062072615965761,0.16796328124999998,-0.0727339001098785
0.08349999999999999,0.1,0.02,10000,0.11625208333333333,0.0033976196475002454,9600.0,-0.09035745595493283,0.01985108953281018,-0.8214314177721165,0.0,0.0,1.0,1.2794164979080445,0.048663008870051365,0.21776222197055448,0.0,0.0,1.0,1.056837121212121,0.029191455893489718,0.01479972271672576,0.02062072615965761,0.17018906250000002,-0.09007702442558475
0.087,0.1,0.02,10000,0.11999375000000001,0.0030935503611515553,9600.0,-0.11209267637928001,0.01775915568695417,-1.0190243307207272,0.0,0.0,1.0,1.332885850118838,0.04402352007073963,0.20877466621064078,0.0,0.0,1.0,1.0908522727272727,0.02978011208853144,0.014749954527876268,0.02062072615965761,0.1729953125,-0.11159082659351355
0.0905,0.1,0.02,10000,0.12357187500000003,0.003241693789485607,9600.0,-0.13248043225146888,0.018390771804562445,-1.204367565922444,0.0,0.0,1.0,1.3836359244348295,0.045835410844763946,0.20052553051605831,0.0,0.0,1.0,1.123380681818182,0.030332019006607074,0.014752910216725763,0.02062072615965761,0.17567890624999996,-0.13166841289231762
0.094,0.1,0.02,10000,0.12746875000000002,0.0035302443804646824,9600.0,-0.15428637376084336,0.01958941422136893,-1.4026033978258488,0.0,0.0,1.0,1.438523731092751,0.04954851420952438,0.19189011328892625,0.0,0.0,1.0,1.158806818181818,0.030922074390619586,0.01484314318884949,0.02062072615965761,0.17860156250000003,-0.15301690958771755
0.0975,0.1,0.02,10000,0.1306270833333333,0.002981629094652922,9600.0,-0.17173538547593356,0.016284045150225662,-1.5612307770539413,0.0,0.0,1.0,1.4826763884026024,0.04154843138213866,0.18510460797173178,0.0,0.0,1.0,1.1875189393939396,0.03139409909778329,0.014713856811150507,0.02062072615965761,0.18097031249999998,-0.17002317075937054
0.10099999999999999,0.1,0.02,10000,0.13387395833333335,0.00334491015620336,9600.0,-0.1893335343911763,0.018020047603192754,-1.7212139490106932,0.0,0.0,1.0,1.527790785825215,0.04628133638872767,0.17841705077638995,0.0,0.0,1.0,1.2170359848484849,0.03186996242795399,0.014802767027876267,0.02062072615965761,0.18340546874999997,-0.18704516239738617
0.1045,0.1,0.02,10000,0.138225,0.0033257924487944076,9600.0,-0.2125462475558153,0.017542149765573833,-1.9322386141437753,0.0,0.0,1.0,1.5877787624721111,0.04569548932466319,0.16979275428755478,0.0,0.0,1.0,1.2565909090909089,0.03249744278587586,0.014812679566548472,0.02062072615965761,0.18666875000000002,-0.20934122324879553
0.108,0.1,0.02,10000,0.14148125000000003,0.003657601258021763,9600.0,-0.22958877596066074,0.019024764129545055,-2.0871706905514613,0.0,0.0,1.0,1.6323090968870444,0.04989083116969613,0.16362762401561423,0.0,0.0,1.0,1.2861931818181815,0.032957956572759274,0.014855143188849491,0.02062072615965761,0.18911093749999996,-0.2255614055518734
0.1115,0.1,0.02,10000,0.14503541666666664,0.003815862071139312,9600.0,-0.2479198588563278,0.019526645397625053,-2.253816898693889,0.0,0.0,1.0,1.6806226400439384,0.05167653543023432,0.15713298128926437,0.0,0.0,1.0,1.3185037878787877,0.033453150464394864,0.014960036377698983,0.02062072615965761,0.19177656250000003,-0.24287600991759717
0.11499999999999999,0.1,0.02,10000,0.14776250000000002,0.0034110610889465515,9600.0,-0.26182928705308794,0.017232774863945324,-2.3802662459371633,0.0,0.0,1.0,1.71741248828286,0.04588168785331052,0.15229819707435957,0.0,0.0,1.0,1.3432954545454547,0.03382881975105742,0.014825640866903045,0.02062072615965761,0.19382187500000003,-0.25593532799524266
0.1185,0.1,0.02,10000,0.15153958333333334,0.003696766638407676,9600.0,-0.280743634819022,0.01839882498163587,-2.5522148619911085,0.0,0.0,1.0,1.7680435405526413,0.049390186392592315,0.1458923689440976,0.0,0.0,1.0,1.3776325757575754,0.03433949324329244,0.014849838622301013,0.02062072615965761,0.19665468750000004,-0.27350871402468613
0.122,0.1,0.02,10000,0.15583124999999998,0.0037647303515403597,9600.0,-0.3018673954151618,0.018374314559768387,-2.7442490492287432,0.0,0.0,1.0,1.825138437921599,0.04992586634167037,0.13892503285353755,0.0,0.0,1.0,1.4166477272727271,0.034909648935611284,0.014898350038672206,0.02062072615965761,0.19987343750000006,-0.2929313533336866
0.1255,0.1,0.02,10000,0.15791145833333334,0.003635563789194988,9600.0,-0.3119727169860827,0.017664981525476197,-2.8361156089643877,0.0,0.0,1.0,1.8526289077720621,0.04790037079061461,0.1356619552665724,0.0,0.0,1.0,1.4355587121212119,0.035182342472645484,0.014872767027876268,0.02062072615965761,0.20143359375000003,-0.30214682288563705
0.129,0.1,0.02,10000,0.16274166666666667,0.003824803403029939,9600.0,-0.33503916865950195,0.018121673913549192,-3.0458106241772906,0.0,0.0,1.0,1.916017761858093,0.050030231776647345,0.1284094820765733,0.0,0.0,1.0,1.4794696969696972,0.035804622659737516,0.014907590944247455,0.02062072615965761,0.20505625000000002,-0.32294777510108735
0.1325,0.1,0.02,10000,0.1654666666666667,0.003599025522025795,9600.0,-0.3478594606327431,0.016790373324300546,-3.1623587330249374,0.0,0.0,1.0,1.9515167650081404,0.0467213450015243,0.12447638113241288,0.0,0.0,1.0,1.5042424242424244,0.036150403273309144,0.014868490905575254,0.02062072615965761,0.20709999999999998,-0.33439289751926715
0.136,0.1,0.02,10000,0.16891041666666667,0.003732552119029049,9600.0,-0.36380635205563583,0.017232344035966962,-3.307330473233053,0.0,0.0,1.0,1.996091661743729,0.04813967508240176,0.1197061098757986,0.0,0.0,1.0,1.5355492424242423,0.03658040723826552,0.014874652283274233,0.02062072615965761,0.2096828125,-0.34847286606312805
0.1395,0.1,0.02,10000,0.172234375,0.003851147551467405,9600.0,-0.37896895423501625,0.01742605776450136,-3.44517231122742,0.0,0.0,1.0,2.0388476837316913,0.04931804861932671,0.11527842476440893,0.0,0.0,1.0,1.5657670454545454,0.03698917354466566,0.014909730650177287,0.02062072615965761,0.21217578125,-0.361717152657194
0.14300000000000002,0.1,0.02,10000,0.17583854166666665,0.004118257693226574,9600.0,-0.39514494390855776,0.01842019149673698,-3.5922267628050704,0.0,0.0,1.0,2.084896909217289,0.05240262999597517,0.11067789218670873,0.0,0.0,1.0,1.598532196969697,0.03742515738803199,0.01497733068884949,0.02062072615965761,0.21487890624999997,-0.37567919618284223
0.14650000000000002,0.1,0.02,10000,0.179759375,0.004061264030020061,9600.0,-0.4124769088150064,0.017819056539675176,-3.7497900801364215,0.0,0.0,1.0,2.1346342465817063,0.05133867394966244,0.10587328713673193,0.0,0.0,1.0,1.6341761363636365,0.037892200555713636,0.014975330688849492,0.02062072615965761,0.21781953125,-0.390469957863738
0.15000000000000002,0.1,0.02,10000,0.18380416666666666,0.003982473351512934,9600.0,-0.4300427925656519,0.01712100780400971,-3.909479932415017,0.0,0.0,1.0,2.1855535672277586,0.04999793894162999,0.10114491067750794,0.0,0.0,1.0,1.6709469696969692,0.038365434896317434,0.014954572755397966,0.02062072615965761,0.22085312500000004,-0.4052587912260121
0.15350000000000003,0.1,0.02,10000,0.18621770833333331,0.004307380249344592,9600.0,-0.44034471780129536,0.018354488105624456,-4.003133798193595,0.0,0.0,1.0,2.21576041069919,0.05373143747093006,0.0984460146237228,0.0,0.0,1.0,1.6928882575757571,0.038642912050642,0.01503265112230102,0.02062072615965761,0.22266328125,-0.41381592985012966
0.157,0.1,0.02,10000,0.19015312499999998,0.0038058889100014673,9600.0,-0.45698534981721756,0.01587108423047829,-4.154412271065613,0.0,0.0,1.0,2.2647219267485723,0.0471680489708447,0.0941630907162897,0.0,0.0,1.0,1.7286647727272728,0.03909106702175917,0.014929776122301015,0.02062072615965761,0.22561484375,-0.42753675834329125
0.1605,0.1,0.02,10000,0.19344375000000003,0.0039699959988544475,9600.0,-0.47063223471239163,0.01635381841716144,-4.278474861021743,0.0,0.0,1.0,2.30540240624036,0.04889103849742624,0.09075636434863421,0.0,0.0,1.0,1.758579545454545,0.03945850884922926,0.014979472716725761,0.02062072615965761,0.22808281250000004,-0.43861623614194273
0.164,0.1,0.02,10000,0.19764895833333337,0.004239893549566812,9600.0,-0.48777643230472095,0.01710812436085866,-4.43433120277019,0.0,0.0,1.0,2.3570253609048675,0.05190550022397768,0.0865959185337521,0.0,0.0,1.0,1.7968087121212122,0.03992002415009479,0.015010973877698982,0.02062072615965761,0.23123671875,-0.45234553231350993
0.1675,0.1,0.02,10000,0.200578125,0.003721493520135761,9600.0,-0.4995786061083873,0.014813095495577121,-4.54162369189443,0.0,0.0,1.0,2.3927490398124314,0.045281620468254985,0.08379192823463347,0.0,0.0,1.0,1.8234375,0.0402376913413819,0.014877035216725763,0.02062072615965761,0.23343359374999997,-0.46170671266694585
0.171,0.1,0.02,10000,0.20391354166666667,0.004487985480110531,9600.0,-0.5127323378192091,0.017544419569978417,-4.66120307108372,0.0,0.0,1.0,2.433229670662607,0.05425227236008815,0.0807636394566364,0.0,0.0,1.0,1.8537594696969695,0.040591654235533514,0.015021517027876267,0.02062072615965761,0.23593515625000006,-0.4719594083451636
0.17450000000000002,0.1,0.02,10000,0.20773541666666662,0.004125124879074252,9600.0,-0.5276518869740137,0.01593335555322138,-4.796835336127398,0.0,0.0,1.0,2.479352679615712,0.04959902358658866,0.0773917925856711,0.0,0.0,1.0,1.888503787878788,0.04099309073007041,0.014997365905575252,0.02062072615965761,0.23880156250000004,-0.4834910550238128
0.17800000000000002,0.1,0.02,10000,0.21087604166666668,0.00458859352935641,9600.0,-0.5396633329897815,0.017460152754327312,-4.906030299907105,0.0,0.0,1.0,2.517028974917571,0.0548676811945552,0.07476047040153631,0.0,0.0,1.0,1.9170549242424246,0.04131621204270508,0.01510449883902678,0.02062072615965761,0.24115703125000004,-0.49262049683155495
0.18150000000000002,0.1,0.02,10000,0.21530104166666666,0.003822912079465865,9600.0,-0.5564007158434862,0.014255570906229248,-5.0581883258498745,0.0,0.0,1.0,2.5697470005599388,0.045472121783087495,0.07116894450151809,0.0,0.0,1.0,1.957282196969697,0.04176641655359315,0.014907251160973219,0.02062072615965761,0.24447578124999997,-0.5052263386903717
0.18500000000000003,0.1,0.02,10000,0.21808958333333328,0.004290030354755667,9600.0,-0.5667094568064175,0.015817140449828317,-5.1519041527856135,0.0,0.0,1.0,2.602797623569502,0.05072057163746046,0.06902911687742995,0.0,0.0,1.0,1.9826325757575762,0.04204364127652469,0.01499161590557525,0.02062072615965761,0.24656718750000003,-0.5128450230427651
0.1885,0.1,0.02,10000,0.22238125,0.004618044163424849,9600.0,-0.5823435979292522,0.01668730002140232,-5.294032708447746,0.0,0.0,1.0,2.6533860188141953,0.0543145104739613,0.06585857162710812,0.0,0.0,1.0,2.0216477272727276,0.04246402141664924,0.015063215944247461,0.02062072615965761,0.24978593750000003,-0.524261961926572
0.192,0.1,0.02,10000,0.22483437499999995,0.004752001851448507,9600.0,-0.5911454854838943,0.01696655679014036,-5.374049868035402,0.0,0.0,1.0,2.6821864234595525,0.0555663010819212,0.06411254189217103,0.0,0.0,1.0,2.0439488636363636,0.04270065977862242,0.01516808068884949,0.02062072615965761,0.25162578125000007,-0.5306103393486609
0.1955,0.1,0.02,10000,0.2292833333333333,0.0037621471332456636,9600.0,-0.6069416814756194,0.013122502345718594,-5.517651649778357,0.0,0.0,1.0,2.7340323749312305,0.043817768940270084,0.061042415259078366,0.0,0.0,1.0,2.0843939393939395,0.04312530051514643,0.014895768188849488,0.02062072615965761,0.2549625,-0.5419054250976723
0.199,0.1,0.02,10000,0.2323791666666667,0.0042799140753225,9600.0,-0.6176608443282231,0.014773327609066614,-5.615098584802028,0.0,0.0,1.0,2.7699678301445805,0.04954435576078371,0.059028344670816156,0.0,0.0,1.0,2.1125378787878786,0.04341339670334812,0.015026938660973219,0.02062072615965761,0.257284375,-0.549414422867426
0.2025,0.1,0.02,10000,0.235690625,0.004125072669453085,9600.0,-0.6290015694144059,0.014011607514305423,-5.718196085585507,0.0,0.0,1.0,2.808183284687895,0.04751526791305632,0.05693673010448899,0.0,0.0,1.0,2.1426420454545454,0.04371817182802639,0.014956196594424744,0.02062072615965761,0.2597679687500001,-0.5572896785244082
0.20600000000000002,0.1,0.02,10000,0.23954583333333332,0.004163127705844964,9600.0,-0.6419684597815889,0.013923074769322844,-5.836076907105355,0.0,0.0,1.0,2.8524829568429415,0.04775175855119867,0.054605183995079465,0.0,0.0,1.0,2.177689393939394,0.04406659954514645,0.014982152283274234,0.02062072615965761,0.26265937500000003,-0.5661645644742529
0.20950000000000002,0.1,0.02,10000,0.24287916666666665,0.0041180220202358085,9600.0,-0.6529957915785612,0.013431888772751487,-5.936325377986923,0.0,0.0,1.0,2.890573693308697,0.046993104597012565,0.052669913371579835,0.0,0.0,1.0,2.2079924242424243,0.04436287357522641,0.014938884094424742,0.02062072615965761,0.26515937500000003,-0.5736145286306872
0.21300000000000002,0.1,0.02,10000,0.24652083333333338,0.004431676538788053,9600.0,-0.6648194016461112,0.014246525653144736,-6.043812742237375,0.0,0.0,1.0,2.9320410815952465,0.05034140150553702,0.05064615731269286,0.0,0.0,1.0,2.2410984848484845,0.044680497281565625,0.015054134094424744,0.02062072615965761,0.26789062500000005,-0.5814844472566048
0.21650000000000003,0.1,0.02,10000,0.24968020833333335,0.0046671780539533315,9600.0,-0.6749117317982765,0.014836722096920824,-6.13556119816615,0.0,0.0,1.0,2.967850707945486,0.05276297478981007,0.04895749267984537,0.0,0.0,1.0,2.2698200757575755,0.044951581648893645,0.015138401122301018,0.02062072615965761,0.27026015625000005,-0.5881177056198659
0.22,0.1,0.02,10000,0.25346041666666674,0.004633742438730933,9600.0,-0.6868075817178646,0.01447656750513913,-6.243705288344225,0.0,0.0,1.0,3.0104682087627457,0.052145736924992275,0.04700991350295127,0.0,0.0,1.0,2.304185606060606,0.0452710769404921,0.01510655456654848,0.02062072615965761,0.27309531249999996,-0.5958474911612653
0.01,0.15,0.02,10000,0.046006309148264986,0.0021370019478983582,9510.0,0.4081210665584098,0.018746586141164416,3.710191514167361,1.0,0.0,0.0,0.23855423425050187,0.03356465136585112,0.44065877498443434,0.0,1.0,0.0,0.41823917407513617,0.015603084058703118,0.014505456649629789,0.025438789411978746,0.15000473186119873,0.3867613978092032
0.0135,0.15,0.02,10000,0.049260778128286005,0.002031708806104477,9510.0,0.37996713663552434,0.017318263360771365,3.4542466966865844,1.0,0.0,0.0,0.2896369805592066,0.03187512790641466,0.4281106501435298,0.0,1.0,0.0,0.447825255711691,0.016377944595981388,0.014479695433451525,0.025438789411978746,0.15244558359621452,0.3625857000733142
0.017,0.15,0.02,10000,0.05307465825446898,0.0024922464414386526,9510.0,0.34788039956423494,0.02067295699841276,3.1625490869475907,1.0,0.0,0.0,0.34945943749746894,0.03904794485401021,0.4135455147485183,0.0,1.0,0.0,0.48249689322244527,0.01725961199142491,0.014606773734378336,0.025438789411978746,0.15530599369085174,0.3343693037183214
0.0205,0.15,0.02,10000,0.05702733964248159,0.0023749148758926324,9510.0,0.31542940211697834,0.019262427758080396,2.867540019245257,1.0,0.0,0.0,0.4112557762739755,0.03713727722595535,0.3986440515101299,0.0,0.97,0.03,0.5184303603861964,0.018150092374047487,0.014574964836354502,0.025438789411978746,0.15827050473186122,0.30526631227676754
0.024,0.15,0.02,10000,0.05986855941114616,0.0023765753213886203,9510.0,0.2926362434328764,0.01889730481598472,2.6603294857534223,1.0,0.0,0.0,0.45558681225505643,0.03702151007745077,0.3880692958120347,0.0,0.81,0.19,0.5442596310104196,0.018774804166069393,0.01459401185467711,0.025438789411978746,0.16040141955835963,0.2844668551300525
0.027500000000000004,0.15,0.02,10000,0.06361409043112513,0.0025170767001320015,9510.0,0.26323559906490396,0.01953648738850419,2.3930509005900356,1.0,0.0,0.0,0.5138613291194731,0.03912739987686338,0.37433338846482783,0.0,0.29,0.71,0.5783099130102285,0.019579750217306683,0.014602839116719241,0.025438789411978746,0.16321056782334387,0.25722859677252596
0.031,0.15,0.02,10000,0.06728916929547846,0.002619200051451035,9510.0,0.23504502201329702,0.019883721977150902,2.136772927393609,1.0,0.0,0.0,0.570863052387626,0.040578423480536405,0.3610898877888705,0.0,0.02,0.98,0.6117197208679859,0.020350735456791627,0.014644563241627336,0.025438789411978746,0.1659668769716088,0.23072447217477482
0.0345,0.15,0.02,10000,0.0703806519453207,0.0024739968308314267,9510.0,0.21178740477062913,0.018452715831240012,1.9253400433693562,1.0,0.0,0.0,0.618626273814723,0.03815620404755842,0.35014295144205865,0.0,0.0,1.0,0.6398241085938247,0.020986257402438587,0.014606309148264985,0.025438789411978746,0.16828548895899054,0.2086090861844775
0.038,0.15,0.02,10000,0.07356677181913776,0.002598827609217226,9510.0,0.18828978306073652,0.01902403056917573,1.7117253005521502,1.0,0.0,0.0,0.6677062368348303,0.03990424349869575,0.33906735149992534,0.0,0.0,1.0,0.6687888347194341,0.021627793973328556,0.01464718439244206,0.025438789411978746,0.17067507886435337,0.18603101472452102
0.0415,0.15,0.02,10000,0.07744269190325974,0.0028397452828419407,9510.0,0.1602930940830734,0.02034746724024491,1.4572099462097576,1.0,0.0,0.0,0.7271373331132708,0.04344235157818656,0.32589444182017824,0.0,0.0,1.0,0.7040244718478157,0.022391520475871805,0.014656888062666523,0.025438789411978746,0.1735820189274448,0.15887003149884507
0.045000000000000005,0.15,0.02,10000,0.08051314405888538,0.0029990622553532865,9510.0,0.13854242167594238,0.021047709491857393,1.2594765606903853,1.0,0.0,0.0,0.7740451289512608,0.04565861411588722,0.31568705707190214,0.0,0.0,1.0,0.7319376732625946,0.022984414002292654,0.014746379875941813,0.025438789411978746,0.17588485804416407,0.13760402207815223
0.0485,0.15,0.02,10000,0.08530704521556257,0.002868054543592937,9510.0,0.10527261459554504,0.019625353231653115,0.9570237690504092,1.0,0.0,0.0,0.846837126384931,0.043489059421397504,0.3001753894726588,0.0,0.0,1.0,0.7755185928687509,0.023890611526486638,0.01471968886116614,0.025438789411978746,0.17948028391167192,0.10484600479423026
0.052000000000000005,0.15,0.02,10000,0.08836487907465825,0.0032479145231181002,9510.0,0.08454829212301558,0.02180475921706836,0.76862083748196,1.0,0.0,0.0,0.8930019413428961,0.04897265991354927,0.2905935318418503,0.0,0.0,1.0,0.8033170824968932,0.024454624926902264,0.014771122264771747,0.025438789411978746,0.1817736593059937,0.08430915949225655
0.0555,0.15,0.02,10000,0.09159095688748684,0.0028723971642515187,9510.0,0.06296408067175843,0.019008725770708085,0.5724007333796222,1.0,0.0,0.0,0.9414710457143312,0.04306223845504293,0.28068459635073695,0.0,0.0,1.0,0.8326450626135169,0.025041780882004733,0.014699298157303746,0.025438789411978746,0.1841932176656152,0.06285870298839222
0.059000000000000004,0.15,0.02,10000,0.09492954784437437,0.003017169898883877,9510.0,0.041063427408026466,0.019661620615771477,0.37330388552751337,0.98,0.02,0.0,0.9913808953120768,0.04496852212258495,0.27072990398769814,0.0,0.0,1.0,0.8629958894943123,0.025637160528171256,0.014737739797682302,0.025438789411978746,0.18669716088328075,0.041024170297552114
0.0625,0.15,0.02,10000,0.09828286014721346,0.0029460536241566566,9510.0,0.019422037549212966,0.018933818929112386,0.17656397772011787,0.82,0.05,0.13,1.0411936613424218,0.04367348848416553,0.2610064686830981,0.0,0.0,1.0,0.8934805467928497,0.026225190220041814,0.014653238783821729,0.025438789411978746,0.18921214511041007,0.019411205083167408
0.066,0.15,0.02,10000,0.10237854889589906,0.003130362713744709,9510.0,-0.0064898305199918615,0.01961394886283314,-0.058998459272653264,0.35,0.05,0.6,1.1017244125858872,0.046121637784202994,0.24951566888965662,0.0,0.0,1.0,0.9307140808718097,0.02692883523576239,0.014773206774750367,0.025438789411978746,0.19228391167192435,-0.006487356844098767
0.0695,0.15,0.02,10000,0.10546267087276552,0.0032406161970419288,9510.0,-0.02565541968069063,0.01997665820043788,-0.2332310880062784,0.1,0.03,0.87,1.146980985643203,0.04742187718054138,0.24114639520932687,0.0,0.0,1.0,0.9587515533887776,0.027449012243586726,0.014781579678020957,0.025438789411978746,0.19459700315457415,-0.025639469986955873
0.073,0.15,0.02,10000,0.10850473186119874,0.0030212279608111633,9510.0,-0.04430505336000377,0.01836553311697126,-0.4027732123636708,0.0,0.0,1.0,1.1913655204156197,0.043915889690703556,0.23310586098812244,0.0,0.0,1.0,0.9864066532836248,0.027954992824986005,0.014713505395384154,0.025438789411978746,0.19687854889589906,-0.04426144265801219
0.0765,0.15,0.02,10000,0.11241219768664568,0.002976110103571771,9510.0,-0.06783329478846334,0.017725575290396707,-0.6166663162587573,0.0,0.0,1.0,1.248012744159515,0.04298399065578471,0.22313208628911813,0.0,0.0,1.0,1.0219290698785966,0.02859302438364437,0.014677811389075004,0.025438789411978746,0.1998091482649842,-0.06770826289909168
0.08,0.15,0.02,10000,0.1159179810725552,0.0034180240829960666,9510.0,-0.0885226378803337,0.020092944377611645,-0.8047512534575789,0.0,0.0,1.0,1.2985188033731887,0.049053212717060174,0.21452892740958235,0.0,0.0,1.0,1.05379982793232,0.029153778490949894,0.014824128674016472,0.025438789411978746,0.20243848580441642,-0.08825804214986233
0.08349999999999999,0.15,0.02,10000,0.11992954784437433,0.0035611440856778086,9510.0,-0.11180667017238596,0.020449876992991962,-1.016424274294418,0.0,0.0,1.0,1.3558541295584243,0.05075459812278585,0.2050374561117686,0.0,0.0,1.0,1.0902686167670397,0.029784599780737345,0.014838480358984017,0.025438789411978746,0.2054471608832808,-0.11129719755446005
0.087,0.15,0.02,10000,0.12282334384858046,0.0029862050747673807,9510.0,-0.12838820129699538,0.016906036219522535,-1.1671654663363218,0.0,0.0,1.0,1.3969486288341915,0.042268284109173895,0.19838554524247998,0.0,0.0,1.0,1.1165758531689132,0.030233692770534,0.014741391830715385,0.025438789411978746,0.20761750788643532,-0.12765145682598134
0.0905,0.15,0.02,10000,0.12665299684542589,0.0033056900260712762,9510.0,-0.14989431693009891,0.01842492768992397,-1.362675608455445,0.0,0.0,1.0,1.4509593721534761,0.04645969742357773,0.18995585568411358,0.0,0.0,1.0,1.1513908804129624,0.030815889231275984,0.014801183065396144,0.025438789411978746,0.21048974763406939,-0.14873296537361866
0.094,0.15,0.02,10000,0.13037749737118823,0.0033625845544867855,9510.0,-0.17046439115499065,0.018369982468093293,-1.5496762832271878,0.0,0.0,1.0,1.5030771838751413,0.04693254861572178,0.18207012608661188,0.0,0.0,1.0,1.1852499761017112,0.03137253978083676,0.014779690088115596,0.025438789411978746,0.21328312302839117,-0.16877697281638532
0.0975,0.15,0.02,10000,0.13386225026288118,0.0035435058987264923,9510.0,-0.1893788798265897,0.019088601254114875,-1.7216261802417245,0.0,0.0,1.0,1.5515191557783283,0.04911369340041028,0.17497893229854922,0.0,0.0,1.0,1.2169295478443742,0.03188419590211119,0.014859651469606584,0.025438789411978746,0.2158966876971609,-0.1870817958328812
0.10099999999999999,0.15,0.02,10000,0.13680862250262882,0.0039051650070647454,9510.0,-0.20511521718053824,0.02084003280590506,-1.864683792550348,0.0,0.0,1.0,1.5921914005440903,0.053767212250293794,0.16920903347294788,0.0,0.0,1.0,1.2437147500238985,0.032309736816986484,0.014934535513983103,0.025438789411978746,0.21810646687697166,-0.20220408659942507
0.1045,0.15,0.02,10000,0.14098107255520503,0.0034893972407598122,9510.0,-0.22712258316928458,0.018196962226923588,-2.064750756084406,0.0,0.0,1.0,1.6493946107242123,0.047682839721296603,0.16129386671860488,0.0,0.0,1.0,1.281646114138228,0.03290471040284785,0.014875564005246757,0.025438789411978746,0.22123580441640378,-0.2232266911677964
0.108,0.15,0.02,10000,0.14441850683491061,0.0035785307100327625,9510.0,-0.2449019993314364,0.018432891084558548,-2.2263818121039676,0.0,0.0,1.0,1.696130231087167,0.048569939161101895,0.15507705414637277,0.0,0.0,1.0,1.3128955166810057,0.03338519560037151,0.014865205247511535,0.025438789411978746,0.22381388012618295,-0.24004514885736947
0.1115,0.15,0.02,10000,0.1468548895899054,0.003493211744206359,9510.0,-0.2573492631439594,0.01770072065238621,-2.3395387558541767,0.0,0.0,1.0,1.7290703463517108,0.04703485532329658,0.1508042854889515,0.0,0.0,1.0,1.3350444508173211,0.03372150340711445,0.014852856980255236,0.025438789411978746,0.22564116719242908,-0.2517411118578395
0.11499999999999999,0.15,0.02,10000,0.15081703470031546,0.003737920301065649,9510.0,-0.27726782278258627,0.018651797652907934,-2.5206165707507853,0.0,0.0,1.0,1.782265720511529,0.04998248618974788,0.1441321281782705,0.0,0.0,1.0,1.3710639518210497,0.03425951550940913,0.014859492977280547,0.025438789411978746,0.2286127760252366,-0.27028840203206833
0.1185,0.15,0.02,10000,0.15441745531019976,0.00332690869648797,9510.0,-0.2951114818036563,0.01628446351742274,-2.682831652760512,0.0,0.0,1.0,1.8302527308154013,0.04415505826347787,0.1382911562289496,0.0,0.0,1.0,1.4037950482745436,0.03474136212294049,0.014769363639741111,0.025438789411978746,0.23131309148264986,-0.2867632545880725
0.122,0.15,0.02,10000,0.1574626708727655,0.0037619439284659532,9510.0,-0.3099187740033416,0.018170806334080313,-2.8174434000303794,0.0,0.0,1.0,1.8705777330082267,0.04957610114776908,0.13357782843923968,0.0,0.0,1.0,1.43147882611605,0.035141084905611485,0.014877287066246057,0.025438789411978746,0.23359700315457416,-0.3002736597576201
0.1255,0.15,0.02,10000,0.16174447949526813,0.004025443417683697,9510.0,-0.3304238590714115,0.01912154536055553,-3.003853264285559,0.0,0.0,1.0,1.9268778705630643,0.05269664299243186,0.12721030542032016,0.0,0.0,1.0,1.4704043590478921,0.03569448124630612,0.014994298257400208,0.025438789411978746,0.2368083596214511,-0.3187980605426011
0.129,0.15,0.02,10000,0.16504942166140904,0.004207420476593877,9510.0,-0.34598535476397485,0.019668891284186578,-3.145321406945227,0.0,0.0,1.0,1.9699643112853038,0.05470115939144694,0.12251274561034085,0.0,0.0,1.0,1.5004492878309912,0.036114346401303093,0.014986015872967122,0.025438789411978746,0.2392870662460568,-0.33269703659246885
0.1325,0.15,0.02,10000,0.16743217665615137,0.004030943918846978,9510.0,-0.35708867919257936,0.018642644606154047,-3.246260719932539,0.0,0.0,1.0,2.0009027329986235,0.05205767105799825,0.11921528496866093,0.0,0.0,1.0,1.522110696874104,0.036413877177724575,0.015017090418741042,0.025438789411978746,0.2410741324921136,-0.3425430215704127
0.136,0.15,0.02,10000,0.17142902208201893,0.003642781458294113,9510.0,-0.3754544107836524,0.0166100750242208,-3.413221916215021,0.0,0.0,1.0,2.0523925283611373,0.04672023077989047,0.11389524312170578,0.0,0.0,1.0,1.558445655291081,0.03690921826054749,0.014871749161308236,0.025438789411978746,0.24407176656151422,-0.3586683622631056
0.1395,0.15,0.02,10000,0.17540694006309146,0.003905162290074125,9510.0,-0.39336140176894885,0.0174582918599074,-3.576012743354081,0.0,0.0,1.0,2.103255107688233,0.04975389443704531,0.10887385188837938,0.0,0.0,1.0,1.5946085460281043,0.037392043063743566,0.014887328175806236,0.025438789411978746,0.24705520504731865,-0.37415751778232864
0.14300000000000002,0.15,0.02,10000,0.1782029442691903,0.00373252135442762,9510.0,-0.40578534993802085,0.01647114643727143,-3.6889577267092806,0.0,0.0,1.0,2.138820647240853,0.04723254367681294,0.10546271079044241,0.0,0.0,1.0,1.6200267660835481,0.037726967844533846,0.01492930579349793,0.025438789411978746,0.24915220820189268,-0.3848002476987638
0.14650000000000002,0.15,0.02,10000,0.1821850683491062,0.004219491895343598,9510.0,-0.4231584937950219,0.018287504367238756,-3.846895398136563,0.0,0.0,1.0,2.1891054848721625,0.053059786064482174,0.10083390356842131,0.0,0.0,1.0,1.6562278940827841,0.03819519688815966,0.01504031459369737,0.025438789411978746,0.25213880126182964,-0.39947687069914717
0.15000000000000002,0.15,0.02,10000,0.1854500525762355,0.0038778215912542934,9510.0,-0.4372306414751095,0.016550214512550218,-3.974824013410086,0.0,0.0,1.0,2.230035718452392,0.04842615560304904,0.09716744119673254,0.0,0.0,1.0,1.6859095688748684,0.03857439919355144,0.01493154879580259,0.025438789411978746,0.25458753943217666,-0.41125364802093195
0.15350000000000003,0.15,0.02,10000,0.19045425867507884,0.0038132267771137382,9510.0,-0.4583681780484065,0.01593353105634946,-4.1669834368036955,0.0,0.0,1.0,2.2923285358170364,0.047350015700797096,0.09183586542860496,0.0,0.0,1.0,1.7314023515916264,0.03914384640078827,0.014940374167372312,0.025438789411978746,0.25834069400630916,-0.4286654322110155
0.157,0.15,0.02,10000,0.19317665615141955,0.00403102191464628,9510.0,-0.4696519536901059,0.01660807352777199,-4.269563215364598,0.0,0.0,1.0,2.3259636888499307,0.04973514230586492,0.08907683690411164,0.0,0.0,1.0,1.7561514195583596,0.03944776238715949,0.014954145874029512,0.025438789411978746,0.2603824921135647,-0.4378214097593533
0.1605,0.15,0.02,10000,0.19584016824395373,0.003805831049820439,9510.0,-0.48058990296497006,0.015542608781346562,-4.368999117863365,0.0,0.0,1.0,2.358741565886247,0.04663662237259379,0.08644388209433622,0.0,0.0,1.0,1.7803651658541246,0.03974233117640377,0.01494846601325573,0.025438789411978746,0.2623801261829653,-0.4466305321854238
0.164,0.15,0.02,10000,0.19993165089379605,0.0038255609704498997,9510.0,-0.4971131647757663,0.015373363702644173,-4.519210588870603,0.0,0.0,1.0,2.4087579263158174,0.04662497874856286,0.08257564226412313,0.0,0.0,1.0,1.8175604626708728,0.04018723194260529,0.014926004781909424,0.025438789411978746,0.26544873817034703,-0.45975915443602183
0.1675,0.15,0.02,10000,0.2037602523659306,0.004217239809673699,9510.0,-0.5122753656580955,0.016538859340865682,-4.65704877870996,0.0,0.0,1.0,2.455244853461802,0.05106379699469308,0.0791346774534336,0.0,0.0,1.0,1.8523659305993692,0.04059539756129867,0.014976638087690635,0.025438789411978746,0.26832018927444795,-0.4716167879337735
0.171,0.15,0.02,10000,0.20776866456361723,0.004455937953642397,9510.0,-0.527881148639779,0.017170204332342724,-4.7989195330889,0.0,0.0,1.0,2.5036313661519465,0.05367612282801177,0.0756883536924306,0.0,0.0,1.0,1.8888060414874293,0.04101542758992074,0.015086508750151207,0.025438789411978746,0.2713264984227129,-0.4836515836039455
0.17450000000000002,0.15,0.02,10000,0.2097528916929548,0.004118309069118513,9510.0,-0.535535251878532,0.015820394739744437,-4.868502289804837,0.0,0.0,1.0,2.5274353212452785,0.04927639687894165,0.07402754701350746,0.0,0.0,1.0,1.9068444699359526,0.04122141756192384,0.014993064718817941,0.025438789411978746,0.2728146687697161,-0.4895088001718886
0.17800000000000002,0.15,0.02,10000,0.21403259726603577,0.004633447844367208,9510.0,-0.551719617374475,0.017495939416746688,-5.015632885222499,0.0,0.0,1.0,2.578537303672215,0.055161365847397434,0.07061798173057952,0.0,0.0,1.0,1.9457508842366886,0.04165689100172555,0.015068927644987868,0.025438789411978746,0.2760244479495268,-0.5016943855002585
0.18150000000000002,0.15,0.02,10000,0.2180946372239748,0.004126553476353913,9510.0,-0.5668647810599535,0.015235500131828209,-5.153316191454123,0.0,0.0,1.0,2.626761610897877,0.048861787377741606,0.06750028107558334,0.0,0.0,1.0,1.9826785202179522,0.04206434709692888,0.015054156401660706,0.025438789411978746,0.2790709779179811,-0.5129662376915047
0.18500000000000003,0.15,0.02,10000,0.22071188222923235,0.00458588840656452,9510.0,-0.5764175001413582,0.01664478166640357,-5.240159092194165,0.0,0.0,1.0,2.6576230141023682,0.05397750077632244,0.06559716328075337,0.0,0.0,1.0,2.0064716566293854,0.04232129623756822,0.015077542486654326,0.025438789411978746,0.2810339116719243,-0.5199526430155912
0.1885,0.15,0.02,10000,0.22441430073606727,0.004427602310723669,9510.0,-0.5897935079330039,0.015789431828549114,-5.361759163027308,0.0,0.0,1.0,2.7011002255263126,0.051850348822027686,0.0629767425822154,0.0,0.0,1.0,2.040130006691521,0.04268105051141709,0.015041596878033999,0.025438789411978746,0.2838107255520505,-0.5296530082133657
0.192,0.15,0.02,10000,0.22827129337539437,0.0038867503068803445,9510.0,-0.6035099081467787,0.013708068535224441,-5.48645371042526,0.0,0.0,1.0,2.7461046999865677,0.045295752796504114,0.060357838900475136,0.0,0.0,1.0,2.0751935761399487,0.04304990757212002,0.014884533986744266,0.025438789411978746,0.2867034700315457,-0.5394713289705004
0.1955,0.15,0.02,10000,0.23160462670872764,0.00531889900269624,9510.0,-0.6150302322596513,0.018448712378334873,-5.591183929633193,0.0,0.0,1.0,2.784883700362604,0.06165695063567983,0.05823784141482638,0.0,0.0,1.0,2.105496606442978,0.043359634165371565,0.015267590769078652,0.025438789411978746,0.28920347003154573,-0.5475292034405231
0.199,0.15,0.02,10000,0.23461093585699264,0.004256235377716662,9510.0,-0.6254435267632892,0.014472533557047506,-5.685850243302627,0.0,0.0,1.0,2.8196212297177454,0.049065604307682864,0.05632896096430136,0.0,0.0,1.0,2.132826689609024,0.04363960377604679,0.015031055918618507,0.025438789411978746,0.2914582018927445,-0.5548271208830439
0.2025,0.15,0.02,10000,0.23863827549947417,0.0043617283465789145,9510.0,-0.6390488680303342,0.014565944272643887,-5.8095351639121295,0.0,0.0,1.0,2.8659730421480627,0.05007477507350411,0.05391776038999987,0.0,0.0,1.0,2.1694388681770382,0.04400531989608145,0.015091200265409182,0.025438789411978746,0.29447870662460573,-0.5641708130586847
0.20600000000000002,0.15,0.02,10000,0.24162460567823346,0.00440281205679382,9510.0,-0.6489731009681127,0.014591116268337841,-5.899755463346479,0.0,0.0,1.0,2.900120981430925,0.05026958349137718,0.05220324161954386,0.0,0.0,1.0,2.196587324347577,0.04427205254268995,0.015007886435331231,0.025438789411978746,0.2967184542586751,-0.57089717416963
0.20950000000000002,0.15,0.02,10000,0.2449568874868559,0.004773992372525905,9510.0,-0.6598589137040086,0.015476395399729672,-5.99871739730917,0.0,0.0,1.0,2.9381545000638756,0.05424934037504584,0.05036178661085748,0.0,0.0,1.0,2.2268807953350542,0.04456459323238711,0.015166294802536694,0.025438789411978746,0.299217665615142,-0.5781782628961988
0.21300000000000002,0.15,0.02,10000,0.24978759200841222,0.004536007498146056,9510.0,-0.6753868913976465,0.014462438405562956,-6.139880830887696,0.0,0.0,1.0,2.9929240498300613,0.05135827562674083,0.04780057423900749,0.0,0.0,1.0,2.2707962909855652,0.04498183629620755,0.015127894471911252,0.025438789411978746,0.30284069400630914,-0.5884325547866135
0.21650000000000003,0.15,0.02,10000,0.25339327024185065,0.004325562777475228,9510.0,-0.6867444104206468,0.013505207745767205,-6.243131003824058,0.0,0.0,1.0,3.033562501429495,0.04876164699380361,0.04597936693137937,0.0,0.0,1.0,2.3035751840168244,0.04528697494211781,0.015050792098396637,0.025438789411978746,0.30554495268138804,-0.5958170954278921
0.22,0.15,0.02,10000,0.25593375394321766,0.004591141112387372,9510.0,-0.69459967380888,0.014121041709483079,-6.314542489171636,0.0,0.0,1.0,3.0621179388990627,0.05148986671417847,0.044748126637838295,0.0,0.0,1.0,2.326670490392888,0.0454979936342508,0.015127791034487836,0.025438789411978746,0.30745031545741325,-0.6008530101138251
0.01,0.2,0.02,10000,0.04892887473460722,0.002171598232925236,9420.0,0.3826978902313558,0.018613215437196663,3.4790717293759625,1.0,0.0,0.0,0.3083524518114422,0.03409678805563369,0.4235383605314184,0.0,1.0,0.0,0.44480795213279295,0.01630985187168712,0.014514983583423442,0.030325737456554425,0.18469665605095542,0.3649395173398532
0.0135,0.2,0.02,10000,0.05234182590233545,0.002356844389865172,9420.0,0.35384504499652114,0.01963102048091821,3.2167731363320105,1.0,0.0,0.0,0.3618808459713712,0.03695593131054655,0.4105340265739171,0.0,1.0,0.0,0.47583478093032233,0.017103220330320162,0.014570063694267514,0.030325737456554425,0.1872563694267516,0.33966709324700645
0.017,0.2,0.02,10000,0.05568259023354566,0.002368582323278535,9420.0,0.3262387913181991,0.019328174377076044,2.96580719380181,1.0,0.0,0.0,0.4141601169074354,0.03703402558493902,0.39794836508016795,0.0,0.98,0.02,0.5062053657595059,0.017861342988169084,0.014578304476590349,0.030325737456554425,0.18976194267515928,0.3150323893095266
0.0205,0.2,0.02,10000,0.059131634819532916,0.002046426531594758,9420.0,0.29834244089574674,0.016308200391563655,2.7122040081431518,1.0,0.0,0.0,0.4679790421445626,0.0319159440360502,0.3851222934643603,0.0,0.74,0.26,0.5375603165412083,0.018626560678816902,0.014496219072297003,0.030325737456554425,0.19234872611464973,0.28972540132989894
0.024,0.2,0.02,10000,0.06253397027600849,0.002622853311902979,9420.0,0.27153324088503444,0.020460128854853682,2.468484008045768,1.0,0.0,0.0,0.5209943371605731,0.04078306136580764,0.3726689996551828,0.0,0.21,0.79,0.5684906388728045,0.019360995085919003,0.014617523458929228,0.030325737456554425,0.1949004777070064,0.2649492496173098
0.027500000000000004,0.2,0.02,10000,0.06643205944798301,0.0026566198360658618,9420.0,0.24144239653256305,0.020195266785406507,2.1949308775687553,1.0,0.0,0.0,0.5814962084164228,0.04120653037553641,0.3586434663132622,0.0,0.0,1.0,0.6039278131634819,0.02018452974398767,0.014621903112746875,0.030325737456554425,0.19782404458598726,0.23676830379722832
0.031,0.2,0.02,10000,0.06969320594479829,0.002614648307964445,9420.0,0.21680639162599719,0.019520832194061477,1.9709671965999744,1.0,0.0,0.0,0.6319331538073627,0.040381490746231694,0.34712845722312097,0.0,0.0,1.0,0.6335745994981664,0.020858112902806404,0.014615323584870605,0.030325737456554425,0.20026990445859874,0.21339564935036787
0.0345,0.2,0.02,10000,0.07319851380042462,0.0026994721649627874,9420.0,0.1908685379338019,0.019747963894957893,1.7351685266709265,1.0,0.0,0.0,0.6859565629612904,0.041524300920731415,0.334996068855594,0.0,0.0,1.0,0.6654410345493147,0.02156665796576466,0.014640970664653691,0.030325737456554425,0.2028988853503185,0.1885141661753173
0.038,0.2,0.02,10000,0.07679830148619957,0.0027067937945507085,9420.0,0.16476702896333362,0.01942709744332194,1.4978820814848506,1.0,0.0,0.0,0.7411942584872306,0.041453186431642204,0.32280892344216416,0.0,0.0,1.0,0.6981663771472689,0.022279077332691456,0.014636212792828375,0.030325737456554425,0.20559872611464972,0.16323256248994616
0.0415,0.2,0.02,10000,0.0802059447983015,0.0030024029266803617,9420.0,0.14057707633793007,0.021122287386098147,1.27797342125391,1.0,0.0,0.0,0.7932802990910953,0.04576370002082499,0.31154864033483415,0.0,0.0,1.0,0.7291449527118317,0.022938774115675006,0.01473368673215357,0.030325737456554425,0.20815445859872614,0.1395980586590482
0.045000000000000005,0.2,0.02,10000,0.08409341825902336,0.002673424279971854,9420.0,0.11346229237683923,0.018415983168632532,1.0314753852439933,1.0,0.0,0.0,0.8523611414692418,0.0405823660638486,0.2990065003132295,0.0,0.0,1.0,0.7644856205365759,0.023677745745765078,0.014655414012738852,0.030325737456554425,0.21107006369426753,0.11294052710596145
0.0485,0.2,0.02,10000,0.08750106157112526,0.00299538831528116,9420.0,0.09022565696998898,0.020268226985812918,0.8202332451817179,1.0,0.0,0.0,0.9039063674155335,0.04522125894263281,0.2883363027657687,0.0,0.0,1.0,0.7954641961011387,0.024310509326539914,0.014732377142030193,0.030325737456554425,0.21362579617834396,0.08994525438931517
0.052000000000000005,0.2,0.02,10000,0.09032271762208069,0.0030396419126857838,9420.0,0.07128018150537645,0.020277775001619935,0.6480016500488768,1.0,0.0,0.0,0.9463895998329106,0.04561593220178823,0.27970281957404075,0.0,0.0,1.0,0.8211156147461881,0.024826144698702167,0.014771868663867543,0.030325737456554425,0.21574203821656057,0.07113055597239197
0.0555,0.2,0.02,10000,0.09439171974522298,0.002989432564437689,9420.0,0.04443784173995595,0.019471555276295054,0.403980379454145,0.97,0.01,0.02,1.0072779171941468,0.044621475368267445,0.26760277385349956,0.0,0.0,1.0,0.8581065431383902,0.025556280981098935,0.014717857360824014,0.030325737456554425,0.21879378980891723,0.04439248933667426
0.059000000000000004,0.2,0.02,10000,0.09776114649681529,0.0030064824925823707,9420.0,0.022641768248672634,0.019296392315210752,0.20583425680611478,0.82,0.05,0.13,1.0574032554826198,0.04461192104004585,0.2578972328339809,0.0,0.0,1.0,0.8887376954255936,0.026148782329740484,0.014710380909711369,0.030325737456554425,0.2213208598726115,0.02262926577243944
0.0625,0.2,0.02,10000,0.10153290870488324,0.0033457508642066635,9420.0,-0.0012851854562344648,0.021059078418752947,-0.011683504147586041,0.44,0.09,0.47,1.113206107556604,0.04935634733767084,0.24738702252128736,0.0,0.0,1.0,0.9230264427716658,0.02679882376985121,0.014836086660187072,0.030325737456554425,0.22414968152866244,-0.0012848242071627019
0.066,0.2,0.02,10000,0.10412208067940551,0.0034156097300648623,9420.0,-0.01746501184872782,0.021237528959531942,-0.15877283498843472,0.13,0.07,0.8,1.1512764800858373,0.05006220916651931,0.24037352553415667,0.0,0.0,1.0,0.9465643698127778,0.0272381991810335,0.014844534851930881,0.030325737456554425,0.22609156050955417,-0.01745593783950079
0.0695,0.2,0.02,10000,0.10824522292993631,0.0033692709646765888,9420.0,-0.0428214374221008,0.020445370506636015,-0.3892857947463709,0.01,0.0,0.99,1.21153242161012,0.04906439696718261,0.2295440310354399,0.0,0.0,1.0,0.9840474811812392,0.02792646129786716,0.014822259800644966,0.030325737456554425,0.22918391719745224,-0.042776719707176544
0.073,0.2,0.02,10000,0.1118832271762208,0.0030170925994246435,9420.0,-0.06479812979743062,0.018055330009856242,-0.5890739072493694,0.0,0.0,1.0,1.2643060538904516,0.04366058313280251,0.2203241341811665,0.0,0.0,1.0,1.017120247056553,0.02852269113761746,0.014715234412896083,0.030325737456554425,0.23191242038216558,-0.06468713018171224
0.0765,0.2,0.02,10000,0.11478662420382164,0.00300107091907224,9420.0,-0.08203577432124237,0.017738403955127012,-0.7457797665567492,0.0,0.0,1.0,1.3061792120244338,0.043116904022177514,0.21321540210078527,0.0,0.0,1.0,1.0435147654892878,0.02899013668682244,0.014715770610678816,0.030325737456554425,0.2340899681528662,-0.08182764043094454
0.08,0.2,0.02,10000,0.11892144373673036,0.003423434751515152,9420.0,-0.10613439350034522,0.019727266513805457,-0.9648581227304115,0.0,0.0,1.0,1.3654014961443324,0.048861866403720505,0.20347730973220332,0.0,0.0,1.0,1.081104033970276,0.02964333301306002,0.014787345114980185,0.030325737456554425,0.23719108280254775,-0.10569662211219903
0.08349999999999999,0.2,0.02,10000,0.12195966029723991,0.003227567725484498,9420.0,-0.12358460572760067,0.018434866281542634,-1.1234964157054612,0.0,0.0,1.0,1.4086254575305304,0.04575174778363461,0.19655023967239804,0.0,0.0,1.0,1.1087241845203628,0.030116152530078374,0.014764988606998345,0.030325737456554425,0.23946974522292996,-0.12291927967931195
0.087,0.2,0.02,10000,0.12596815286624205,0.00349899961677052,9420.0,-0.1461821471589213,0.019548687052480848,-1.3289286105356484,0.0,0.0,1.0,1.465270095118823,0.04925151213976142,0.18777688026946238,0.0,0.0,1.0,1.1451650260567459,0.030728174389748775,0.014874667623873317,0.030325737456554425,0.2424761146496815,-0.14509588464453055
0.0905,0.2,0.02,10000,0.1290764331210191,0.0033620820727875613,9420.0,-0.16344487952471773,0.018473966021229308,-1.4858625411337976,0.0,0.0,1.0,1.5088443666487341,0.046972679470826645,0.18121328029355419,0.0,0.0,1.0,1.1734221192819918,0.031195551828217524,0.014801910828025478,0.030325737456554425,0.24480732484076434,-0.16195100859420747
0.094,0.2,0.02,10000,0.1323428874734607,0.0035180209791548763,9420.0,-0.18129221489096967,0.01905564134202001,-1.6481110444633607,0.0,0.0,1.0,1.5543663064149795,0.048824258996816326,0.1745670462159407,0.0,0.0,1.0,1.2031171588496428,0.031678583403748684,0.014841407553353971,0.030325737456554425,0.24725716560509553,-0.179269079211373
0.0975,0.2,0.02,10000,0.13638959660297242,0.0034794421384138348,9420.0,-0.20305121611691565,0.01854203199375118,-1.8459201465174155,0.0,0.0,1.0,1.6103475354909225,0.04795980493730104,0.16664575766564968,0.0,0.0,1.0,1.2399054236633853,0.03226728286264247,0.0148445121558857,0.030325737456554425,0.2502921974522293,-0.20024066908169072
0.10099999999999999,0.2,0.02,10000,0.13993949044585988,0.0031699477916743365,9420.0,-0.2218298633450506,0.016607149054923658,-2.0166351213186418,0.0,0.0,1.0,1.6590553928938017,0.043365730223751044,0.15997385035631922,0.0,0.0,1.0,1.2721771858714532,0.03277517773123087,0.014740815466540453,0.030325737456554425,0.25295461783439493,-0.21820474946315055
0.1045,0.2,0.02,10000,0.14317409766454353,0.003483862627721395,9420.0,-0.23863013362436253,0.017988692593022576,-2.1693648511305685,0.0,0.0,1.0,1.7031617720120193,0.04731881168997504,0.15415267148855,0.0,0.0,1.0,1.3015827060413045,0.033229400319494465,0.014835510899991976,0.030325737456554425,0.2553805732484077,-0.2341306345169094
0.108,0.2,0.02,10000,0.14721231422505307,0.004600057903119192,9420.0,-0.25918830548606336,0.0232279193572274,-2.3562573226005763,0.0,0.0,1.0,1.7577936564159993,0.06200083874562415,0.14723481301499802,0.0,0.0,1.0,1.3382937656823006,0.03378501580394652,0.015087040818306084,0.030325737456554425,0.2584092356687898,-0.2534085021583531
0.1115,0.2,0.02,10000,0.15049787685774946,0.0037936348055309533,9420.0,-0.2757977196965574,0.01889219856555478,-2.5072519972414313,0.0,0.0,1.0,1.8019329587451927,0.0508010433318867,0.14172696044923808,0.0,0.0,1.0,1.368162516888632,0.034233851042279356,0.014911146496815283,0.030325737456554425,0.26087340764331207,-0.2689227088525331
0.11499999999999999,0.2,0.02,10000,0.153723991507431,0.003996283127046591,9420.0,-0.2917766986214273,0.019632055625368225,-2.652515442012975,0.0,0.0,1.0,1.8449935945064277,0.05313233912983049,0.13658128058269,0.0,0.0,1.0,1.3974908318857362,0.03466549240450409,0.014996638198568883,0.030325737456554425,0.26329299363057324,-0.28366944333372457
0.1185,0.2,0.02,10000,0.15762101910828025,0.0036599616723720116,9420.0,-0.3108200041599991,0.017687065379901414,-2.825636401454538,0.0,0.0,1.0,1.896596395884631,0.04833593287079927,0.13059105826983974,0.0,0.0,1.0,1.4329183555298204,0.035179790937009854,0.014878565713045284,0.030325737456554425,0.2662157643312102,-0.3010980502059889
0.122,0.2,0.02,10000,0.16053715498938426,0.0037726302483826572,9420.0,-0.3248239219875735,0.0179756599506877,-2.952944745341577,0.0,0.0,1.0,1.9349564882103556,0.04946939806463021,0.1263026589395415,0.0,0.0,1.0,1.4594286817216753,0.03555788197910634,0.014891486498262446,0.030325737456554425,0.26840286624203824,-0.3137715092771286
0.1255,0.2,0.02,10000,0.16467834394904457,0.0040213328249174675,9420.0,-0.3443909321830914,0.01880806946089919,-3.1308266562099214,0.0,0.0,1.0,1.9890625454637592,0.052353874798618374,0.12046491653681088,0.0,0.0,1.0,1.497075854082223,0.03608603321272366,0.014959284202374492,0.030325737456554425,0.2715087579617834,-0.3312883003808247
0.129,0.2,0.02,10000,0.16708386411889592,0.003631704154389559,9420.0,-0.35563339542620215,0.016859285336693217,-3.233030867510929,0.0,0.0,1.0,2.0202737717617265,0.04697283927650497,0.1171772489138097,0.0,0.0,1.0,1.5189442192626907,0.036389436341785084,0.014851156543965087,0.030325737456554425,0.27331289808917203,-0.3412773942985576
0.1325,0.2,0.02,10000,0.17147876857749472,0.003900112753631567,9420.0,-0.37578811362455505,0.017772039222941124,-3.416255578405046,0.0,0.0,1.0,2.076944774250668,0.050125459976383666,0.11145381583322088,0.0,0.0,1.0,1.5588978961590425,0.03693320158231281,0.014921245895855856,0.030325737456554425,0.27660907643312105,-0.358946701211403
0.136,0.2,0.02,10000,0.1746475583864119,0.003987263339046378,9420.0,-0.3900845199496171,0.01786568983216967,-3.546222908632883,0.0,0.0,1.0,2.117501414041864,0.05088356354272225,0.10750380940367914,0.0,0.0,1.0,1.5877050762401081,0.03731882082176667,0.014937341347299009,0.030325737456554425,0.2789856687898089,-0.3713319728308322
0.1395,0.2,0.02,10000,0.17870700636942669,0.004389025183449168,9420.0,-0.4080814070410921,0.01933588932251591,-3.709830973100837,0.0,0.0,1.0,2.1691277079216205,0.05562922086763284,0.10266945726787809,0.0,0.0,1.0,1.6246091488129708,0.03780413394945535,0.015088784875300416,0.030325737456554425,0.2820302547770701,-0.3867208553080911
0.14300000000000002,0.2,0.02,10000,0.18132908704883224,0.0039000901338295765,9420.0,-0.41959416318506126,0.016945600488238483,-3.8144923925914664,0.0,0.0,1.0,2.202232338225963,0.0490851952681632,0.0996357072162112,0.0,0.0,1.0,1.6484462458984748,0.03811455181541824,0.014951876379146144,0.030325737456554425,0.28399681528662424,-0.396493435697373
0.14650000000000002,0.2,0.02,10000,0.18611040339702759,0.0034004009714825568,9420.0,-0.4402060613690423,0.014531507084066534,-4.001873285173112,0.0,0.0,1.0,2.2621879879835283,0.042574526023408756,0.0943657495417993,0.0,0.0,1.0,1.6919127581547964,0.03867017265972779,0.01482132502068058,0.030325737456554425,0.28758280254777074,-0.4137437835218426
0.15000000000000002,0.2,0.02,10000,0.1889469214437367,0.004105193132311352,9420.0,-0.4521575488154508,0.01733551480555797,-4.110523171049553,0.0,0.0,1.0,2.2975055301843446,0.05106348694743531,0.09141772957046054,0.0,0.0,1.0,1.717699285852152,0.038992246861184895,0.01492658221957997,0.030325737456554425,0.2897101910828026,-0.4235678967282076
0.15350000000000003,0.2,0.02,10000,0.192411889596603,0.0039269720471033455,9420.0,-0.46662618065841643,0.016267539310525443,-4.242056187803786,0.0,0.0,1.0,2.3404270924706254,0.048503839338104135,0.08790665750091078,0.0,0.0,1.0,1.7491989963327543,0.039382112163831196,0.014911103256679875,0.030325737456554425,0.2923089171974523,-0.43537695471255317
0.157,0.2,0.02,10000,0.1947845010615711,0.003941790570416847,9420.0,-0.47639424072289627,0.016147867226011213,-4.330856733844511,0.0,0.0,1.0,2.3696780225557967,0.04835865845205724,0.08558937186752157,0.0,0.0,1.0,1.7707681914688285,0.039645272853275064,0.014959542477251363,0.030325737456554425,0.29408837579617836,-0.44325935307953473
0.1605,0.2,0.02,10000,0.19877070063694266,0.003894070062189103,9420.0,-0.49257780709458193,0.0156652225529479,-4.477980064496199,0.0,0.0,1.0,2.4185227366834168,0.04749785115908943,0.08184124162771149,0.0,0.0,1.0,1.8070063694267517,0.040081202305147896,0.014972820310199107,0.030325737456554425,0.297078025477707,-0.45617228028324974
0.164,0.2,0.02,10000,0.2019256900212314,0.004188578818263783,9420.0,-0.5051584502485063,0.01663131871425505,-4.592349547713693,0.0,0.0,1.0,2.4569079819874933,0.050779153944437945,0.07901309550992716,0.0,0.0,1.0,1.8356880911021038,0.04042001258246998,0.014967396070394202,0.030325737456554425,0.29944426751592357,-0.4660645296630051
0.1675,0.2,0.02,10000,0.20645010615711254,0.004024452879675546,9420.0,-0.522931589511073,0.01566162979871535,-4.753923541009755,0.0,0.0,1.0,2.51163987234045,0.04852598054468263,0.0751150901569553,0.0,0.0,1.0,1.876819146882841,0.0408985846221118,0.014949625549673506,0.030325737456554425,0.3028375796178344,-0.47986984142621786
0.171,0.2,0.02,10000,0.2097016985138004,0.004011612928611503,9420.0,-0.535474078245415,0.015359954564224176,-4.8679461658674095,0.0,0.0,1.0,2.550731304625089,0.048075662049079516,0.07244306722019699,0.0,0.0,1.0,1.906379077398186,0.041236247630265836,0.014982966896972514,0.030325737456554425,0.3052762738853503,-0.48946746596747864
0.17450000000000002,0.2,0.02,10000,0.21329936305732486,0.004335712537306261,9420.0,-0.5491131836674361,0.016260820096729536,-4.991938033340327,0.0,0.0,1.0,2.5937213648541615,0.05168523337663316,0.06961687220123589,0.0,0.0,1.0,1.9390851187029527,0.04160336907749812,0.015034433031060983,0.030325737456554425,0.30797452229299366,-0.49975703673444566
0.17800000000000002,0.2,0.02,10000,0.2163683651804671,0.003903836373692279,9420.0,-0.5606214814416893,0.01444321147544604,-5.096558922197175,0.0,0.0,1.0,2.6302009819331773,0.04625871836015086,0.06727706186286536,0.0,0.0,1.0,1.9669851380042462,0.041913102016207106,0.01496418713520512,0.030325737456554425,0.31027627388535034,-0.508360499474189
0.18150000000000002,0.2,0.02,10000,0.22140976645435248,0.004203224811631143,9420.0,-0.5791088079124669,0.015247510545671285,-5.264625526476972,0.0,0.0,1.0,2.6897397021109537,0.04958882489210204,0.06364474220908319,0.0,0.0,1.0,2.012816058675931,0.042410562074113416,0.01501177088055319,0.030325737456554425,0.3140573248407643,-0.5219300102944829
0.18500000000000003,0.2,0.02,10000,0.22442569002123144,0.004295673841965286,9420.0,-0.5899705500339253,0.015364353518100947,-5.36336863667205,0.0,0.0,1.0,2.7251548915133212,0.05039035615806367,0.06156882586338438,0.0,0.0,1.0,2.040233545647558,0.042702783605977575,0.015065053557159586,0.030325737456554425,0.3163192675159236,-0.5297853807176283
0.1885,0.2,0.02,10000,0.22687048832271764,0.004139818886286632,9420.0,-0.598680649531813,0.014632721091691078,-5.442551359380118,0.0,0.0,1.0,2.753703089265785,0.048263026858534064,0.05993491358979022,0.0,0.0,1.0,2.0624589847519785,0.042937095393112364,0.014976608863222574,0.030325737456554425,0.3181528662420382,-0.5360291129026163
0.192,0.2,0.02,10000,0.2297845010615711,0.0038795167317614084,9420.0,-0.6089378493489551,0.01355451063072189,-5.535798630445047,0.0,0.0,1.0,2.787644899120723,0.04497035588323501,0.05804389204732613,0.0,0.0,1.0,2.0889500096506466,0.043212996864825895,0.014974559073744165,0.030325737456554425,0.3203383757961783,-0.5433093629620646
0.1955,0.2,0.02,10000,0.23417303609341822,0.004580951043225178,9420.0,-0.6240519741174083,0.015612271628158023,-5.673199764703712,0.0,0.0,1.0,2.838435359912049,0.05288320037409383,0.05534622939586893,0.0,0.0,1.0,2.1288457826674385,0.04361946809861851,0.015013816452559805,0.030325737456554425,0.32362977707006363,-0.5538503100879364
0.199,0.2,0.02,10000,0.23707430997876858,0.004199546552870353,9420.0,-0.6339309863314818,0.014221388852862837,-5.763008966649834,0.0,0.0,1.0,2.871880351568324,0.048220936153254026,0.05361361349491042,0.0,0.0,1.0,2.1552209998069873,0.04388512395492791,0.015003831703200757,0.030325737456554425,0.32580573248407646,-0.560676128516184
0.2025,0.2,0.02,10000,0.2417377919320594,0.00426557027992011,9420.0,-0.6494830582153329,0.014099681075744275,-5.904391438321209,0.0,0.0,1.0,2.9253401240680534,0.04877340317061691,0.05096626707236049,0.0,0.0,1.0,2.19761629029145,0.044303266495491454,0.01505143455682908,0.030325737456554425,0.32930334394904454,-0.5712461364830351
0.20600000000000002,0.2,0.02,10000,0.24430785562632695,0.004378316311412368,9420.0,-0.6579019917320393,0.014307934447998974,-5.980927197563993,0.0,0.0,1.0,2.9546375654412986,0.04979747450633219,0.04957002281330634,0.0,0.0,1.0,2.220980505693882,0.0445295925581758,0.015045822911944682,0.030325737456554425,0.3312308917197453,-0.5768875122493379
0.20950000000000002,0.2,0.02,10000,0.24786836518046707,0.003952519365432859,9420.0,-0.669432917873592,0.012647842581100034,-6.0857537988508374,0.0,0.0,1.0,2.995053096136282,0.044753182166280825,0.047690507621363495,0.0,0.0,1.0,2.2533487743678826,0.044839552683168034,0.014940071319587992,0.030325737456554425,0.3339012738853503,-0.5845458019195326
0.21300000000000002,0.2,0.02,10000,0.25131104033970275,0.004227460878099096,9420.0,-0.6803517734803053,0.013307125240497894,-6.18501612254823,0.0,0.0,1.0,3.0339789047042864,0.047651752620795844,0.04595888377849878,0.0,0.0,1.0,2.284645821270025,0.04513301642327039,0.014990052211307735,0.030325737456554425,0.3364832802547772,-0.591680637318762
0.21650000000000003,0.2,0.02,10000,0.2550031847133758,0.004620896935839715,9420.0,-0.691852185321889,0.014283694146664666,-6.289565321108082,0.0,0.0,1.0,3.0755575700182805,0.05185818055662483,0.044177953738244236,0.0,0.0,1.0,2.318210770121598,0.04544207295322909,0.015105862384398913,0.030325737456554425,0.3392523885350318,-0.5990929986998819
0.22,0.2,0.02,10000,0.257932059447983,0.0046130424516872374,9420.0,-0.7008491624921003,0.014073326284355247,-6.371356022655458,0.0,0.0,1.0,3.1083717918670986,0.051527637074496285,0.0428124668203873,0.0,0.0,1.0,2.3448369040725723,0.045683831352065586,0.01507987117565499,0.030325737456554425,0.3414490445859873,-0.6048312970867936
0.01,0.25,0.02,10000,0.051786709539121116,0.002041594974181588,9330.0,0.35832572286667924,0.017085601585760227,3.257506571515266,1.0,0.0,0.0,0.3771052290818464,0.03206067276452947,0.4068483686591889,0.0,1.0,0.0,0.47078826853746464,0.016987582571775413,0.014489842143833415,0.03528322752782431,0.21934003215434086,0.3436511892372498
0.0135,0.25,0.02,10000,0.05471061093247589,0.0023001102484395035,9330.0,0.33406936085603084,0.018938737707834805,3.0369941896002812,1.0,0.0,0.0,0.42290636098249285,0.035945173270615825,0.39585323815850404,0.0,0.97,0.03,0.4973691902952353,0.017654137408267757,0.014556016377066907,0.03528322752782431,0.22153295819935692,0.3220697971356358
0.017,0.25,0.02,10000,0.05861200428724545,0.00241542187401476,9330.0,0.3024130808626727,0.01934572315375852,2.7492098260242965,1.0,0.0,0.0,0.483858238724429,0.03770057702920225,0.3813809130801834,0.0,0.6,0.4,0.5328364026113221,0.018523012238321552,0.01458113766387262,0.03528322752782431,0.22445900321543413,0.2934200778058907
0.0205,0.25,0.02,10000,0.06186387995712755,0.002515821270383315,9330.0,0.27663899403952286,0.01975303021687189,2.5148999458138444,1.0,0.0,0.0,0.534523466835114,0.03914036423708184,0.36950853571793396,0.0,0.09,0.91,0.5623989087011595,0.019229591370080873,0.014597307823696205,0.03528322752782431,0.22689790996784567,0.26969480066709084
0.024,0.25,0.02,10000,0.06493997856377277,0.002852103704440699,9330.0,0.2527725600836388,0.021897284810124436,2.297932364396716,1.0,0.0,0.0,0.5823437818776483,0.044211494899825184,0.35845683427516256,0.0,0.0,1.0,0.5903634414888433,0.019883202926065987,0.014688515669039328,0.03528322752782431,0.2292049839228296,0.24741363568369354
0.027500000000000004,0.25,0.02,10000,0.06906002143622722,0.0024459120113086426,9330.0,0.22140349399107567,0.01835257285251254,2.012759036282506,1.0,0.0,0.0,0.6461090489186482,0.03780857904504882,0.3439167768773135,0.0,0.0,1.0,0.6278183766929747,0.020741533070518573,0.014591096163126021,0.03528322752782431,0.2322950160771704,0.21778625805135804
0.031,0.25,0.02,10000,0.07232904608788852,0.0025326168684553273,9330.0,0.19710776942601413,0.018642115088998074,1.7918888129637645,1.0,0.0,0.0,0.6965336512339819,0.03899057192624128,0.33263715801838845,0.0,0.0,1.0,0.6575367826171684,0.02140561325758228,0.014611875497760203,0.03528322752782431,0.23474678456591647,0.19452983801064314
0.0345,0.25,0.02,10000,0.07552197213290461,0.0028041760435498775,9330.0,0.1738422694083138,0.020262343479200754,1.5803842673483068,1.0,0.0,0.0,0.7456203498594175,0.04296612322307448,0.32184745639220225,0.0,0.0,1.0,0.6865633830264055,0.02204100983450762,0.01469734992423578,0.03528322752782431,0.23714147909967845,0.1720441682048366
0.038,0.25,0.02,10000,0.07851768488745979,0.002724055639433049,9330.0,0.15235989372789807,0.0193337583428083,1.3850899429808916,1.0,0.0,0.0,0.7914826236489606,0.04153354516740816,0.3119194671748766,0.0,0.0,1.0,0.7137971353405436,0.022627332434566924,0.014704078111821116,0.03528322752782431,0.2393882636655949,0.15113749086345984
0.0415,0.25,0.02,10000,0.08319292604501609,0.002702648852691543,9330.0,0.11955720507194856,0.01867673752531429,1.0868836824722596,1.0,0.0,0.0,0.8626562908915139,0.04105604603306657,0.29685558551750374,0.0,0.0,1.0,0.7562993276819644,0.023521872177699948,0.014642012261943359,0.03528322752782431,0.2428946945337621,0.11895084128606082
0.045000000000000005,0.25,0.02,10000,0.08668917470525189,0.0028873150016501146,9330.0,0.09559020926745727,0.019549857515663342,0.86900190243143,1.0,0.0,0.0,0.9156124077762375,0.04363931984749097,0.2859354098757646,0.0,0.0,1.0,0.7880834064113806,0.024174904258008518,0.014707649817581376,0.03528322752782431,0.2455168810289389,0.0952654588195937
0.0485,0.25,0.02,10000,0.09002250803858519,0.0028151747344986574,9330.0,0.0731307819150634,0.018773454780684512,0.66482529013694,1.0,0.0,0.0,0.9658093510250532,0.04231811851228687,0.2757960165511026,0.0,0.0,1.0,0.818386436714411,0.02478648951444139,0.014659551596893578,0.03528322752782431,0.2480168810289389,0.07297562356613028
0.052000000000000005,0.25,0.02,10000,0.09362272240085742,0.003140083773585225,9330.0,0.04935313569902932,0.020574721961593847,0.4486648699911756,1.0,0.0,0.0,1.0197739186629895,0.04693469234216865,0.2651711893638643,0.0,0.0,1.0,0.8511156581896131,0.02543353839042141,0.014767026881344975,0.03528322752782431,0.2507170418006431,0.04929238465845777
0.0555,0.25,0.02,10000,0.09683922829581994,0.0029617422854981406,9330.0,0.028435637425625444,0.019129829851112657,0.25850579477841307,0.93,0.02,0.05,1.0676830124178345,0.04399443598126975,0.25593286846915625,0.0,0.0,1.0,0.8803566208710905,0.02600247176609308,0.014707033012316652,0.03528322752782431,0.253129421221865,0.028416907584854666
0.059000000000000004,0.25,0.02,10000,0.1005005359056806,0.0031693462847707976,9330.0,0.005080242585904711,0.019976120836076406,0.04618402350822465,0.62,0.07,0.31,1.121912209109891,0.04680525468180536,0.2457590748285803,0.0,0.0,1.0,0.9136412355061871,0.02663733595378106,0.014736873740094919,0.03528322752782431,0.2558754019292605,0.005079259923746982
0.0625,0.25,0.02,10000,0.10370632368703107,0.002879648212713839,9330.0,-0.015060822088462027,0.017921044915187933,-0.13691656444056388,0.16,0.09,0.75,1.1691167058379492,0.04225430134565817,0.23709870963643717,0.0,0.0,1.0,0.9427847607911916,0.027184574590022614,0.014693247588424439,0.03528322752782431,0.2582797427652734,-0.015054930939648395
0.066,0.25,0.02,10000,0.10733762057877813,0.002676665245244781,9330.0,-0.03747630533834771,0.01634405233953579,-0.3406936848940699,0.0,0.02,0.98,1.2222474821543103,0.03903002854807791,0.22761338735872344,0.0,0.0,1.0,0.9757965507161649,0.027793300994684595,0.014642529388751484,0.03528322752782431,0.26100321543408367,-0.0374486903684203
0.0695,0.25,0.02,10000,0.11119292604501607,0.003041714702256924,9330.0,-0.060791247357036754,0.01822508833244943,-0.5526477032457887,0.0,0.0,1.0,1.2782891144331776,0.044078052323765625,0.21793403486481233,0.0,0.0,1.0,1.0108447822274187,0.02842609523793513,0.01473412570182575,0.03528322752782431,0.263894694533762,-0.06069634703029626
0.073,0.25,0.02,10000,0.11439228295819938,0.003331947025069833,9330.0,-0.07980897263172039,0.01963219331104383,-0.7255361148338215,0.0,0.0,1.0,1.3244883217852004,0.047950964382722804,0.21018198320370066,0.0,0.0,1.0,1.0399298450745398,0.0289420237070238,0.01481700235745826,0.03528322752782431,0.2662942122186496,-0.07960911848388869
0.0765,0.25,0.02,10000,0.11803215434083601,0.003403581597437973,9330.0,-0.10111476695285754,0.019653222087151066,-0.9192251541168868,0.0,0.0,1.0,1.3766706261844606,0.048624789639622225,0.20165652498032366,0.0,0.0,1.0,1.073019584916691,0.02951979834524876,0.014786935991214816,0.03528322752782431,0.26902411575562707,-0.10073202616415688
0.08,0.25,0.02,10000,0.12161950696677386,0.0034682611142862487,9330.0,-0.12175292383073234,0.019796647260338973,-1.1068447620975668,0.0,0.0,1.0,1.4277578840034315,0.04924590982554248,0.19356304967463223,0.0,0.0,1.0,1.1056318815161257,0.030079227321596423,0.014798392282958196,0.03528322752782431,0.2717146302250804,-0.12110877585271439
0.08349999999999999,0.25,0.02,10000,0.12532583065380495,0.0032674595992706027,9330.0,-0.14273514078731472,0.018323201784477185,-1.2975921889755884,0.0,0.0,1.0,1.4801840886341109,0.046077920164178346,0.18549944890911998,0.0,0.0,1.0,1.1393257332164086,0.03064776589668396,0.014807422379737261,0.03528322752782431,0.27449437299035373,-0.1417275916753431
0.087,0.25,0.02,10000,0.12935691318327974,0.003096433456875582,9330.0,-0.16513951992496118,0.017034422252685155,-1.5012683629541919,0.0,0.0,1.0,1.53674300333995,0.04337443039916473,0.1770968495473625,0.0,0.0,1.0,1.1759719380298157,0.03125458295719645,0.014779569390015639,0.03528322752782431,0.27751768488745987,-0.1636088144369722
0.0905,0.25,0.02,10000,0.1320364415862808,0.0030751118145672975,9330.0,-0.1797931514037897,0.016701368707887753,-1.634483194579906,0.0,0.0,1.0,1.5740692317465161,0.04274984933813113,0.17172148420896188,0.0,0.0,1.0,1.2003312871480072,0.0316513308157803,0.014743408360128614,0.03528322752782431,0.2795273311897107,-0.17783296538875037
0.094,0.25,0.02,10000,0.13560450160771703,0.0032826029014053895,9330.0,-0.19900716006799385,0.01756248978081941,-1.809156000618126,0.0,0.0,1.0,1.6234830273513743,0.045317412536681596,0.16481888023823385,0.0,0.0,1.0,1.2327681964337913,0.03217137994895925,0.014794382336759459,0.03528322752782431,0.28220337620578784,-0.19636356778782044
0.0975,0.25,0.02,10000,0.13906002143622723,0.003961713436607914,9330.0,-0.21727353607865477,0.0208591712707222,-1.9752139643514073,0.0,0.0,1.0,1.6710043230924612,0.05430149589109605,0.15842322201595266,0.0,0.0,1.0,1.264182013056611,0.03266559290266703,0.014969628767311585,0.03528322752782431,0.28479501607717045,-0.21383030852886933
0.10099999999999999,0.25,0.02,10000,0.1426988210075027,0.0037742612502838124,9330.0,-0.2362779484257254,0.01950496508921942,-2.147981349324776,0.0,0.0,1.0,1.7206588922723804,0.05134228637634084,0.1519031594611139,0.0,0.0,1.0,1.2972620091591154,0.033179651615763264,0.014889574962907987,0.03528322752782431,0.28752411575562703,-0.23189423160834155
0.1045,0.25,0.02,10000,0.14539335476956056,0.003961807895533422,9330.0,-0.2501189815319117,0.020262621720368322,-2.2738089230173792,0.0,0.0,1.0,1.7572147225042372,0.05352668457535526,0.14726512166151642,0.0,0.0,1.0,1.3217577706323687,0.03355392299511437,0.014959430010191378,0.03528322752782431,0.2895450160771704,-0.24493716316310302
0.108,0.25,0.02,10000,0.1489549839228296,0.0038357294733360925,9330.0,-0.2681890432396243,0.019354936425891672,-2.4380822112693115,0.0,0.0,1.0,1.8052057021865844,0.05147122190176577,0.14133291783229268,0.0,0.0,1.0,1.354136217480269,0.034042437305494236,0.014915402529053424,0.03528322752782431,0.29221623794212226,-0.26184924473304727
0.1115,0.25,0.02,10000,0.15239442658092175,0.0034891898588881565,9330.0,-0.28538295553297793,0.01726111658415541,-2.5943905048452534,0.0,0.0,1.0,1.85123761230889,0.04645988144492037,0.13581887580149238,0.0,0.0,1.0,1.3854038780083797,0.034507140909276764,0.014860174233233492,0.03528322752782431,0.2947958199356913,-0.27780405264386887
0.11499999999999999,0.25,0.02,10000,0.15648874598070742,0.0036306937600324757,9330.0,-0.30546025182316955,0.017708245451473842,-2.776911380210632,0.0,0.0,1.0,1.9056081926193766,0.04802635448464264,0.12957065981902485,0.0,0.0,1.0,1.4226249634609764,0.03504958961674276,0.014894349582625643,0.03528322752782431,0.2978665594855306,-0.29621817603470446
0.1185,0.25,0.02,10000,0.16027759914255094,0.0037661086485275305,9330.0,-0.32371318209699934,0.018020689281061986,-2.942847109972722,0.0,0.0,1.0,1.9555218640813465,0.04946178585084257,0.12405148167133484,0.0,0.0,1.0,1.4570690831140996,0.03554260117452762,0.014919283816175178,0.03528322752782431,0.3007081993569132,-0.31277005955846954
0.122,0.25,0.02,10000,0.16354019292604502,0.0034844420860460266,9330.0,-0.3392145116232241,0.01640572415428578,-3.0837682874838555,0.0,0.0,1.0,1.998187539489422,0.045445624805544815,0.11947512520079397,0.0,0.0,1.0,1.4867290266004094,0.035961197136591884,0.01482760565948003,0.03528322752782431,0.3031551446945338,-0.32669821662256576
0.1255,0.25,0.02,10000,0.16635262593783498,0.0030408371489042013,9330.0,-0.3524076213566138,0.01413382897749642,-3.2037056486964883,0.0,0.0,1.0,2.0347568246957057,0.039375227686015084,0.11566197831343603,0.0,0.0,1.0,1.512296599434863,0.036317389498559706,0.014743811788871509,0.03528322752782431,0.3052644694533762,-0.3384497344336656
0.129,0.25,0.02,10000,0.17038263665594852,0.003686865378582258,9330.0,-0.37093881500397896,0.016817541757831105,-3.372171045490719,0.0,0.0,1.0,2.0868190707598075,0.047427821312612244,0.11046961805167578,0.0,0.0,1.0,1.5489330605086236,0.03681754891865542,0.014888855905259218,0.03528322752782431,0.3082869774919615,-0.3547256911184353
0.1325,0.25,0.02,10000,0.174,0.003920194870318696,9330.0,-0.387312203033061,0.017620783398639185,-3.5210200275732815,0.0,0.0,1.0,2.1332068634138017,0.05009220718802105,0.10600362965687399,0.0,0.0,1.0,1.5818181818181822,0.0372593664146783,0.014964630225080383,0.03528322752782431,0.311,-0.3689428725537766
0.136,0.25,0.02,10000,0.176983922829582,0.003865570251619655,9330.0,-0.4006396822908719,0.017113479167113744,-3.6421789299170166,0.0,0.0,1.0,2.1712080335368027,0.04904362876868673,0.10245279711758747,0.0,0.0,1.0,1.6089447529961995,0.03761892534306987,0.014927273911690084,0.03528322752782431,0.31323794212218653,-0.3804017196916439
0.1395,0.25,0.02,10000,0.18070953912111462,0.0036981761073363335,9330.0,-0.41703895307993977,0.016140168087185935,-3.7912632098176333,0.0,0.0,1.0,2.218364206319632,0.04663502756801305,0.09819005708151841,0.0,0.0,1.0,1.6428139920101332,0.038061267183543836,0.014888529688647976,0.03528322752782431,0.31603215434083604,-0.3943471876251277
0.14300000000000002,0.25,0.02,10000,0.18497213290460876,0.0043902734948683,9330.0,-0.4354031570412253,0.018802139620645572,-3.9582105185565934,0.0,0.0,1.0,2.271932670430606,0.055012996376156205,0.0935775914586106,0.0,0.0,1.0,1.6815648445873526,0.03855646809247554,0.01506581933589834,0.03528322752782431,0.31922909967845664,-0.4097077076768027
0.14650000000000002,0.25,0.02,10000,0.18798177920685957,0.004070279878888479,9330.0,-0.44822319834638924,0.01715694668643797,-4.07475634860354,0.0,0.0,1.0,2.3094732233890687,0.05065869977098517,0.0904267771283991,0.0,0.0,1.0,1.7089252655169054,0.038902117350656684,0.014956233268919303,0.03528322752782431,0.32148633440514474,-0.4203364654806372
0.15000000000000002,0.25,0.02,10000,0.19115326902465163,0.003979428365727987,9330.0,-0.46152649277770247,0.01659185745253617,-4.195695388888204,0.0,0.0,1.0,2.3488566945346925,0.049203548335742725,0.08723555676395355,0.0,0.0,1.0,1.7377569911331967,0.039260725783592514,0.015001286173633442,0.03528322752782431,0.32386495176848884,-0.4312319831198068
0.15350000000000003,0.25,0.02,10000,0.19454126473740627,0.0039193681990629635,9330.0,-0.47552799123827905,0.01607799023541237,-4.322981738529808,0.0,0.0,1.0,2.3906322540373313,0.04816219662952354,0.08396330508528392,0.0,0.0,1.0,1.7685569521582383,0.039638087263494735,0.014946468295503897,0.03528322752782431,0.32640594855305466,-0.4425639799983829
0.157,0.25,0.02,10000,0.19832904608788854,0.004159850473258657,9330.0,-0.49090906050949196,0.016764197421274347,-4.46280964099538,0.0,0.0,1.0,2.437063085126154,0.050798053299206426,0.0804689842293338,0.0,0.0,1.0,1.8029913280717142,0.040052544648623664,0.01499181787812954,0.03528322752782431,0.32924678456591644,-0.4548373067683312
0.1605,0.25,0.02,10000,0.20161843515541264,0.004387899501328009,9330.0,-0.5040529081783844,0.017418470515538995,-4.582299165258041,0.0,0.0,1.0,2.4771591586414,0.05326700598765133,0.07755977922512339,0.0,0.0,1.0,1.832894865049206,0.04040665336082074,0.015085008488429943,0.03528322752782431,0.3317138263665595,-0.4651891093415226
0.164,0.25,0.02,10000,0.20542658092175775,0.004136957229324689,9330.0,-0.5190664404351559,0.01613175665884238,-4.718785822137781,0.0,0.0,1.0,2.52325103495787,0.049919781276820056,0.07431627918245437,0.0,0.0,1.0,1.8675143720159795,0.04081107342070801,0.014988284415968152,0.03528322752782431,0.33456993569131827,-0.4768842456868919
0.1675,0.25,0.02,10000,0.20897320471596997,0.004810638367867859,9330.0,-0.5327485385935855,0.01844044594697474,-4.84316853266896,0.0,0.0,1.0,2.565958232787302,0.05772425604202308,0.07145514031786068,0.0,0.0,1.0,1.8997564065088182,0.04117954383058502,0.015174755926906133,0.03528322752782431,0.3372299035369775,-0.48735414474887295
0.171,0.25,0.02,10000,0.21199678456591645,0.00415413256547988,9330.0,-0.5443342698570244,0.015736085145631684,-4.948493362336586,0.0,0.0,1.0,2.6021346573011477,0.04957729456825328,0.06906851598317437,0.0,0.0,1.0,1.9272434960537856,0.04149153515398339,0.015015916140530985,0.03528322752782431,0.33949758842443734,-0.49617017500306043
0.17450000000000002,0.25,0.02,10000,0.21651875669882106,0.003984960752316037,9330.0,-0.5613029578974538,0.014817593988487344,-5.102754162704127,0.0,0.0,1.0,2.6559205474027454,0.04729196874407068,0.06568414952493286,0.0,0.0,1.0,1.9683523336256454,0.04194838793549245,0.014964333205558738,0.03528322752782431,0.3428890675241158,-0.5088616298149994
0.17800000000000002,0.25,0.02,10000,0.21949410503751335,0.003955998508848795,9330.0,-0.5722722160202314,0.014486493142948021,-5.202474691093013,0.0,0.0,1.0,2.6911168801610574,0.046680606323820636,0.06355558456349486,0.0,0.0,1.0,1.9954009548864857,0.04224366615296076,0.01498028150043056,0.03528322752782431,0.3451205787781351,-0.5169473720482082
0.18150000000000002,0.25,0.02,10000,0.22364844587352625,0.004192150725009085,9330.0,-0.5873203554151862,0.015027434145080211,-5.339275958319876,0.0,0.0,1.0,2.7399798809585305,0.04921124790020882,0.06071492157275727,0.0,0.0,1.0,2.0331676897593294,0.04264867644879715,0.015026394598702808,0.03528322752782431,0.3482363344051447,-0.5278805172369233
0.18500000000000003,0.25,0.02,10000,0.22656698821007498,0.0044936782738840214,9330.0,-0.5977102183367773,0.015874775369335237,-5.433729257607066,0.0,0.0,1.0,2.774097563022114,0.05246670281380611,0.058806286092293096,0.0,0.0,1.0,2.059699892818864,0.04292826912457128,0.01502434229378166,0.03528322752782431,0.35042524115755636,-0.5353229155436319
0.1885,0.25,0.02,10000,0.22989067524115758,0.004307316039355322,9330.0,-0.6094091242580383,0.015005024634769744,-5.540082947800347,0.0,0.0,1.0,2.812813276561954,0.05002648091690732,0.05669426597700331,0.0,0.0,1.0,2.0899152294650687,0.043243057178915426,0.015028295819935691,0.03528322752782431,0.35291800643086824,-0.543625677216699
0.192,0.25,0.02,10000,0.23374490889603433,0.00477333844001082,9330.0,-0.6227011886009846,0.016288476617918737,-5.660919896372587,0.0,0.0,1.0,2.8574531083911268,0.0551704329052412,0.05436594173955212,0.0,0.0,1.0,2.124953717236675,0.04360065219213613,0.015096408660025104,0.03528322752782431,0.3558086816720257,-0.5529051248577731
0.1955,0.25,0.02,10000,0.2369978563772776,0.003952636043830495,9330.0,-0.6338183364213331,0.013274193078300045,-5.761984876557574,0.0,0.0,1.0,2.894925117460452,0.04545104586881463,0.05245019162860966,0.0,0.0,1.0,2.1545259670661596,0.043899713032621655,0.014933585508899703,0.03528322752782431,0.35824839228295824,-0.5606087775207439
0.199,0.25,0.02,10000,0.2407438370846731,0.004653402182637289,9330.0,-0.6462981080048087,0.015464015318495745,-5.875437345498261,0.0,0.0,1.0,2.93792225868846,0.05325602606828858,0.050370980512860125,0.0,0.0,1.0,2.1885803371333923,0.044235361938949926,0.01512617157587874,0.03528322752782431,0.3610578778135048,-0.5690815339657864
0.2025,0.25,0.02,10000,0.24329474812433013,0.004219060569927237,9330.0,-0.65473227834992,0.01382669829423369,-5.952111621362908,0.0,0.0,1.0,2.9670340663397217,0.04802445557669476,0.04898556626727709,0.0,0.0,1.0,2.2117704374939104,0.044462189994211955,0.015023595455098442,0.03528322752782431,0.36297106109324767,-0.5747742544305549
0.20600000000000002,0.25,0.02,10000,0.24733011789924972,0.004630230468510353,9330.0,-0.6677905701580796,0.014927113849598732,-6.07082336507345,0.0,0.0,1.0,3.012907539077596,0.052493500286358435,0.04690161316479836,0.0,0.0,1.0,2.248455617265907,0.044813322796004834,0.015079792754449851,0.03528322752782431,0.36599758842443725,-0.5834397691987455
0.20950000000000002,0.25,0.02,10000,0.2516141479099679,0.004900169024561816,9330.0,-0.6813881229448754,0.015427115731661022,-6.194437481317049,0.0,0.0,1.0,3.0613691511279226,0.05533551520662867,0.044788199621269446,0.0,0.0,1.0,2.2874013446360713,0.04517890679919408,0.015170118671164601,0.03528322752782431,0.36921061093247587,-0.5923305009300229
0.21300000000000002,0.25,0.02,10000,0.25467845659163985,0.004518058882863496,9330.0,-0.6909826213388645,0.014005521507275326,-6.281660193989677,0.0,0.0,1.0,3.095830710028414,0.050762918207804826,0.04332782782490307,0.0,0.0,1.0,2.315258696287635,0.04543684036786562,0.015060489603956524,0.03528322752782431,0.3715088424437299,-0.5985383005179633
0.21650000000000003,0.25,0.02,10000,0.2581864951768489,0.005632613990927477,9330.0,-0.7016759043800372,0.017087624482971173,-6.3788718580003385,0.0,0.0,1.0,3.1351883957889886,0.06302595141354193,0.0417505199965655,0.0,0.0,1.0,2.3471499561531717,0.04572426292461917,0.015317390825189401,0.03528322752782431,0.3741398713826367,-0.60531965629
0.22,0.25,0.02,10000,0.2612775991425509,0.003428547035014734,9330.0,-0.7111667431302986,0.010275238619301104,-6.465152210275441,0.0,0.0,1.0,3.169596914056056,0.0381824777385998,0.04035166252520157,0.0,0.0,1.0,2.3752509012959173,0.045979375761314605,0.014807844201395188,0.03528322752782431,0.37645819935691327,-0.6113679329077845
0.01,0.3,0.02,10000,0.05466017316017316,0.0021451659381065105,9240.0,0.3343340153249259,0.017639284384694174,3.0394001393175074,1.0,0.0,0.0,0.4461079464751183,0.033617532692391004,0.3903157810097186,0.0,0.89,0.11,0.49691066509248316,0.017654736842044817,0.014541952939656197,0.04031297322059867,0.25399512987012984,0.322320774698322
0.0135,0.3,0.02,10000,0.05791341991341992,0.002614259437577231,9240.0,0.3079195814907306,0.021047567177338133,2.799268922643005,1.0,0.0,0.0,0.4969707046307969,0.04083151667857455,0.37830006768921653,0.0,0.42,0.58,0.5264856355765446,0.01838007495479026,0.01463175813446139,0.04031297322059867,0.25643506493506496,0.298424007251837
0.017,0.3,0.02,10000,0.060953463203463204,0.0028610646508047447,9240.0,0.28371907540623903,0.02253383912104053,2.5792643218749003,1.0,0.0,0.0,0.5443700473808032,0.044527865437572096,0.3672324746336294,0.0,0.09,0.91,0.5541223927587565,0.019043949131587246,0.014667906158284203,0.04031297322059867,0.2587150974025974,0.27621601697611153
0.0205,0.3,0.02,10000,0.0645573593073593,0.0024017066873569413,9240.0,0.25553627808155543,0.01858692977594605,2.3230570734686857,1.0,0.0,0.0,0.6003664078676146,0.037251466749662024,0.3543053685720156,0.0,0.01,0.99,0.5868850846123573,0.019816383278490713,0.014562466554925903,0.04031297322059867,0.2614180194805195,0.25003490260874295
0.024,0.3,0.02,10000,0.06835930735930736,0.002635544286024919,9240.0,0.22656548360419212,0.019825341334739944,2.0596862145835644,1.0,0.0,0.0,0.6592910007167356,0.04077022527844241,0.34095794487111486,0.0,0.0,1.0,0.621448248720976,0.02060945439138012,0.014636313643394943,0.04031297322059867,0.26426948051948057,0.22268497193286863
0.027500000000000004,0.3,0.02,10000,0.07208116883116884,0.0026073794553884895,9240.0,0.198811878228707,0.019226264629831957,1.8073807111700637,1.0,0.0,0.0,0.7167287778195776,0.040199411869882594,0.32817434208367197,0.0,0.0,1.0,0.6552833530106258,0.021368474220623147,0.014641549364711966,0.04031297322059867,0.26706087662337663,0.19616416643395013
0.031,0.3,0.02,10000,0.07520238095238095,0.002731744820472995,9240.0,0.17601569140384626,0.019765211931200916,1.600142649125875,1.0,0.0,0.0,0.7647031967363744,0.04192505412632366,0.3176948716002761,0.0,0.0,1.0,0.6836580086580087,0.021991369646373313,0.014649877251633341,0.04031297322059867,0.2694017857142857,0.17415509988158007
0.0345,0.3,0.02,10000,0.07945346320346319,0.002475636283196182,9240.0,0.1455706123177419,0.01750528213579652,1.3233692028885624,1.0,0.0,0.0,0.8297459756046207,0.037853355291659084,0.30375763656414234,0.0,0.0,1.0,0.7223042109405747,0.022822608551504153,0.014612244519191686,0.04031297322059867,0.27259009740259743,0.14450800045779488
0.038,0.3,0.02,10000,0.08259307359307357,0.0027936285685213795,9240.0,0.12359779806544978,0.01944410184002553,1.1236163460495434,1.0,0.0,0.0,0.8775671196082119,0.04248803417880243,0.2937584948586392,0.0,0.0,1.0,0.7508461235733962,0.023421997451097586,0.014687408462652372,0.04031297322059867,0.27494480519480524,0.12292636813706728
0.0415,0.3,0.02,10000,0.08636471861471863,0.0031015566265013696,9240.0,0.09769131201147467,0.021208410561720525,0.8881028364679514,1.0,0.0,0.0,0.9347082308023015,0.04694527336198611,0.2820663366522414,0.0,0.0,1.0,0.7851338055883511,0.024128208082615316,0.014717776986724154,0.04031297322059867,0.27777353896103896,0.09733708261005226
0.045000000000000005,0.3,0.02,10000,0.08894155844155843,0.003419486498420492,9240.0,0.08030242089130304,0.022812399732141473,0.7300220081027553,0.99,0.0,0.01,0.9735740377333212,0.05142470526107165,0.27428684663061564,0.0,0.0,1.0,0.8085596221959858,0.024601939170316108,0.014789572685084865,0.04031297322059867,0.27970616883116883,0.08009186445034835
0.0485,0.3,0.02,10000,0.09263419913419912,0.0025722202158194466,9240.0,0.05566061962804053,0.016936616591402574,0.5060056329821867,1.0,0.0,0.0,1.0289616232162075,0.03848312796112384,0.2633527586297388,0.0,0.0,1.0,0.842129083038174,0.02527299778260377,0.014592101941020636,0.04031297322059867,0.2824756493506494,0.05558745172703765
0.052000000000000005,0.3,0.02,10000,0.09677056277056276,0.0027660069428648627,9240.0,0.02872845768620856,0.017802714049527626,0.2611677971473506,0.95,0.01,0.04,1.090681626440106,0.041166776038075906,0.2515684572225833,0.0,0.0,1.0,0.8797323888232981,0.026005839058502102,0.01470353833278224,0.04031297322059867,0.2855779220779221,0.028711898185998782
0.0555,0.3,0.02,10000,0.09955844155844157,0.0030311493480325415,9240.0,0.010909156194626863,0.019208240683507686,0.0991741472238806,0.73,0.05,0.22,1.1319847643745198,0.04482249455056179,0.24388900426511054,0.0,0.0,1.0,0.9050767414403778,0.026490433656420228,0.014683884373396551,0.04031297322059867,0.2876688311688312,0.01090553225908918
0.059000000000000004,0.3,0.02,10000,0.10382359307359308,0.003519222011894765,9240.0,-0.015859091800314452,0.021821441145741884,-0.14417356182104052,0.23,0.05,0.72,1.1948642779313747,0.05171411813204329,0.23251650208883543,0.0,0.0,1.0,0.9438508461235735,0.02721799769134058,0.01485438053354314,0.04031297322059867,0.29086769480519487,-0.015849156755619518
0.0625,0.3,0.02,10000,0.10673376623376622,0.0035698739257198804,9240.0,-0.03382673016016036,0.02187339787117063,-0.30751572872873056,0.07,0.0,0.93,1.2374705475641086,0.05213001624897904,0.22500552757596348,0.0,0.0,1.0,0.9703069657615113,0.02770612858321271,0.014868831168831167,0.04031297322059867,0.2930503246753247,-0.033797706286154264
0.066,0.3,0.02,10000,0.11028679653679653,0.003223544924813166,9240.0,-0.05545750323665783,0.019443019141604557,-0.5041591203332529,0.0,0.0,1.0,1.2891573330036286,0.04676212654012192,0.21609952585274264,0.0,0.0,1.0,1.002607241243605,0.02829354605110248,0.01475246041070432,0.04031297322059867,0.29571509740259744,-0.05538047056732803
0.0695,0.3,0.02,10000,0.11333008658008659,0.002961792418213974,9240.0,-0.07368244193337731,0.017582179062245334,-0.669840381212521,0.0,0.0,1.0,1.333161251663994,0.04266618189177096,0.2087235871783126,0.0,0.0,1.0,1.0302735143644235,0.0287882520395148,0.014676298701298697,0.04031297322059867,0.29799756493506496,-0.07352707671903547
0.073,0.3,0.02,10000,0.11723051948051948,0.003371293933466996,9240.0,-0.09658583178014174,0.019650852889995622,-0.8780530161831064,0.0,0.0,1.0,1.3892208648434254,0.048254125182309794,0.19964274430105378,0.0,0.0,1.0,1.0657319952774498,0.02940963475527425,0.014798507471048121,0.04031297322059867,0.30092288961038965,-0.09625037702433221
0.0765,0.3,0.02,10000,0.12051731601731604,0.0032716255464412753,9240.0,-0.11559585809578596,0.0187794426833816,-1.0508714372344181,0.0,0.0,1.0,1.4361160749086324,0.046511503300531755,0.19224983233734236,0.0,0.0,1.0,1.0956119637937818,0.02992519315808467,0.014778661360120708,0.04031297322059867,0.303387987012987,-0.11504436475557708
0.08,0.3,0.02,10000,0.12398051948051945,0.00326768146722545,9240.0,-0.13529847684294716,0.01847379197820814,-1.2299861531177014,0.0,0.0,1.0,1.4851904755736818,0.04615726724735445,0.18474484677984176,0.0,0.0,1.0,1.127095631641086,0.030459321595452744,0.014755111017867108,0.04031297322059867,0.3059853896103896,-0.1344348928248538
0.08349999999999999,0.3,0.02,10000,0.1275357142857143,0.0036001254406850675,9240.0,-0.15516354600889762,0.019983998035058823,-1.4105776909899783,0.0,0.0,1.0,1.5352443467752244,0.05047299387202823,0.1773463322653332,0.0,0.0,1.0,1.1594155844155845,0.030997629265981815,0.0148621308476715,0.04031297322059867,0.30865178571428575,-0.15387098192885812
0.087,0.3,0.02,10000,0.13050324675324673,0.003350068663430871,9240.0,-0.17154028521771716,0.01833714876580833,-1.5594571383428837,0.0,0.0,1.0,1.576746806042497,0.046630013742983326,0.17135711449293814,0.0,0.0,1.0,1.1863931523022433,0.031441285018896516,0.014827224968359103,0.04031297322059867,0.31087743506493504,-0.16982246334597817
0.0905,0.3,0.02,10000,0.13475865800865802,0.0034426815209417485,9240.0,-0.19459431771544675,0.018522261827255825,-1.769039251958607,0.0,0.0,1.0,1.635819746872865,0.04760080756969265,0.16313792433508986,0.0,0.0,1.0,1.2250787091696183,0.032065580809802194,0.014855195782736433,0.04031297322059867,0.3140689935064935,-0.19211254117889173
0.094,0.3,0.02,10000,0.13757900432900433,0.0032550092169311234,9240.0,-0.20964721658924718,0.017191055529079697,-1.9058837871749745,0.0,0.0,1.0,1.67467100813586,0.044653314443707674,0.15789198219213768,0.0,0.0,1.0,1.2507182211727665,0.032473081274651615,0.014777093143145976,0.04031297322059867,0.3161842532467533,-0.20657048026371236
0.0975,0.3,0.02,10000,0.1418831168831169,0.003135907174762492,9240.0,-0.23223175283108033,0.016240860808717693,-2.111197753009822,0.0,0.0,1.0,1.7335555595547072,0.04273005034876448,0.1502138663978646,0.0,0.0,1.0,1.2898465171192444,0.03308425971332378,0.014744805194805193,0.04031297322059867,0.3194123376623377,-0.22808816320119873
0.10099999999999999,0.3,0.02,10000,0.14561796536796537,0.0040602229098895245,9240.0,-0.2513890792418228,0.02063257436831724,-2.285355265834753,0.0,0.0,1.0,1.7842463086572748,0.05490743904712496,0.1439099675901241,0.0,0.0,1.0,1.3237996851633216,0.03360246368143386,0.014963335707254404,0.04031297322059867,0.3222134740259741,-0.24612547659550124
0.1045,0.3,0.02,10000,0.1483268398268398,0.003615837808388741,9240.0,-0.26517460319001807,0.018290704749584944,-2.410678210818346,0.0,0.0,1.0,1.8207686443896882,0.04858327393090568,0.13944293221871126,0.0,0.0,1.0,1.348425816607635,0.03397530389129231,0.014866975003515654,0.04031297322059867,0.3242451298701299,-0.25904967678136026
0.108,0.3,0.02,10000,0.15179004329004328,0.0037224384093399424,9240.0,-0.28249844592602025,0.01842102108868242,-2.5681676902365473,0.0,0.0,1.0,1.8671623914013995,0.049640099303746396,0.1339736378111983,0.0,0.0,1.0,1.3799094844549393,0.03444369550429201,0.01488089638286791,0.04031297322059867,0.32684253246753253,-0.2751299382134068
0.1115,0.3,0.02,10000,0.15601190476190477,0.0036029873015313895,9240.0,-0.30327293459854066,0.01755376982970902,-2.757026678168551,0.0,0.0,1.0,1.9232724954665341,0.04771248056345275,0.12759044748982246,0.0,0.0,1.0,1.4182900432900432,0.03500521863947433,0.01482704775891362,0.04031297322059867,0.33000892857142866,-0.2942230348282705
0.11499999999999999,0.3,0.02,10000,0.15824242424242424,0.0039034371107717425,9240.0,-0.31406137337949586,0.018804635067076133,-2.8551033943590522,0.0,0.0,1.0,1.9527694360142456,0.051313632364612255,0.12435813246716788,0.0,0.0,1.0,1.4385674931129475,0.035296738968965465,0.014976799329555422,0.04031297322059867,0.3316818181818182,-0.3040306398584533
0.1185,0.3,0.02,10000,0.16272186147186143,0.0038666397651187317,9240.0,-0.33545427297064717,0.01830468478355117,-3.049584299733157,0.0,0.0,1.0,2.011528977820896,0.05050795083858081,0.11809828073567091,0.0,0.0,1.0,1.479289649744195,0.03587468698001351,0.014956392543014493,0.04031297322059867,0.33504139610389616,-0.3233173668230902
0.122,0.3,0.02,10000,0.1661818181818182,0.00380964803282927,9240.0,-0.3516892712735291,0.017745324303164323,-3.1971751933957178,0.0,0.0,1.0,2.05655361519714,0.04940214663667198,0.11348580795931776,0.0,0.0,1.0,1.510743801652893,0.036313165913308555,0.014923148722392632,0.04031297322059867,0.3376363636363637,-0.33777968818652915
0.1255,0.3,0.02,10000,0.17049350649350647,0.00392320318401757,9240.0,-0.37155789852760895,0.017864194893493713,-3.3777990775237168,0.0,0.0,1.0,2.1122459404205305,0.05051611387711094,0.10800733600759765,0.0,0.0,1.0,1.5499409681227863,0.036849633486206027,0.014946113671520185,0.04031297322059867,0.34087012987013,-0.3552553454299898
0.129,0.3,0.02,10000,0.17357900432900433,0.004139697879043699,9240.0,-0.38553092664325783,0.018699836349126406,-3.5048266058477986,0.0,0.0,1.0,2.1518376794181906,0.05298674375838151,0.10426260938916462,0.0,0.0,1.0,1.5779909484454941,0.03722681703695987,0.015047787041112249,0.04031297322059867,0.34318425324675317,-0.367391517680947
0.1325,0.3,0.02,10000,0.17660064935064934,0.0037932408029555773,9240.0,-0.39907436114775763,0.016850629721216627,-3.627948737706887,0.0,0.0,1.0,2.19032238510656,0.04820648296317628,0.1007060413830772,0.0,0.0,1.0,1.605460448642267,0.03759235092087733,0.014889661360120708,0.04031297322059867,0.34545048701298703,-0.379065467289762
0.136,0.3,0.02,10000,0.17940151515151512,0.003499195833388094,9240.0,-0.411461305705504,0.01537047409848605,-3.74055732459549,0.0,0.0,1.0,2.2258496274422215,0.04416498707281002,0.09752153314124243,0.0,0.0,1.0,1.6309228650137744,0.037926607573052315,0.014873277893952682,0.04031297322059867,0.3475511363636364,-0.3896355722358578
0.1395,0.3,0.02,10000,0.1838344155844156,0.0037365941301197663,9240.0,-0.43070281611188294,0.01609336562040944,-3.9154801464716633,0.0,0.0,1.0,2.281670512727366,0.04687063224530171,0.0927270012682534,0.0,0.0,1.0,1.6712219598583231,0.03844570016011451,0.014923343527587434,0.04031297322059867,0.3508758116883117,-0.4058217003660129
0.14300000000000002,0.3,0.02,10000,0.18687662337662336,0.00396215588118612,9240.0,-0.4436834946388803,0.016891329743019858,-4.033486314898912,0.0,0.0,1.0,2.31970043716541,0.04940287725660401,0.08958572263299941,0.0,0.0,1.0,1.69887839433294,0.038795810728627166,0.014941686356605054,0.04031297322059867,0.35315746753246763,-0.4165961709476179
0.14650000000000002,0.3,0.02,10000,0.1901926406926407,0.0037319725076356966,9240.0,-0.45766749174019866,0.01560767144871026,-4.160613561274533,0.0,0.0,1.0,2.3609228029007694,0.04622334262791093,0.08627044032831165,0.0,0.0,1.0,1.7290240062967337,0.039172927108871367,0.014889900293034431,0.04031297322059867,0.3556444805194805,-0.42809699816440655
0.15000000000000002,0.3,0.02,10000,0.19402597402597402,0.004714763939986177,9240.0,-0.47348100897845924,0.019361833078418596,-4.304372808895085,0.0,0.0,1.0,2.4082924494667495,0.05802069473412499,0.08264779705584424,0.0,0.0,1.0,1.7638724911452186,0.039599266229911285,0.01513347856439726,0.04031297322059867,0.35851948051948057,-0.440875807107659
0.15350000000000003,0.3,0.02,10000,0.19825108225108223,0.004215793043336581,9240.0,-0.4907213995590316,0.016978516940861457,-4.461103632354833,0.0,0.0,1.0,2.4600929830013083,0.051565253656763635,0.07878388268271623,0.0,0.0,1.0,1.8022825659189294,0.040064014643703086,0.014987046781371992,0.04031297322059867,0.36168831168831167,-0.4546858714740651
0.157,0.3,0.02,10000,0.2014448051948052,0.00434614362056365,9240.0,-0.5034975234814515,0.017180863072587756,-4.577250213467741,0.0,0.0,1.0,2.499016033876945,0.05281158934370381,0.0760087955453815,0.0,0.0,1.0,1.8313164108618656,0.040408341794205604,0.015025703253784557,0.04031297322059867,0.36408360389610395,-0.4647566530017822
0.1605,0.3,0.02,10000,0.20474242424242423,0.004413459163819651,9240.0,-0.5165014687364845,0.01729387204934702,-4.695467897604405,0.0,0.0,1.0,2.5389784691456985,0.05333793670270923,0.07325200861562706,0.0,0.0,1.0,1.8612947658402204,0.040758752271684316,0.015047470465092418,0.04031297322059867,0.3665568181818182,-0.47488651287864014
0.164,0.3,0.02,10000,0.20788852813852812,0.003938383967196213,9240.0,-0.528767919795496,0.015264034384525178,-4.8069810890499625,0.0,0.0,1.0,2.576857557637677,0.04732285234512353,0.07070556084187418,0.0,0.0,1.0,1.8898957103502558,0.04108924950192388,0.01487647856439726,0.04031297322059867,0.36891639610389604,-0.4843533775851722
0.1675,0.3,0.02,10000,0.2119166666666667,0.0038888059866109916,9240.0,-0.5441799198208753,0.014683271748741707,-4.947090180189776,0.0,0.0,1.0,2.625126201824291,0.04644177781557014,0.06759661603425392,0.0,0.0,1.0,1.926515151515151,0.04150441666986406,0.014886080854702808,0.04031297322059867,0.3719374999999999,-0.4960656139384952
0.171,0.3,0.02,10000,0.21577056277056275,0.004515425043660381,9240.0,-0.5586141466469647,0.016842490237168765,-5.078310424063317,0.0,0.0,1.0,2.6710478334249625,0.053637188984953364,0.06477870557541529,0.0,0.0,1.0,1.96155057064148,0.04189316078341207,0.015095305544090104,0.04031297322059867,0.3748279220779221,-0.506842775098881
0.17450000000000002,0.3,0.02,10000,0.21927597402597404,0.003983872493232447,9240.0,-0.5716023253285836,0.014571628262255469,-5.196384775714397,0.0,0.0,1.0,2.712514138070257,0.04709353858204757,0.06229491364641862,0.0,0.0,1.0,1.9934179456906727,0.04224292384458226,0.014956596425055773,0.04031297322059867,0.3774569805194805,-0.5164554481198508
0.17800000000000002,0.3,0.02,10000,0.22161796536796538,0.004396242417581786,9240.0,-0.5801097145964174,0.015966620322059144,-5.27372467814925,0.0,0.0,1.0,2.740111986399749,0.051641925389665534,0.06071375785932262,0.0,0.0,1.0,2.0147087760724127,0.04247197904644937,0.0150418792067166,0.04031297322059867,0.37921347402597405,-0.5226493587640814
0.18150000000000002,0.3,0.02,10000,0.22543939393939386,0.00394303519850495,9240.0,-0.5938728496782649,0.014083912146255284,-5.398844087984225,0.0,0.0,1.0,2.7849222274659873,0.04605909914262518,0.05819541464045543,0.0,0.0,1.0,2.0494490358126725,0.04284251289683013,0.014971418517040471,0.04031297322059867,0.3820795454545455,-0.53260041103905
0.18500000000000003,0.3,0.02,10000,0.2310248917748918,0.004253018652985926,9240.0,-0.6134899412860046,0.01477110011714577,-5.577181284418223,0.0,0.0,1.0,2.849984153457992,0.049521412552486724,0.05473808286357742,0.0,0.0,1.0,2.1002262888626526,0.04337053140552742,0.01508028836793879,0.04031297322059867,0.38626866883116884,-0.5464963328300413
0.1885,0.3,0.02,10000,0.23253354978354973,0.00391745039496455,9240.0,-0.6187290467037582,0.013447797156013597,-5.62480951548871,0.0,0.0,1.0,2.8674210447505484,0.04531612246463783,0.053833703056736605,0.0,0.0,1.0,2.1139413616686347,0.0435115350456719,0.014943879206716602,0.04031297322059867,0.38740016233766233,-0.5501738067047848
0.192,0.3,0.02,10000,0.23660822510822513,0.004621231706297721,9240.0,-0.6325878203305203,0.015598270860742608,-5.750798366641094,0.0,0.0,1.0,2.9144676140310697,0.053211273523375395,0.051504235338998595,0.0,0.0,1.0,2.1509838646202284,0.043884461552559255,0.015134599357680658,0.04031297322059867,0.39045616883116885,-0.5597389856548459
0.1955,0.3,0.02,10000,0.23968290043290047,0.004337578826193807,9240.0,-0.6429256655586204,0.014477397810167677,-5.844778777805638,0.0,0.0,1.0,2.9497328521555444,0.04968331612924396,0.049801280186044024,0.0,0.0,1.0,2.178935458480913,0.044162617713560906,0.015024608434527131,0.04031297322059867,0.39276217532467533,-0.5668085092019427
0.199,0.3,0.02,10000,0.2434707792207792,0.004547407669728931,9240.0,-0.6554170550619582,0.014848899327918216,-5.958336864199619,0.0,0.0,1.0,2.993044521150842,0.051853182966213204,0.04779568521452785,0.0,0.0,1.0,2.213370720188902,0.04449866883985479,0.015130094819257424,0.04031297322059867,0.39560308441558445,-0.5752213956524048
0.2025,0.3,0.02,10000,0.24600324675324675,0.004232975955312606,9240.0,-0.6636736254705613,0.013686660685228075,-6.03339659518692,0.0,0.0,1.0,3.021830880641085,0.04800837763857249,0.046495172974866196,0.0,0.0,1.0,2.2363931523022433,0.04472077293188943,0.015029160033294171,0.04031297322059867,0.3975024350649351,-0.5807316357017577
0.20600000000000002,0.3,0.02,10000,0.25012554112554114,0.004360827975322872,9240.0,-0.6768573716607239,0.013823927678902878,-6.153248833279308,0.0,0.0,1.0,3.0685232112382885,0.04925206486111206,0.04447095117779751,0.0,0.0,1.0,2.2738685556867377,0.04507537043560109,0.015044338639879291,0.04031297322059867,0.4005941558441558,-0.589399798458592
0.20950000000000002,0.3,0.02,10000,0.2539350649350649,0.004863883060594088,9240.0,-0.6887809773534618,0.01516778359197035,-6.261645248667834,0.0,0.0,1.0,3.1114642525747236,0.05473043975132675,0.04269238667535759,0.0,0.0,1.0,2.308500590318772,0.045396026639753596,0.015138923055463707,0.04031297322059867,0.40345129870129864,-0.5971108093425056
0.21300000000000002,0.3,0.02,10000,0.25762662337662334,0.004674757172669555,9240.0,-0.700172414129516,0.014282521384768711,-6.365203764813782,0.0,0.0,1.0,3.1528836811864176,0.05236282051436595,0.04102679297195651,0.0,0.0,1.0,2.342060212514758,0.045702342836256626,0.015137342550045806,0.04031297322059867,0.40621996753246753,-0.6043997415368907
0.21650000000000003,0.3,0.02,10000,0.2608235930735931,0.004848021565690937,9240.0,-0.7098472786239934,0.014577469020733836,-6.453157078399942,0.0,0.0,1.0,3.1885964080094933,0.054044076350321484,0.0396477684877409,0.0,0.0,1.0,2.371123573396301,0.04596246748081288,0.015170993855778412,0.04031297322059867,0.40861769480519483,-0.6105004998409709
0.22,0.3,0.02,10000,0.2643712121212121,0.004734703589044982,9240.0,-0.720425899892897,0.013985663404505102,-6.5493263626627005,0.0,0.0,1.0,3.228041301963101,0.052561162724753425,0.03817034631694989,0.0,0.0,1.0,2.403374655647383,0.046246864977988106,0.015109211702374305,0.04031297322059867,0.41127840909090907,-0.6170990639196724
0.01,0.35,0.02,10000,0.056910382513661206,0.002440225777548508,9150.0,0.31586510450269256,0.019756001350706216,2.8715009500244775,1.0,0.0,0.0,0.505339482747194,0.038124929685757494,0.3763285658509801,0.0,0.36,0.64,0.5173671137605563,0.018170163204772452,0.014604191979020844,0.045416746978633495,0.2881827868852459,0.30565645265144914
0.0135,0.35,0.02,10000,0.060370491803278685,0.002321237868145933,9150.0,0.2881268497906401,0.018364837681402214,2.619334998096728,1.0,0.0,0.0,0.5593001873149998,0.03616248575471281,0.36375035145837614,0.0,0.01,0.99,0.548822652757079,0.01893168289846384,0.014562280991478375,0.045416746978633495,0.290777868852459,0.2803238495680489
0.017,0.35,0.02,10000,0.06341420765027322,0.0024382109417541266,9150.0,0.26426003280688687,0.01902244723635631,2.4023639346080623,1.0,0.0,0.0,0.6066587770628167,0.037804111941030144,0.3528688982425955,0.0,0.0,1.0,0.5764927968206657,0.019586189679946138,0.014574491666895631,0.045416746978633495,0.2930606557377049,0.25818852541958526
0.0205,0.35,0.02,10000,0.06743169398907103,0.0025916701123168207,9150.0,0.23344163087106037,0.019685677854005115,2.122196644282367,1.0,0.0,0.0,0.6689827690317209,0.04009773319526794,0.3387819348642781,0.0,0.0,1.0,0.6130153999006457,0.020430456525693017,0.014630163934426225,0.045416746978633495,0.2960737704918033,0.22920776086450875
0.024,0.35,0.02,10000,0.07107103825136611,0.002338925743424515,9150.0,0.2061218366288865,0.017358132942560025,1.873834878444423,1.0,0.0,0.0,0.7251684146010676,0.03606609528036534,0.32630501064151907,0.0,0.0,1.0,0.6461003477396919,0.02117814526954886,0.014528271779663229,0.045416746978633495,0.29880327868852463,0.20319325797177984
0.027500000000000004,0.35,0.02,10000,0.07462185792349726,0.00264070526045914,9150.0,0.18008406612317665,0.019148022641026743,1.6371278738470607,1.0,0.0,0.0,0.7798339881513544,0.04057323302017749,0.314421041699479,0.0,0.0,1.0,0.678380526577248,0.021890030373320005,0.014630491803278684,0.045416746978633495,0.30146639344262294,0.17810018636664018
0.031,0.35,0.02,10000,0.07800655737704917,0.0028833049984914212,9150.0,0.1557523881732232,0.02054282750329824,1.415930801574756,1.0,0.0,0.0,0.8317031836138807,0.04410221808566106,0.30336510194662847,0.0,0.0,1.0,0.7091505216095381,0.022554730332699245,0.014684234114104293,0.045416746978633495,0.30400491803278695,0.15444212332011073
0.0345,0.35,0.02,10000,0.0812863387978142,0.0026430142391469535,9150.0,0.13256151685560635,0.01847543864566513,1.2051046986873306,1.0,0.0,0.0,0.8817096267294287,0.04021491160345098,0.29289236878274344,0.0,0.0,1.0,0.7389667163437654,0.02318785486958325,0.014596194281974631,0.045416746978633495,0.30646475409836066,0.13174696149449475
0.038,0.35,0.02,10000,0.08440983606557376,0.002871533506744238,9150.0,0.11091185033869032,0.019786466739203423,1.0082895485335488,1.0,0.0,0.0,0.9291726262471991,0.043453347358704535,0.2831747296018423,0.0,0.0,1.0,0.7673621460506708,0.02377845832652295,0.014679554937712334,0.045416746978633495,0.3088073770491803,0.11041646148818751
0.0415,0.35,0.02,10000,0.08818469945355194,0.0031393894786499476,9150.0,0.08523219542557986,0.02122632415213569,0.7748381402325443,1.0,0.0,0.0,0.9862447321598186,0.047262127525952394,0.2717540825813049,0.0,0.0,1.0,0.8016790859413809,0.024478529932016956,0.014783562119339812,0.045416746978633495,0.3116385245901639,0.08498763250766653
0.045000000000000005,0.35,0.02,10000,0.09155846994535519,0.002677268708365001,9150.0,0.06264127476909004,0.017729738717965484,0.5694661342644547,1.0,0.0,0.0,1.0369221868678435,0.040074846010734876,0.26181746339662804,0.0,0.0,1.0,0.8323497267759563,0.025094059693412666,0.014655503454430679,0.045416746978633495,0.3141688524590164,0.06254003271159406
0.0485,0.35,0.02,10000,0.09533989071038249,0.0029034618767220725,9150.0,0.03786454266701916,0.018796813120877554,0.3442231151547197,0.96,0.01,0.03,1.0934232500484442,0.043243360907646876,0.25106095140778745,0.0,0.0,1.0,0.8667262791852955,0.02576865710320324,0.014678475273453007,0.045416746978633495,0.31700491803278685,0.037834054246084346
0.052000000000000005,0.35,0.02,10000,0.09895409836065575,0.0029191571787371014,9150.0,0.014612498172337625,0.018553874047197726,0.13284089247579658,0.78,0.03,0.19,1.1471063297818338,0.04321998491606349,0.2411056790218133,0.0,0.0,1.0,0.8995827123695977,0.026401372840329746,0.014697896897053628,0.045416746978633495,0.3197155737704918,0.014607249513441849
0.0555,0.35,0.02,10000,0.1020273224043716,0.0030298926461514728,9150.0,-0.0048163247015463005,0.019013585694140932,-0.04378477001405729,0.34,0.09,0.57,1.1924874229300828,0.04456573810604039,0.23290814786011854,0.0,0.0,1.0,0.9275211127670144,0.026929770570466575,0.014721742310825603,0.045416746978633495,0.3220204918032787,-0.0048145846062093815
0.059000000000000004,0.35,0.02,10000,0.10558469945355191,0.003383488203149108,9150.0,-0.026913015210600796,0.020869730978275956,-0.2446637746418254,0.1,0.02,0.88,1.2447182578890554,0.0494620536423549,0.22373191707319012,0.0,0.0,1.0,0.9598609041231991,0.027530415054392,0.014814838368527556,0.045416746978633495,0.32468852459016395,-0.02689514173421213
0.0625,0.35,0.02,10000,0.10882622950819672,0.002905688284957921,9150.0,-0.0467871894497878,0.01762400662864133,-0.42533808590716177,0.0,0.0,1.0,1.2920094544408218,0.042192231403593204,0.21559762071955807,0.0,0.0,1.0,0.9893293591654247,0.028070445323298956,0.014731838232144499,0.045416746978633495,0.32711967213114757,-0.04673867044370414
0.066,0.35,0.02,10000,0.11240437158469946,0.0033165738167634943,9150.0,-0.06827505253938555,0.019796579679476352,-0.6206822958125959,0.0,0.0,1.0,1.3438759724498488,0.04785921829608345,0.20698239350044945,0.0,0.0,1.0,1.0218579234972676,0.028653990872819616,0.014803639207879239,0.045416746978633495,0.32980327868852455,-0.06814322021078896
0.0695,0.35,0.02,10000,0.1165344262295082,0.0037192317751688526,9150.0,-0.09262232475307013,0.021682093313946504,-0.8420211341188195,0.0,0.0,1.0,1.403314028976118,0.05330536727206307,0.19742546963769972,0.0,0.0,1.0,1.059403874813711,0.029314870814561137,0.014905245901639344,0.045416746978633495,0.3329008196721312,-0.09231487096326788
0.073,0.35,0.02,10000,0.11984918032786884,0.0036790328012434675,9150.0,-0.11185164448202733,0.021196764807738237,-1.0168331316547943,0.0,0.0,1.0,1.4506650836226245,0.05238737415039621,0.19002881129364316,0.0,0.0,1.0,1.0895380029806259,0.029836615554826938,0.01488355033180476,0.045416746978633495,0.33538688524590166,-0.11133916884810194
0.0765,0.35,0.02,10000,0.12306010928961748,0.003418272152054423,9150.0,-0.13021338403508254,0.019355764014970283,-1.1837580366825684,0.0,0.0,1.0,1.4962479837177403,0.048324555276197216,0.18309528607278827,0.0,0.0,1.0,1.1187282662692497,0.030334646405264794,0.014832627556727247,0.045416746978633495,0.3377950819672131,-0.12943504515884688
0.08,0.35,0.02,10000,0.1269071038251366,0.003461726731537889,9150.0,-0.15181527789698776,0.01926733371630942,-1.3801388899726157,0.0,0.0,1.0,1.5504791996313663,0.04860143371441826,0.1751267541318237,0.0,0.0,1.0,1.1537009438648784,0.030920307530630985,0.014849180327868852,0.045416746978633495,0.3406803278688525,-0.15060558752246384
0.08349999999999999,0.35,0.02,10000,0.13062732240437158,0.0038064381846933336,9150.0,-0.17230950941794915,0.020976127248217034,-1.56645008561772,0.0,0.0,1.0,1.6024922563676873,0.053148083791380335,0.16776360827632147,0.0,0.0,1.0,1.1875211127670142,0.03147569577324809,0.014857091451794376,0.045416746978633495,0.34347049180327865,-0.17055456263381152
0.087,0.35,0.02,10000,0.13386120218579234,0.003637951644729097,9150.0,-0.18988461277815766,0.019556630966341616,-1.726223752528706,0.0,0.0,1.0,1.6474456116799627,0.05035318821287347,0.16156933267623383,0.0,0.0,1.0,1.2169200198708396,0.031951838703699956,0.014883306733119203,0.045416746978633495,0.3458959016393443,-0.18756584730952788
0.0905,0.35,0.02,10000,0.1371245901639344,0.003499223076233256,9150.0,-0.2073497258898912,0.01862686905284216,-1.88499750808992,0.0,0.0,1.0,1.6924657347310563,0.04812029916663095,0.15555567347753266,0.0,0.0,1.0,1.246587183308495,0.032424843731759925,0.01481778214295527,0.045416746978633495,0.3483434426229507,-0.20436183514530618
0.094,0.35,0.02,10000,0.1416327868852459,0.003560443218690647,9150.0,-0.23102963519901887,0.01855135144454688,-2.1002694109001725,0.0,0.0,1.0,1.7541930581671061,0.04860493450834444,0.14762288954260147,0.0,0.0,1.0,1.2875707898658717,0.033065919047576386,0.014837241432114824,0.045416746978633495,0.35172459016393437,-0.22693234490786782
0.0975,0.35,0.02,10000,0.14448087431693987,0.0038772189776869635,9150.0,-0.24571639150733804,0.01988213329715296,-2.2337853773394367,0.0,0.0,1.0,1.7929082390182587,0.052539276847092926,0.14283587038917755,0.0,0.0,1.0,1.313462493790363,0.033463383059311874,0.01493430917245605,0.045416746978633495,0.3538606557377048,-0.24079891467256256
0.10099999999999999,0.35,0.02,10000,0.14834316939890713,0.003378018110946778,9150.0,-0.26540873007015003,0.017051996215986222,-2.4128066370013634,0.0,0.0,1.0,1.8450402307055318,0.045457646445702674,0.13654396257181114,0.0,0.0,1.0,1.348574267262792,0.0339961956743182,0.014832993091138637,0.045416746978633495,0.35675737704918037,-0.2592780798447167
0.1045,0.35,0.02,10000,0.15182841530054644,0.003251153165008509,9150.0,-0.28285787919623795,0.016111474675190356,-2.5714352654203454,0.0,0.0,1.0,1.891715682776385,0.04343878685040041,0.13112732170623978,0.0,0.0,1.0,1.3802583209140586,0.03446815571120673,0.01477719441835769,0.045416746978633495,0.3593713114754098,-0.27548243036674375
0.108,0.35,0.02,10000,0.15477923497267762,0.003511034854200985,9150.0,-0.2973909342603409,0.01715919663106874,-2.703553947821281,0.0,0.0,1.0,1.9309969291647187,0.04656438297879601,0.12672870991263677,0.0,0.0,1.0,1.407083954297069,0.03486112698762591,0.014847756401314442,0.045416746978633495,0.3615844262295082,-0.28884568919863723
0.1115,0.35,0.02,10000,0.1587377049180328,0.003920614291067379,9150.0,-0.31657873499413824,0.018870791189077283,-2.877988499946712,0.0,0.0,1.0,1.9833205580830782,0.05164315213432887,0.12107171292651416,0.0,0.0,1.0,1.4430700447093892,0.03537981995702415,0.014948683918682591,0.045416746978633495,0.36455327868852455,-0.30631237332090555
0.11499999999999999,0.35,0.02,10000,0.16234754098360657,0.0037471603350949455,9150.0,-0.3338255925806426,0.01775344114127769,-3.0347781143694776,0.0,0.0,1.0,2.0306659170047947,0.04902136297628229,0.11611432752669298,0.0,0.0,1.0,1.4758867362146055,0.03584593268232226,0.014899484894417326,0.045416746978633495,0.367260655737705,-0.3218641575102545
0.1185,0.35,0.02,10000,0.16516284153005464,0.00391272063381433,9150.0,-0.3470598349778218,0.018317758095985157,-3.155089408889288,0.0,0.0,1.0,2.0673614776835976,0.05082880316469271,0.11240877626392556,0.0,0.0,1.0,1.5014803775459509,0.03620350690013654,0.014941297384920997,0.045416746978633495,0.369372131147541,-0.3336672375689741
0.122,0.35,0.02,10000,0.1686918032786885,0.003907114980273423,9150.0,-0.3634324651439349,0.01793216411486077,-3.3039315013084987,0.0,0.0,1.0,2.113044632862218,0.050369763840677616,0.10792986063924163,0.0,0.0,1.0,1.533561847988078,0.03664578684342183,0.014884454274102812,0.045416746978633495,0.37201885245901645,-0.3481362192270236
0.1255,0.35,0.02,10000,0.1713344262295082,0.003758984354060733,9150.0,-0.3755356774084941,0.01702579164000803,-3.4139607037135824,0.0,0.0,1.0,2.1470894285820235,0.048124256860820086,0.1046880287191479,0.0,0.0,1.0,1.5575856929955287,0.03697267076986377,0.014904863837402272,0.045416746978633495,0.3740008196721311,-0.35873412519641446
0.129,0.35,0.02,10000,0.1756677595628415,0.004131291809404183,9150.0,-0.3950276205654192,0.018378298589865946,-3.5911601869583563,0.0,0.0,1.0,2.2025004219724886,0.0525722377197395,0.09962405182154585,0.0,0.0,1.0,1.5969796323894687,0.037498970099934796,0.014981564285910541,0.045416746978633495,0.3772508196721311,-0.3755782680678446
0.1325,0.35,0.02,10000,0.17988087431693991,0.003699971444056358,9150.0,-0.4136807611840167,0.01624908029437829,-3.7607341925819693,0.0,0.0,1.0,2.255938550318576,0.04679312244525358,0.09491409439841357,0.0,0.0,1.0,1.6352806756085443,0.03800250693226715,0.014898114890481415,0.045416746978633495,0.3804106557377049,-0.39150713217794747
0.136,0.35,0.02,10000,0.18273114754098366,0.004093356625675997,9150.0,-0.42605147742452354,0.017698165285066594,-3.8731952493138504,0.0,0.0,1.0,2.2918378313650765,0.05141178471113764,0.09189026800915805,0.0,0.0,1.0,1.661192250372578,0.038336360993549916,0.014951625253773457,0.045416746978633495,0.3825483606557378,-0.4019117920233247
0.1395,0.35,0.02,10000,0.18743278688524587,0.004335432981957819,9150.0,-0.44614495943167237,0.018297671956017374,-4.055863267560658,0.0,0.0,1.0,2.350674302086518,0.05411441379778598,0.08710696701638751,0.0,0.0,1.0,1.7039344262295082,0.03887852322820264,0.015033259992128178,0.045416746978633495,0.3860745901639344,-0.4186104024932431
0.14300000000000002,0.35,0.02,10000,0.1903366120218579,0.003914356396325265,9150.0,-0.45838890662092807,0.016373215327960825,-4.167171878372074,0.0,0.0,1.0,2.3867395838671417,0.04854538064622508,0.08426436633664702,0.0,0.0,1.0,1.730332836562345,0.039208831370844875,0.014921873731132702,0.045416746978633495,0.3882524590163935,-0.42867746424843634
0.14650000000000002,0.35,0.02,10000,0.19377377049180333,0.004298092156364936,9150.0,-0.4726105758478525,0.01773766708418843,-4.296459780435023,0.0,0.0,1.0,2.4292123519329167,0.05297531910794537,0.08105900899516208,0.0,0.0,1.0,1.7615797317436659,0.03959240382121653,0.01502814767736666,0.045416746978633495,0.3908303278688525,-0.4401959086444009
0.15000000000000002,0.35,0.02,10000,0.19684043715846994,0.003895290104917398,9150.0,-0.48517136853859255,0.015793779011765516,-4.410648804896296,0.0,0.0,1.0,2.4668647955846983,0.047699777677491284,0.07828239743431906,0.0,0.0,1.0,1.7894585196224537,0.03993114018277551,0.014920936729183295,0.045416746978633495,0.39313032786885244,-0.4502869691800347
0.15350000000000003,0.35,0.02,10000,0.20045792349726776,0.0038736293325659092,9150.0,-0.4997332762424356,0.015427509018981276,-4.543029784022141,0.0,0.0,1.0,2.51104538985806,0.04714165768502409,0.07515220508675301,0.0,0.0,1.0,1.8223447590660704,0.040323762142205836,0.014940007045244418,0.045416746978633495,0.3958434426229509,-0.46182169683976065
0.157,0.35,0.02,10000,0.20379890710382514,0.0039012022293361975,9150.0,-0.5129694297759598,0.015284001785487772,-4.663358452508726,0.0,0.0,1.0,2.5516030593567027,0.04719009480303463,0.07238182413447357,0.0,0.0,1.0,1.8527173373075012,0.040680574680192344,0.014961311475409834,0.045416746978633495,0.39834918032786887,-0.47217065352969956
0.1605,0.35,0.02,10000,0.20757158469945355,0.0038303871108279985,9150.0,-0.527684012477959,0.014764809584669704,-4.797127386163264,0.0,0.0,1.0,2.5970958072876384,0.046077674602464654,0.0693837538027866,0.0,0.0,1.0,1.8870144063586685,0.041077174105663875,0.01490037935213411,0.045416746978633495,0.4011786885245901,-0.48352873907753713
0.164,0.35,0.02,10000,0.2109836065573771,0.00453621401981702,9150.0,-0.5407214912583733,0.017287296004846086,-4.915649920530666,0.0,0.0,1.0,2.6380613047703294,0.05424957089461531,0.06680740320708656,0.0,0.0,1.0,1.9180327868852456,0.04142849511580345,0.015132416881309991,0.045416746978633495,0.4037377049180328,-0.49342354989583936
0.1675,0.35,0.02,10000,0.2143224043715847,0.0038235552917768767,9150.0,-0.5533849025771977,0.014326704490696314,-5.030771841610889,0.0,0.0,1.0,2.6778525409350435,0.0454683073876038,0.06434655951797386,0.0,0.0,1.0,1.9483854942871341,0.041769710781473755,0.014938208372463464,0.045416746978633495,0.4062418032786884,-0.5029764835309994
0.171,0.35,0.02,10000,0.2174360655737705,0.004263368311857378,9150.0,-0.5649447222117153,0.015707929385378815,-5.135861111015595,0.0,0.0,1.0,2.7148079481495495,0.05040270394967245,0.062169104414720816,0.0,0.0,1.0,1.9766915052160954,0.04208112431327692,0.015034547892467916,0.045416746978633495,0.4085770491803278,-0.5115447004267799
0.17450000000000002,0.35,0.02,10000,0.22154535519125684,0.004704649958574917,9150.0,-0.5799560311934691,0.0170594253139562,-5.272327556304264,0.0,0.0,1.0,2.763291913120978,0.05534405604027,0.05941492165875888,0.0,0.0,1.0,2.01404868355688,0.04248545634484346,0.015116248204593128,0.045416746978633495,0.41165901639344255,-0.5225240676492654
0.17800000000000002,0.35,0.02,10000,0.22427322404371583,0.004143072692035953,9150.0,-0.5898275242676274,0.01486714453690204,-5.362068402432977,0.0,0.0,1.0,2.7953040253651444,0.048442288177602856,0.057634386918290315,0.0,0.0,1.0,2.0388474913065076,0.04275132322960174,0.015011255249837548,0.045416746978633495,0.413704918032787,-0.5296882115180606
0.18150000000000002,0.35,0.02,10000,0.22862185792349726,0.004754593710057493,9150.0,-0.6052000504133885,0.016680266623816213,-5.501818640121713,0.0,0.0,1.0,2.84608336069902,0.05534045012230597,0.054954100944233114,0.0,0.0,1.0,2.078380526577248,0.043165262105576654,0.015142747053116235,0.045416746978633495,0.4169663934426229,-0.5406341059909177
0.18500000000000003,0.35,0.02,10000,0.2318568306010929,0.004586679826965005,9150.0,-0.6164804555023128,0.015848607737423238,-5.604367777293751,0.0,0.0,1.0,2.883635302261551,0.05312159105705109,0.053031097348695135,0.0,0.0,1.0,2.1077893691008445,0.04346897587051288,0.015106323126561827,0.045416746978633495,0.4193926229508198,-0.5485774251182346
0.1885,0.35,0.02,10000,0.23503715846994538,0.004083252164734176,9150.0,-0.6274269891173229,0.01394123682119018,-5.703881719248391,0.0,0.0,1.0,2.9203771255889337,0.047023782490537035,0.05120324587365738,0.0,0.0,1.0,2.1367014406358664,0.04376366785516678,0.015010791491153473,0.045416746978633495,0.42177786885245894,-0.5562040653729077
0.192,0.35,0.02,10000,0.2388885245901639,0.004734075724647848,9150.0,-0.640379130379296,0.01576940822413836,-5.821628457993598,0.0,0.0,1.0,2.9646562044122438,0.05427841427240936,0.049109415238738914,0.0,0.0,1.0,2.1717138599105814,0.04411228825765317,0.015100866413122171,0.045416746978633495,0.42466639344262297,-0.5650629648082054
0.1955,0.35,0.02,10000,0.24312459016393442,0.004229235484475312,9150.0,-0.654437932896095,0.01380722415398401,-5.949435753600865,0.0,0.0,1.0,3.013063300224871,0.04830234477193133,0.0468856960896834,0.0,0.0,1.0,2.2102235469448583,0.04449065622769021,0.01496096734949781,0.045416746978633495,0.42784344262295076,-0.5745773465735053
0.199,0.35,0.02,10000,0.24608743169398908,0.004521241920532161,9150.0,-0.664058761630194,0.014654515408231605,-6.036897833001763,0.0,0.0,1.0,3.0467802079197277,0.05140130098846665,0.04540838844113222,0.0,0.0,1.0,2.237158469945355,0.04474954101954967,0.01501480083935168,0.045416746978633495,0.43006557377049176,-0.5809763600536676
0.2025,0.35,0.02,10000,0.25026557377049174,0.004678193340365045,9150.0,-0.6774115497651236,0.014869120593746432,-6.158286816046577,0.0,0.0,1.0,3.0941546779884033,0.05291640367289625,0.04340176912957827,0.0,0.0,1.0,2.2751415797317436,0.045108807808001056,0.015162037665558934,0.045416746978633495,0.43319918032786897,-0.589749871749742
0.20600000000000002,0.35,0.02,10000,0.2532896174863388,0.004264205311562494,9150.0,-0.6869444465224511,0.013339353699675791,-6.244949513840466,0.0,0.0,1.0,3.128213949212171,0.04800992220717103,0.04200050154093898,0.0,0.0,1.0,2.3026328862394436,0.045365272920429384,0.015035527029500775,0.045416746978633495,0.435467213114754,-0.5959477771953646
0.20950000000000002,0.35,0.02,10000,0.25701639344262295,0.00460649677805432,9150.0,-0.6984432169064967,0.014141055975271658,-6.349483790059065,0.0,0.0,1.0,3.1700643942767748,0.05163892202864269,0.04035499502497566,0.0,0.0,1.0,2.336512667660209,0.045674581327285455,0.015119779976384539,0.045416746978633495,0.4382622950819671,-0.6033027337377522
0.21300000000000002,0.35,0.02,10000,0.26042185792349726,0.004413909477848109,9150.0,-0.7088007839258748,0.013337645284280062,-6.4436434902352255,0.0,0.0,1.0,3.2080890406475184,0.04926989789343387,0.03890401088837618,0.0,0.0,1.0,2.367471435668157,0.04595316613404078,0.015016459152776501,0.045416746978633495,0.440816393442623,-0.6098568214801612
0.21650000000000003,0.35,0.02,10000,0.2632775956284153,0.004208915164544029,9150.0,-0.7173545342438099,0.012536201975981305,-6.521404856761909,0.0,0.0,1.0,3.2398950290357016,0.04673752842517336,0.03772809921229043,0.0,0.0,1.0,2.3934326875310483,0.04618321186962736,0.01501360195146947,0.045416746978633495,0.44295819672131137,-0.6152084662714631
0.22,0.35,0.02,10000,0.2667377049180328,0.004011088984088357,9150.0,-0.7275521578480284,0.011698956192359755,-6.614110525891168,0.0,0.0,1.0,3.278264789239895,0.04438968921707166,0.03635605039609102,0.0,0.0,1.0,2.4248882265275706,0.046457441043512855,0.014963512802628882,0.045416746978633495,0.44555327868852457,-0.6215138239783968
0.01,0.4,0.02,10000,0.05988741721854304,0.0025460699313042097,9060.0,0.29185308738724375,0.020213644766566646,2.6532098853385797,1.0,0.0,0.0,0.575881286804213,0.03971651871147488,0.3599313650099311,0.0,0.0,1.0,0.5444310656231185,0.018837990619307698,0.014635423817988564,0.05059638271883383,0.32291556291390733,0.28373417361359954
0.0135,0.4,0.02,10000,0.06304635761589404,0.0026307803119496862,9060.0,0.2670097729366671,0.02047236942953873,2.427361572151519,1.0,0.0,0.0,0.6250450861277315,0.04087373565091614,0.3486918365288482,0.0,0.0,1.0,0.5731487055990367,0.019519677764098083,0.014633774834437086,0.05059638271883383,0.3252847682119205,0.2607396078787282
0.017,0.4,0.02,10000,0.0669150110375276,0.0025901158160121815,9060.0,0.23722962541289178,0.019689724142060137,2.156632958299016,1.0,0.0,0.0,0.6850816716861183,0.04014287594855947,0.33518669986060545,0.0,0.0,1.0,0.6083182821593417,0.02033598778883788,0.014659155617603553,0.05059638271883383,0.32818625827814574,0.2327928746486583
0.0205,0.4,0.02,10000,0.07020198675496689,0.002670126699579587,9060.0,0.21248594969911686,0.019850671957904402,1.931690451810154,1.0,0.0,0.0,0.7358805012878008,0.04121258156130573,0.32397073268913473,0.0,0.0,1.0,0.6381998795906081,0.021013549272694217,0.01462873179961499,0.05059638271883383,0.3306514900662252,0.20926743575694975
0.024,0.4,0.02,10000,0.07341059602649008,0.0027235617389384154,9060.0,0.18879248321510175,0.020001042319081078,1.7162953019554703,1.0,0.0,0.0,0.7853123703467247,0.04182897871852525,0.31324531433813246,0.0,0.0,1.0,0.6673690547862734,0.02166180477124204,0.014640397350993373,0.05059638271883383,0.33305794701986763,0.18650861610524966
0.027500000000000004,0.4,0.02,10000,0.07753863134657837,0.003070233631332245,9060.0,0.15898009269702476,0.021958580496692692,1.4452735699729522,1.0,0.0,0.0,0.848643236608254,0.047005731438408305,0.2998093664879451,0.0,0.0,1.0,0.7048966486052579,0.022476726626618402,0.014722831068150217,0.05059638271883383,0.3361539735099338,0.15758040528056358
0.031,0.4,0.02,10000,0.08108278145695363,0.00283762657635789,9060.0,0.13387261667738795,0.019852431506737826,1.2170237879762542,1.0,0.0,0.0,0.9027334259217299,0.04325089921610557,0.28856958271990674,0.0,0.0,1.0,0.7371161950632148,0.02316251434779202,0.014692996631064126,0.05059638271883383,0.33881208609271524,0.13302796230241418
0.0345,0.4,0.02,10000,0.08463134657836643,0.0034735544108792137,9060.0,0.10932482534260331,0.023916137735375487,0.9938620485691206,1.0,0.0,0.0,0.9566324266266997,0.05265882273658548,0.2776750963614797,0.0,0.0,1.0,0.7693758779851495,0.023832409939534487,0.014800016429400683,0.05059638271883383,0.34147350993377495,0.10882944769830413
0.038,0.4,0.02,10000,0.08805739514348787,0.003029014343304308,9060.0,0.08594358587209565,0.020457789162033183,0.7813053261099604,1.0,0.0,0.0,1.0083818633039363,0.04568554891215128,0.2673906763959035,0.0,0.0,1.0,0.800521774031708,0.024470159644661017,0.014686639015170087,0.05059638271883383,0.3440430463576159,0.08569688580737854
0.0415,0.4,0.02,10000,0.09110596026490068,0.0027398995602453476,9060.0,0.06551345583186106,0.0182661168512948,0.5955768711987367,1.0,0.0,0.0,1.054219438591327,0.04109938288261597,0.25849285108541165,0.0,0.0,1.0,0.8282360024081877,0.02502705608174022,0.014641529778253465,0.05059638271883383,0.3463294701986755,0.06539713800359745
0.045000000000000005,0.4,0.02,10000,0.09461258278145694,0.002996529869140278,9060.0,0.042471066083753194,0.019497694798316322,0.3861006007613927,0.96,0.02,0.02,1.1066823556870273,0.044681945946448844,0.2485827707130385,0.0,0.0,1.0,0.8601143889223359,0.025654747029173728,0.014709602649006621,0.05059638271883383,0.3489594370860927,0.04243007412570084
0.0485,0.4,0.02,10000,0.09805849889624722,0.003130587176080709,9060.0,0.02022139724781185,0.020065707407119278,0.18383088407101678,0.82,0.06,0.12,1.157938531802512,0.04640294081584462,0.23914317301424654,0.0,0.0,1.0,0.8914408990567931,0.026260499661957835,0.014753109306129735,0.05059638271883383,0.35154387417218547,0.020210212369733638
0.052000000000000005,0.4,0.02,10000,0.1014823399558499,0.0030949742593360105,9060.0,-0.0015192714555299894,0.019487894094706054,-0.013811558686636275,0.41,0.07,0.52,1.2085607886457181,0.04558950250156678,0.2300541325239238,0.0,0.0,1.0,0.9225667268713625,0.026852088737724857,0.014753791379192957,0.05059638271883383,0.3541117549668874,-0.0015189223457370738
0.0555,0.4,0.02,10000,0.10565673289183224,0.0031384891478215475,9060.0,-0.02751582457799973,0.019368860710359682,-0.2501438597999976,0.09,0.02,0.89,1.2698656092519456,0.0459685182990913,0.21938073545192066,0.0,0.0,1.0,0.960515753562111,0.02755907577926064,0.01476796017261651,0.05059638271883383,0.35724254966887414,-0.027499123746981064
0.059000000000000004,0.4,0.02,10000,0.10858830022075057,0.0030736464230527107,9060.0,-0.04546256542956282,0.018639516293260248,-0.413296049359662,0.0,0.0,1.0,1.3126425221795015,0.04471598281309425,0.2121401947765945,0.0,0.0,1.0,0.9871663656431867,0.028046905861677008,0.014764423887201677,0.05059638271883383,0.3594412251655629,-0.045415224422301774
0.0625,0.4,0.02,10000,0.11241832229580574,0.003110412117328764,9060.0,-0.06851205644422856,0.01854625484220937,-0.6228368767657142,0.0,0.0,1.0,1.3681632276671618,0.04496268096597312,0.2030128969863429,0.0,0.0,1.0,1.0219847481436886,0.028673142864868283,0.0147469569651779,0.05059638271883383,0.36231374172185427,-0.0683819364074102
0.066,0.4,0.02,10000,0.11569757174392936,0.0035342233062814906,9060.0,-0.08787307567223483,0.02072033086995974,-0.7988461424748621,0.0,0.0,1.0,1.4153972060136653,0.05073669760960525,0.19550612312803917,0.0,0.0,1.0,1.0517961067629942,0.02919890131670611,0.014851221888911192,0.05059638271883383,0.3647731788079471,-0.0876103708657591
0.0695,0.4,0.02,10000,0.11935430463576159,0.003276603239382838,9060.0,-0.10917385792651714,0.01885817669703704,-0.9924896175137918,0.0,0.0,1.0,1.4677035436646575,0.046718310069545035,0.18739466147736633,0.0,0.0,1.0,1.085039133052378,0.029777135875156485,0.014789420495194766,0.05059638271883383,0.3675157284768213,-0.10870385684722754
0.073,0.4,0.02,10000,0.12227483443708609,0.0036158063643755055,9060.0,-0.1258709592669204,0.020544850300972115,-1.1442814478810943,0.0,0.0,1.0,1.5092219287964272,0.05118447763555636,0.18117668357984537,0.0,0.0,1.0,1.1115894039735101,0.030230188292834213,0.014879894085877173,0.05059638271883383,0.36970612582781465,-0.12515867372651143
0.0765,0.4,0.02,10000,0.12553200883002208,0.0034280070142170566,9060.0,-0.14427422871457762,0.019276944175980696,-1.3115838974052512,0.0,0.0,1.0,1.55522781724215,0.04821958596404427,0.1744405144148386,0.0,0.0,1.0,1.141200080272928,0.03072939374206625,0.01482449011236724,0.05059638271883383,0.3721490066225166,-0.14323100789014093
0.08,0.4,0.02,10000,0.1301467991169978,0.004039200002431063,9060.0,-0.16979113474261612,0.02211727317769131,-1.5435557703874196,0.0,0.0,1.0,1.6199057558359073,0.0563780482315709,0.16536298278206066,0.0,0.0,1.0,1.1831527192454343,0.03142122225674857,0.014963423771846486,0.05059638271883383,0.37561009933774836,-0.1680987551696067
0.08349999999999999,0.4,0.02,10000,0.1335066225165563,0.003392549654496504,9060.0,-0.18812754482018687,0.018364762243953534,-1.7102504074562443,0.0,0.0,1.0,1.6666115404644,0.04706747681959889,0.1589765771599384,0.0,0.0,1.0,1.21369656833233,0.03191822267510239,0.014799672150823904,0.05059638271883383,0.3781299668874172,-0.18587995460711565
0.087,0.4,0.02,10000,0.1365044150110375,0.0034877929186522337,9060.0,-0.2041888484081922,0.0185884594649437,-1.856262258256292,0.0,0.0,1.0,1.708033175694036,0.04802487509901136,0.15352182200729197,0.0,0.0,1.0,1.2409492273730685,0.0323533852413184,0.014843294759664345,0.05059638271883383,0.3803783112582782,-0.20133189241861288
0.0905,0.4,0.02,10000,0.1403841059602649,0.0036683659510706947,9060.0,-0.2246438779258723,0.019191950403318007,-2.0422170720533845,0.0,0.0,1.0,1.7612566461008776,0.0501383158803901,0.146743068420973,0.0,0.0,1.0,1.2762191450933171,0.03290740687131957,0.014891165516771832,0.05059638271883383,0.38328807947019866,-0.22086332402566966
0.094,0.4,0.02,10000,0.1437207505518764,0.0036051450505552255,9060.0,-0.24196579157046902,0.018628113070870454,-2.1996890142769914,0.0,0.0,1.0,1.8066848417163976,0.04894208868210748,0.14114261160313293,0.0,0.0,1.0,1.3065522777443308,0.03337642281619627,0.014862192029909094,0.05059638271883383,0.3857905629139073,-0.23727548007132826
0.0975,0.4,0.02,10000,0.14700662251655627,0.003982211505227654,9060.0,-0.2587314610593628,0.02023122982153297,-2.352104191448753,0.0,0.0,1.0,1.8511289801280173,0.05366995537531598,0.13586232460689895,0.0,0.0,1.0,1.3364238410596025,0.03383022696136707,0.014951655629139075,0.05059638271883383,0.38825496688741723,-0.2530131060526213
0.10099999999999999,0.4,0.02,10000,0.1499735099337748,0.003367533043970353,9060.0,-0.27373661512148834,0.016831900678575287,-2.488514682922621,0.0,0.0,1.0,1.8910140247592684,0.04504787085646478,0.13121319551321473,0.0,0.0,1.0,1.3633955448524986,0.03423631096979012,0.01484063919973839,0.05059638271883383,0.39048013245033125,-0.2670285780643388
0.1045,0.4,0.02,10000,0.15406732891832228,0.004382120867793667,9060.0,-0.29395733717838624,0.021466732156726835,-2.6723394288944204,0.0,0.0,1.0,1.945638074244283,0.05818766207746886,0.12516681227750745,0.0,0.0,1.0,1.4006120810756573,0.03478330943662292,0.015067731822686026,0.05059638271883383,0.39355049668874176,-0.2856527480348859
0.108,0.4,0.02,10000,0.15754966887417216,0.003821354750462723,9060.0,-0.3109886310145074,0.018513223468028583,-2.8271693728591587,0.0,0.0,1.0,1.9917254090505763,0.05041740595281238,0.1201755525311114,0.0,0.0,1.0,1.4322697170379286,0.035243948890110205,0.014876400650716135,0.05059638271883383,0.3961622516556292,-0.3012435949759062
0.1115,0.4,0.02,10000,0.16199116997792495,0.003733939870792664,9060.0,-0.3322723966236516,0.01772687331712683,-3.020658151124104,0.0,0.0,1.0,2.0501152808254317,0.0489149433353578,0.11413317879032805,0.0,0.0,1.0,1.4726469997993175,0.03581940513200221,0.014950032997227589,0.05059638271883383,0.3994933774834438,-0.32047188308595376
0.11499999999999999,0.4,0.02,10000,0.1642218543046358,0.004239010248820602,9060.0,-0.34275784218341904,0.019874987599397684,-3.115980383485627,0.0,0.0,1.0,2.079195441289178,0.05512624055092728,0.11125077685293241,0.0,0.0,1.0,1.4929259482239616,0.03610281509865906,0.014996612663530086,0.05059638271883383,0.4011663907284769,-0.32982217696720606
0.1185,0.4,0.02,10000,0.16823841059602646,0.004000950777622213,9060.0,-0.36147015695069024,0.01847415546458946,-3.286092335915366,0.0,0.0,1.0,2.1312841175667883,0.051702731010625565,0.10619210966824046,0.0,0.0,1.0,1.5294400963275137,0.03660851657266767,0.014930970210211014,0.05059638271883383,0.40417880794701994,-0.34640557694282204
0.122,0.4,0.02,10000,0.17289514348785878,0.004015016949420482,9060.0,-0.38272423561092966,0.01816936544524653,-3.479311232826633,0.0,0.0,1.0,2.191187213066339,0.05155403722815598,0.10063990133334214,0.0,0.0,1.0,1.5717740317078062,0.03718272936797997,0.01497208593121797,0.05059638271883383,0.40767135761589407,-0.3649678783972618
0.1255,0.4,0.02,10000,0.17511699779249443,0.00399597118212982,9060.0,-0.39271277981921027,0.01783967962647883,-3.5701161801746384,0.0,0.0,1.0,2.219583933458908,0.050934432258817545,0.09809665886220592,0.0,0.0,1.0,1.5919727072044956,0.0374525259698531,0.014995976878869645,0.05059638271883383,0.40933774834437087,-0.37359511907791493
0.129,0.4,0.02,10000,0.17950993377483443,0.0036274211207066665,9060.0,-0.4121956108104208,0.015880673778345625,-3.747232825549281,0.0,0.0,1.0,2.2753365673661214,0.04594507216951389,0.09325797325962991,0.0,0.0,1.0,1.6319084888621314,0.03797866591390387,0.014895188660973219,0.05059638271883383,0.41263245033112583,-0.3902526762006672
0.1325,0.4,0.02,10000,0.18303090507726266,0.003935690247362652,9060.0,-0.42749358274699334,0.016921359264478027,-3.8863052976999395,0.0,0.0,1.0,2.319687073520638,0.04951827335627811,0.08958637398075087,0.0,0.0,1.0,1.6639173188842065,0.038391675561944054,0.014927937051486158,0.05059638271883383,0.41527317880794706,-0.4031285619641013
0.136,0.4,0.02,10000,0.18606401766004413,0.004100278126474929,9060.0,-0.4404861422959517,0.017491611682585017,-4.004419475417744,0.0,0.0,1.0,2.357685391913995,0.051256333806744936,0.08654194494612398,0.0,0.0,1.0,1.691491069636765,0.03874237760925062,0.014996516510149313,0.05059638271883383,0.4175480132450331,-0.41394360942011876
0.1395,0.4,0.02,10000,0.18986975717439292,0.00391628683583725,9060.0,-0.45657123180255704,0.016337054432962954,-4.150647561841428,0.0,0.0,1.0,2.4050293010021813,0.04863690839880051,0.0828638512919869,0.0,0.0,1.0,1.7260887015853905,0.03917648110195543,0.014920529801324505,0.05059638271883383,0.42040231788079474,-0.42719310382731623
0.14300000000000002,0.4,0.02,10000,0.19258830022075052,0.004422401528363465,9060.0,-0.4678452472121031,0.018287968156705553,-4.25313861101912,0.0,0.0,1.0,2.4386963729908557,0.05457214504507924,0.08036043351388038,0.0,0.0,1.0,1.7508027292795503,0.039480670827963416,0.015103427209995475,0.05059638271883383,0.42244122516556293,-0.43633973936607456
0.14650000000000002,0.4,0.02,10000,0.19582891832229582,0.004155834384016126,9060.0,-0.4811729039946552,0.01696029253260648,-4.3742991272241385,0.0,0.0,1.0,2.478559255639394,0.050963499133580094,0.07745267327739341,0.0,0.0,1.0,1.7802628938390523,0.03984023498230374,0.015015562913907286,0.05059638271883383,0.4248716887417218,-0.447080717593596
0.15000000000000002,0.4,0.02,10000,0.1995253863134658,0.003747952388195022,9060.0,-0.49614575410383005,0.014987832436451486,-4.510415946398456,0.0,0.0,1.0,2.523766621181836,0.045672067825622935,0.07426897383436434,0.0,0.0,1.0,1.8138671483042348,0.04024411183145077,0.014932860973294392,0.05059638271883383,0.42764403973509935,-0.4589999565535728
0.15350000000000003,0.4,0.02,10000,0.20350662251655627,0.004100435236341337,9060.0,-0.5119400820301415,0.016053233240953677,-4.65400074572856,0.0,0.0,1.0,2.5721145045947766,0.04967101648692496,0.07102336640572945,0.0,0.0,1.0,1.8500602046959662,0.04067004611312172,0.014944218519975318,0.05059638271883383,0.43062996688741717,-0.4713617225097502
0.157,0.4,0.02,10000,0.20592052980132447,0.004030809070010131,9060.0,-0.5213977682024664,0.015773163468490857,-4.739979710931512,0.0,0.0,1.0,2.601291654499995,0.048532312238531564,0.06912031931256046,0.0,0.0,1.0,1.8720048163756773,0.040925060594548424,0.014952996769490355,0.05059638271883383,0.43244039735099343,-0.4786874066982893
0.1605,0.4,0.02,10000,0.21072847682119206,0.0044856601245546485,9060.0,-0.5398887736475637,0.01703686872801819,-4.908079760432398,0.0,0.0,1.0,2.659053457590971,0.053730561818814034,0.06550881906383038,0.0,0.0,1.0,1.9157134256472004,0.04142355135034477,0.015060076147404877,0.05059638271883383,0.43604635761589394,-0.49279648902373735
0.164,0.4,0.02,10000,0.21347902869757174,0.003947231518619526,9060.0,-0.5503437824318367,0.014830707960114235,-5.003125294834878,0.0,0.0,1.0,2.6918685354082768,0.04698895403150413,0.06351147368969177,0.0,0.0,1.0,1.940718442705198,0.04170536825940058,0.014922509956845869,0.05059638271883383,0.43810927152317874,-0.5006961250531535
0.1675,0.4,0.02,10000,0.21731346578366445,0.004262102818378126,9060.0,-0.5646258703718822,0.01579528068107127,-5.132962457926202,0.0,0.0,1.0,2.7374264768939245,0.050465521070458076,0.06086410975881465,0.0,0.0,1.0,1.975576961669677,0.04209026680888952,0.015037324411027106,0.05059638271883383,0.44098509933774843,-0.5113083675846534
0.171,0.4,0.02,10000,0.21987417218543048,0.004482279585749601,9060.0,-0.5740234249318352,0.016407749536141537,-5.218394772107592,0.0,0.0,1.0,2.7676899644236888,0.052766853584698084,0.05916304939131136,0.0,0.0,1.0,1.998856110776641,0.04234349264277427,0.015097675565901856,0.05059638271883383,0.4429056291390729,-0.5182070134056942
0.17450000000000002,0.4,0.02,10000,0.22416445916114788,0.004829355630680086,9060.0,-0.5895217122533427,0.017391788453430247,-5.359288293212206,0.0,0.0,1.0,2.8181134312973324,0.05656768735022369,0.05642840798008056,0.0,0.0,1.0,2.037858719646799,0.042761046857794964,0.015168211874387723,0.05059638271883383,0.44612334437086093,-0.5294375585341181
0.17800000000000002,0.4,0.02,10000,0.22657505518763799,0.0038372893522315267,9060.0,-0.5981812020234701,0.013620591679789039,-5.438010927486094,0.0,0.0,1.0,2.846290963149301,0.0446515450810686,0.0549190363827011,0.0,0.0,1.0,2.059773228978527,0.04299433865103509,0.014981023259556579,0.05059638271883383,0.44793129139072846,-0.5356839622704557
0.18150000000000002,0.4,0.02,10000,0.23070309050772628,0.004114252963739863,9060.0,-0.6126492972777837,0.014261833081118462,-5.569539066161671,0.0,0.0,1.0,2.8943033783647234,0.04766054470934988,0.052485727203616356,0.0,0.0,1.0,2.0973008227975116,0.043384032462746996,0.014975645753041828,0.05059638271883383,0.45102731788079464,-0.54591215439176
0.18500000000000003,0.4,0.02,10000,0.23457726269315674,0.004497847521045233,9060.0,-0.6259655235205892,0.015384815854511309,-5.690595668368992,0.0,0.0,1.0,2.93913176055758,0.051879952691026895,0.05031005846478896,0.0,0.0,1.0,2.1325205699377885,0.04374264157981145,0.015060933797905476,0.05059638271883383,0.45393294701986764,-0.5551779539595036
0.1885,0.4,0.02,10000,0.23760264900662256,0.004606279026811025,9060.0,-0.6362097866375309,0.015494178000393833,-5.783725333068462,0.0,0.0,1.0,2.973970069867369,0.05284435277976384,0.04867347180179285,0.0,0.0,1.0,2.1600240818783867,0.04401848885530826,0.015100569582565915,0.05059638271883383,0.4562019867549669,-0.5622219539365747
0.192,0.4,0.02,10000,0.2421898454746136,0.004359533938867816,9060.0,-0.6514936957164987,0.014320215900938892,-5.9226699610590785,0.0,0.0,1.0,3.026481672906875,0.04983905440157161,0.046292835378763275,0.0,0.0,1.0,2.2017258679510334,0.044429986032086574,0.015023394028199579,0.05059638271883383,0.4596423841059603,-0.5725965349435671
0.1955,0.4,0.02,10000,0.24553090507726272,0.005222957261036673,9060.0,-0.6623404744138619,0.016907712842248238,-6.0212770401260185,0.0,0.0,1.0,3.0645501135629156,0.05937957895388277,0.04466110895170743,0.0,0.0,1.0,2.232099137066024,0.044721962422791195,0.015193758220468097,0.05059638271883383,0.46214817880794695,-0.5798099834500798
0.199,0.4,0.02,10000,0.24902428256070638,0.00450697255017264,9060.0,-0.6736164498787208,0.014324771579546775,-6.12378590798837,0.0,0.0,1.0,3.104155377706802,0.05103115360938988,0.04298446135743535,0.0,0.0,1.0,2.2638571141882404,0.04502547942999211,0.015069599349283862,0.05059638271883383,0.46476821192052986,-0.5872756074939839
0.2025,0.4,0.02,10000,0.25183554083885207,0.004224944621350848,9060.0,-0.682529075042495,0.013276056189466881,-6.204809773113592,0.0,0.0,1.0,3.135908102533701,0.047582006270292514,0.041691154327370805,0.0,0.0,1.0,2.2894140076259277,0.04526535053631402,0.015048950365732386,0.05059638271883383,0.466876655629139,-0.5930940221083225
0.20600000000000002,0.4,0.02,10000,0.2554381898454746,0.004445893257584369,9060.0,-0.693735572496924,0.01370483582652309,-6.306687022699308,0.0,0.0,1.0,3.176431343897279,0.049859054472125075,0.04010579946729656,0.0,0.0,1.0,2.3221653622315874,0.04556691888266491,0.015094711932065318,0.05059638271883383,0.46957864238410607,-0.6003050551115444
0.20950000000000002,0.4,0.02,10000,0.2594503311258278,0.004950664621862218,9060.0,-0.7059650369886289,0.014941116704112212,-6.4178639726239,0.0,0.0,1.0,3.221331562695493,0.05528872332662098,0.038422185533096356,0.0,0.0,1.0,2.3586393738711617,0.045895971506133816,0.015145761543261898,0.05059638271883383,0.4725877483443709,-0.6080557132263286
0.21300000000000002,0.4,0.02,10000,0.2622086092715232,0.004492702139342455,9060.0,-0.7142883426227317,0.013415371483137036,-6.493530387479379,0.0,0.0,1.0,3.2520944164203263,0.049939530706410135,0.03729268942012734,0.0,0.0,1.0,2.3837146297411196,0.046119908139928924,0.015116801347574347,0.05059638271883383,0.4746564569536425,-0.6132907343157813
0.21650000000000003,0.4,0.02,10000,0.2667527593818984,0.00446838707477022,9060.0,-0.7277025646249815,0.012997308446100803,-6.615477860227105,0.0,0.0,1.0,3.302495994071021,0.04953362134168595,0.03552412718004092,0.0,0.0,1.0,2.4250250852899864,0.046480765936912735,0.01503362577013697,0.05059638271883383,0.47806456953642384,-0.6215940275471932
0.22,0.4,0.02,10000,0.26987858719646796,0.004550983851704232,9060.0,-0.7367461042023419,0.013067695847745177,-6.697691856384926,0.0,0.0,1.0,3.337044523353274,0.05021021734074962,0.03436049100975445,0.0,0.0,1.0,2.4534417017860726,0.04672401805166375,0.015060605879516267,0.05059638271883383,0.480408940397351,-0.6271108920362932
0.01,0.05,0.03,10000,0.04971711899791232,0.0022651959491545824,9580.0,0.36270344345910444,0.01930329719356099,3.297304031446405,1.0,0.0,0.0,0.2708859972105333,0.03568455464521793,0.43271035825471954,0.0,1.0,0.0,0.45197380907193013,0.016475919155718208,0.02155622948834617,0.021685536805190465,0.09678783924843422,0.34748024406534783
0.0135,0.05,0.03,10000,0.05296242171189978,0.00216754218909725,9580.0,0.3353692457813142,0.01801809027353858,3.048811325284674,1.0,0.0,0.0,0.3219124841685187,0.034066821486386976,0.4202321890531065,0.0,1.0,0.0,0.4814765610172708,0.01722679697724389,0.021533144128478274,0.021685536805190465,0.09922181628392483,0.3232441440836327
0.017,0.05,0.03,10000,0.056431106471816275,0.0019878103373362154,9580.0,0.3068190189099262,0.016181307446861585,2.789263808272056,1.0,0.0,0.0,0.37632091173876636,0.031140154914259113,0.4070359845198479,0.0,1.0,0.0,0.5130100588346935,0.018010083684514823,0.021482371529141765,0.021685536805190465,0.10182332985386221,0.2974699833691153
0.0205,0.05,0.03,10000,0.05987265135699375,0.00243206546307887,9580.0,0.2792073136393932,0.01927605299202931,2.5382483058126657,1.0,0.0,0.0,0.4302072483648685,0.038011810950333264,0.394113353997768,0.0,0.96,0.04,0.5442968305181248,0.018766621220329266,0.021575181706766373,0.021685536805190465,0.1044044885177453,0.2720791782699219
0.024,0.05,0.03,10000,0.06310020876826723,0.002454378399777356,9580.0,0.2538201845841911,0.019075223005685673,2.307456223492646,1.0,0.0,0.0,0.4805710361231105,0.03821385429489611,0.3821577453467491,0.0,0.61,0.39,0.573638261529702,0.019461529624859725,0.02158095009155059,0.021685536805190465,0.10682515657620041,0.24842274647977394
0.027500000000000004,0.05,0.03,10000,0.06699478079331941,0.0026107500485573047,9580.0,0.22387757672047864,0.01986581181772439,2.0352506974588964,1.0,0.0,0.0,0.5411500543672407,0.04050876209175945,0.3679698448308447,0.0,0.13,0.87,0.6090434617574492,0.020280257937679038,0.02163837141158093,0.021685536805190465,0.10974608559498955,0.22012858607284652
0.031,0.05,0.03,10000,0.07076200417536534,0.0027884952120600425,9580.0,0.19558242508010196,0.02064364185455973,1.7780220461827454,1.0,0.0,0.0,0.5994956464404403,0.04314478765813655,0.3545209656422356,0.0,0.0,1.0,0.6432909470487759,0.02105314141294846,0.021678707606865057,0.021685536805190465,0.11257150313152402,0.19304887171185203
0.0345,0.05,0.03,10000,0.07420876826722336,0.0025215825438631156,9580.0,0.1701938101048921,0.01834632281220857,1.5472164554990189,1.0,0.0,0.0,0.6526282731344796,0.03883912919125638,0.3424505958927494,0.0,0.0,1.0,0.6746251660656671,0.02174605678265533,0.021615031315240084,0.021685536805190465,0.11515657620041753,0.16851502422895426
0.038,0.05,0.03,10000,0.07742379958246345,0.0028113954401175543,9580.0,0.14702196634299955,0.020092406865976062,1.3365633303909048,1.0,0.0,0.0,0.7020036894837887,0.043074124060952866,0.3314368080090332,0.0,0.0,1.0,0.7038527234769405,0.022377916432591922,0.021673801709333085,0.021685536805190465,0.11756784968684761,0.14591478703262692
0.0415,0.05,0.03,10000,0.08103549060542799,0.002640769586961534,9580.0,0.12143478549743868,0.01845381297050658,1.1039525954312608,1.0,0.0,0.0,0.7571782224035806,0.040273643506562345,0.31932254283230554,0.0,0.0,1.0,0.7366862782311634,0.023075176763689167,0.021600626304801668,0.021685536805190465,0.12027661795407099,0.12080195893813933
0.045000000000000005,0.05,0.03,10000,0.08452713987473905,0.0027841246614201255,9580.0,0.09721249941314616,0.019130462431959906,0.883749994664965,1.0,0.0,0.0,0.810290557993641,0.04222690633522835,0.307900890306128,0.0,0.0,1.0,0.7684285443158096,0.023734728452231502,0.021667024856257343,0.021685536805190465,0.12289535490605427,0.09687277472306023
0.0485,0.05,0.03,10000,0.08769102296450938,0.002653318089097095,9580.0,0.07563078574592753,0.01790564189956152,0.6875525976902505,1.0,0.0,0.0,0.8581538965578405,0.04001514673945731,0.29779233579852565,0.0,0.0,1.0,0.7971911178591763,0.024322029074899512,0.021645803953763528,0.021685536805190465,0.12526826722338202,0.07546346728094656
0.052000000000000005,0.05,0.03,10000,0.0918267223382046,0.0031114438834424483,9580.0,0.04802512921701295,0.020478327927975003,0.43659208379102693,0.96,0.02,0.02,0.9203457814552229,0.04666004079248106,0.2849822717733958,0.0,0.0,1.0,0.8347883848927689,0.025072707685425133,0.021691630205858393,0.021685536805190465,0.12837004175365346,0.04796992522122597
0.0555,0.05,0.03,10000,0.09442901878914403,0.0032345526329629376,9580.0,0.03094502127787039,0.021110767525364258,0.2813183752533671,0.9,0.05,0.05,0.9592960868052884,0.04823306886380826,0.2771218928790423,0.0,0.0,1.0,0.8584456253558548,0.025536909508748616,0.021774664235772276,0.021685536805190465,0.13032176409185806,0.030921264363485013
0.059000000000000004,0.05,0.03,10000,0.09851670146137788,0.003525297481859814,9580.0,0.004584139780499391,0.022513374337652096,0.04167399800453991,0.52,0.08,0.4,1.02009211554226,0.05223631654245745,0.2651330486675654,0.0,0.0,1.0,0.895606376921617,0.026252952898649165,0.021850177335466302,0.021685536805190465,0.1333875260960334,0.004581866324475487
0.0625,0.05,0.03,10000,0.10205114822546975,0.00305745166491987,9580.0,-0.01784643694295257,0.01916108150434325,-0.16224033584502337,0.1,0.09,0.81,1.0722732856665909,0.045028750328489485,0.2550644522140449,0.0,0.0,1.0,0.9277377111406337,0.02686194113685867,0.021704338282966792,0.021685536805190465,0.13603836116910228,-0.017837733054008417
0.066,0.05,0.03,10000,0.10539457202505219,0.0033554108942414986,9580.0,-0.038625940564015464,0.020710482740999007,-0.3511449142183224,0.01,0.02,0.97,1.1213502930932255,0.049099352296907525,0.24587329339555716,0.0,0.0,1.0,0.9581324729550199,0.027425760349724534,0.021764862330504467,0.021685536805190465,0.13854592901878912,-0.03859051590264662
0.0695,0.05,0.03,10000,0.10875887265135703,0.0034298060773538578,9580.0,-0.05921189571011881,0.020869781914875284,-0.5382899610010802,0.0,0.0,1.0,1.1704419397792494,0.04985879461793128,0.23689201431455228,0.0,0.0,1.0,0.9887170241032454,0.02798408613012362,0.02182265135699373,0.021685536805190465,0.14106915448851776,-0.05911832788421625
0.073,0.05,0.03,10000,0.11206993736951984,0.0033025380230938574,9580.0,-0.07916354902391004,0.019716785334078106,-0.719668627490091,0.0,0.0,1.0,1.218428257330478,0.04767075988934412,0.22832080663102147,0.0,0.0,1.0,1.0188176124501804,0.028524986287479622,0.021791309251344107,0.021685536805190465,0.14355245302713987,-0.07896834536385945
0.0765,0.05,0.03,10000,0.11588517745302714,0.003371787866195163,9580.0,-0.10173780786320695,0.019737582731920014,-0.9248891623927901,0.0,0.0,1.0,1.2733164189657649,0.04834873377398018,0.21880123366203083,0.0,0.0,1.0,1.0535016132093376,0.02913669666994417,0.021748643202197774,0.021685536805190465,0.14641388308977035,-0.10134915570221825
0.08,0.05,0.03,10000,0.1189885177453027,0.0034371787598335354,9580.0,-0.11979539149595274,0.019882678746847935,-1.0890490135995698,0.0,0.0,1.0,1.3176997660781924,0.04893233675399605,0.21131522838860725,0.0,0.0,1.0,1.08171379768457,0.029625810415529825,0.021807989679147474,0.021685536805190465,0.14874138830897704,-0.11918008447833581
0.08349999999999999,0.05,0.03,10000,0.12278079331941544,0.003420456063191075,9580.0,-0.1415120865138206,0.019402918569441777,-1.2864735137620054,0.0,0.0,1.0,1.3715378502229334,0.04835264083062384,0.20248263207920963,0.0,0.0,1.0,1.116189030176504,0.030213811083533687,0.02180417536534447,0.021685536805190465,0.1515855949895616,-0.14052362604162968
0.087,0.05,0.03,10000,0.12651774530271398,0.0035577615794300755,9580.0,-0.16252033566599589,0.019857960370676095,-1.4774575969635988,0.0,0.0,1.0,1.4242020546400311,0.049946349681032204,0.19412180488616884,0.0,0.0,1.0,1.1501613209337636,0.030782385525541266,0.021865857959204392,0.021685536805190465,0.15438830897703548,-0.1610435780031777
0.0905,0.05,0.03,10000,0.12957620041753656,0.0033400029661093183,9580.0,-0.17947230406009487,0.01832487477280274,-1.631566400546317,0.0,0.0,1.0,1.4669949445314971,0.04654305576067468,0.18750179107569787,0.0,0.0,1.0,1.1779654583412411,0.031241034228621185,0.021818630832849517,0.021685536805190465,0.15668215031315236,-0.1775123546220049
0.094,0.05,0.03,10000,0.1331482254697286,0.0034726738186090637,9580.0,-0.19893368797343614,0.01873526264076762,-1.8084880724857828,0.0,0.0,1.0,1.5166426812008584,0.048051462057984155,0.18006427362127764,0.0,0.0,1.0,1.210438413361169,0.03176738066328399,0.021865459642870393,0.021685536805190465,0.15936116910229645,-0.1962843379294841
0.0975,0.05,0.03,10000,0.1372223382045929,0.0032258450542421544,9580.0,-0.2207740954558991,0.017105090970131763,-2.007037231417265,0.0,0.0,1.0,1.5728012581766584,0.04431561436330742,0.17190815746042987,0.0,0.0,1.0,1.2474758018599355,0.03235786918492689,0.021783386142920476,0.021685536805190465,0.16241675365344466,-0.21719574443264938
0.10099999999999999,0.05,0.03,10000,0.14024008350730688,0.003342087542906884,9580.0,-0.23666593891456902,0.017488108986344723,-2.151508535586991,0.0,0.0,1.0,1.6141130470189586,0.04557037179017752,0.1661133902858137,0.0,0.0,1.0,1.2749098500664262,0.03278737490900789,0.021825469728601252,0.021685536805190465,0.16468006263048016,-0.23227764805029874
0.1045,0.05,0.03,10000,0.14363361169102296,0.0033624758602249258,9580.0,-0.2542852870527515,0.01732169778150772,-2.3116844277522874,0.0,0.0,1.0,1.6602454089987608,0.04551962328126094,0.15982270114369693,0.0,0.0,1.0,1.305760106282027,0.03326343854002532,0.021812513648311257,0.021685536805190465,0.16722520876826721,-0.24887332715968336
0.108,0.05,0.03,10000,0.14718893528183716,0.0036338636337022875,9580.0,-0.27243507307848813,0.018396632797368227,-2.47668248253171,0.0,0.0,1.0,1.7082448613888617,0.04885265039233758,0.15349771480788715,0.0,0.0,1.0,1.3380812298348832,0.033753678553834376,0.021881559773264767,0.021685536805190465,0.1698917014613779,-0.2658062744348541
0.1115,0.05,0.03,10000,0.15089144050104383,0.0040702490231943065,9580.0,-0.29101262309592263,0.02026200820498616,-2.6455693008720234,0.0,0.0,1.0,1.7578504864578783,0.05430068859219856,0.14718879217904174,0.0,0.0,1.0,1.3717403681913074,0.034255316084525894,0.0219745719466783,0.021685536805190465,0.17266858037578284,-0.28296056417507165
0.11499999999999999,0.05,0.03,10000,0.15385908141962423,0.003419597947506787,9580.0,-0.30576363035384513,0.016798493049606737,-2.779669366853138,0.0,0.0,1.0,1.7973631822878378,0.045309464694416456,0.14226093143845925,0.0,0.0,1.0,1.3987189219965837,0.034653561353636946,0.021874929371471646,0.021685536805190465,0.1748943110647182,-0.2965025295299284
0.1185,0.05,0.03,10000,0.1580480167014614,0.003848653113991697,9580.0,-0.32614321423122583,0.018601471169011764,-2.964938311192963,0.0,0.0,1.0,1.852680312604956,0.050645445436869906,0.1356670187114648,0.0,0.0,1.0,1.4368001518314673,0.03520356431679823,0.021919432189500095,0.021685536805190465,0.17803601252609602,-0.31495411208224766
0.122,0.05,0.03,10000,0.16144572025052195,0.0033390523190964436,9580.0,-0.34246008866508393,0.01588677419399466,-3.1132735333189445,0.0,0.0,1.0,1.8972151871486143,0.0436370766755944,0.13050303146075834,0.0,0.0,1.0,1.4676883659138358,0.035643829131430944,0.02179606893271513,0.021685536805190465,0.1805842901878914,-0.3295986056268739
0.1255,0.05,0.03,10000,0.16494258872651354,0.0037522708723100187,9580.0,-0.3589254852429946,0.017534207466038728,-3.262958956754496,0.0,0.0,1.0,1.9427627181791263,0.04868518861899673,0.12544088712737167,0.0,0.0,1.0,1.4994780793319418,0.03608796232386075,0.02192740721568192,0.021685536805190465,0.18320694154488518,-0.3441747207627524
0.129,0.05,0.03,10000,0.1686116910229645,0.004031370721876213,9580.0,-0.37593626116254986,0.01856678231269433,-3.417602374204998,0.0,0.0,1.0,1.990191634255504,0.05194050094263897,0.12034388444577726,0.0,0.0,1.0,1.5328335547542227,0.03654669756677696,0.02198801654471359,0.021685536805190465,0.18595876826722338,-0.3590665053306591
0.1325,0.05,0.03,10000,0.1722797494780793,0.003726013367931022,9580.0,-0.3927113288589096,0.01691734378028007,-3.5701029896264505,0.0,0.0,1.0,2.037266051843548,0.047691267000386166,0.1154339828419399,0.0,0.0,1.0,1.566179540709812,0.03699898449113219,0.0219228056887637,0.021685536805190465,0.18870981210855953,-0.3736044838650306
0.136,0.05,0.03,10000,0.1756753653444676,0.0039550779801143686,9580.0,-0.40795824351489446,0.017649912100261535,-3.708711304680859,0.0,0.0,1.0,2.0805259048115694,0.05027757049595196,0.11110013022200706,0.0,0.0,1.0,1.5970487758587968,0.03740996165281404,0.02192619411530157,0.021685536805190465,0.1912565240083508,-0.38663635564124144
0.1395,0.05,0.03,10000,0.1794686847599165,0.0038282145458933105,9580.0,-0.4247483216890465,0.016797634824818695,-3.861348378991333,0.0,0.0,1.0,2.128568771547518,0.04833604696714691,0.10643749566166705,0.0,0.0,1.0,1.6315334978174227,0.03786244421076164,0.021960158389574477,0.021685536805190465,0.19410151356993738,-0.40082917529175127
0.14300000000000002,0.05,0.03,10000,0.18231106471816283,0.004193000126891315,9580.0,-0.43710923500871596,0.018104156830937263,-3.973720318261054,0.0,0.0,1.0,2.164305079201783,0.05256903619546968,0.10310202116710329,0.0,0.0,1.0,1.6573733156196622,0.03819548496588929,0.02199767030288556,0.021685536805190465,0.19623329853862212,-0.4111343861605581
0.14650000000000002,0.05,0.03,10000,0.18597390396659708,0.003916015217484168,9580.0,-0.4528646264158392,0.01669814848127847,-4.116951149234902,0.0,0.0,1.0,2.210081086315004,0.04880105300260009,0.0989331582599221,0.0,0.0,1.0,1.6906718542417913,0.038619921949203675,0.021902192066805846,0.021685536805190465,0.1989804279749478,-0.42415497594334545
0.15000000000000002,0.05,0.03,10000,0.1891544885177453,0.003654107372710013,9580.0,-0.46633825409171825,0.015335000611276626,-4.239438673561073,0.0,0.0,1.0,2.249606130859543,0.04523654523479288,0.09545409862658305,0.0,0.0,1.0,1.7195862592522297,0.03898282011516949,0.02187744278466123,0.021685536805190465,0.20136586638830895,-0.4351538110907285
0.15350000000000003,0.05,0.03,10000,0.19316910229645096,0.004563387785985908,9580.0,-0.4829809689161636,0.018858310616192777,-4.390736081056033,0.0,0.0,1.0,2.299186719833047,0.0561490922950899,0.09129627617803317,0.0,0.0,1.0,1.7560827481495536,0.03943095607180357,0.02212736105154146,0.021685536805190465,0.20437682672233823,-0.4485018244300905
0.157,0.05,0.03,10000,0.19608141962421716,0.0038736778965434322,9580.0,-0.49497060208271065,0.015767311837503815,-4.499732746206461,0.0,0.0,1.0,2.334896672205906,0.047363512575629714,0.08834733324191936,0.0,0.0,1.0,1.7825583602201558,0.03975377312170496,0.021956455349944216,0.021685536805190465,0.20656106471816282,-0.4580635499091704
0.1605,0.05,0.03,10000,0.2002672233820459,0.004097949571188575,9580.0,-0.5118383578681153,0.01640014680780953,-4.653075980619231,0.0,0.0,1.0,2.3859266836314257,0.04980666537432535,0.08433108622555699,0.0,0.0,1.0,1.820611121654963,0.04020781994757701,0.02200964489801099,0.021685536805190465,0.20970041753653448,-0.4712788002125912
0.164,0.05,0.03,10000,0.20326617954070983,0.003947329812207787,9580.0,-0.5237517311041582,0.01551161425488657,-4.761379373674166,0.0,0.0,1.0,2.422255391219127,0.04768426346855519,0.08156153219128873,0.0,0.0,1.0,1.8478743594609983,0.04052845423580112,0.021974530506520415,0.021685536805190465,0.21194963465553232,-0.4805023057304914
0.1675,0.05,0.03,10000,0.20704592901878918,0.0037547669167067384,9580.0,-0.538537354245131,0.014536696444015205,-4.895794129501191,0.0,0.0,1.0,2.4677694176031237,0.045068880677876434,0.07820982014311512,0.0,0.0,1.0,1.8822357183526288,0.040926325165101696,0.02191203324617498,0.021685536805190465,0.21478444676409186,-0.4918020059704694
0.171,0.05,0.03,10000,0.21079123173277664,0.00420485725421643,9580.0,-0.5528965820633295,0.0160788661123886,-5.026332564212087,0.0,0.0,1.0,2.5126277335023364,0.050215086780349916,0.07505156837649882,0.0,0.0,1.0,1.9162839248434236,0.0413126416924083,0.022051056053936584,0.021685536805190465,0.2175934237995825,-0.5025919768159394
0.17450000000000002,0.05,0.03,10000,0.21402922755741127,0.003903977310067129,9580.0,-0.5651626197544735,0.014697228836064538,-5.13784199776794,0.0,0.0,1.0,2.5511271278851053,0.04635270710075437,0.07241206122510241,0.0,0.0,1.0,1.9457202505219207,0.041642604468472566,0.021910939261267776,0.021685536805190465,0.22002192066805842,-0.5117171345839587
0.17800000000000002,0.05,0.03,10000,0.21732776617954072,0.004222572176479813,9580.0,-0.5774297491682745,0.015677278060069903,-5.249361356075223,0.0,0.0,1.0,2.590195007277594,0.04984629143672587,0.06984115006729144,0.0,0.0,1.0,1.9757069652685522,0.041972537454366625,0.021993899712857843,0.021685536805190465,0.22249582463465553,-0.5207025659901249
0.18150000000000002,0.05,0.03,10000,0.22110334029227563,0.00437304993745653,9580.0,-0.5912593082647869,0.015894708543806434,-5.37508462058897,0.0,0.0,1.0,2.6346570305584174,0.05135031522346389,0.06701160954588926,0.0,0.0,1.0,2.0100303662934143,0.04234444090708461,0.022031315044148778,0.021685536805190465,0.22532750521920664,-0.5307053977243548
0.18500000000000003,0.05,0.03,10000,0.22372546972860122,0.004452593421899497,9580.0,-0.6007245868357988,0.016019800438726178,-5.461132607598171,0.0,0.0,1.0,2.665385483871934,0.052005099186046386,0.0651180487774043,0.0,0.0,1.0,2.033867906623648,0.04259894638173825,0.022057374008693884,0.021685536805190465,0.22729410229645094,-0.5374679217781526
0.1885,0.05,0.03,10000,0.22806471816283924,0.004110839745659158,9580.0,-0.6161713832626942,0.014489120787021413,-5.601558029660856,0.0,0.0,1.0,2.7159482929762118,0.04777123602379322,0.06209651455455817,0.0,0.0,1.0,2.073315619662175,0.043014234116642805,0.02197061370033174,0.021685536805190465,0.2305485386221294,-0.5483770327677083
0.192,0.05,0.03,10000,0.23208141962421713,0.004229817747297483,9580.0,-0.630164304195735,0.014671726168397842,-5.728766401779409,0.0,0.0,1.0,2.7624880551346473,0.04893165666943827,0.05944389683273639,0.0,0.0,1.0,2.109831087492883,0.043390364969123324,0.02201257588692198,0.021685536805190465,0.2335610647181628,-0.5580834968201834
0.1955,0.05,0.03,10000,0.23520563674321504,0.00516120647965114,9580.0,-0.6408042508778423,0.01761080299673451,-5.825493189798565,0.0,0.0,1.0,2.798529503477118,0.0593747477866965,0.05748755658498464,0.0,0.0,1.0,2.138233061301955,0.04367631540607838,0.022247406823812467,0.021685536805190465,0.23590422755741122,-0.5653288492433959
0.199,0.05,0.03,10000,0.2388277661795407,0.0047601277118815635,9580.0,-0.6530565613089928,0.01595161163217747,-5.936877830081752,0.0,0.0,1.0,2.840075672248891,0.05450957866837302,0.05526498081188696,0.0,0.0,1.0,2.1711615107230973,0.04400558126125898,0.02217270335312582,0.021685536805190465,0.2386208246346555,-0.5736270972694519
0.2025,0.05,0.03,10000,0.24204697286012522,0.0043909991872143365,9580.0,-0.6637695750241309,0.014390637286551433,-6.034268863855735,0.0,0.0,1.0,2.8767740624694027,0.05003878489377531,0.053369249220195265,0.0,0.0,1.0,2.2004270260011385,0.04429344431776979,0.021993006263048013,0.021685536805190465,0.24103522964509394,-0.5807876948742482
0.20600000000000002,0.05,0.03,10000,0.24501043841336118,0.0038800251752589875,9580.0,-0.6734949496751905,0.012579002277541175,-6.1226813606835515,0.0,0.0,1.0,2.910478416604517,0.04398283536601709,0.05167996171672512,0.0,0.0,1.0,2.2273676219396474,0.04455474105866001,0.021953302870735252,0.021685536805190465,0.24325782881002084,-0.5872138982620938
0.20950000000000002,0.05,0.03,10000,0.24925991649269308,0.005039308982788897,9580.0,-0.6870756758612818,0.01610714582790782,-6.246142507829835,0.0,0.0,1.0,2.958574854343661,0.05688999517365002,0.049400903642421765,0.0,0.0,1.0,2.265999240842665,0.04491955257647714,0.02215242974913491,0.021685536805190465,0.24644493736951983,-0.5960013764356069
0.21300000000000002,0.05,0.03,10000,0.2524070981210856,0.003957564029348105,9580.0,-0.6970873555659022,0.012398572368624046,-6.337157777871837,0.0,0.0,1.0,2.9940073016694346,0.04447051299741854,0.04773755390600004,0.0,0.0,1.0,2.29460998291896,0.04518848275545883,0.021976824595468583,0.021685536805190465,0.24880532359081417,-0.6024573500487937
0.21650000000000003,0.05,0.03,10000,0.25555845511482256,0.003915698175996818,9580.0,-0.706888258365171,0.0120859502711015,-6.426256894228827,0.0,0.0,1.0,3.029340596996442,0.043808450136705174,0.04615577881287338,0.0,0.0,1.0,2.3232586828620234,0.04545171055420452,0.02194043868766977,0.021685536805190465,0.2511688413361169,-0.6086664271224782
0.22,0.05,0.03,10000,0.2594311064718163,0.004089885835095968,9580.0,-0.7187128617901789,0.012375420251376057,-6.533753289001627,0.0,0.0,1.0,3.0726018524621175,0.045571473822447986,0.04429126747148916,0.0,0.0,1.0,2.358464604289239,0.04576925233960842,0.021984108637872844,0.021685536805190465,0.2540733298538622,-0.6160534379790795
0.01,0.1,0.03,10000,0.052185458377239195,0.0022750647502746434,9490.0,0.3417421545269834,0.0190532456860134,3.1067468593362135,1.0,0.0,0.0,0.33357758416671146,0.03575409707110068,0.4173957714613191,0.0,1.0,0.0,0.4744132579749018,0.017059095386057467,0.021522878843452404,0.026518767372607287,0.13113909378292937,0.3289262798014064
0.0135,0.1,0.03,10000,0.055095890410958914,0.0025090315863028484,9490.0,0.3176600316913941,0.02058027332685565,2.887818469921765,1.0,0.0,0.0,0.3793262401210663,0.0393033364462058,0.4063239849683064,0.0,1.0,0.0,0.5008717310087173,0.017720268422934414,0.021640109506293803,0.026518767372607287,0.1333219178082192,0.3072728876412006
0.017,0.1,0.03,10000,0.05889778714436247,0.0024705067333592504,9490.0,0.28685995091085587,0.019752435925671576,2.607817735553235,1.0,0.0,0.0,0.4388574403460084,0.03860396727016098,0.3920512693902638,0.0,0.9,0.1,0.5354344285851136,0.018564936695596106,0.021590121150637073,0.026518767372607287,0.13617334035827186,0.27914279820799953
0.0205,0.1,0.03,10000,0.06264172813487882,0.002272417576266096,9490.0,0.25724918323682905,0.01775071754609822,2.3386289385166275,1.0,0.0,0.0,0.4973031290733653,0.03541126531696827,0.37821017716157285,0.0,0.4,0.6,0.5694702557716256,0.01937600534958717,0.021545449959134,0.026518767372607287,0.1389812961011591,0.2516471846409355
0.024,0.1,0.03,10000,0.06614752370916756,0.0025385666514469384,9490.0,0.23020049244189814,0.01941170345679729,2.092731749471801,1.0,0.0,0.0,0.5518660008979084,0.039424375022829035,0.3654795059633251,0.0,0.05,0.95,0.601341124628796,0.020116023369976567,0.021591714442159196,0.026518767372607287,0.14161064278187568,0.22613831577561846
0.027500000000000004,0.1,0.03,10000,0.06972813487881982,0.0024484011211187637,9490.0,0.2031256472321734,0.018274686487889644,1.8465967930197584,1.0,0.0,0.0,0.6073791529143395,0.03789528426021276,0.3527052722398937,0.0,0.0,1.0,0.6338921352619983,0.020856085170122256,0.021596636465341504,0.026518767372607287,0.14429610115911487,0.20031415055376597
0.031,0.1,0.03,10000,0.07305374077976817,0.002501737251042561,9490.0,0.1785077393708966,0.018386713819858198,1.6227976306445142,1.0,0.0,0.0,0.6587210009763012,0.03852404533622852,0.34107921594564444,0.0,0.0,1.0,0.6641249161797106,0.021528370793259675,0.021584282378886894,0.026518767372607287,0.14679030558482611,0.17657767631740534
0.0345,0.1,0.03,10000,0.07698840885142255,0.0026535380777594304,9490.0,0.14999604000027378,0.01896589684036369,1.3636003636388525,1.0,0.0,0.0,0.7192138805582292,0.04072842919316952,0.3276287739763965,0.0,0.0,1.0,0.6998946259220233,0.022306314618118734,0.021636512112108444,0.026518767372607287,0.14974130663856688,0.14883010393479282
0.038,0.1,0.03,10000,0.08010115911485773,0.0027173530126862865,9490.0,0.12788195891059642,0.01907596528725222,1.162563262823604,1.0,0.0,0.0,0.7668286150095089,0.04147563787823445,0.31723329125046434,0.0,0.0,1.0,0.7281923555896159,0.022909230383334766,0.021635317152332627,0.026518767372607287,0.1520758693361433,0.1271452415119812
0.0415,0.1,0.03,10000,0.08371338250790306,0.0025588402706109943,9490.0,0.102672098770552,0.017683056668729106,0.9333827160959273,1.0,0.0,0.0,0.8218362530645108,0.038854232648178,0.30543563580750416,0.0,0.0,1.0,0.761030750071846,0.02359608865255538,0.02163971760338155,0.026518767372607287,0.1547850368809273,0.10228129055726268
0.045000000000000005,0.1,0.03,10000,0.08695258166491043,0.0028724408972630013,9490.0,0.08052908508998328,0.01955969280358067,0.7320825917271206,1.0,0.0,0.0,0.8708855308453356,0.043356243199393754,0.2951490464836522,0.0,0.0,1.0,0.7904780151355493,0.0241989399746144,0.021650845123747455,0.026518767372607287,0.1572144362486828,0.08032409399179836
0.0485,0.1,0.03,10000,0.09020969441517389,0.0029553015900384517,9490.0,0.058623843164517284,0.019711788429420025,0.5329440287683389,1.0,0.0,0.0,0.9199928334857614,0.0443726444254308,0.2850447104542123,0.0,0.0,1.0,0.820088131047035,0.02479498541083172,0.021718469921103614,0.026518767372607287,0.15965727081138037,0.058534245207781506
0.052000000000000005,0.1,0.03,10000,0.09383561643835618,0.003232460756807919,9490.0,0.03469692442601331,0.02116840557250655,0.31542658569103016,0.92,0.05,0.03,0.9743404627502048,0.04825497720379118,0.27411972179546945,0.0,0.0,1.0,0.8530510585305104,0.02544563091175776,0.021797449923670876,0.026518767372607287,0.16237671232876713,0.03466732062301049
0.0555,0.1,0.03,10000,0.0975658587987355,0.0032758195085400583,9490.0,0.010520861099979191,0.020993715759154395,0.09564419181799268,0.67,0.07,0.26,1.0298654742406779,0.04859097012651445,0.26321758380403126,0.0,0.0,1.0,0.8869623527157774,0.026102676487099657,0.0217567966280295,0.026518767372607287,0.16517439409905166,0.010516403177943934
0.059000000000000004,0.1,0.03,10000,0.10119704952581665,0.0031465537278554585,9490.0,-0.012591483276239337,0.019820868417459944,-0.11446802978399391,0.24,0.06,0.7,1.083591520324999,0.046389242404549835,0.25292639923095894,0.0,0.0,1.0,0.919973177507424,0.02673046403605255,0.021739874622578762,0.026518767372607287,0.1678977871443625,-0.012585834389506738
0.0625,0.1,0.03,10000,0.10486090621707062,0.003153145938275608,9490.0,-0.03547415161594641,0.019417592012183172,-0.32249228741769465,0.02,0.02,0.96,1.1374263192013334,0.046160077287005344,0.24289305423779622,0.0,0.0,1.0,0.9532809656097327,0.027351668489026683,0.02171296947698051,0.026518767372607287,0.1706456796628029,-0.03544469015554211
0.066,0.1,0.03,10000,0.10849841938883036,0.0027385539301411875,9490.0,-0.05781900422701743,0.01662225928598861,-0.5256273111547042,0.0,0.0,1.0,1.190549504232621,0.039870060682699576,0.2332357550310353,0.0,0.0,1.0,0.9863492671711849,0.027957986137617193,0.021694485792231034,0.026518767372607287,0.17337381454162276,-0.0577386591809131
0.0695,0.1,0.03,10000,0.11172708113804003,0.003566128904412523,9490.0,-0.07721297785923852,0.021379186547491304,-0.7019361623567139,0.0,0.0,1.0,1.2373858606185617,0.05156864971093353,0.22501748295862817,0.0,0.0,1.0,1.0157007376185458,0.02848391455927798,0.02188678609653223,0.026518767372607287,0.17579531085353003,-0.07702607403423684
0.073,0.1,0.03,10000,0.114768177028451,0.0030756723530447243,9490.0,-0.09532200587187015,0.01813441142431182,-0.8665636897442742,0.0,0.0,1.0,1.281188663067536,0.04414859096579318,0.21744068427155863,0.0,0.0,1.0,1.0433470638950093,0.028974887764994815,0.021716867210930184,0.026518767372607287,0.17807613277133824,-0.09500379343444797
0.0765,0.1,0.03,10000,0.1189641728134879,0.0035822945940639597,9490.0,-0.11976691971855624,0.02067391804161726,-1.0887901792596022,0.0,0.0,1.0,1.3412584555266733,0.05108655059451179,0.20742738310432046,0.0,0.0,1.0,1.081492480122617,0.029637273078247102,0.021865865138911745,0.026518767372607287,0.1812231296101159,-0.11914753122668918
0.08,0.1,0.03,10000,0.12168282402528977,0.0031512316716224968,9490.0,-0.13541436737404763,0.01797941662774148,-1.231039703400433,0.0,0.0,1.0,1.3798919740193474,0.04460805641543288,0.20112090574780983,0.0,0.0,1.0,1.1062074911389983,0.030061146832041082,0.0217610768876138,0.026518767372607287,0.18326211801896733,-0.13455054923703713
0.08349999999999999,0.1,0.03,10000,0.12534035827186513,0.003172572429719475,9490.0,-0.15609684950785752,0.017766602401121954,-1.4190622682532499,0.0,0.0,1.0,1.4315268616615895,0.04460118779000589,0.19295498117264218,0.0,0.0,1.0,1.1394578024715012,0.03062118150269772,0.02173186087075394,0.026518767372607287,0.18600526870389886,-0.15479386119844732
0.087,0.1,0.03,10000,0.1289399367755532,0.0030920801994906793,9490.0,-0.17611542572044442,0.017046831906552033,-1.6010493247313127,0.0,0.0,1.0,1.482006243949496,0.04316258106328449,0.18521215754762474,0.0,0.0,1.0,1.17218124341412,0.031163033409385227,0.02176556899046847,0.026518767372607287,0.18870495258166498,-0.17426834774951266
0.0905,0.1,0.03,10000,0.13181981032665965,0.0032396682555847125,9490.0,-0.1918743948084297,0.017629696666540563,-1.744312680076633,0.0,0.0,1.0,1.5221145895669732,0.044888963724367154,0.17924444643365223,0.0,0.0,1.0,1.1983619120605424,0.03158943722928453,0.021810790246479615,0.026518767372607287,0.19086485774499476,-0.18949783048046392
0.094,0.1,0.03,10000,0.13624657534246576,0.0033126067665317648,9490.0,-0.21570379553664248,0.017692595899165445,-1.960943595787659,0.0,0.0,1.0,1.5832702006969397,0.04558627519778837,0.17042873507184692,0.0,0.0,1.0,1.2386052303860524,0.03223398604969223,0.021773851452102647,0.026518767372607287,0.19418493150684932,-0.21235715010723233
0.0975,0.1,0.03,10000,0.13971127502634353,0.0031757363200832535,9490.0,-0.23403424610920684,0.016611973182978766,-2.1275840555382435,0.0,0.0,1.0,1.630766015581105,0.04338585246073781,0.163811100152894,0.0,0.0,1.0,1.2701025002394866,0.03272962198157124,0.0217494246161606,0.026518767372607287,0.19678345626975766,-0.22979311143486444
0.10099999999999999,0.1,0.03,10000,0.14298208640674395,0.003202236659128229,9490.0,-0.2510611581742841,0.016565994367129414,-2.2823741652207645,0.0,0.0,1.0,1.675291760853335,0.04343539984874051,0.1578048752183644,0.0,0.0,1.0,1.2998371491522178,0.033189863525019264,0.021756483649286347,0.026518767372607287,0.19923656480505791,-0.24585338404619095
0.1045,0.1,0.03,10000,0.146668071654373,0.0036190453821163563,9490.0,-0.26991819743572276,0.01834821899338878,-2.4538017948702064,0.0,0.0,1.0,1.7251320723304906,0.04871787578540551,0.15131629457552584,0.0,0.0,1.0,1.3333461059488456,0.03369940677807862,0.021893551070964686,0.026518767372607287,0.20200105374077976,-0.2634666329121387
0.108,0.1,0.03,10000,0.15042992623814544,0.003645381945693243,9490.0,-0.28887110071544514,0.01823501146630025,-2.6261009155949564,0.0,0.0,1.0,1.7755782557875603,0.04873666268598239,0.14495349344741293,0.0,0.0,1.0,1.3675447839831403,0.034211395975327984,0.021881310877172114,0.026518767372607287,0.20482244467860908,-0.2810105297902086
0.1115,0.1,0.03,10000,0.15302950474183352,0.0034976336757410976,9490.0,-0.3017942850964118,0.017330638095940827,-2.7435844099673794,0.0,0.0,1.0,1.8101902334539839,0.046432260737115746,0.140708037602046,0.0,0.0,1.0,1.3911773158348502,0.03456041655640639,0.021790217029226983,0.026518767372607287,0.2067721285563751,-0.2928747524026239
0.11499999999999999,0.1,0.03,10000,0.1573445732349842,0.0033282468195732556,9490.0,-0.32290776637814317,0.016153783080791784,-2.9355251488922107,0.0,0.0,1.0,1.8673008171195655,0.04386407508033499,0.133935335726252,0.0,0.0,1.0,1.4304052112271288,0.03513047954334375,0.02179530981752081,0.026518767372607287,0.21000842992623814,-0.3120613191375697
0.1185,0.1,0.03,10000,0.16040463645943098,0.004314300254870017,9490.0,-0.3375452386952192,0.020635921610491447,-3.068593079047446,0.0,0.0,1.0,1.907472498324768,0.05645715210879422,0.12939682187666007,0.0,0.0,1.0,1.4582239678130091,0.03552554234270165,0.021982678626793727,0.026518767372607287,0.21230347734457325,-0.3251619825547113
0.122,0.1,0.03,10000,0.16425816649104316,0.003614313496854892,9490.0,-0.3558530130198557,0.016996936537033568,-3.2350273910895977,0.0,0.0,1.0,1.957741340476665,0.0469783798586204,0.12380093105024985,0.0,0.0,1.0,1.4932560590094834,0.036019612550503746,0.02185194942044257,0.026518767372607287,0.2151936248682824,-0.3414700207447339
0.1255,0.1,0.03,10000,0.16744257112750266,0.004075742923373892,9490.0,-0.37066115640768105,0.018848078480137906,-3.369646876433464,0.0,0.0,1.0,1.9989821134699577,0.05257479287573056,0.11941917488924968,0.0,0.0,1.0,1.5222051920682056,0.03641910514747333,0.021956282384797413,0.026518767372607287,0.21758192834562698,-0.35446086248549535
0.129,0.1,0.03,10000,0.1709747102212856,0.0037310827988158626,9490.0,-0.38690860836181906,0.01697945577808517,-3.5173509851074454,0.0,0.0,1.0,2.044441249999858,0.047814347279327755,0.11470367317576707,0.0,0.0,1.0,1.5543155474662325,0.03685735523844568,0.021925077959086138,0.026518767372607287,0.2202310326659642,-0.36860113466924
0.1325,0.1,0.03,10000,0.17467755532139095,0.0042201406981728536,9490.0,-0.40360088030273994,0.018931073990963634,-3.669098911843091,0.0,0.0,1.0,2.091718540557988,0.05370799416639826,0.11001340799747628,0.0,0.0,1.0,1.5879777756490083,0.03730747100281047,0.021981072714024316,0.026518767372607287,0.22300816649104319,-0.3829100608268107
0.136,0.1,0.03,10000,0.17827291886195995,0.003630475943766246,9490.0,-0.4196298688314398,0.01592153329668326,-3.8148169893767254,0.0,0.0,1.0,2.137289729828974,0.04585908864859433,0.1056019938646354,0.0,0.0,1.0,1.6206628987450904,0.03773963418854513,0.021780505795574286,0.026518767372607287,0.22570468914647,-0.3965343847929089
0.1395,0.1,0.03,10000,0.18227608008429924,0.004068210877723551,9490.0,-0.43709288718078426,0.017627990463280563,-3.9735717016434937,0.0,0.0,1.0,2.1877419681126002,0.05109353662557491,0.10095024036497026,0.0,0.0,1.0,1.6570552734936297,0.038210319896390545,0.021961264536219886,0.026518767372607287,0.22870706006322447,-0.4111268431991859
0.14300000000000002,0.1,0.03,10000,0.18531717597471026,0.004185408512719803,9490.0,-0.45016758817372154,0.017882604235110035,-4.092432619761106,0.0,0.0,1.0,2.225802907270273,0.05222383350430876,0.09755276749814133,0.0,0.0,1.0,1.684701599770093,0.03856265956594798,0.022022816666835886,0.026518767372607287,0.2309878819810327,-0.4219269999787978
0.14650000000000002,0.1,0.03,10000,0.18892096944151734,0.0035256965872736573,9490.0,-0.46549106315623134,0.014832383143687487,-4.2317369377839205,0.0,0.0,1.0,2.2705857498550026,0.04371546270551882,0.0936537672192168,0.0,0.0,1.0,1.717463358559249,0.038975540826269556,0.021841353014982263,0.026518767372607287,0.23369072708113806,-0.4344722902020446
0.15000000000000002,0.1,0.03,10000,0.19149420442571127,0.004418408640141917,9490.0,-0.47618302825183756,0.018346489305003717,-4.32893662047125,0.0,0.0,1.0,2.302442801210995,0.054419876669798216,0.09101985987972146,0.0,0.0,1.0,1.7408564038701027,0.039263547257092704,0.022110461514819463,0.026518767372607287,0.23562065331928342,-0.44306285312991955
0.15350000000000003,0.1,0.03,10000,0.1957154899894626,0.004261886631313739,9490.0,-0.49357627546586824,0.01740280984775422,-4.487057049689712,0.0,0.0,1.0,2.354281829018671,0.052179435914798455,0.08681437204738124,0.0,0.0,1.0,1.7792317271769327,0.039732017813861126,0.022001955766529333,0.026518767372607287,0.2387866174920969,-0.45694198120200896
0.157,0.1,0.03,10000,0.19932560590094842,0.004509436528983072,9490.0,-0.5081616944089693,0.01814758103821603,-4.619651767354267,0.0,0.0,1.0,2.3983646977125512,0.05487467265199309,0.08339264986711432,0.0,0.0,1.0,1.8120509627358938,0.04012477277289029,0.022109984223440907,0.026518767372607287,0.24149420442571126,-0.4683926344559935
0.1605,0.1,0.03,10000,0.20291886195995787,0.00390065279469706,9490.0,-0.5225100263063771,0.015439308612511485,-4.750091148239792,0.0,0.0,1.0,2.4419069684936323,0.047204166858734076,0.0801008010018475,0.0,0.0,1.0,1.8447169269087076,0.04051109283322776,0.021911386728776697,0.026518767372607287,0.2441891464699683,-0.47954791333955177
0.164,0.1,0.03,10000,0.20581875658587986,0.004066958478159712,9490.0,-0.5338731171480481,0.01583534948293264,-4.853391974073165,0.0,0.0,1.0,2.47691308575539,0.04888482404843872,0.07756397700100454,0.0,0.0,1.0,1.871079605326181,0.040816974413744135,0.0220082434082096,0.026518767372607287,0.24636406743940992,-0.4882438427433203
0.1675,0.1,0.03,10000,0.2103435194942044,0.004746968631296272,9490.0,-0.5512735811244073,0.01808895888565897,-5.011578010221884,0.0,0.0,1.0,2.5311606063784846,0.05675515126287761,0.07379497392215612,0.0,0.0,1.0,1.9122138135836764,0.041285283903612066,0.02216226767380014,0.026518767372607287,0.24975763962065328,-0.5013525270069126
0.171,0.1,0.03,10000,0.2124994731296101,0.004271102230074984,9490.0,-0.5595004679760335,0.016128297976510397,-5.086367890691213,0.0,0.0,1.0,2.5568428852356435,0.05075348325695314,0.07204092093385746,0.0,0.0,1.0,1.9318133920873646,0.04150668152858101,0.022028712281482957,0.026518767372607287,0.2513746048472076,-0.507509682836946
0.17450000000000002,0.1,0.03,10000,0.2166448893572181,0.004086171908364419,9490.0,-0.5750362614416428,0.01516604118378787,-5.227602376742206,0.0,0.0,1.0,2.6059837587516426,0.04829987384372281,0.06881812162142804,0.0,0.0,1.0,1.9694989941565284,0.041924698012879874,0.021937586951345886,0.026518767372607287,0.2544836670179136,-0.5189620266759627
0.17800000000000002,0.1,0.03,10000,0.21944573234984194,0.004666393445250912,9490.0,-0.5853162119994255,0.01707841199566023,-5.3210564727220495,0.0,0.0,1.0,2.6390689673045746,0.05485086245953827,0.0667461968231996,0.0,0.0,1.0,1.9949612031803812,0.04220124267844238,0.02214378392994546,0.026518767372607287,0.25658429926238147,-0.5264087659642547
0.18150000000000002,0.1,0.03,10000,0.22335405690200216,0.004275849344247349,9490.0,-0.5995283132661288,0.015424280133322197,-5.450257393328445,0.0,0.0,1.0,2.6849085116754527,0.05000165527135384,0.06393455026517526,0.0,0.0,1.0,2.0304914263818374,0.042583534674399105,0.022021959928297762,0.026518767372607287,0.2595155426765016,-0.5366239094067773
0.18500000000000003,0.1,0.03,10000,0.22750790305584823,0.004685892390100642,9490.0,-0.6142940752366229,0.016585698937161764,-5.584491593060208,0.0,0.0,1.0,2.7333718770343087,0.05451364526864767,0.06110695816317047,0.0,0.0,1.0,2.0682536641440747,0.04298063958571837,0.022125730277823493,0.026518767372607287,0.2626309272918862,-0.5470384122265791
0.1885,0.1,0.03,10000,0.2301032665964173,0.0043816463565371526,9490.0,-0.6234174823680249,0.015216370666410878,-5.667431657891136,0.0,0.0,1.0,2.7634978049578063,0.05068858623459655,0.05939113295505716,0.0,0.0,1.0,2.091847878149248,0.04322597808999098,0.022083964131439843,0.026518767372607287,0.26457744994731297,-0.5534149935765375
0.192,0.1,0.03,10000,0.23469125395152793,0.004316807190084317,9490.0,-0.6392414145768107,0.014692725859200477,-5.811285587061916,0.0,0.0,1.0,2.816435942322138,0.04974198236709855,0.056500148390952507,0.0,0.0,1.0,2.1335568541047993,0.04365143257608508,0.022005995796857917,0.026518767372607287,0.268018440463646,-0.5643006341504809
0.1955,0.1,0.03,10000,0.2371844046364594,0.004534766628385123,9490.0,-0.6476803249713973,0.015293091923254808,-5.888002954285429,0.0,0.0,1.0,2.8451032221079693,0.05195926826994832,0.05499677806243142,0.0,0.0,1.0,2.1562218603314496,0.04387829336411371,0.02210253315737144,0.026518767372607287,0.26988830347734455,-0.570017228146762
0.199,0.1,0.03,10000,0.24153108535300316,0.003999861364023536,9490.0,-0.6622192705964486,0.013154176629394172,-6.020175187240442,0.0,0.0,1.0,2.8947612256684936,0.0456277871334053,0.052458724889693435,0.0,0.0,1.0,2.195737139572756,0.04426910404055891,0.021938933637972956,0.026518767372607287,0.27314831401475237,-0.579772514704634
0.2025,0.1,0.03,10000,0.2446585879873551,0.004421291745437604,9490.0,-0.6724421067421058,0.01440339703580827,-6.11311006129187,0.0,0.0,1.0,2.9303671701291694,0.05019607889250316,0.0507266713660336,0.0,0.0,1.0,2.2241689817032286,0.044543848619287604,0.022066501551058562,0.026518767372607287,0.2754939409905164,-0.5865049907059118
0.20600000000000002,0.1,0.03,10000,0.24728451001053742,0.004081666115713143,9490.0,-0.6809530917678468,0.0131178735443334,-6.190482652434972,0.0,0.0,1.0,2.9601238809156896,0.04606788307459748,0.049304583819251804,0.0,0.0,1.0,2.2480410000957947,0.04477257248739842,0.02201867857359904,0.026518767372607287,0.2774633825079031,-0.5920731567639438
0.20950000000000002,0.1,0.03,10000,0.251595363540569,0.004766251956051947,9490.0,-0.6946108354157644,0.015041375427437486,-6.31464395832513,0.0,0.0,1.0,3.0087477225099333,0.053613701875069496,0.04709024049434946,0.0,0.0,1.0,2.287230577641537,0.045139551436941414,0.022098840896963293,0.026518767372607287,0.2806965226554268,-0.6008499263826204
0.21300000000000002,0.1,0.03,10000,0.2553719704952582,0.004157128955731275,9490.0,-0.706423588025388,0.012861535409483933,-6.422032618412618,0.0,0.0,1.0,3.051119496971797,0.046564357323273485,0.04521136766148613,0.0,0.0,1.0,2.3215633681387104,0.045456928825066294,0.02198015912076827,0.026518767372607287,0.28352897787144365,-0.6083665036732105
0.21650000000000003,0.1,0.03,10000,0.25867860906217066,0.0045392346762484345,9490.0,-0.7165276509453484,0.013792634293909804,-6.513887735866805,0.0,0.0,1.0,3.0880902577267864,0.050623762404173114,0.043649493045616404,0.0,0.0,1.0,2.3516237187470064,0.04572835680675937,0.022074815595363537,0.026518767372607287,0.2860089567966281,-0.6146818254800678
0.22,0.1,0.03,10000,0.2624467860906217,0.004449413486884628,9490.0,-0.7278759200487863,0.013237559952625513,-6.61705381862533,0.0,0.0,1.0,3.1300118235390477,0.04942850102646262,0.0419304777780116,0.0,0.0,1.0,2.3858798735511066,0.0460331805595335,0.022045640680304613,0.026518767372607287,0.2888350895679663,-0.6216979949850522
0.01,0.15,0.03,10000,0.05459042553191489,0.0021837845168151938,9400.0,0.3216436059009296,0.017952982513757963,2.924032780917541,1.0,0.0,0.0,0.3952781133625617,0.034247474328346676,0.40247470214551506,0.0,1.0,0.0,0.4962765957446809,0.017618640578655743,0.021534054904176494,0.03142124625879351,0.16544281914893616,0.3109028817651691
0.0135,0.15,0.03,10000,0.058794680851063826,0.002771327384958233,9400.0,0.2875994579751733,0.022259167976064097,2.6145405270470286,1.0,0.0,0.0,0.46119266231195416,0.04335990406690599,0.38675242656869974,0.0,0.75,0.25,0.5344970986460349,0.01855264454380152,0.021664608017395608,0.03142124625879351,0.16859601063829785,0.2797963571337373
0.017,0.15,0.03,10000,0.0616904255319149,0.002335677686203398,9400.0,0.26458020009430244,0.018396697413545233,2.40527454631184,1.0,0.0,0.0,0.5064002792411292,0.03639128732697753,0.3760756212547406,0.0,0.3,0.7,0.5608220502901353,0.019183588962299613,0.02156508622208432,0.03142124625879351,0.17076781914893618,0.2584931493247673
0.0205,0.15,0.03,10000,0.06548617021276595,0.0023238700449991255,9400.0,0.2351121524801182,0.01783262190965801,2.1373832043647107,1.0,0.0,0.0,0.5655198056004676,0.03612581675954875,0.3623123210040379,0.0,0.0,1.0,0.5953288201160541,0.01999036437458604,0.021579705474763594,0.03142124625879351,0.17361462765957442,0.23080481085153676
0.024,0.15,0.03,10000,0.06922553191489361,0.0026274257242427553,9400.0,0.20678277390150637,0.019728076579794418,1.8798433991046037,1.0,0.0,0.0,0.6235421076121744,0.04070538211477017,0.3490324134636025,0.0,0.0,1.0,0.6293230174081238,0.020765097697001477,0.021641492708806154,0.03142124625879351,0.17641914893617025,0.20380942129813767
0.027500000000000004,0.15,0.03,10000,0.0726404255319149,0.0025380749219014614,9400.0,0.181418409026531,0.01869089030120951,1.649258263877555,1.0,0.0,0.0,0.6762978662367907,0.039142844168396446,0.3371430861396176,0.0,0.0,1.0,0.6603675048355899,0.021458149317739292,0.02162790142693066,0.03142124625879351,0.17898031914893614,0.17939337389795917
0.031,0.15,0.03,10000,0.07538404255319149,0.002680484958234934,9400.0,0.16142658670833585,0.019409811317492077,1.4675144246212348,1.0,0.0,0.0,0.7185371189554631,0.04111634844944411,0.32777860668393394,0.0,0.0,1.0,0.6853094777562864,0.022003967195167368,0.021672441230003926,0.03142124625879351,0.1810380319148936,0.15998042367214693
0.0345,0.15,0.03,10000,0.07916063829787234,0.0024225993315457094,9400.0,0.13436862263931185,0.017153487114051864,1.2215329330846536,1.0,0.0,0.0,0.77639233521673,0.03699730464599281,0.31515200655916464,0.0,0.0,1.0,0.719642166344294,0.022742207034408223,0.021595658458766747,0.03142124625879351,0.18387047872340428,0.13352753665295522
0.038,0.15,0.03,10000,0.0825127659574468,0.00289174776224808,9400.0,0.11089713142532504,0.020083551687840526,1.0081557402302272,1.0,0.0,0.0,0.8275299142797461,0.04393835815241276,0.3042468812154717,0.0,0.0,1.0,0.7501160541586072,0.0233820332427886,0.02170403697468478,0.03142124625879351,0.1863845744680851,0.11040142537019079
0.0415,0.15,0.03,10000,0.08593404255319151,0.0029834240335130657,9400.0,0.08734345800176095,0.02031903289308225,0.794031436379645,1.0,0.0,0.0,0.8794511301808002,0.04509142708954688,0.29337790893383275,0.0,0.0,1.0,0.7812185686653773,0.02402370475034092,0.02174457112098108,0.03142124625879351,0.18895053191489364,0.08708725654848937
0.045000000000000005,0.15,0.03,10000,0.0900755319148936,0.003106221604197694,9400.0,0.05940739454276951,0.02072370242695289,0.5400672231160863,1.0,0.0,0.0,0.9419186169104861,0.0467007710214814,0.28060858386839643,0.0,0.0,1.0,0.8188684719535783,0.02478422180181159,0.021763344888337276,0.03142124625879351,0.1920566489361702,0.0593125423063123
0.0485,0.15,0.03,10000,0.09321489361702127,0.003448945722718703,9400.0,0.038662882976624846,0.022647862839488657,0.35148075433295317,0.94,0.02,0.04,0.9889882102312859,0.0515534512214138,0.27123088667532824,0.0,0.0,1.0,0.8474081237911024,0.02534857110594719,0.021819574468085107,0.03142124625879351,0.194411170212766,0.038623870600686956
0.052000000000000005,0.15,0.03,10000,0.09697446808510639,0.0031089447115028278,9400.0,0.014178910079431242,0.020005011203252543,0.128899182540284,0.75,0.07,0.18,1.0450212326939556,0.04619668614981688,0.260279821148789,0.0,0.0,1.0,0.8815860735009671,0.026014340348413007,0.021734807394936956,0.03142124625879351,0.1972308510638298,0.014172497537335628
0.0555,0.15,0.03,10000,0.10087234042553189,0.0032249481889320038,9400.0,-0.010662177516422152,0.02040952571764687,-0.09692888651292866,0.21,0.09,0.7,1.1027440304315177,0.04763835867350236,0.24933133336442345,0.0,0.0,1.0,0.9170212765957447,0.02668936644441071,0.021771388557230105,0.03142124625879351,0.20015425531914896,-0.01065831593991018
0.059000000000000004,0.15,0.03,10000,0.10369787234042553,0.003105883923417836,9400.0,-0.028386775613969014,0.01935475055897802,-0.2580615964906274,0.07,0.02,0.91,1.1443264580386194,0.045569297100196936,0.24162415281793678,0.0,0.0,1.0,0.942707930367505,0.02717078539374842,0.021746167981363272,0.03142124625879351,0.20227340425531917,-0.02836908103237009
0.0625,0.15,0.03,10000,0.10724042553191487,0.003456634830012092,9400.0,-0.05021039193286732,0.021108426474025607,-0.45645810848061197,0.0,0.0,1.0,1.1961487668732866,0.050370489599340436,0.2322809281666465,0.0,0.0,1.0,0.9749129593810444,0.027763232112992527,0.021800868993321506,0.03142124625879351,0.20493031914893617,-0.050145749339197715
0.066,0.15,0.03,10000,0.1107031914893617,0.002848938545673767,9400.0,-0.07126574432928034,0.01714983715941336,-0.6478704029934578,0.0,0.0,1.0,1.2464646704113276,0.04124086444992727,0.22339347334376985,0.0,0.0,1.0,1.0063926499032883,0.028334614615535377,0.021658913777915685,0.03142124625879351,0.2075273936170213,-0.07112507131615678
0.0695,0.15,0.03,10000,0.11457127659574469,0.0034102761808789705,9400.0,-0.09425827692699429,0.020033754252037846,-0.8568934266090389,0.0,0.0,1.0,1.3022963069074824,0.04902825882511909,0.2138932089170779,0.0,0.0,1.0,1.0415570599613153,0.02895819300423452,0.021793206071749394,0.03142124625879351,0.2104284574468085,-0.0939418458474277
0.073,0.15,0.03,10000,0.1175117021276596,0.0031072003950002587,9400.0,-0.11151565391638239,0.018060058382296185,-1.0137786719671127,0.0,0.0,1.0,1.3444471799434639,0.04435651539312415,0.20687330418495553,0.0,0.0,1.0,1.0682882011605417,0.029426074893661655,0.02173269766485421,0.03142124625879351,0.21263377659574467,-0.11102008554240211
0.0765,0.15,0.03,10000,0.12226170212765959,0.0032983617559378853,9400.0,-0.13882652813960533,0.01878941769817506,-1.262059346723685,0.0,0.0,1.0,1.412034709572585,0.046785806519022914,0.19601711298365695,0.0,0.0,1.0,1.1114700193423597,0.0301661537384174,0.021811292215563466,0.03142124625879351,0.2161962765957447,-0.13789466024979752
0.08,0.15,0.03,10000,0.12453297872340424,0.0035706082429270013,9400.0,-0.15165348008693671,0.0201235635914767,-1.378668000790334,0.0,0.0,1.0,1.4441282074186603,0.05027327750179212,0.19102633509332143,0.0,0.0,1.0,1.1321179883945844,0.03051359545934595,0.021898020160894403,0.03142124625879351,0.21789973404255317,-0.15044300098396066
0.08349999999999999,0.15,0.03,10000,0.12847978723404255,0.003407487417696239,9400.0,-0.173677812470043,0.018747201932974508,-1.5788892042731177,0.0,0.0,1.0,1.499496141118629,0.04759583125009835,0.1826067039141901,0.0,0.0,1.0,1.1679980657640232,0.031110003604885982,0.0218005543071907,0.03142124625879351,0.22085984042553192,-0.17189342686721715
0.087,0.15,0.03,10000,0.131581914893617,0.0033391808114863943,9400.0,-0.19069948812763682,0.01810524529546233,-1.7336317102512435,0.0,0.0,1.0,1.5427396716246662,0.046335005709535276,0.17623703898048926,0.0,0.0,1.0,1.1961992263056096,0.031570768749713485,0.021823585703368776,0.03142124625879351,0.22318643617021272,-0.18836110779660167
0.0905,0.15,0.03,10000,0.13525531914893618,0.003498847009364772,9400.0,-0.21052092077763404,0.01873314645398918,-1.913826552523946,0.0,0.0,1.0,1.5935665479539356,0.04820975255642653,0.16898959696106977,0.0,0.0,1.0,1.2295938104448743,0.0321071286315733,0.021848423300512208,0.03142124625879351,0.22594148936170214,-0.207396183778385
0.094,0.15,0.03,10000,0.13958936170212766,0.0037301379043359565,9400.0,-0.23347603091638644,0.01960122335754322,-2.122509371967149,0.0,0.0,1.0,1.6530343971675774,0.05104089820103142,0.16081731689899736,0.0,0.0,1.0,1.2689941972920697,0.03272804794242988,0.02187575806926716,0.03142124625879351,0.22919202127659571,-0.22924196689423929
0.0975,0.15,0.03,10000,0.14216808510638296,0.0034079397909929743,9400.0,-0.2469584365895416,0.017684836149880798,-2.2450766962685598,0.0,0.0,1.0,1.6881757064324843,0.04627593005018955,0.15611191812557368,0.0,0.0,1.0,1.2924371373307542,0.03309264327362535,0.021812931707407394,0.03142124625879351,0.23112606382978726,-0.241987050558099
0.10099999999999999,0.15,0.03,10000,0.1462914893617021,0.0036104420511092693,9400.0,-0.26813052858273445,0.018400560078444164,-2.4375502598430403,0.0,0.0,1.0,1.7439916786372727,0.04868297871862998,0.14891105109994984,0.0,0.0,1.0,1.3299226305609286,0.03366498590090782,0.021898096263396397,0.03142124625879351,0.2342186170212766,-0.26180297353246135
0.1045,0.15,0.03,10000,0.14945638297872338,0.0038675956588629483,9400.0,-0.2841053391083662,0.01940421288050755,-2.582775810076057,0.0,0.0,1.0,1.7864976898554064,0.05177638320154254,0.14361889051297919,0.0,0.0,1.0,1.3586943907156672,0.03409669454260286,0.021955405371020486,0.03142124625879351,0.23659228723404255,-0.276605217089205
0.108,0.15,0.03,10000,0.1531414893617021,0.004017689523903021,9400.0,-0.30243183686347297,0.019834562824748016,-2.7493803351224813,0.0,0.0,1.0,1.8356495815971576,0.05340017407422117,0.13768801002665387,0.0,0.0,1.0,1.3921953578336557,0.03459182436132776,0.02200321611306147,0.03142124625879351,0.23935611702127652,-0.29343218341932764
0.1115,0.15,0.03,10000,0.15605744680851064,0.003545061743764218,9400.0,-0.3167681261761486,0.017262661126796027,-2.879710237964987,0.0,0.0,1.0,1.8742516386005394,0.04678353222444816,0.13314220457550208,0.0,0.0,1.0,1.4187040618955513,0.03497907247775946,0.021841590166174138,0.03142124625879351,0.241543085106383,-0.30649983251300666
0.11499999999999999,0.15,0.03,10000,0.15958404255319147,0.0037437531515522454,9400.0,-0.3337950457111456,0.017895804809206883,-3.0345004155558697,0.0,0.0,1.0,1.9206769251239475,0.04903604122254752,0.12788458082899484,0.0,0.0,1.0,1.450764023210832,0.03543885851076322,0.021915508406895188,0.03142124625879351,0.2441880319148936,-0.3218348413249044
0.1185,0.15,0.03,10000,0.16343510638297876,0.0039164238580911455,9400.0,-0.3520854484501866,0.018478188538698072,-3.2007768040926057,0.0,0.0,1.0,1.9709706717873372,0.05096350162443291,0.12238900197996565,0.0,0.0,1.0,1.4857736943907158,0.035932630218649994,0.021928919356422383,0.03142124625879351,0.24707632978723404,-0.33812273902275713
0.122,0.15,0.03,10000,0.1678170212765957,0.0035533928861360116,9400.0,-0.37256111348096504,0.016399450191018686,-3.386919213463317,0.0,0.0,1.0,2.0277604810106227,0.04593459562487287,0.1164011990448307,0.0,0.0,1.0,1.5256092843326885,0.036485255079132466,0.021893754722163136,0.03142124625879351,0.25036276595744683,-0.3561469780361678
0.1255,0.15,0.03,10000,0.17025851063829786,0.0036905230462661335,9400.0,-0.3837711631350888,0.016809317988259815,-3.4888287557735356,0.0,0.0,1.0,2.0591690974557637,0.04734321262509479,0.11321498847659311,0.0,0.0,1.0,1.547804642166344,0.03678772625477193,0.021899293409535062,0.03142124625879351,0.2521938829787234,-0.36588908648192886
0.129,0.15,0.03,10000,0.1737617021276596,0.0037800493043447267,9400.0,-0.39965131809652077,0.016927292648946775,-3.6331938008774625,0.0,0.0,1.0,2.103982026124995,0.048166850982674064,0.10879703048831514,0.0,0.0,1.0,1.579651837524178,0.03721612628261578,0.021902545381579968,0.03142124625879351,0.25482127659574466,-0.3795580415469677
0.1325,0.15,0.03,10000,0.17763617021276595,0.0038527792064870924,9400.0,-0.41692901193811993,0.016988301956464683,-3.7902637448919982,0.0,0.0,1.0,2.1531906812301633,0.048778498341253404,0.10412009944031063,0.0,0.0,1.0,1.614874274661509,0.037682118749187435,0.02189923181115051,0.03142124625879351,0.25772712765957445,-0.3942448059633582
0.136,0.15,0.03,10000,0.18113085106382978,0.003964678420725441,9400.0,-0.4322549142446958,0.017266301299227526,-3.929590129497235,0.0,0.0,1.0,2.1972724325754953,0.04986727948031768,0.10008432916516216,0.0,0.0,1.0,1.6466441005802706,0.038095374780503934,0.02192381297344366,0.03142124625879351,0.26034813829787234,-0.40710388716980445
0.1395,0.15,0.03,10000,0.18526170212765958,0.003935470805247839,9400.0,-0.4500773383956948,0.016790081050759534,-4.091612167233589,0.0,0.0,1.0,2.2490395821424167,0.04918420650049081,0.09551580528757649,0.0,0.0,1.0,1.6841972920696326,0.038575844850897,0.021991287752758094,0.03142124625879351,0.2634462765957447,-0.4218657021453751
0.14300000000000002,0.15,0.03,10000,0.1875159574468085,0.004160434039704457,9400.0,-0.45964681718272793,0.017582208797064923,-4.178607428933889,0.0,0.0,1.0,2.277094421585372,0.051623575758389655,0.09312830735962559,0.0,0.0,1.0,1.7046905222437134,0.03883377196199049,0.022014699896256887,0.03142124625879351,0.2651369680851064,-0.4296890508989929
0.14650000000000002,0.15,0.03,10000,0.19185212765957446,0.004172471367164975,9400.0,-0.4778162541920596,0.01734398597769844,-4.343784129018724,0.0,0.0,1.0,2.3307542611119074,0.051479092016630146,0.08869505225871109,0.0,0.0,1.0,1.7441102514506768,0.03932341539819069,0.02201617802267535,0.03142124625879351,0.26838909574468084,-0.44438696290750535
0.15000000000000002,0.15,0.03,10000,0.1944510638297872,0.0035777350927185224,9400.0,-0.4885811257784074,0.01466486783727342,-4.441646597985522,0.0,0.0,1.0,2.362712569779233,0.043848240763818984,0.0861225209402907,0.0,0.0,1.0,1.7677369439071566,0.039613474356916555,0.021896927244602033,0.03142124625879351,0.2703382978723405,-0.45301290473120054
0.15350000000000003,0.15,0.03,10000,0.19831914893617023,0.003912268202729556,9400.0,-0.504286746004124,0.015759472782507864,-4.584424963673856,0.0,0.0,1.0,2.4099940059169502,0.04766323416818638,0.08248472914457579,0.0,0.0,1.0,1.8029013539651835,0.0400365621778849,0.021920548728683997,0.03142124625879351,0.2732393617021277,-0.4653921410521572
0.157,0.15,0.03,10000,0.20222021276595745,0.0036918361824727322,9400.0,-0.5198889440632025,0.01463208540027382,-4.726263127847295,0.0,0.0,1.0,2.4573626468386247,0.04470523659504685,0.07896239339771831,0.0,0.0,1.0,1.8383655705996131,0.04045679201608077,0.021858835365740747,0.03142124625879351,0.27616515957446813,-0.4775362089332831
0.1605,0.15,0.03,10000,0.20576382978723406,0.0037462038742871262,9400.0,-0.5338084855904718,0.014574775053303993,-4.852804414458833,0.0,0.0,1.0,2.5001456406140967,0.045109789247146606,0.07590773001906304,0.0,0.0,1.0,1.8705802707930368,0.040831627399784826,0.021906958562509852,0.03142124625879351,0.2788228723404256,-0.4882087068180984
0.164,0.15,0.03,10000,0.2085702127659574,0.003801935644252168,9400.0,-0.5446735199161813,0.014642538369547809,-4.951577453783465,0.0,0.0,1.0,2.533843366346573,0.04549196814922434,0.07357899947953825,0.0,0.0,1.0,1.896092843326886,0.04112416363070959,0.02193829564093774,0.03142124625879351,0.28092765957446814,-0.4964381288656154
0.1675,0.15,0.03,10000,0.21225851063829781,0.00444607514233325,9400.0,-0.5587035362857907,0.016805596322734907,-5.079123057143552,0.0,0.0,1.0,2.5778893988891207,0.05290638407962103,0.07065298739096723,0.0,0.0,1.0,1.9296228239845261,0.04150184823974251,0.022066276595744675,0.03142124625879351,0.2836938829787235,-0.506909568597745
0.171,0.15,0.03,10000,0.2157627659574468,0.004493802315594018,9400.0,-0.5718557403009955,0.01672847563375098,-5.198688548190868,0.0,0.0,1.0,2.6194765178716968,0.05317319792074705,0.06797191238066876,0.0,0.0,1.0,1.9614796905222436,0.04185585538707632,0.02204699888429866,0.03142124625879351,0.28632207446808505,-0.5166159405807751
0.17450000000000002,0.15,0.03,10000,0.21934042553191488,0.004536487856658574,9400.0,-0.5850680669448975,0.016584056482971052,-5.318800608589978,0.0,0.0,1.0,2.6617197307954155,0.053395917446764675,0.06534499482681956,0.0,0.0,1.0,1.9940038684719537,0.04221142579737692,0.022074761494641434,0.03142124625879351,0.28900531914893623,-0.5262356342671198
0.17800000000000002,0.15,0.03,10000,0.2231595744680851,0.003907107465755892,9400.0,-0.5989811463119394,0.014056295824638297,-5.4452831482903585,0.0,0.0,1.0,2.7065526780237605,0.04574132629144109,0.06264092553488679,0.0,0.0,1.0,2.0287234042553193,0.0425858066549324,0.021985281058550042,0.03142124625879351,0.2918696808510639,-0.5362494553817088
0.18150000000000002,0.15,0.03,10000,0.22685851063829787,0.004395614809248496,9400.0,-0.6121489941558016,0.015534526038314457,-5.564990855961835,0.0,0.0,1.0,2.749733169231931,0.05120742029003104,0.060166133485744185,0.0,0.0,1.0,2.062350096711799,0.04294006123057415,0.02209021388165879,0.03142124625879351,0.29464388297872346,-0.5455465262149362
0.18500000000000003,0.15,0.03,10000,0.22956702127659567,0.003935378868065308,9400.0,-0.6217033119454437,0.013771443189867448,-5.651848290413125,0.0,0.0,1.0,2.7811649277392205,0.04556333977430969,0.058400486690912363,0.0,0.0,1.0,2.0869729206963252,0.04319708036089016,0.02195763606646966,0.03142124625879351,0.29667526595744687,-0.5522408152845489
0.1885,0.15,0.03,10000,0.23278723404255325,0.004703290099653549,9400.0,-0.632817014361431,0.01620147564203803,-5.752881948740284,0.0,0.0,1.0,2.8184216625723537,0.0541974579009331,0.05640544655684891,0.0,0.0,1.0,2.1162475822050286,0.04349599364022522,0.022111970913494865,0.03142124625879351,0.29909042553191495,-0.559889045235002
0.192,0.15,0.03,10000,0.23616276595744684,0.0035704276681942544,9400.0,-0.6444173576598585,0.012079571850665344,-5.858339615089623,0.0,0.0,1.0,2.8572461304926837,0.040924901532112354,0.054345856897132956,0.0,0.0,1.0,2.146934235976789,0.04380798463743752,0.021876690970646154,0.03142124625879351,0.3016220744680851,-0.5678442015680432
0.1955,0.15,0.03,10000,0.23998617021276594,0.0043430841604536995,9400.0,-0.6572037817014978,0.014450649900536577,-5.974579833649982,0.0,0.0,1.0,2.901065905943945,0.04956896288350675,0.052154717886750385,0.0,0.0,1.0,2.1816924564796905,0.0441518008707755,0.02205261032706854,0.03142124625879351,0.3044896276595745,-0.5764199759286668
0.199,0.15,0.03,10000,0.24405000000000004,0.0043928520025926735,9400.0,-0.670588697837909,0.014377794722052568,-6.096260889435538,0.0,0.0,1.0,2.9473725201792753,0.04991706989816926,0.04991365632424216,0.0,0.0,1.0,2.218636363636364,0.0445116687495104,0.022090537493400328,0.03142124625879351,0.3075375,-0.5852882533330153
0.2025,0.15,0.03,10000,0.2480531914893617,0.0035299600492819973,9400.0,-0.6835772861975866,0.011310978803340662,-6.2143389654326056,0.0,0.0,1.0,2.9926646512087287,0.03996599221020044,0.04779093338827111,0.0,0.0,1.0,2.2550290135396516,0.04486084233890595,0.02183171328467299,0.03142124625879351,0.3105398936170214,-0.593791398304243
0.20600000000000002,0.15,0.03,10000,0.2515734042553192,0.004870442303779967,9400.0,-0.6946619843816051,0.015278765203476137,-6.315108948923682,0.0,0.0,1.0,3.0324332113400447,0.05487389335360346,0.04604112851367805,0.0,0.0,1.0,2.2870309477756283,0.045158770994412054,0.022178997768597313,0.03142124625879351,0.3131800531914894,-0.6008798953824184
0.20950000000000002,0.15,0.03,10000,0.25448723404255325,0.004565409690881123,9400.0,-0.7037862566565258,0.014135312597807731,-6.398056878695685,0.0,0.0,1.0,3.0651338806077644,0.05118286160299239,0.04461876419574328,0.0,0.0,1.0,2.313520309477756,0.04540399917834769,0.02208791266221434,0.03142124625879351,0.31536542553191493,-0.6066897487627118
0.21300000000000002,0.15,0.03,10000,0.2576287234042553,0.0043558219393759375,9400.0,-0.7134691602397073,0.013306903796937988,-6.48608327490643,0.0,0.0,1.0,3.100277715700238,0.04860535747554601,0.04313988565338298,0.0,0.0,1.0,2.3420793036750487,0.0456642140264426,0.02205580181643024,0.03142124625879351,0.3177215425531915,-0.6127805657325661
0.21650000000000003,0.15,0.03,10000,0.2614042553191489,0.004381980193356549,9400.0,-0.7248909419197751,0.01313740616913385,-6.589917653816137,0.0,0.0,1.0,3.142334452873484,0.0487095305937752,0.041437143009304664,0.0,0.0,1.0,2.376402321083172,0.04597112233229288,0.022046486014598098,0.03142124625879351,0.32055319148936173,-0.6198645142801269
0.22,0.15,0.03,10000,0.26459255319148933,0.004401581955355271,9400.0,-0.734370308935423,0.013003312331708004,-6.676093717594755,0.0,0.0,1.0,3.177717624781386,0.04870542681705559,0.0400544825906274,0.0,0.0,1.0,2.4053868471953574,0.0462258098210666,0.022069846601024422,0.03142124625879351,0.3229444148936171,-0.6256680426582258
0.01,0.2,0.03,10000,0.057685284640171856,0.002425564494103742,9310.0,0.2963345366484283,0.019562866494948775,2.693950333167529,1.0,0.0,0.0,0.46776786159717487,0.037971813317044766,0.3851834739461434,0.0,0.74,0.26,0.5244116785470169,0.01832121011848438,0.0215783374691932,0.036394643014302515,0.20026396348012887,0.2878545078997405
0.0135,0.2,0.03,10000,0.06139419978517724,0.0023955816099443775,9310.0,0.26678642279733017,0.01883313878471596,2.425331116339365,1.0,0.0,0.0,0.52573515055855,0.03741638479280918,0.37155384195081465,0.0,0.15,0.85,0.5581290889561565,0.01913153754309842,0.021551762139051158,0.036394643014302515,0.20304564983888296,0.26054701321330465
0.017,0.2,0.03,10000,0.06398066595059076,0.00255823383939918,9310.0,0.24661451052801675,0.01987061834114501,2.241950095709243,1.0,0.0,0.0,0.566085179730793,0.039728694044200576,0.3621900287183311,0.0,0.04,0.96,0.5816424177326432,0.019684152619547934,0.02163804852074656,0.036394643014302515,0.2049854994629431,0.24164387826203326
0.0205,0.2,0.03,10000,0.06826208378088078,0.002600713622927666,9310.0,0.2138969274514999,0.01961329354479741,1.9445175222863622,1.0,0.0,0.0,0.6325748724939951,0.040332859801043695,0.34698278763298795,0.0,0.0,1.0,0.6205643980080071,0.020579615803973765,0.021609825598670508,0.036394643014302515,0.20819656283566054,0.21061684798429972
0.024,0.2,0.03,10000,0.07206015037593985,0.002626920774104515,9310.0,0.18557145442142883,0.019417689658715386,1.6870132220129892,1.0,0.0,0.0,0.6913078856139028,0.04056563223359616,0.333802156657265,0.0,0.0,1.0,0.6550922761449077,0.02135402904119975,0.021614322925205234,0.036394643014302515,0.21104511278195492,0.18340341824298034
0.027500000000000004,0.2,0.03,10000,0.07553168635875403,0.002409397358803768,9310.0,0.16020122667939363,0.01742688919610819,1.4563747879944873,1.0,0.0,0.0,0.74474583741017,0.03704518684222638,0.32201996671934596,0.0,0.0,1.0,0.6866516941704911,0.022047053624501704,0.02157434040719053,0.036394643014302515,0.21364876476906555,0.1587979386496153
0.031,0.2,0.03,10000,0.07892910848549947,0.0028787131849919542,9310.0,0.13592804692016539,0.020460689989220626,1.2357095174560486,1.0,0.0,0.0,0.7968350118894351,0.04403803117400455,0.31078049631339866,0.0,0.0,1.0,0.7175373498681769,0.022709507997519883,0.021674543995217177,0.036394643014302515,0.21619683136412463,0.13504125977409617
0.0345,0.2,0.03,10000,0.08198603651987112,0.002459673351622737,9310.0,0.11439135290432707,0.017175303433156014,1.039921390039337,1.0,0.0,0.0,0.8434610929654653,0.03741804616620444,0.3008642738592319,0.0,0.0,1.0,0.7453276047261009,0.023296963172276412,0.02158872180451128,0.036394643014302515,0.21848952738990335,0.11386175676647067
0.038,0.2,0.03,10000,0.08563157894736842,0.00294165543059751,9310.0,0.08927560323183074,0.020101669774996524,0.811596393016643,1.0,0.0,0.0,0.8988348445086806,0.044534574450461176,0.2893750269618213,0.0,0.0,1.0,0.7784688995215311,0.023981478314233026,0.021712120103309474,0.036394643014302515,0.2212236842105263,0.08900383273715383
0.0415,0.2,0.03,10000,0.0890032223415682,0.0030355499442068193,9310.0,0.06644872645024803,0.020420278005869808,0.6040793313658913,1.0,0.0,0.0,0.9497318141360352,0.045681313668202043,0.27903038113325335,0.0,0.0,1.0,0.8091202031051654,0.024603228023104873,0.0216921589688507,0.036394643014302515,0.22375241675617613,0.06632300758977831
0.045000000000000005,0.2,0.03,10000,0.09249409237379162,0.002676624819502562,9310.0,0.04319493136543219,0.017652912074215557,0.39268119423120174,1.0,0.0,0.0,1.0021504701776411,0.04006108108353163,0.2685909897066937,0.0,0.0,1.0,0.8408553852162873,0.02523625663676781,0.021630229761643992,0.036394643014302515,0.22637056928034366,0.04315454324881446
0.0485,0.2,0.03,10000,0.0962073039742213,0.0032133489583508488,9310.0,0.01901007501311464,0.020723157399948233,0.17281886375558766,0.81,0.05,0.14,1.0575890834265045,0.04780200753616247,0.25787537279069567,0.0,0.0,1.0,0.8746118543111023,0.025894149102383527,0.02175307216307076,0.036394643014302515,0.2291554779806659,0.01900047441258326
0.052000000000000005,0.2,0.03,10000,0.09919226638023629,0.0028674136031036877,9310.0,-0.00017423561712895093,0.018298110132730448,-0.0015839601557177268,0.45,0.1,0.45,1.1018743872621157,0.042395996040532305,0.24947219660423134,0.0,0.0,1.0,0.9017478761839662,0.02641579350372123,0.021669947751486496,0.036394643014302515,0.23139419978517722,-0.0001748824299470554
0.0555,0.2,0.03,10000,0.10294844253490872,0.0029701410611206636,9310.0,-0.023855662924950307,0.018537071752211524,-0.21686966295409377,0.11,0.06,0.83,1.157283425003737,0.043603895510506155,0.23925056544189413,0.0,0.0,1.0,0.9358949321355337,0.02705934789522341,0.021700661073627496,0.036394643014302515,0.23421133190118154,-0.02384283133752354
0.059000000000000004,0.2,0.03,10000,0.10661976369495166,0.0032153415561412464,9310.0,-0.04656174855607885,0.01970478489988927,-0.4232886232370806,0.01,0.0,0.99,1.2110782987639197,0.04693536103982035,0.22961459420649408,0.0,0.0,1.0,0.9692705790450151,0.027676053281039958,0.021774319691044305,0.036394643014302515,0.23696482277121375,-0.04651005929749932
0.0625,0.2,0.03,10000,0.11044468313641247,0.003008569478102392,9310.0,-0.0698266190422209,0.01806528565796052,-0.6347874458383718,0.0,0.0,1.0,1.2666965065334588,0.043636725076836816,0.21991384250499985,0.0,0.0,1.0,1.004042573967386,0.028307642203356465,0.02169355648969864,0.036394643014302515,0.23983351235230937,-0.0696903297579048
0.066,0.2,0.03,10000,0.11365843179377015,0.0033862248615967707,9310.0,-0.08898998381141389,0.02008273973182946,-0.8089998528310354,0.0,0.0,1.0,1.31314283015652,0.048770885249945196,0.21207464021818542,0.0,0.0,1.0,1.033258470852456,0.028827607157915644,0.021803007518796987,0.036394643014302515,0.24224382384532764,-0.08872095174354946
0.0695,0.2,0.03,10000,0.11722556390977446,0.002991887833490486,9310.0,-0.10998848017746515,0.01743270111040414,-0.9998952743405921,0.0,0.0,1.0,1.364336851467642,0.042790246489663473,0.2036234399123531,0.0,0.0,1.0,1.065686944634313,0.02939717670221468,0.02172405917498328,0.036394643014302515,0.24491917293233087,-0.1095146020175548
0.073,0.2,0.03,10000,0.12067239527389903,0.0027423089490203716,9310.0,-0.12992618393677252,0.015710450877992457,-1.1811471266979319,0.0,0.0,1.0,1.413443917283743,0.03894122288842607,0.19576330513207585,0.0,0.0,1.0,1.0970217752172637,0.029937734996667915,0.021641890440386682,0.036394643014302515,0.24750429645542427,-0.12916892970864027
0.0765,0.2,0.03,10000,0.12413319011815252,0.003266981675630692,9310.0,-0.14955768291983929,0.018475468536779567,-1.359615299271266,0.0,0.0,1.0,1.4624500681177477,0.04607831998843035,0.18819304074031237,0.0,0.0,1.0,1.1284835465286596,0.030469741601835826,0.021797409632263964,0.036394643014302515,0.2500998925886144,-0.14840424651590844
0.08,0.2,0.03,10000,0.1279044038668099,0.0038775630421456616,9310.0,-0.17058003341330644,0.021409504131454597,-1.5507275764846034,0.0,0.0,1.0,1.5154557235875306,0.054264509611222936,0.18026914587909346,0.0,0.0,1.0,1.16276730788009,0.03103921428410674,0.021984912898056454,0.036394643014302515,0.2529283029001074,-0.16886917955912356
0.08349999999999999,0.2,0.03,10000,0.13134049409237378,0.003489441093223854,9310.0,-0.18950048081801943,0.018949558637111272,-1.7227316438001767,0.0,0.0,1.0,1.5633239314359069,0.04846604927145209,0.17327877614085474,0.0,0.0,1.0,1.1940044917488528,0.031551606940403085,0.021779586564886613,0.036394643014302515,0.2555053705692803,-0.18719921999956812
0.087,0.2,0.03,10000,0.13427497314715361,0.00345746441079166,9310.0,-0.2053929504368387,0.018602333152629914,-1.8672086403348973,0.0,0.0,1.0,1.603998796110255,0.047699562472667316,0.1675278680388383,0.0,0.0,1.0,1.2206815740650327,0.03198184178188153,0.021812721903232482,0.036394643014302515,0.25770622986036523,-0.20248626598156652
0.0905,0.2,0.03,10000,0.13826208378088078,0.003717693038937428,9310.0,-0.22661884251674988,0.019646597441257865,-2.060171295606817,0.0,0.0,1.0,1.6588589664368656,0.05095168274391599,0.16003265334032613,0.0,0.0,1.0,1.2569280343716431,0.03255625660213794,0.02189870364329692,0.036394643014302515,0.2606965628356606,-0.2227368793413613
0.094,0.2,0.03,10000,0.1408936627282492,0.003716046972444566,9310.0,-0.24043184661552977,0.019435995320843072,-2.1857440601411806,0.0,0.0,1.0,1.6948103321987154,0.050564130161674485,0.15525882126577334,0.0,0.0,1.0,1.28085147934772,0.03292995707947703,0.02189308621345273,0.036394643014302515,0.2626702470461869,-0.2358209775093073
0.0975,0.2,0.03,10000,0.14476906552094523,0.003732160233736109,9310.0,-0.2604722473085721,0.01919322333638759,-2.367929520987019,0.0,0.0,1.0,1.7474049882102225,0.05041702185341948,0.14848682185574724,0.0,0.0,1.0,1.3160824138267744,0.03347197728944579,0.02190163987569461,0.036394643014302515,0.2655767991407089,-0.254651100466217
0.10099999999999999,0.2,0.03,10000,0.14875187969924808,0.0038626268933521484,9310.0,-0.2806943527363071,0.01940038274118764,-2.551766843057338,0.0,0.0,1.0,1.8010354921785816,0.051769637323275185,0.14184045947987373,0.0,0.0,1.0,1.3522898154477105,0.03401872398477005,0.02196816316658492,0.036394643014302515,0.2685639097744361,-0.2734529566326014
0.1045,0.2,0.03,10000,0.15268958109559613,0.0036469551572781427,9310.0,-0.30035992630621366,0.018033418558915066,-2.7305447846019426,0.0,0.0,1.0,1.8535903608605244,0.04855313862468357,0.13555148924708924,0.0,0.0,1.0,1.3880871008690556,0.034550262380564724,0.021872061323210998,0.036394643014302515,0.2715171858216971,-0.291556138960788
0.108,0.2,0.03,10000,0.15607303974221268,0.003848803372158771,9310.0,-0.31694907341892464,0.018733621757789358,-2.8813552128993156,0.0,0.0,1.0,1.8984175354564172,0.0508701234166139,0.13039490814441507,0.0,0.0,1.0,1.4188458158382975,0.034998503864174316,0.021890818869643124,0.036394643014302515,0.27405477980665954,-0.30664914087056855
0.1115,0.2,0.03,10000,0.15900429645542427,0.004002347068684735,9310.0,-0.33111980125222396,0.019194469331225362,-3.010180011383854,0.0,0.0,1.0,1.937028301509172,0.052494403593060145,0.12608677411573604,0.0,0.0,1.0,1.4454936041402209,0.03538130819881739,0.021954849130454136,0.036394643014302515,0.27625322234156824,-0.3194217324140603
0.11499999999999999,0.2,0.03,10000,0.16309774436090227,0.003397274744481733,9310.0,-0.3506635285055305,0.016061222265247112,-3.1878502591411864,0.0,0.0,1.0,1.9905311876726355,0.04430163895689676,0.12027882746761785,0.0,0.0,1.0,1.482706766917293,0.03590914755825633,0.021789082805488115,0.036394643014302515,0.2793233082706767,-0.3368878359879677
0.1185,0.2,0.03,10000,0.16674973147153602,0.0038092802967769354,9310.0,-0.36772772476245885,0.017663095117801907,-3.3429793160223533,0.0,0.0,1.0,2.037924147443449,0.04928964026601783,0.11537250852405473,0.0,0.0,1.0,1.5159066497412363,0.036369862260690985,0.021903846117374334,0.036394643014302515,0.282062298603652,-0.35190727812954464
0.122,0.2,0.03,10000,0.1697798066595059,0.0035413810405410034,9310.0,-0.3817206492197653,0.016249188396195362,-3.470187720179685,0.0,0.0,1.0,2.076978830008132,0.0455218705956767,0.11143359732628796,0.0,0.0,1.0,1.5434527878136897,0.0367475873058644,0.02185746509129968,0.036394643014302515,0.28433485499462946,-0.3641184787744798
0.1255,0.2,0.03,10000,0.17343179377013965,0.004087292666379726,9310.0,-0.39827032161228976,0.018454887938571727,-3.6206392873844533,0.0,0.0,1.0,2.1237356889736403,0.052190579858649354,0.10691249174761279,0.0,0.0,1.0,1.5766526706376327,0.03719420463761187,0.021966915737332577,0.036394643014302515,0.2870738453276047,-0.37835899956898594
0.129,0.2,0.03,10000,0.17782277121374865,0.003844456959338468,9310.0,-0.41788340411814523,0.01701066090806915,-3.7989400374376845,0.0,0.0,1.0,2.179536755165761,0.048768192969657516,0.10168893867989272,0.0,0.0,1.0,1.616570647397715,0.03772338359681369,0.021950037704525523,0.036394643014302515,0.2903670784103115,-0.3950504980985381
0.1325,0.2,0.03,10000,0.18054564983888288,0.004367883725229729,9310.0,-0.42980043042646676,0.019093044504350155,-3.907276640240608,0.0,0.0,1.0,2.213875145128461,0.05502465287933428,0.09861840964978139,0.0,0.0,1.0,1.64132408944439,0.038044825241812984,0.022018561860267925,0.036394643014302515,0.29240923737916225,-0.4050325324515859
0.136,0.2,0.03,10000,0.18369495166487643,0.003978631982187852,9310.0,-0.4434833781058584,0.017086938676116437,-4.031667073689622,0.0,0.0,1.0,2.253398757396141,0.04977083803115285,0.09514190061227229,0.0,0.0,1.0,1.6699541060443315,0.03841386402985348,0.021941073916413662,0.036394643014302515,0.29477121374865745,-0.41642803434067477
0.1395,0.2,0.03,10000,0.18772287862513426,0.004068033679408242,9310.0,-0.46065836801918914,0.017179042590859738,-4.187803345628992,0.0,0.0,1.0,2.3036084781878956,0.05056946076972579,0.09090997557644212,0.0,0.0,1.0,1.7065716238648572,0.03887697133730902,0.02196141197793408,0.036394643014302515,0.2977921589688507,-0.43051816680295923
0.14300000000000002,0.2,0.03,10000,0.1905059076262084,0.003780431195708998,9310.0,-0.4723711189381017,0.015767474853132388,-4.294282899437288,0.0,0.0,1.0,2.3380588199529218,0.04668696132464424,0.08809088173877376,0.0,0.0,1.0,1.7318718875109855,0.03919274228286633,0.02185120505702531,0.036394643014302515,0.2998794307196563,-0.44002581228560284
0.14650000000000002,0.2,0.03,10000,0.19370569280343714,0.003945689876591234,9310.0,-0.48562261100019105,0.016264007566094897,-4.414751009092647,0.0,0.0,1.0,2.3775192514885206,0.04842695826097426,0.08497811891903179,0.0,0.0,1.0,1.7609608436676103,0.03954992630642409,0.02196516511737023,0.036394643014302515,0.3022792696025779,-0.4506413248609165
0.15000000000000002,0.2,0.03,10000,0.1982857142857143,0.0042139359276299046,9310.0,-0.5042594958301574,0.01693085728798836,-4.584177234819613,0.0,0.0,1.0,2.4335552095057222,0.05141153790469729,0.08073049516566363,0.0,0.0,1.0,1.8025974025974025,0.040052166326622014,0.022004137684015976,0.036394643014302515,0.30571428571428566,-0.4653568510417425
0.15350000000000003,0.2,0.03,10000,0.20069387755102042,0.004199932935002693,9310.0,-0.5139163049426672,0.016796967313643357,-4.671966408569703,0.0,0.0,1.0,2.462835194937415,0.050928736174168855,0.07858354476087821,0.0,0.0,1.0,1.8244897959183675,0.04031236040472756,0.021988748163751674,0.036394643014302515,0.30752040816326537,-0.4728885913472815
0.157,0.2,0.03,10000,0.20453061224489794,0.004011576066755298,9310.0,-0.529099472644177,0.015742135600182176,-4.809995205856155,0.0,0.0,1.0,2.5092426073652963,0.04836318006358385,0.07528128557297702,0.0,0.0,1.0,1.859369202226345,0.04072139824797925,0.02194535738375046,0.036394643014302515,0.3103979591836735,-0.48460152312878096
0.1605,0.2,0.03,10000,0.20768313641245975,0.004174942345524092,9310.0,-0.5413565606340491,0.01610440271931805,-4.921423278491356,0.0,0.0,1.0,2.547160901193356,0.050010770487856286,0.0726885637127935,0.0,0.0,1.0,1.8880285128405427,0.041051544152611544,0.02199233238296817,0.036394643014302515,0.31276235230934485,-0.4939182475088478
0.164,0.2,0.03,10000,0.21163157894736842,0.004242088264190356,9310.0,-0.5564720957058362,0.016074572355028183,-5.058837233689421,0.0,0.0,1.0,2.59438931515891,0.050548414310678316,0.06957067868260598,0.0,0.0,1.0,1.9239234449760767,0.04145861689210838,0.02206072365657539,0.036394643014302515,0.3157236842105263,-0.5052589168419808
0.1675,0.2,0.03,10000,0.21497099892588614,0.004209504886976798,9310.0,-0.5690521055292809,0.015681009659695804,-5.173200959357099,0.0,0.0,1.0,2.634059406803089,0.04985432315300357,0.067044626784729,0.0,0.0,1.0,1.954281808417147,0.04179735130967614,0.022016970998925883,0.036394643014302515,0.31822824919441467,-0.5145706653999157
0.171,0.2,0.03,10000,0.21822341568206227,0.0037219737883484793,9310.0,-0.5811507136265699,0.013704882238450478,-5.283188305696089,0.0,0.0,1.0,2.672480243963492,0.04383787162657355,0.06466695642888858,0.0,0.0,1.0,1.9838492334732936,0.04212308251870251,0.02187381270930424,0.036394643014302515,0.32066756176154676,-0.5234306425988905
0.17450000000000002,0.2,0.03,10000,0.22133297529538137,0.004609986408123346,9310.0,-0.5924582588519375,0.016713609918985725,-5.38598417138125,0.0,0.0,1.0,2.7090708195653006,0.05400603556786113,0.06251406550225685,0.0,0.0,1.0,2.012117957230739,0.04242745127656537,0.022045981826966286,0.036394643014302515,0.322999731471536,-0.5315558786757983
0.17800000000000002,0.2,0.03,10000,0.22576799140708914,0.004110297804273049,9310.0,-0.6084298038827692,0.014568268842531533,-5.5311800352979015,0.0,0.0,1.0,2.7609611262637292,0.047929785650360275,0.0595263852439511,0.0,0.0,1.0,2.052436285518992,0.04285732479809095,0.02200129918415984,0.036394643014302515,0.3263259935553169,-0.5429403913055925
0.18150000000000002,0.2,0.03,10000,0.22992481203007517,0.0037014960210010966,9310.0,-0.6230959888889405,0.012954990326365398,-5.664508989899459,0.0,0.0,1.0,2.8092429901932126,0.04296511554306173,0.056870334897738406,0.0,0.0,1.0,2.090225563909774,0.04325199231035141,0.021889048149500476,0.036394643014302515,0.32944360902255637,-0.5532162010760896
0.18500000000000003,0.2,0.03,10000,0.23270139634801285,0.004586758867535339,9310.0,-0.632659483231703,0.015808946212639025,-5.751449847560938,0.0,0.0,1.0,2.841384410619113,0.052941340946707875,0.055192763815374184,0.0,0.0,1.0,2.1154672395273897,0.04350929442068497,0.02210592861487949,0.036394643014302515,0.3315260472610097,-0.5597856850274885
0.1885,0.2,0.03,10000,0.23656605800214822,0.003969725069218747,9310.0,-0.6458876735296174,0.013391089847365112,-5.871706122996523,0.0,0.0,1.0,2.885846978299156,0.045596860078671815,0.05290359319062533,0.0,0.0,1.0,2.1506005272922564,0.04386517591059765,0.02198477492969623,0.036394643014302515,0.33442454350161116,-0.5688267667770929
0.192,0.2,0.03,10000,0.23962943071965628,0.0041418430110659625,9310.0,-0.656158507977841,0.013866507954733558,-5.9650773452531,0.0,0.0,1.0,2.920916421596131,0.04730446201461416,0.051177753094728946,0.0,0.0,1.0,2.1784493701786936,0.04414144878842092,0.021982613034667565,0.036394643014302515,0.3367220730397423,-0.5757279847835287
0.1955,0.2,0.03,10000,0.2427175080558539,0.004378016441476656,9310.0,-0.6663579401417017,0.01435299250656738,-6.057799455833653,0.0,0.0,1.0,2.9561554719574534,0.04977870741287355,0.049498238836330616,0.0,0.0,1.0,2.206522800507763,0.04441577037885232,0.022063452004491002,0.036394643014302515,0.3390381310418904,-0.5825005642855444
0.199,0.2,0.03,10000,0.2463490870032223,0.003783746672391585,9310.0,-0.6782163608161075,0.012205950321129588,-6.165603280146432,0.0,0.0,1.0,2.997338082954874,0.04282059922895779,0.047583454717033374,0.0,0.0,1.0,2.2395371545747484,0.0447346839963509,0.021880360211207234,0.036394643014302515,0.3417618152524167,-0.5903018996448508
0.2025,0.2,0.03,10000,0.2505037593984963,0.004859582313520599,9310.0,-0.6914177374110604,0.015377260982789479,-6.285615794646005,0.0,0.0,1.0,3.0443143355585227,0.05477559077496857,0.04552220608410201,0.0,0.0,1.0,2.277306903622693,0.045089645154618135,0.022135278590373522,0.036394643014302515,0.34487781954887226,-0.5988021079244563
0.20600000000000002,0.2,0.03,10000,0.25379484425349086,0.004446884694739683,9310.0,-0.7017723542285078,0.013825390660002688,-6.379748674804618,0.0,0.0,1.0,3.0813055770891067,0.04989976239994954,0.04393211806996615,0.0,0.0,1.0,2.3072258568499167,0.04536804348031026,0.022058775707646482,0.036394643014302515,0.3473461331901182,-0.6054189979113401
0.20950000000000002,0.2,0.03,10000,0.2568259935553169,0.004230536614234133,9310.0,-0.7111500548102768,0.012980998216131835,-6.465000498275242,0.0,0.0,1.0,3.1152418612595505,0.04723616147652746,0.042524050242855986,0.0,0.0,1.0,2.3347817595937896,0.04562014726049287,0.02201858216970998,0.036394643014302515,0.3496194951664876,-0.6113336296599229
0.21300000000000002,0.2,0.03,10000,0.26094414607948435,0.004573617649438987,9310.0,-0.7236268009432064,0.013754791454629187,-6.578425463120058,0.0,0.0,1.0,3.1611628177269155,0.050906715624596914,0.04069969977057799,0.0,0.0,1.0,2.372219509813495,0.045955518595113404,0.0220798066595059,0.036394643014302515,0.35270810955961324,-0.6190792888733664
0.21650000000000003,0.2,0.03,10000,0.2638936627282492,0.004706094677209945,9310.0,-0.7324140194881359,0.013931102009014163,-6.658309268073963,0.0,0.0,1.0,3.193934582758309,0.05211615125974792,0.039441483579511945,0.0,0.0,1.0,2.399033297529538,0.046191692010263026,0.0221529999012788,0.036394643014302515,0.35492024704618685,-0.6244668150345128
0.22,0.2,0.03,10000,0.26858431793770143,0.0041637626577175,9310.0,-0.7461719128695615,0.012052449113788244,-6.783381026086923,0.0,0.0,1.0,3.2457301436406363,0.045990355322980826,0.03751561351893418,0.0,0.0,1.0,2.4416756176154673,0.046561426986249925,0.021972239341766855,0.036394643014302515,0.358438238453276,-0.6328050492864881
0.01,0.25,0.03,10000,0.060267895878524935,0.0023860202777390756,9220.0,0.2755516148845244,0.01894059914123399,2.5050146807684035,1.0,0.0,0.0,0.5321470022044703,0.03725288438296171,0.3700577655875003,0.0,0.11,0.89,0.5478899625320449,0.018899673075349933,0.02153256774377607,0.041440684091783385,0.23470092190889372,0.26869418263756
0.0135,0.25,0.03,10000,0.06378524945770066,0.0026084861197423243,9220.0,0.24800275648066628,0.02020465524190498,2.254570513460602,1.0,0.0,0.0,0.587051867815267,0.04061210551472877,0.3573651775844195,0.0,0.0,1.0,0.5798659041609151,0.019654862896314924,0.0216458452545574,0.041440684091783385,0.2373389370932755,0.24294812405443122
0.017,0.25,0.03,10000,0.06736008676789589,0.002504812301712089,9220.0,0.22057772152292243,0.019016496950471726,2.00525201384475,1.0,0.0,0.0,0.6425907060813537,0.03885181057013671,0.34471345874268616,0.0,0.0,1.0,0.6123644251626897,0.020405919948130388,0.0215819605149904,0.041440684091783385,0.24002006507592186,0.216994324780012
0.0205,0.25,0.03,10000,0.07069522776572668,0.002915451929705254,9220.0,0.19558218494779173,0.021698048319739247,1.7780198631617434,1.0,0.0,0.0,0.6942678128729233,0.045029507192454334,0.3331586171559461,0.0,0.0,1.0,0.6426838887793334,0.02108972554859446,0.02170324221768104,0.041440684091783385,0.24252142082429504,0.19303891106510626
0.024,0.25,0.03,10000,0.07456941431670282,0.0028543185290672616,9220.0,0.16709262697861457,0.0206865571321986,1.5190238816237693,1.0,0.0,0.0,0.7539889943446529,0.04393040370897701,0.32002788231145624,0.0,0.0,1.0,0.6779037665154801,0.021868487388954482,0.02167516268980477,0.041440684091783385,0.24542706073752713,0.16548740831603592
0.027500000000000004,0.25,0.03,10000,0.0777462039045553,0.002523177543799248,9220.0,0.14417386694722914,0.0179720725727557,1.3106715177020831,1.0,0.0,0.0,0.802730864133969,0.03864104528989935,0.30950200469467376,0.0,0.0,1.0,0.7067836718595939,0.02249447548375445,0.02159720027050308,0.041440684091783385,0.24780965292841653,0.14313881889264823
0.031,0.25,0.03,10000,0.08105422993492407,0.0027219230293606855,9220.0,0.1207983575463638,0.01904025348315866,1.098166886785125,1.0,0.0,0.0,0.8532978804891834,0.041463588187390904,0.29881338686594006,0.0,0.0,1.0,0.7368566357720371,0.023132419259465013,0.021662940259786413,0.041440684091783385,0.250290672451193,0.12017213273514081
0.0345,0.25,0.03,10000,0.08515835140997831,0.0030157809663272158,9220.0,0.09239053797670538,0.02061179645786269,0.8399139816064125,1.0,0.0,0.0,0.9156723681091294,0.04570156561070167,0.28593105946668984,0.0,0.0,1.0,0.7741668309998029,0.023907103276844567,0.021701954886311114,0.041440684091783385,0.2533687635574837,0.0920909282624902
0.038,0.25,0.03,10000,0.08881453362255964,0.003060714979267806,9220.0,0.06758724051789546,0.02058620212326818,0.6144294592535948,1.0,0.0,0.0,0.9709215329081943,0.046148093659752046,0.2747913683447132,0.0,0.0,1.0,0.8074048511141786,0.024583003984591335,0.021732651784617474,0.041440684091783385,0.25611090021691973,0.06745590736123028
0.0415,0.25,0.03,10000,0.09181670281995662,0.0029902061244000936,9220.0,0.04756646942045755,0.01981753238798617,0.4324224492768867,0.99,0.0,0.01,1.0160396257407207,0.04480287703635909,0.26589019158577815,0.0,0.0,1.0,0.834697298363242,0.025128258340489595,0.02172725640474929,0.041440684091783385,0.2583625271149675,0.047511438294044035
0.045000000000000005,0.25,0.03,10000,0.09602494577006508,0.0028705875724607745,9220.0,0.02002407766426403,0.01851960791085542,0.1820370696751276,0.84,0.01,0.15,1.0788877875793659,0.042789071495692506,0.2538011681140098,0.0,0.0,1.0,0.872954052455137,0.02587789765200456,0.021684638769433093,0.041440684091783385,0.26151870932754884,0.020015391093009257
0.0485,0.25,0.03,10000,0.09846203904555313,0.003101008271899134,9220.0,0.004374766213484557,0.01982881605890613,0.039770601940768695,0.53,0.05,0.42,1.1151099720424527,0.04590727834065659,0.2470175733515341,0.0,0.0,1.0,0.895109445868665,0.026303576328102415,0.02178543310705198,0.041440684091783385,0.2633465292841649,0.004372776569562974
0.052000000000000005,0.25,0.03,10000,0.10227006507592191,0.0034715461317039336,9220.0,-0.01969073019907269,0.021781722027728323,-0.1790066381733881,0.18,0.08,0.74,1.1713462467955902,0.05107656051310512,0.23673449659556872,0.0,0.0,1.0,0.9297278643265626,0.02695787020656618,0.021849865363275902,0.041440684091783385,0.26620254880694144,-0.01967938428204489
0.0555,0.25,0.03,10000,0.10607483731019521,0.0029774278140196255,9220.0,-0.04336730834915351,0.01832639954367866,-0.3942482577195775,0.01,0.0,0.99,1.227132565590923,0.043531144475340636,0.2267735186225758,0.0,0.0,1.0,0.9643167028199565,0.027601297852159114,0.02172272075947772,0.041440684091783385,0.26905612798264644,-0.04332600700110129
0.059000000000000004,0.25,0.03,10000,0.10938828633405638,0.00320735350195513,9220.0,-0.06356249551665431,0.01944209549051459,-0.577840868333221,0.0,0.0,1.0,1.2754085948151985,0.04657083785163358,0.21843594519533485,0.0,0.0,1.0,0.9944389666732402,0.02814979316872503,0.021777657559782244,0.041440684091783385,0.2715412147505423,-0.0634539644064743
0.0625,0.25,0.03,10000,0.11283947939262473,0.003204516649830717,9220.0,-0.08427480343421635,0.019013820588640234,-0.7661345766746941,0.0,0.0,1.0,1.3253590744318833,0.04620543067001983,0.2100296973700469,0.0,0.0,1.0,1.0258134490238613,0.028712099187537084,0.021774981621022437,0.041440684091783385,0.2741296095444686,-0.08404523354190464
0.066,0.25,0.03,10000,0.115941431670282,0.003387517142420646,9220.0,-0.1025790757728812,0.019911457873552533,-0.9325370524807381,0.0,0.0,1.0,1.3699465055094722,0.048541508514405404,0.2027405148942043,0.0,0.0,1.0,1.0540130151843818,0.029208808694973488,0.021760944598181203,0.041440684091783385,0.27645607375271153,-0.10218204318116941
0.0695,0.25,0.03,10000,0.11955965292841648,0.00350757111309417,9220.0,-0.12359849213733322,0.020155701751486583,-1.1236226557939384,0.0,0.0,1.0,1.421676562488026,0.04987496665504575,0.19451662802435307,0.0,0.0,1.0,1.0869059357128772,0.029778974885180724,0.021877534619873185,0.041440684091783385,0.2791697396963124,-0.12292349747404531
0.073,0.25,0.03,10000,0.12359544468546638,0.0032623438853408805,9220.0,-0.14665358924749491,0.018456513997759202,-1.3332144477044994,0.0,0.0,1.0,1.4788634248217445,0.04607821879535055,0.1856990220540358,0.0,0.0,1.0,1.1235949516860582,0.030404101728657266,0.02176556630700609,0.041440684091783385,0.2821965835140998,-0.14556342058299412
0.0765,0.25,0.03,10000,0.12687852494577004,0.0036104081412659185,9220.0,-0.16503920671924896,0.020104879222744062,-1.5003564247204446,0.0,0.0,1.0,1.5250788412855871,0.05062223626340789,0.17883445653064167,0.0,0.0,1.0,1.1534411358706371,0.030902385955656645,0.021878915987243456,0.041440684091783385,0.2846588937093276,-0.16349343324050503
0.08,0.25,0.03,10000,0.13075596529284167,0.0031042205097403853,9220.0,-0.186471811886174,0.016984281839450163,-1.6951982898743094,0.0,0.0,1.0,1.5792311879161418,0.04322398236908363,0.17099064857039728,0.0,0.0,1.0,1.1886905935712877,0.03148307728692275,0.021746122646938097,0.041440684091783385,0.2875669739696313,-0.18428952732224804
0.08349999999999999,0.25,0.03,10000,0.13358242950108462,0.00344906778641547,9220.0,-0.2017941009901251,0.018623084802433066,-1.8344918271829553,0.0,0.0,1.0,1.6184397380654603,0.047682159824879,0.16552412070574413,0.0,0.0,1.0,1.2143857227371329,0.03189803986554727,0.02181074098659686,0.041440684091783385,0.2896868221258135,-0.19903355169117382
0.087,0.25,0.03,10000,0.13756073752711498,0.0034526502030500106,9220.0,-0.22306363577241836,0.01826757454893802,-2.027851234294712,0.0,0.0,1.0,1.6732501793263381,0.04738134149731928,0.15809233682074345,0.0,0.0,1.0,1.2505521593374087,0.032473900137300886,0.021823978600997,0.041440684091783385,0.29267055314533624,-0.21936696090069474
0.0905,0.25,0.03,10000,0.14090347071583514,0.003510531841281573,9220.0,-0.24063273919675277,0.01822080456948507,-2.1875703563341156,0.0,0.0,1.0,1.7189577488109986,0.047814711535157366,0.1521066170278117,0.0,0.0,1.0,1.2809406428712284,0.032949408000881156,0.02184873808497204,0.041440684091783385,0.29517760303687646,-0.23601912447052625
0.094,0.25,0.03,10000,0.1443286334056399,0.00361878803170182,9220.0,-0.2583537127637174,0.01856906574583995,-2.348670116033795,0.0,0.0,1.0,1.7654774099997155,0.048944814040179606,0.1462102738816481,0.0,0.0,1.0,1.3120784855058174,0.03342887628025618,0.021911843671301934,0.041440684091783385,0.29774647505423,-0.2526741907448622
0.0975,0.25,0.03,10000,0.14779067245119304,0.0033683345074525086,9220.0,-0.27601663488136186,0.0169669110020072,-2.509242135285108,0.0,0.0,1.0,1.8121135008886995,0.04520959420389565,0.14047041632858534,0.0,0.0,1.0,1.3435515677381187,0.03390664714232867,0.021783149381649422,0.041440684091783385,0.3003430043383948,-0.2691427518770678
0.10099999999999999,0.25,0.03,10000,0.1517527114967462,0.003566878396233802,9220.0,-0.29585453823546887,0.017715907907224025,-2.6895867112315353,0.0,0.0,1.0,1.865128874853412,0.047571737154477045,0.1342015343499642,0.0,0.0,1.0,1.3795701045158746,0.034443063411136364,0.021852494577006505,0.041440684091783385,0.3033145336225597,-0.28743253389298423
0.1045,0.25,0.03,10000,0.1547700650759219,0.0034453217949172946,9220.0,-0.3107471146218288,0.016922136971568875,-2.824973769289352,0.0,0.0,1.0,1.9052073833917407,0.045618485726935214,0.1296064573391284,0.0,0.0,1.0,1.40700059159929,0.03484565540028873,0.021829398985835552,0.041440684091783385,0.30557754880694143,-0.30103942215451907
0.108,0.25,0.03,10000,0.1586691973969631,0.0037154753366580224,9220.0,-0.32966253265543627,0.017862730061769774,-2.99693211504942,0.0,0.0,1.0,1.9566287125954296,0.048824992253231364,0.12392854518573322,0.0,0.0,1.0,1.4424472490633011,0.0353568465203211,0.021874581637873352,0.041440684091783385,0.30850189804772243,-0.3181270711541804
0.1115,0.25,0.03,10000,0.16186008676789587,0.0038138917005436494,9220.0,-0.3449062815098079,0.018088325285613348,-3.135511650089163,0.0,0.0,1.0,1.998433554728355,0.04978409631247405,0.11946558876054542,0.0,0.0,1.0,1.471455334253599,0.035768705004211095,0.021941517559264972,0.041440684091783385,0.31089506507592196,-0.331754800337623
0.11499999999999999,0.25,0.03,10000,0.16491323210412145,0.0037176572219724644,9220.0,-0.3593040961756362,0.01742297105554619,-3.2664008743239648,0.0,0.0,1.0,2.0381647329315564,0.048166841995295216,0.11534394258451204,0.0,0.0,1.0,1.4992112009465588,0.036157626398395225,0.021921891247159188,0.041440684091783385,0.3131849240780911,-0.3445098552796746
0.1185,0.25,0.03,10000,0.1686355748373102,0.0040112939067879225,9220.0,-0.3765606145237399,0.018613339577868974,-3.42327831385218,0.0,0.0,1.0,2.0862435548832794,0.05170374446717828,0.11054313667070925,0.0,0.0,1.0,1.5330506803391832,0.036623643874989925,0.0219098782319748,0.041440684091783385,0.31597668112798266,-0.3596105968122437
0.122,0.25,0.03,10000,0.17205531453362255,0.0039041102202543145,9220.0,-0.3921947078399694,0.017665085174216978,-3.5654064349088133,0.0,0.0,1.0,2.130157550577279,0.04987110332269455,0.10629185915239775,0.0,0.0,1.0,1.5641392230329325,0.037045760648146644,0.021930169050911476,0.041440684091783385,0.3185414859002169,-0.37315136112463093
0.1255,0.25,0.03,10000,0.17555639913232102,0.004098132895638704,9220.0,-0.40793000818791286,0.01823406051393576,-3.708454619890117,0.0,0.0,1.0,2.174816950034199,0.052011238341767,0.10213214407940509,0.0,0.0,1.0,1.595967264839282,0.037470502803377374,0.02202569341073961,0.041440684091783385,0.3211672993492408,-0.38660515653757976
0.129,0.25,0.03,10000,0.17874728850325375,0.003761849673386698,9220.0,-0.42209750011610914,0.016562023313089376,-3.8372500010555375,0.0,0.0,1.0,2.2152271781393273,0.04743611925814449,0.098470794188985,0.0,0.0,1.0,1.6249753500295796,0.0378528583092981,0.021936636718636323,0.041440684091783385,0.32356046637744035,-0.3986050230732127
0.1325,0.25,0.03,10000,0.18290130151843814,0.0037968426956383533,9220.0,-0.4402056763694727,0.016415221865782818,-4.001869785177024,0.0,0.0,1.0,2.2674597607890834,0.04756530338399285,0.09393145923645874,0.0,0.0,1.0,1.6627391047130744,0.03834144310319494,0.021897722342733187,0.041440684091783385,0.3266759761388286,-0.4137235474420794
0.136,0.25,0.03,10000,0.18737527114967464,0.004054242015897466,9220.0,-0.4593197806505083,0.017188498559694843,-4.175634369550076,0.0,0.0,1.0,2.32330085454813,0.05048505594324504,0.08929583220518338,0.0,0.0,1.0,1.7034115559061331,0.038857032521375484,0.02198181520684966,0.041440684091783385,0.330031453362256,-0.42942735808992033
0.1395,0.25,0.03,10000,0.1892885032537961,0.004137879181966544,9220.0,-0.4673795509877545,0.017352868673872018,-4.248905008979587,0.0,0.0,1.0,2.347050510924067,0.05115977824660745,0.08738560161059591,0.0,0.0,1.0,1.7208045750345102,0.03907440048786488,0.02203367866581428,0.041440684091783385,0.33146637744034707,-0.4359743231716691
0.14300000000000002,0.25,0.03,10000,0.19428091106290668,0.004179274116968629,9220.0,-0.48810102933313515,0.017119974497835838,-4.437282084846682,0.0,0.0,1.0,2.4085762011818708,0.05134553333308698,0.08260333656649461,0.0,0.0,1.0,1.7661901005718794,0.03963314586049424,0.021998097202511266,0.041440684091783385,0.3352106832971801,-0.45260347134980367
0.14650000000000002,0.25,0.03,10000,0.19705856832971796,0.004174820057485696,9220.0,-0.49943214264604263,0.01694813344081873,-4.540292205873115,0.0,0.0,1.0,2.442562513526642,0.05100375963475533,0.08006386319547243,0.0,0.0,1.0,1.7914415302701638,0.03993862052384593,0.02195498944698398,0.041440684091783385,0.3372939262472886,-0.4615673053765415
0.15000000000000002,0.25,0.03,10000,0.19967895878524947,0.004179247533288774,9220.0,-0.5099925657867871,0.01671744507834618,-4.636296052607156,0.0,0.0,1.0,2.474503136076881,0.050716271299615104,0.07774192934534217,0.0,0.0,1.0,1.8152632616840862,0.04022327876284924,0.021980146333539122,0.041440684091783385,0.33925921908893714,-0.4698381010153443
0.15350000000000003,0.25,0.03,10000,0.20389479392624732,0.004398969492089018,9220.0,-0.5267068327031988,0.01721195835665706,-4.788243933665444,0.0,0.0,1.0,2.525586810758964,0.05307263302604378,0.07416480688722621,0.0,0.0,1.0,1.8535890356931575,0.04067373223616411,0.02205679970141206,0.041440684091783385,0.34242109544468546,-0.48275103466690206
0.157,0.25,0.03,10000,0.20755314533622563,0.0047057773465931495,9220.0,-0.5409439413396628,0.018250114125354884,-4.9176721939969354,0.0,0.0,1.0,2.569606969513978,0.05649531786741118,0.0712101278443319,0.0,0.0,1.0,1.886846775783869,0.04105734757595274,0.02212052957713583,0.041440684091783385,0.3451648590021692,-0.4935792626706778
0.1605,0.25,0.03,10000,0.2113123644251627,0.004636535303566824,9220.0,-0.5553608911938701,0.017605053782605237,-5.048735374489728,0.0,0.0,1.0,2.614573135441633,0.05533222183763784,0.06828946286307573,0.0,0.0,1.0,1.921021494774206,0.041445750557671114,0.022123639620261135,0.041440684091783385,0.34798427331887205,-0.5044119200153847
0.164,0.25,0.03,10000,0.21433405639913233,0.004300590122356538,9220.0,-0.5667922653050631,0.016128099801853566,-5.152656957318755,0.0,0.0,1.0,2.650507665843079,0.05101462171867662,0.06602665708067396,0.0,0.0,1.0,1.9484914218102938,0.04175367648415992,0.022053123204795175,0.041440684091783385,0.3502505422993493,-0.5129023156030617
0.1675,0.25,0.03,10000,0.217853579175705,0.00456411988760572,9220.0,-0.5798600923095958,0.01689823052160944,-5.27145538463269,0.0,0.0,1.0,2.6921413411084796,0.05386437337134842,0.06351352419276739,0.0,0.0,1.0,1.9804870834154997,0.042105618470398634,0.02208637137221132,0.041440684091783385,0.3528901843817788,-0.5224564757800596
0.171,0.25,0.03,10000,0.22119197396963122,0.00399462681479871,9220.0,-0.5921214102353559,0.014470049905670981,-5.382921911230507,0.0,0.0,1.0,2.7313999934766913,0.04684828885498612,0.0612002903028203,0.0,0.0,1.0,2.0108361269966477,0.04243580600537882,0.021924637890520186,0.041440684091783385,0.3553939804772234,-0.5313405767057481
0.17450000000000002,0.25,0.03,10000,0.22441323210412142,0.004222275824490458,9220.0,-0.6037201460808878,0.015089115129160283,-5.4883649643717085,0.0,0.0,1.0,2.7691523299982173,0.04926206963094459,0.05907279635382838,0.0,0.0,1.0,2.04012029185565,0.04274809281857147,0.022039886322822458,0.041440684091783385,0.3578099240780911,-0.5396052409776607
0.17800000000000002,0.25,0.03,10000,0.22762689804772238,0.004183145425843878,9220.0,-0.6151382432461456,0.014740579840160552,-5.592165847692233,0.0,0.0,1.0,2.8065980946289164,0.04854005931033629,0.05702414651072885,0.0,0.0,1.0,2.0693354367974757,0.043055479573138655,0.0220319725047764,0.041440684091783385,0.3602201735357918,-0.547651464344614
0.18150000000000002,0.25,0.03,10000,0.2320726681127983,0.004314784210233547,9220.0,-0.6306422392295575,0.014885176430926265,-5.73311126572325,0.0,0.0,1.0,2.858110956419223,0.04984199483689246,0.054319749477870466,0.0,0.0,1.0,2.109751528298166,0.04347279593067877,0.0220533845338812,0.041440684091783385,0.36355450108459875,-0.5584100077216635
0.18500000000000003,0.25,0.03,10000,0.2349869848156182,0.004684281913304388,9220.0,-0.6406109037619391,0.01597711775680173,-5.8237354887449,0.0,0.0,1.0,2.891706233596592,0.05380177820529082,0.05262904513311646,0.0,0.0,1.0,2.1362453165056206,0.04374107625450826,0.022126725244358006,0.041440684091783385,0.3657402386117138,-0.5652181902400437
0.1885,0.25,0.03,10000,0.2385726681127983,0.003791773997100048,9220.0,-0.6527816882053129,0.012680387948359519,-5.934378983684664,0.0,0.0,1.0,2.932813633049641,0.04336772869989352,0.050595196624054324,0.0,0.0,1.0,2.1688424373890753,0.044068600553370134,0.021923374099265803,0.041440684091783385,0.36842950108459877,-0.5734783436817482
0.192,0.25,0.03,10000,0.24176681127982647,0.00487403337575208,9220.0,-0.6633244028403478,0.01610906616339126,-6.030221844003161,0.0,0.0,1.0,2.969313556188535,0.055474682522013825,0.04889560229902573,0.0,0.0,1.0,2.197880102543877,0.04435225019265852,0.02213872319356122,0.041440684091783385,0.37082510845986993,-0.5804726797670817
0.1955,0.25,0.03,10000,0.2458590021691974,0.004101834557477211,9220.0,-0.6767449697937561,0.013276597235465456,-6.152226998125055,0.0,0.0,1.0,3.015818946000151,0.04646265747129306,0.046759503997473445,0.0,0.0,1.0,2.2350818379017947,0.04471331118587625,0.02202846681689679,0.041440684091783385,0.37389425162689804,-0.5893320935417266
0.199,0.25,0.03,10000,0.24928524945770067,0.004649627814407963,9220.0,-0.6876992211300127,0.014752251760998515,-6.251811101181932,0.0,0.0,1.0,3.0545651992638327,0.05245060907714115,0.04507388490550679,0.0,0.0,1.0,2.2662295405245514,0.04500796500607195,0.022112081990044632,0.041440684091783385,0.3764639370932755,-0.5964191409101217
0.2025,0.25,0.03,10000,0.2525596529284165,0.004687016127515569,9220.0,-0.698031456115148,0.014584936475246803,-6.345740510137711,0.0,0.0,1.0,3.091427373973907,0.05262746513372594,0.043513893863980184,0.0,0.0,1.0,2.2959968448037866,0.04528586217858147,0.02210470164807274,0.041440684091783385,0.3789197396963124,-0.6030360121768347
0.20600000000000002,0.25,0.03,10000,0.2560845986984816,0.004958419552811306,9220.0,-0.7089535163539945,0.01531258295601798,-6.445031966854495,0.0,0.0,1.0,3.1309515898380886,0.05544377489813461,0.04190458809345137,0.0,0.0,1.0,2.328041806349833,0.045579586436405625,0.022158793633276327,0.041440684091783385,0.3815634490238612,-0.6099312730124825
0.20950000000000002,0.25,0.03,10000,0.2609501084598698,0.0047795966943368915,9220.0,-0.7237615107953601,0.014405790279005695,-6.579650098139638,0.0,0.0,1.0,3.185252055327514,0.053244488519733894,0.03977398296127638,0.0,0.0,1.0,2.372273713271544,0.04597776862208332,0.022200301400037547,0.041440684091783385,0.38521258134490244,-0.6191554072934032
0.21300000000000002,0.25,0.03,10000,0.2631963123644252,0.004834942506262348,9220.0,-0.7304683021636593,0.014329367252705975,-6.640620928760538,0.0,0.0,1.0,3.210170882826272,0.05359778245832572,0.03883352209221538,0.0,0.0,1.0,2.3926937487675017,0.046158090634332245,0.022141184528264225,0.041440684091783385,0.3868972342733189,-0.6232743181464553
0.21650000000000003,0.25,0.03,10000,0.26685140997830803,0.00476507431047087,9220.0,-0.7412326091950399,0.01377562015906858,-6.738478265409452,0.0,0.0,1.0,3.2506126858728415,0.05263897744756543,0.037349968819629535,0.0,0.0,1.0,2.4259219088937094,0.04644748062188841,0.02209630137195269,0.041440684091783385,0.38963855748373105,-0.6298179903505381
0.22,0.25,0.03,10000,0.2713969631236442,0.004443368365840333,9220.0,-0.7543589991899942,0.01264947888864537,-6.857809083545401,0.0,0.0,1.0,3.3006994827149976,0.048933477731036304,0.03558489870627853,0.0,0.0,1.0,2.4672451193058564,0.04680033178581665,0.02207742416537627,0.041440684091783385,0.3930477223427332,-0.6376823474026266
0.01,0.3,0.03,10000,0.063065717415115,0.0025696877266339025,9130.0,0.2534560509287563,0.019981100767856478,2.304145917534148,1.0,0.0,0.0,0.5998840484162308,0.04004983630461445,0.35442329496241487,0.0,0.0,1.0,0.5733247037737728,0.01951423273865928,0.021619749493056766,0.046561155363965344,0.26929928806133624,0.24807298734182698
0.0135,0.3,0.03,10000,0.06660240963855422,0.0028168937783318395,9130.0,0.22624274494077248,0.021479359520838175,2.0567522267342953,1.0,0.0,0.0,0.6549155663060298,0.04371375666416678,0.34194986875290323,0.0,0.0,1.0,0.6054764512595837,0.020259915373359316,0.021683216552945424,0.046561155363965344,0.2719518072289157,0.2223632238517188
0.017,0.3,0.03,10000,0.07006352683461117,0.002629013740223096,9130.0,0.2001196561039132,0.019619572734681522,1.8192696009446658,1.0,0.0,0.0,0.7085304550439088,0.040655809678934084,0.3299851390128798,0.0,0.0,1.0,0.6369411530419198,0.02097509472890807,0.021617212800833327,0.046561155363965344,0.2745476451259584,0.1974179619839009
0.0205,0.3,0.03,10000,0.07359802847754655,0.0030647326475346627,9130.0,0.1740672036212504,0.022405295330713518,1.5824291238295496,1.0,0.0,0.0,0.7631085619847664,0.04718534827963567,0.3180586945369662,0.0,0.0,1.0,0.669072986159514,0.021687605416790805,0.02173292344901537,0.046561155363965344,0.2771985213581599,0.17224702265297814
0.024,0.3,0.03,10000,0.07712595837897043,0.0029661302930585657,9130.0,0.14852504285316706,0.02124203773585043,1.3502276623015186,1.0,0.0,0.0,0.8173043843914166,0.04546196492751454,0.30642034563139464,0.0,0.0,1.0,0.7011450761724584,0.02238564191718657,0.021699972032169352,0.046561155363965344,0.27984446878422786,0.14737806349167124
0.027500000000000004,0.3,0.03,10000,0.08087185104052574,0.0024234045163558393,9130.0,0.1219150768659512,0.017037661411306842,1.108318880599556,1.0,0.0,0.0,0.8745478817096258,0.036965291652396474,0.29436648652020714,0.0,0.0,1.0,0.7351986458229612,0.02311230661312296,0.02156693416325188,0.046561155363965344,0.2826538882803943,0.12127972159884778
0.031,0.3,0.03,10000,0.08417962760131437,0.003122623032348706,9130.0,0.09899358852064237,0.021425418223443248,0.8999417138240218,1.0,0.0,0.0,0.9248829564570454,0.04738752425606677,0.28406195421324704,0.0,0.0,1.0,0.7652693418301304,0.023737660103109817,0.02170429893838033,0.046561155363965344,0.2851347207009858,0.09862846109813773
0.0345,0.3,0.03,10000,0.08789156626506024,0.0029518237010202845,9130.0,0.07365945066698872,0.019946904298897845,0.6696313696998973,1.0,0.0,0.0,0.9810524515648034,0.0445606210008122,0.2727715254680783,0.0,0.0,1.0,0.799014238773275,0.024428453992176666,0.02168669899037217,0.046561155363965344,0.2879186746987952,0.07349739531583667
0.038,0.3,0.03,10000,0.0911851040525739,0.0030770483629500947,9130.0,0.05162647680390485,0.020443486943701097,0.46933160730822593,0.99,0.0,0.01,1.0306172978682269,0.04617316698227931,0.26306126994770895,0.0,0.0,1.0,0.8289554913870357,0.025028815916779454,0.021724242764053027,0.046561155363965344,0.29038882803943045,0.05155886047003518
0.0415,0.3,0.03,10000,0.09451259583789703,0.0037228640635558028,9130.0,0.029809329491525663,0.02424649352778259,0.27099390446841515,0.84,0.08,0.08,1.0804418297949936,0.0555358177864063,0.25356485396918105,0.0,0.0,1.0,0.8592054167081551,0.02562290181132276,0.021917053083647994,0.046561155363965344,0.29288444687842274,0.029783703850563382
0.045000000000000005,0.3,0.03,10000,0.0983723986856517,0.003502197122171325,9130.0,0.004857099623535505,0.02237965836698006,0.04415545112305004,0.53,0.08,0.39,1.137820966605765,0.051918400568526785,0.24284678527225728,0.0,0.0,1.0,0.8942945335059247,0.02630204889975813,0.021818920434194512,0.046561155363965344,0.2957792990142388,0.004854746974751856
0.0485,0.3,0.03,10000,0.10230339539978095,0.003358834366830623,9130.0,-0.020044396563949532,0.02111233835144788,-0.1822217869449957,0.13,0.05,0.82,1.1958923377937163,0.049509651919065784,0.23232245151262487,0.0,0.0,1.0,0.9300308672707359,0.02697938815902361,0.02181815728793881,0.046561155363965344,0.29872754654983574,-0.020034022395707528
0.052000000000000005,0.3,0.03,10000,0.10536035049288063,0.002802884029767931,9130.0,-0.03911314670995254,0.017289909882221136,-0.35557406099956845,0.01,0.01,0.98,1.2407346964435257,0.04103384528796281,0.22438806259577246,0.0,0.0,1.0,0.9578213681170965,0.02749783509153405,0.021673117076723942,0.046561155363965344,0.3010202628696605,-0.03908155375974065
0.0555,0.3,0.03,10000,0.10876232201533409,0.0033859827147160308,9130.0,-0.05988506168813153,0.020486996365142562,-0.5444096517102865,0.0,0.0,1.0,1.2903667013660407,0.04924190055328497,0.2159061612135098,0.0,0.0,1.0,0.9887483819575824,0.028062243780147787,0.021802489323692713,0.046561155363965344,0.30357174151150057,-0.05978781118128676
0.059000000000000004,0.3,0.03,10000,0.11219715224534502,0.003339044097748462,9130.0,-0.0805669063523443,0.019874989433041695,-0.7324264213849483,0.0,0.0,1.0,1.3401525154726555,0.04821136744249986,0.2075955870440322,0.0,0.0,1.0,1.0199741113213183,0.028623990177204833,0.02181523509702126,0.046561155363965344,0.30614786418400874,-0.08036101069373414
0.0625,0.3,0.03,10000,0.11542387732749178,0.003354752439830179,9130.0,-0.09967800657503212,0.019679330251664406,-0.9061636961366558,0.0,0.0,1.0,1.386589291893773,0.0481169706832311,0.20006273277608524,0.0,0.0,1.0,1.0493079757044708,0.029142845787417597,0.02177236246521494,0.046561155363965344,0.30856790799561884,-0.0993110538650738
0.066,0.3,0.03,10000,0.11864403066812707,0.0034843517638235774,9130.0,-0.11844564304063658,0.020190662486669026,-1.0767785730966961,0.0,0.0,1.0,1.4326742381419653,0.04964637575258742,0.19279896512527256,0.0,0.0,1.0,1.0785820969829734,0.02965216634437162,0.021837029811502817,0.046561155363965344,0.3109830230010953,-0.11784844073080473
0.0695,0.3,0.03,10000,0.1223143483023001,0.003218762007138393,9130.0,-0.13952685394169104,0.018287874030973667,-1.2684259449244641,0.0,0.0,1.0,1.4848218872042032,0.04551812645336538,0.1847975278800341,0.0,0.0,1.0,1.111948620930001,0.030224067577890926,0.021781617472652184,0.046561155363965344,0.3137357612267251,-0.13858325935067245
0.073,0.3,0.03,10000,0.12568346111719605,0.00346268446750467,9130.0,-0.15851480544983831,0.019392445303792805,-1.4410436859076208,0.0,0.0,1.0,1.5323548985481141,0.048617012152726485,0.17775956584205097,0.0,0.0,1.0,1.142576919247237,0.030738947976709,0.02184363687335227,0.046561155363965344,0.3162625958378971,-0.157143511225654
0.0765,0.3,0.03,10000,0.12959474260679082,0.0034151673847881894,9130.0,-0.18021426501641952,0.018776524285197594,-1.6383115001492683,0.0,0.0,1.0,1.5871080060613278,0.04762274316796351,0.16989564885957617,0.0,0.0,1.0,1.1781340236980982,0.03132714202632167,0.02179986778440398,0.046561155363965344,0.3191960569550931,-0.1782282660868936
0.08,0.3,0.03,10000,0.132842278203724,0.003493132337073928,9130.0,-0.1979229824148452,0.018933091311192304,-1.7992998401349565,0.0,0.0,1.0,1.6322527864777587,0.04836366953554454,0.16362858135090888,0.0,0.0,1.0,1.207657074579309,0.03180697728271446,0.02182569214758076,0.046561155363965344,0.321631708652793,-0.19531208924438245
0.08349999999999999,0.3,0.03,10000,0.13624534501642935,0.0033981531286381432,9130.0,-0.21621156470820158,0.018120080641747305,-1.965559679165469,0.0,0.0,1.0,1.6792405800633388,0.04670389568760245,0.1572941279370744,0.0,0.0,1.0,1.2385940456039035,0.032302370110517106,0.02182398408036212,0.046561155363965344,0.32418400876232206,-0.21283840361836784
0.087,0.3,0.03,10000,0.14040306681270537,0.003585130440833164,9130.0,-0.238145171356047,0.01876804061731421,-2.164956103236791,0.0,0.0,1.0,1.7361953886472714,0.048921480993459936,0.1499025620491678,0.0,0.0,1.0,1.2763915164791397,0.03289626971893236,0.02187444366841047,0.046561155363965344,0.327302300109529,-0.23366629963346588
0.0905,0.3,0.03,10000,0.14434501642935377,0.0035965830652039755,9130.0,-0.2585727961877843,0.018460276216717218,-2.3506617835253123,0.0,0.0,1.0,1.7897488216461885,0.04872420734187868,0.14320630790304392,0.0,0.0,1.0,1.3122274220850343,0.03344919582371841,0.021896636439494802,0.046561155363965344,0.33025876232201534,-0.2528802316701273
0.094,0.3,0.03,10000,0.14761007667031764,0.0035081730700720144,9130.0,-0.27522450280140437,0.01782605591198694,-2.5020409345582215,0.0,0.0,1.0,1.833763898586185,0.04721362999999069,0.1378857386984917,0.0,0.0,1.0,1.3419097879119783,0.033899777610370226,0.021864814776614415,0.046561155363965344,0.33270755750273834,-0.26840195373748954
0.0975,0.3,0.03,10000,0.15128148959474264,0.004052259954664461,9130.0,-0.2936035573052694,0.020203207788477225,-2.6691232482297216,0.0,0.0,1.0,1.8829068606095165,0.0541119894334776,0.13217773316896714,0.0,0.0,1.0,1.3752862690431147,0.03439693051135161,0.021978619500425123,0.046561155363965344,0.33546111719605703,-0.2853426916000986
0.10099999999999999,0.3,0.03,10000,0.15378641840087626,0.0039091013882838815,9130.0,-0.30601353778931384,0.01921150349664373,-2.781941252630126,0.0,0.0,1.0,1.9162513575422926,0.05183093508197276,0.12839057542762292,0.0,0.0,1.0,1.3980583490988747,0.0347325580811228,0.021996436554569173,0.046561155363965344,0.3373398138006572,-0.29670709876551415
0.1045,0.3,0.03,10000,0.15718838992332967,0.0033791996246948946,9130.0,-0.3226687771724782,0.016376906324311585,-2.9333525197498016,0.0,0.0,1.0,1.961218323830444,0.04447851777609368,0.12341501518154205,0.0,0.0,1.0,1.4289853629393607,0.035182903338241166,0.021851406786540916,0.046561155363965344,0.3398912924424973,-0.3118433434945685
0.108,0.3,0.03,10000,0.1616922234392114,0.0035912125150625797,9130.0,-0.3442598687748125,0.01704389034804322,-3.1296351706801135,0.0,0.0,1.0,2.0202569179227283,0.046962764030626845,0.11717877801017577,0.0,0.0,1.0,1.469929303992831,0.035766503125314084,0.02181530069510337,0.046561155363965344,0.3432691675794085,-0.33119032112039837
0.1115,0.3,0.03,10000,0.1647667031763417,0.003960642148613876,9130.0,-0.35873166951719376,0.01857813010514157,-3.261196995610852,0.0,0.0,1.0,2.0602958299930965,0.051402128972524004,0.11311775746018532,0.0,0.0,1.0,1.4978791197849244,0.03615755475811333,0.021937186080009816,0.046561155363965344,0.3455750273822564,-0.3439930089436688
0.11499999999999999,0.3,0.03,10000,0.168198247535597,0.004167293033345721,9130.0,-0.374666380083541,0.019203186976216036,-3.4060580007594634,0.0,0.0,1.0,2.104671370023329,0.053703223801979276,0.10875168230104063,0.0,0.0,1.0,1.5290749775963357,0.03658804607375213,0.021973299914337576,0.046561155363965344,0.34814868565169776,-0.3579526147330531
0.1185,0.3,0.03,10000,0.17176779846659365,0.003968962729265246,9130.0,-0.39101789815431326,0.018044317402890215,-3.5547081650392105,0.0,0.0,1.0,2.150521294110752,0.05081853531200217,0.10437714689132127,0.0,0.0,1.0,1.5615254406053969,0.037029705490937176,0.021934853111773234,0.046561155363965344,0.3508258488499452,-0.37213431660526114
0.122,0.3,0.03,10000,0.1748707557502738,0.0036629381570867027,9130.0,-0.40503093864608053,0.016414274499571394,-3.682099442237095,0.0,0.0,1.0,2.1901124675852315,0.046558689593095344,0.10071954898328662,0.0,0.0,1.0,1.5897341431843075,0.03740812208713438,0.021861295023460667,0.046561155363965344,0.3531530668127055,-0.3841581514957209
0.1255,0.3,0.03,10000,0.17856297918948524,0.003960403496474034,9130.0,-0.4214046584025034,0.017391906182505662,-3.830951440022758,0.0,0.0,1.0,2.2369395844863775,0.05000767515255364,0.09656879707017403,0.0,0.0,1.0,1.623299810813502,0.037850173252209574,0.021964349321731916,0.046561155363965344,0.35592223439211396,-0.3980126234173549
0.129,0.3,0.03,10000,0.18236254107338443,0.0038565522334202476,9130.0,-0.4380046557924161,0.01667748843753543,-3.9818605072037814,0.0,0.0,1.0,2.28474215791548,0.048395518005172236,0.09247364762346727,0.0,0.0,1.0,1.6578412824853135,0.038298240434056156,0.021890848264370884,0.046561155363965344,0.35877190580503837,-0.41189492395275207
0.1325,0.3,0.03,10000,0.18514676889375686,0.004137981363900245,9130.0,-0.44996394218395097,0.01769856310877139,-4.090581292581373,0.0,0.0,1.0,2.319610372887527,0.05156609396120214,0.08959988793305605,0.0,0.0,1.0,1.6831524444886983,0.03862097230318236,0.022033326320636627,0.046561155363965344,0.36086007667031766,-0.42176189630158417
0.136,0.3,0.03,10000,0.18836911281489596,0.004080323013570509,9130.0,-0.46364947853163263,0.017218617458414593,-4.21499525937848,0.0,0.0,1.0,2.3596924460903246,0.050524745105732745,0.0863809864374434,0.0,0.0,1.0,1.712446480135418,0.03899023462946588,0.022009009586562378,0.046561155363965344,0.36327683461117194,-0.43295082215176434
0.1395,0.3,0.03,10000,0.19214786418400875,0.003818477748418212,9130.0,-0.47946252558562436,0.01582829697903043,-4.358750232596586,0.0,0.0,1.0,2.4063857844870085,0.04697784320214538,0.08275621273186061,0.0,0.0,1.0,1.7467987653091699,0.0394168217402031,0.021920154945641427,0.046561155363965344,0.3661108981380066,-0.4457245173840773
0.14300000000000002,0.3,0.03,10000,0.19519824753559692,0.004223711108593136,9130.0,-0.4919881973468118,0.017302086142198733,-4.472619975880108,0.0,0.0,1.0,2.443854927457349,0.05165533227993962,0.07997085873599301,0.0,0.0,1.0,1.7745295230508813,0.03975464741685376,0.021983762365489892,0.046561155363965344,0.3683986856516978,-0.4556861808194659
0.14650000000000002,0.3,0.03,10000,0.19913472070098578,0.004259217105402982,9130.0,-0.5079365675308347,0.017077537796056887,-4.617605159371225,0.0,0.0,1.0,2.491934471810238,0.051767010118530785,0.07650469359906703,0.0,0.0,1.0,1.8103156427362344,0.04018471849347453,0.02202045885075711,0.046561155363965344,0.3713510405257393,-0.46823033991143304
0.15000000000000002,0.3,0.03,10000,0.20289375684556407,0.004029865339331249,9130.0,-0.5229232976760722,0.015879674460560895,-4.753848160691565,0.0,0.0,1.0,2.537528267499765,0.04869814914142142,0.07333667987994993,0.0,0.0,1.0,1.8444886985960371,0.040588782861146144,0.021977738659487253,0.046561155363965344,0.37417031763417313,-0.479860821810882
0.15350000000000003,0.3,0.03,10000,0.2067020810514787,0.004230189340811669,9130.0,-0.5378176449706942,0.016396251685303218,-4.8892513179154,0.0,0.0,1.0,2.583428531605671,0.05080886770212044,0.0702841632858981,0.0,0.0,1.0,1.879109827740715,0.040990271439430036,0.02202683461117196,0.046561155363965344,0.37702656078860897,-0.4912350309344745
0.157,0.3,0.03,10000,0.2100295728368018,0.004187942144359184,9130.0,-0.5506378833579952,0.016059083312047865,-5.005798939618138,0.0,0.0,1.0,2.6232800946791017,0.050018407040254204,0.06772290137577251,0.0,0.0,1.0,1.9093597530618343,0.041335795501561086,0.021996609762145857,0.046561155363965344,0.3795221796276014,-0.5009024604875115
0.1605,0.3,0.03,10000,0.2133592552026287,0.004207116834989265,9130.0,-0.5632702062284028,0.015769025351012555,-5.1206382384400255,0.0,0.0,1.0,2.66294152848784,0.04993911973535417,0.06526087705185078,0.0,0.0,1.0,1.93962959275117,0.04167620191717074,0.02197351091497329,0.046561155363965344,0.3820194414019716,-0.5103067900319891
0.164,0.3,0.03,10000,0.21741073384446882,0.004625933660142119,9130.0,-0.578353667926087,0.01707824695287317,-5.2577606175098826,0.0,0.0,1.0,2.7109631311278464,0.05461473988436104,0.06240495963748776,0.0,0.0,1.0,1.9764612167678979,0.042082582865036036,0.022126759112003024,0.046561155363965344,0.38505805038335167,-0.5213582092642621
0.1675,0.3,0.03,10000,0.22130449069003283,0.004185257278755432,9130.0,-0.5926500787986402,0.01518648947950501,-5.387727989078545,0.0,0.0,1.0,2.7567750709944105,0.04916278260228634,0.059764262284941846,0.0,0.0,1.0,2.011859006273026,0.04246770776138756,0.022002762083349323,0.046561155363965344,0.3879783680175247,-0.5317118328765805
0.171,0.3,0.03,10000,0.22444906900328587,0.004631134700290891,9130.0,-0.6039514625064107,0.016623620316977724,-5.490467840967369,0.0,0.0,1.0,2.7935781052453397,0.05414260000349074,0.05774223556004558,0.0,0.0,1.0,2.040446081848054,0.04277209029833183,0.02205500367625365,0.046561155363965344,0.3903368017524644,-0.5397508092874252
0.17450000000000002,0.3,0.03,10000,0.2275334063526835,0.0046199273632783824,9130.0,-0.6149101253207641,0.016353001124635082,-5.590092048370582,0.0,0.0,1.0,2.82955151415081,0.053686749799883464,0.055815032511872406,0.0,0.0,1.0,2.0684855122971224,0.04306721250682532,0.022124872436614873,0.046561155363965344,0.39265005476451265,-0.5474727860374727
0.17800000000000002,0.3,0.03,10000,0.23055202628696608,0.0038570035738627446,9130.0,-0.6255355252553894,0.013419160924470451,-5.686686593230814,0.0,0.0,1.0,2.8645469358445763,0.0445726572290956,0.053979008876571415,0.0,0.0,1.0,2.0959275116996916,0.04335333626290258,0.02195577319905941,0.046561155363965344,0.39491401971522466,-0.5549019696788178
0.18150000000000002,0.3,0.03,10000,0.23469550930996713,0.004924559716594622,9130.0,-0.6397321419042274,0.016815619076405507,-5.815746744583888,0.0,0.0,1.0,2.912387577157875,0.05665906229655478,0.05161436215299339,0.0,0.0,1.0,2.133595539181519,0.043735539513787974,0.022177952392803263,0.046561155363965344,0.39802163198247525,-0.5646095106568293
0.18500000000000003,0.3,0.03,10000,0.23783680175246438,0.003724064137781294,9130.0,-0.650450280810946,0.01247343324829268,-5.9131843710086,0.0,0.0,1.0,2.948416872898201,0.042629383987299145,0.0498495578716198,0.0,0.0,1.0,2.1621527432042216,0.04402408499086803,0.02191332491082192,0.046561155363965344,0.40037760131434835,-0.571913741795564
0.1885,0.3,0.03,10000,0.2409704271631982,0.004199401051858254,9130.0,-0.6608735614811804,0.013903839139312719,-6.007941468010729,0.0,0.0,1.0,2.9842508468321984,0.04781325284980894,0.04818932118674585,0.0,0.0,1.0,2.1906402469381656,0.04430463546395874,0.022008326830352528,0.046561155363965344,0.40272782037239874,-0.5788708219127056
0.192,0.3,0.03,10000,0.24493866374589268,0.00477591651922868,9130.0,-0.6738485500343572,0.01552993705420759,-6.125895909403248,0.0,0.0,1.0,3.0294080030749484,0.054164405802744266,0.04617291744826343,0.0,0.0,1.0,2.22671512496266,0.04465382224028619,0.02212254815484186,0.046561155363965344,0.40570399780941946,-0.5874139134201141
0.1955,0.3,0.03,10000,0.2491949616648412,0.004037081530204852,9130.0,-0.6875857274553606,0.012788354462129751,-6.250779340503277,0.0,0.0,1.0,3.0775303027623373,0.0456072180769842,0.04408297702694679,0.0,0.0,1.0,2.2654087424076472,0.04502348623507791,0.021932193551850134,0.046561155363965344,0.4088962212486309,-0.596366599147823
0.199,0.3,0.03,10000,0.2522278203723987,0.0046399740053223466,9130.0,-0.6971277308241014,0.014544419823479282,-6.337524825673649,0.0,0.0,1.0,3.111724545359522,0.052176411792512194,0.04267648522968919,0.0,0.0,1.0,2.2929801852036245,0.04528021236688269,0.022101368722432,0.046561155363965344,0.4111708652792989,-0.6024611088423956
0.2025,0.3,0.03,10000,0.25607886089813797,0.0044077709819913494,9130.0,-0.7091077921101834,0.013590325147674295,-6.446434473728938,0.0,0.0,1.0,3.1548960604070704,0.049367091877614754,0.04094234573415182,0.0,0.0,1.0,2.327989644528527,0.045602509612043186,0.02204409258995551,0.046561155363965344,0.4140591456736034,-0.6100470148325084
0.20600000000000002,0.3,0.03,10000,0.2595136911281489,0.004057176740128204,9130.0,-0.7196116338668253,0.01224057596576813,-6.541923944243865,0.0,0.0,1.0,3.1932300108027714,0.045257694040787305,0.03945652509623107,0.0,0.0,1.0,2.3592153738922637,0.04588506055872205,0.021977044516517427,0.046561155363965344,0.41663526834611175,-0.61661201447985
0.20950000000000002,0.3,0.03,10000,0.26229682365826945,0.004917788180030014,9130.0,-0.7279170811710083,0.014704839821286418,-6.617428010645527,0.0,0.0,1.0,3.2242068442547076,0.05456191023035374,0.03831507673871767,0.0,0.0,1.0,2.3845165787115405,0.04610844021115234,0.022143134135126644,0.046561155363965344,0.418722617743702,-0.6217077350505109
0.21300000000000002,0.3,0.03,10000,0.26624096385542173,0.005148430982576931,9130.0,-0.7395539946969408,0.0151520261201481,-6.723218133608552,0.0,0.0,1.0,3.2679157149845315,0.05690679911104775,0.03674131033522041,0.0,0.0,1.0,2.4203723986856516,0.04642140038593625,0.022210732825036966,0.046561155363965344,0.4216807228915663,-0.6287891636355782
0.21650000000000003,0.3,0.03,10000,0.2696374589266156,0.004378208675894977,9130.0,-0.7494595437843905,0.01255356480219574,-6.813268579858097,0.0,0.0,1.0,3.3053593401785037,0.04822380212601868,0.035424174125501806,0.0,0.0,1.0,2.4512496266055956,0.04668777972794278,0.02205141175327628,0.046561155363965344,0.42422809419496177,-0.6347673085138378
0.22,0.3,0.03,10000,0.27368236582694405,0.004787669531090068,9130.0,-0.7609441065708882,0.013485763483532098,-6.917673696098984,0.0,0.0,1.0,3.3498043055229503,0.052532898652075666,0.03394328441953378,0.0,0.0,1.0,2.488021507517674,0.04699657357812493,0.02212171201452219,0.046561155363965344,0.42726177437020807,-0.6415647607804148
0.01,0.35,0.03,10000,0.06638163716814159,0.002775773974462068,9040.0,0.22778663251518727,0.02125901755015305,2.070787568319884,1.0,0.0,0.0,0.6755811122751048,0.0431483342526537,0.3373148413134755,0.0,0.0,1.0,0.6034694288012872,0.02022686555207225,0.021673801003097185,0.05175790477917808,0.3042862278761062,0.2238307148620595
0.0135,0.35,0.03,10000,0.06938716814159292,0.0025954768757203116,9040.0,0.20503842940826708,0.019453654235784348,1.8639857218933378,1.0,0.0,0.0,0.7221598270117804,0.040167506368388485,0.32697833093180956,0.0,0.0,1.0,0.6307924376508447,0.020849997790021856,0.021608162855486692,0.05175790477917808,0.3065403761061948,0.20213984295515522
0.017,0.35,0.03,10000,0.07307964601769912,0.00248745498756531,9040.0,0.17765961677239125,0.018235009099129774,1.6150874252035576,1.0,0.0,0.0,0.7792038634135207,0.038344553787829416,0.3145496964795649,0.0,0.0,1.0,0.6643604183427193,0.021599290649183086,0.02162653281424769,0.05175790477917808,0.3093097345132743,0.17575767218084185
0.0205,0.35,0.03,10000,0.07636725663716815,0.0027634308976118866,9040.0,0.15381345051130238,0.019889818477340702,1.3983040955572943,1.0,0.0,0.0,0.82976440066786,0.0423952024513779,0.30376867922550765,0.0,0.0,1.0,0.6942477876106196,0.022251298929820848,0.02166637168141593,0.05175790477917808,0.3117754424778761,0.15255326704491207
0.024,0.35,0.03,10000,0.079929203539823,0.0027185532033198907,9040.0,0.1284389523560667,0.019211770471678817,1.1676268396006064,1.0,0.0,0.0,0.8842900973782879,0.04150850347391606,0.292362638314158,0.0,0.0,1.0,0.7266291230893002,0.022944593229421176,0.021661725663716814,0.05175790477917808,0.31444690265486724,0.12769072691995287
0.027500000000000004,0.35,0.03,10000,0.08338606194690266,0.0026867395236862025,9040.0,0.10429049435018499,0.01855968862890517,0.9480954031834997,1.0,0.0,0.0,0.9369483277109434,0.04081994823347595,0.2815901469330792,0.0,0.0,1.0,0.7580551086082061,0.023603892584642443,0.021669388401062077,0.05175790477917808,0.317039546460177,0.10387934742985669
0.031,0.35,0.03,10000,0.08715818584070795,0.003000499403967399,9040.0,0.07849105002900837,0.020326294654962346,0.7135550002637123,1.0,0.0,0.0,0.9940822982859986,0.04535043319911662,0.270198776170558,0.0,0.0,1.0,0.792347144006436,0.02430771827271467,0.02169278502663707,0.05175790477917808,0.319868639380531,0.07829856364106635
0.0345,0.35,0.03,10000,0.09060619469026551,0.0031620622074647197,9040.0,0.055347477268977145,0.021023509553872482,0.5031588842634285,0.99,0.0,0.01,1.046021988516432,0.04751454885294911,0.26009291916817706,0.0,0.0,1.0,0.8236926790024137,0.024938673782973684,0.021725996554690128,0.05175790477917808,0.3224546460176992,0.05526720226609354
0.038,0.35,0.03,10000,0.09413274336283185,0.003024086062422912,9040.0,0.03207656944456954,0.019863693153800148,0.291605176768814,0.95,0.05,0.0,1.0988483525639205,0.045198321210674706,0.2500502413730586,0.0,0.0,1.0,0.8557522123893806,0.02557273313388223,0.02172453810035391,0.05175790477917808,0.32509955752212394,0.03205126479869944
0.0415,0.35,0.03,10000,0.0972112831858407,0.0033349428080891577,9040.0,0.012149299873367938,0.021386582152699042,0.11044818066698132,0.66,0.08,0.26,1.1447058632498597,0.04949632001213082,0.24157230078235942,0.0,0.0,1.0,0.8837389380530972,0.02611535345115306,0.021807600790442604,0.05175790477917808,0.3274084623893805,0.012144198036183837
0.045000000000000005,0.35,0.03,10000,0.101087389380531,0.0030010744176857253,9040.0,-0.012570314949310631,0.018921504782891098,-0.1142755904482784,0.23,0.09,0.68,1.2020729263394374,0.044278960744810754,0.23119936138447594,0.0,0.0,1.0,0.918976267095736,0.026788152552751375,0.021736496554690135,0.05175790477917808,0.33031554203539826,-0.012565214284963292
0.0485,0.35,0.03,10000,0.10419690265486725,0.00302714588297908,9040.0,-0.03202522951186487,0.018821184525166033,-0.29113845010786255,0.03,0.03,0.94,1.2477976057796571,0.044386002919713785,0.22317515598625312,0.0,0.0,1.0,0.9472445695897024,0.027317355269349704,0.02172073784044277,0.05175790477917808,0.3326476769911505,-0.03200356254618451
0.052000000000000005,0.35,0.03,10000,0.10818694690265486,0.0030728455115415533,9040.0,-0.0565523536382131,0.018625307192509898,-0.5141123058019373,0.0,0.0,1.0,1.3060734802834768,0.044710299164750736,0.21323977169973618,0.0,0.0,1.0,0.9835176991150444,0.027984191023297886,0.02168280444840704,0.05175790477917808,0.33564021017699114,-0.05647173956947943
0.0555,0.35,0.03,10000,0.11090929203539822,0.0037349689580774125,9040.0,-0.07294844353413929,0.022466662544297383,-0.6631676684921755,0.0,0.0,1.0,1.3456250476376779,0.0540301849658173,0.20672543258612244,0.0,0.0,1.0,1.008266291230893,0.028429708221682715,0.021887231811150508,0.05175790477917808,0.33768196902654873,-0.07278386678712591
0.059000000000000004,0.35,0.03,10000,0.11492256637168144,0.0032595650271248725,9040.0,-0.09687194318649425,0.019180630988811016,-0.8806540289681298,0.0,0.0,1.0,1.4035126850362698,0.04681262340377433,0.19736322942946077,0.0,0.0,1.0,1.0447506033789218,0.029079585641633585,0.021795146879026582,0.05175790477917808,0.3406919247787611,-0.09653497199477247
0.0625,0.35,0.03,10000,0.11840265486725662,0.003815955317531002,9040.0,-0.11715002789887136,0.02211700963563556,-1.0650002536261032,0.0,0.0,1.0,1.4533272197808587,0.054429956498129504,0.18962981365266493,0.0,0.0,1.0,1.0763877715205148,0.029630110111943213,0.021898672566371683,0.05175790477917808,0.3433019911504426,-0.11656165143147938
0.066,0.35,0.03,10000,0.12212721238938055,0.003475210025685878,9040.0,-0.13857437508025663,0.019761287246157014,-1.259767046184151,0.0,0.0,1.0,1.5062765166327645,0.04922233947114956,0.18160466494335115,0.0,0.0,1.0,1.1102473853580048,0.030211568473347553,0.02184046115646005,0.05175790477917808,0.3460954092920354,-0.13764172966371357
0.0695,0.35,0.03,10000,0.1258119469026549,0.003975504589678244,9040.0,-0.1593187311371912,0.022321546251431255,-1.4483521012471923,0.0,0.0,1.0,1.558255314201026,0.05594767503009525,0.1740424420377925,0.0,0.0,1.0,1.143744971842317,0.030774279908209023,0.021948021380707762,0.05175790477917808,0.3488589601769911,-0.15790981382830277
0.073,0.35,0.03,10000,0.129016592920354,0.0035746288394181685,9040.0,-0.17715302774189298,0.019730712358311062,-1.610482070380845,0.0,0.0,1.0,1.603139795042995,0.04993344124822064,0.1676577258994837,0.0,0.0,1.0,1.1728781174577636,0.03125792537467743,0.02183224692628315,0.05175790477917808,0.3512624446902655,-0.17525785720021994
0.0765,0.35,0.03,10000,0.13230309734513276,0.003426985386865452,9040.0,-0.19514130599849352,0.01857317355534794,-1.7740118727135776,0.0,0.0,1.0,1.648882602832442,0.04750336993453491,0.16136225823088624,0.0,0.0,1.0,1.2027554304102976,0.03174556371148698,0.0218179928730974,0.05175790477917808,0.3537273230088496,-0.19263786907666894
0.08,0.35,0.03,10000,0.13570022123893807,0.0033005774329633855,9040.0,-0.21344560438705698,0.017651030449118935,-1.940414585336882,0.0,0.0,1.0,1.695836776031467,0.045432384975660045,0.15510215246696174,0.0,0.0,1.0,1.233638374899437,0.03224159875466111,0.021802581368672625,0.05175790477917808,0.3562751659292035,-0.2102004187095014
0.08349999999999999,0.35,0.03,10000,0.13974889380530972,0.0034612254082360557,9040.0,-0.23486488818762855,0.018164224242744078,-2.1351353471602597,0.0,0.0,1.0,1.7513573763191475,0.0473024421078757,0.14797437149403833,0.0,0.0,1.0,1.2704444891391795,0.03282182651422425,0.02182731956353969,0.05175790477917808,0.35931167035398226,-0.23056848766508767
0.087,0.35,0.03,10000,0.14286836283185841,0.004261782147726251,9040.0,-0.25103722454193944,0.022054123541704045,-2.2821565867449043,0.0,0.0,1.0,1.793811814418502,0.05783357112479759,0.142750730585791,0.0,0.0,1.0,1.2988032984714402,0.03325974189686549,0.02199429105592933,0.05175790477917808,0.36165127212389386,-0.2457826300502071
0.0905,0.35,0.03,10000,0.14597898230088494,0.004012275547074727,9040.0,-0.26703253905059343,0.02042658158680145,-2.427568536823577,0.0,0.0,1.0,1.8359133685506683,0.05402574227406163,0.13765939878655836,0.0,0.0,1.0,1.3270816572807727,0.03369279636822752,0.021992961899646085,0.05175790477917808,0.36398423672566366,-0.2607608495483194
0.094,0.35,0.03,10000,0.15007853982300887,0.004065735248375551,9040.0,-0.28773465585147845,0.02028383321302833,-2.6157695986498037,0.0,0.0,1.0,1.8909378438771016,0.05435496912115255,0.1312601494965343,0.0,0.0,1.0,1.3643503620273532,0.03425308943404438,0.02197389995274343,0.05175790477917808,0.36705890486725656,-0.27994284250401996
0.0975,0.35,0.03,10000,0.15340597345132742,0.003897860483310865,9040.0,-0.3042761102123774,0.01914521638434111,-2.766146456476157,0.0,0.0,1.0,1.935251408367912,0.05173001333776861,0.12627926878122933,0.0,0.0,1.0,1.3945997586484313,0.034700647392203715,0.021890620212212584,0.05175790477917808,0.36955448008849556,-0.29512265674220267
0.10099999999999999,0.35,0.03,10000,0.15682522123893805,0.003449150027232876,9040.0,-0.3210371228742922,0.016782169437878674,-2.9185192988572015,0.0,0.0,1.0,1.9805038986276322,0.045467936412676414,0.12134789624185084,0.0,0.0,1.0,1.4256838294448915,0.035154031801619315,0.021815906218318543,0.05175790477917808,0.37211891592920354,-0.3103665556884405
0.1045,0.35,0.03,10000,0.16001106194690265,0.003749294739097994,9040.0,-0.33636852971963777,0.01791007800144399,-3.0578957247239793,0.0,0.0,1.0,2.0223793649676463,0.04905803706475181,0.11696722216429539,0.0,0.0,1.0,1.454646017699115,0.035568615966621295,0.021884992754955982,0.05175790477917808,0.37450829646017686,-0.3241392477827153
0.108,0.35,0.03,10000,0.16471902654867257,0.0040383588808163414,9040.0,-0.3586370978022494,0.018926883249957706,-3.2603372527477212,0.0,0.0,1.0,2.083783463408992,0.05250525226345467,0.1107876046173492,0.0,0.0,1.0,1.4974456958970235,0.03617062023335278,0.021984378926459942,0.05175790477917808,0.3780392699115045,-0.34390557343627665
0.1115,0.35,0.03,10000,0.16783738938053092,0.0036132400819248816,9040.0,-0.37317946920837414,0.016695762397936062,-3.392540629167039,0.0,0.0,1.0,2.1241142179369006,0.046659840387505695,0.1068558732156123,0.0,0.0,1.0,1.525794448913918,0.03656366722542007,0.021860921215309758,0.05175790477917808,0.3803780420353982,-0.35668378638183945
0.11499999999999999,0.35,0.03,10000,0.17082190265486724,0.003996641163559133,9040.0,-0.38684749165863863,0.018238774653515945,-3.516795378714897,0.0,0.0,1.0,2.1624914869119576,0.05122490998087493,0.1032651580518398,0.0,0.0,1.0,1.5529263877715203,0.03693297934936827,0.021933661132831763,0.05175790477917808,0.38261642699115045,-0.36853461493230066
0.1185,0.35,0.03,10000,0.17426769911504422,0.004020627792422421,9040.0,-0.40243479314430386,0.01811171664894533,-3.658498119493671,0.0,0.0,1.0,2.2065328509584035,0.051220613527475256,0.09925870220226632,0.0,0.0,1.0,1.5842518101367657,0.037354073633586046,0.021951704401150473,0.05175790477917808,0.3852007743362833,-0.3819248345859976
0.122,0.35,0.03,10000,0.17825221238938052,0.0037432734413211746,9040.0,-0.42018621564500996,0.01650577598015013,-3.8198746876819096,0.0,0.0,1.0,2.2570816523551387,0.047334885468896616,0.09481743579633899,0.0,0.0,1.0,1.6204746580852774,0.03783352695975004,0.02187630100309718,0.05175790477917808,0.38818915929203546,-0.39699714053785506
0.1255,0.35,0.03,10000,0.18112168141592921,0.004317702473331494,9040.0,-0.4327154896868946,0.01881853300815767,-3.9337771789717686,0.0,0.0,1.0,2.2932676130571785,0.05425527969247821,0.09178126388394366,0.0,0.0,1.0,1.6465607401448108,0.03817183843071804,0.022030992873097413,0.05175790477917808,0.3903412610619469,-0.40746922497202703
0.129,0.35,0.03,10000,0.184396017699115,0.003710433697153949,9040.0,-0.4469151474581481,0.015896451584022586,-4.062864976892255,0.0,0.0,1.0,2.334307810070826,0.046298836784243486,0.08839139812681926,0.0,0.0,1.0,1.6763274336283183,0.038555218023041314,0.021911780365575444,0.05175790477917808,0.3927970132743362,-0.4192734443798136
0.1325,0.35,0.03,10000,0.18887610619469025,0.003822098189330783,9040.0,-0.46593830963142596,0.01608404075377159,-4.235802814831144,0.0,0.0,1.0,2.3900543262794582,0.04741196464572665,0.08400549706340386,0.0,0.0,1.0,1.7170555108608203,0.039068685197566774,0.021935943457344998,0.05175790477917808,0.39615707964601765,-0.43482147195774784
0.136,0.35,0.03,10000,0.1918362831858407,0.004201422170570672,9040.0,-0.47827682498336216,0.01749991793570295,-4.347971136212383,0.0,0.0,1.0,2.42661683784773,0.05179548050762531,0.08124873188028246,0.0,0.0,1.0,1.7439662107803704,0.03940164444507727,0.021963649581150407,0.05175790477917808,0.3983772123893805,-0.44475464467548603
0.1395,0.35,0.03,10000,0.19590486725663714,0.004800080589105444,9040.0,-0.4949603967333969,0.019566079187644275,-4.499639970303609,0.0,0.0,1.0,2.4766365252363753,0.05879080154259492,0.07761576611994415,0.0,0.0,1.0,1.7809533386967016,0.03985176866474535,0.022206488566460077,0.05175790477917808,0.40142865044247783,-0.4580074622125615
0.14300000000000002,0.35,0.03,10000,0.1981360619469026,0.003973892346173927,9040.0,-0.5040727936711498,0.01602550991242445,-4.582479942464999,0.0,0.0,1.0,2.5038539079402837,0.04835141282180855,0.07565704818044978,0.0,0.0,1.0,1.8012369267900241,0.04009760959243641,0.021963103256283575,0.05175790477917808,0.40310204646017694,-0.46522149957867703
0.14650000000000002,0.35,0.03,10000,0.2027367256637168,0.0041469261381355815,9040.0,-0.5224292856983489,0.01643205126780811,-4.749357142712263,0.0,0.0,1.0,2.559700984524473,0.05020077739274481,0.07184888655572123,0.0,0.0,1.0,1.843061142397426,0.040592710547251214,0.02197764073159289,0.05175790477917808,0.40655254424778753,-0.47947421187222744
0.15000000000000002,0.35,0.03,10000,0.2055121681415929,0.004639736370114337,9040.0,-0.5332903432916862,0.018065703752045106,-4.84809402992442,0.0,0.0,1.0,2.593200169139475,0.055784588845791475,0.06966293399710383,0.0,0.0,1.0,1.8682924376508445,0.04088558669899834,0.02210408223000009,0.05175790477917808,0.40863412610619465,-0.4877720935791341
0.15350000000000003,0.35,0.03,10000,0.2094236725663717,0.004305216663497136,9040.0,-0.5484449221489757,0.016544743002014688,-4.985862928627052,0.0,0.0,1.0,2.6401231931656786,0.051486112694312164,0.06667130019511129,0.0,0.0,1.0,1.903851568785197,0.041294195885620166,0.022029356684424704,0.05175790477917808,0.4115677544247787,-0.49925234869202595
0.157,0.35,0.03,10000,0.21350774336283185,0.0042042129835537685,9040.0,-0.5639637451117178,0.015896144990821943,-5.126943137379254,0.0,0.0,1.0,2.6887929541730187,0.050035246540858704,0.06370274677587046,0.0,0.0,1.0,1.9409794851166533,0.04171254149751752,0.021994813416106002,0.05175790477917808,0.41463080752212383,-0.5108181554725645
0.1605,0.35,0.03,10000,0.21675995575221235,0.00442169081375541,9040.0,-0.576094996297317,0.016431861615169366,-5.237227239066518,0.0,0.0,1.0,2.7273360059831044,0.05228767589587876,0.061448068962320655,0.0,0.0,1.0,1.9705450522928396,0.04203950700457777,0.022050949722920127,0.05175790477917808,0.41706996681415925,-0.5197200875047076
0.164,0.35,0.03,10000,0.21960840707964607,0.00479594952070692,9040.0,-0.5865575187399845,0.017571301340253125,-5.332341079454405,0.0,0.0,1.0,2.7609413291859086,0.05640673223136218,0.05954943627030798,0.0,0.0,1.0,1.996440064360418,0.04232145442425254,0.022155748530796656,0.05175790477917808,0.4192063053097346,-0.5272989263607092
0.1675,0.35,0.03,10000,0.22388938053097346,0.004172341209361893,9040.0,-0.6021147620894369,0.01496491921511379,-5.473770564449428,0.0,0.0,1.0,2.8111313993034197,0.04882506194240708,0.05678157396486734,0.0,0.0,1.0,2.035358004827031,0.04274065384205526,0.022012536377698986,0.05175790477917808,0.42241703539823017,-0.5384679276093555
0.171,0.35,0.03,10000,0.22707300884955753,0.004200646019020071,9040.0,-0.6134495240973025,0.014934936796066728,-5.5768138554300215,0.0,0.0,1.0,2.8482459406401732,0.04888699583529808,0.05482700643949868,0.0,0.0,1.0,2.064300080450523,0.043046018084562654,0.02199656304451298,0.05175790477917808,0.42480475663716816,-0.5464661922668627
0.17450000000000002,0.35,0.03,10000,0.230603982300885,0.0047085215937584576,9040.0,-0.6257926904724893,0.01635469697266204,-5.689024458840812,0.0,0.0,1.0,2.8892244767568895,0.05451658132962189,0.0527544154012658,0.0,0.0,1.0,2.0963998390989547,0.0433784970770601,0.022093617746371613,0.05175790477917808,0.4274529867256638,-0.5550466848300555
0.17800000000000002,0.35,0.03,10000,0.23401327433628316,0.004460903310134749,9040.0,-0.6375710884880371,0.015276295252226912,-5.796100804436701,0.0,0.0,1.0,2.9285916079354566,0.05139341173607358,0.05081479560138311,0.0,0.0,1.0,2.1273934030571193,0.04369573111989466,0.022065265486725667,0.05175790477917808,0.43000995575221246,-0.5631546477523783
0.18150000000000002,0.35,0.03,10000,0.23771128318584073,0.004022819570620118,9040.0,-0.6501452796557763,0.01347108325328098,-5.91041163323433,0.0,0.0,1.0,2.971060560096583,0.04613831785413951,0.04879438237292235,0.0,0.0,1.0,2.1610116653258244,0.04403435440336843,0.02197362033035401,0.05175790477917808,0.4327834623893805,-0.5716986270474099
0.18500000000000003,0.35,0.03,10000,0.24083407079646016,0.004946029051516715,9040.0,-0.6605035368392815,0.01642359979075153,-6.004577607629832,0.0,0.0,1.0,3.0067972225285957,0.05640704849873871,0.04718397665706138,0.0,0.0,1.0,2.1894006436041833,0.04431324721803742,0.02219257706203529,0.05175790477917808,0.4351255530973452,-0.5785956583639319
0.1885,0.35,0.03,10000,0.24315265486725665,0.004232623110513951,9040.0,-0.6681944273610197,0.013846956719323894,-6.074494794191087,0.0,0.0,1.0,3.033211142010324,0.048007914821413075,0.04599317998488741,0.0,0.0,1.0,2.210478680611424,0.04452032263938582,0.022086978501150795,0.05175790477917808,0.43686449115044257,-0.5837178902718831
0.192,0.35,0.03,10000,0.2490033185840708,0.005135078107646481,9040.0,-0.6870334296168462,0.016369932057726244,-6.245758451062239,0.0,0.0,1.0,3.0995354122996757,0.05806944319871933,0.04318942170057361,0.0,0.0,1.0,2.263666532582462,0.045027445496199234,0.022312452425043948,0.05175790477917808,0.4412524889380531,-0.5959709082068896
0.1955,0.35,0.03,10000,0.25162831858407086,0.0046065044731819224,9040.0,-0.6953822045215884,0.014506055389853662,-6.321656404741715,0.0,0.0,1.0,3.129047997084127,0.051837815161856524,0.04197385158282864,0.0,0.0,1.0,2.2875301689460987,0.045252164392875605,0.02208716814159292,0.05175790477917808,0.4432212389380531,-0.6013485328017163
0.199,0.35,0.03,10000,0.25480641592920356,0.004640703834981999,9040.0,-0.705298794736006,0.01440414016430752,-6.411807224872781,0.0,0.0,1.0,3.1647395112513355,0.051981728794877786,0.04056233363365595,0.0,0.0,1.0,2.3164219629927594,0.04551904773610452,0.02212217428902661,0.05175790477917808,0.4456048119469026,-0.6076416357905008
0.2025,0.35,0.03,10000,0.25765707964601764,0.004810873210196989,9040.0,-0.7140534077581926,0.014681595824864531,-6.49139461598357,0.0,0.0,1.0,3.1966355142910596,0.05362687955597373,0.03934200718759029,0.0,0.0,1.0,2.3423370876910696,0.04575463421505097,0.02217382817681435,0.05175790477917808,0.44774280973451325,-0.613130692878942
0.20600000000000002,0.35,0.03,10000,0.26102544247787607,0.004215052212460678,9040.0,-0.7242938731753781,0.01264341486626414,-6.584489756139801,0.0,0.0,1.0,3.23412964267916,0.04677181599247077,0.03793781265913101,0.0,0.0,1.0,2.372958567980692,0.04603018646686079,0.02201204142752235,0.05175790477917808,0.4502690818584072,-0.6195015817117805
0.20950000000000002,0.35,0.03,10000,0.2662621681415929,0.0049418657914258235,9040.0,-0.7397670833651828,0.01437024892440222,-6.725155303319843,0.0,0.0,1.0,3.292193301865018,0.05470696740323747,0.03588715172280125,0.0,0.0,1.0,2.4205651649235715,0.046446468504403586,0.02212715854884936,0.05175790477917808,0.4541966261061946,-0.6289267620232313
0.21300000000000002,0.35,0.03,10000,0.2690940265486726,0.0042250937327504585,9040.0,-0.7480392134443722,0.012207810298774772,-6.800356485857926,0.0,0.0,1.0,3.3234342742120027,0.04655897214434962,0.034809544943225725,0.0,0.0,1.0,2.4463093322606597,0.04666900093098949,0.022023542525132677,0.05175790477917808,0.45632051991150424,-0.6339217644322054
0.21650000000000003,0.35,0.03,10000,0.27254867256637166,0.004332691297169482,9040.0,-0.757906607902783,0.012288956477896847,-6.890060071843481,0.0,0.0,1.0,3.3614119137331078,0.04755665358940381,0.0335573357342993,0.0,0.0,1.0,2.4777152051488334,0.046934414195488355,0.022017715091504356,0.05175790477917808,0.45891150442477874,-0.6397857508022837
0.22,0.35,0.03,10000,0.27511172566371683,0.004384354739348972,9040.0,-0.7651170179214017,0.012191070679330566,-6.955609253830926,0.0,0.0,1.0,3.3895365263360766,0.047929588686376014,0.03265740323983737,0.0,0.0,1.0,2.501015687851971,0.04712834366549932,0.02210046608814199,0.05175790477917808,0.46083379424778753,-0.6440256963821335
0.01,0.4,0.03,10000,0.06847709497206704,0.002936572837547218,8950.0,0.2117811216611734,0.022120552988520743,1.9252829241924854,1.0,0.0,0.0,0.7322350185039255,0.045487783754949,0.32478317853324873,0.0,0.0,1.0,0.6225190452006095,0.020674871847150986,0.02170756976755241,0.05703284516337991,0.3383578212290503,0.20857404452023443
0.0135,0.4,0.03,10000,0.07249832402234638,0.00279507961795397,8950.0,0.1818262111096969,0.020563977871462136,1.6529655555426992,1.0,0.0,0.0,0.7944003274478326,0.04314132933178635,0.3112991343072137,0.0,0.0,1.0,0.6590756729304217,0.021495191530450403,0.021695108970972394,0.05703284516337991,0.3413737430167599,0.17977566996014618
0.017,0.4,0.03,10000,0.0760268156424581,0.0028492480936262855,8950.0,0.15613646355303948,0.02043139675066377,1.419422395936723,1.0,0.0,0.0,0.8486708135582508,0.04379851107992252,0.2997920261453873,0.0,0.0,1.0,0.6911528694768918,0.022198022920890216,0.021652290502793298,0.05703284516337991,0.3440201117318436,0.15481905162640378
0.0205,0.4,0.03,10000,0.07934525139664804,0.003110422883492694,8950.0,0.13246983314774055,0.021945077151570656,1.2042712104340052,1.0,0.0,0.0,0.8995218692037892,0.04755507342760248,0.28924599942025975,0.0,0.0,1.0,0.7213204672422551,0.02284496001100472,0.021734460926279654,0.05703284516337991,0.34650893854748616,0.1316396254490875
0.024,0.4,0.03,10000,0.08227709497206702,0.0029635078690933604,8950.0,0.11187801939703325,0.020559007190010182,1.0170729036093933,1.0,0.0,0.0,0.9442399488781048,0.045070259235692474,0.28013408744869617,0.0,0.0,1.0,0.7479735906551549,0.023407510416549787,0.0217276660227803,0.05703284516337991,0.34870782122905036,0.1113685911730691
0.027500000000000004,0.4,0.03,10000,0.08615530726256983,0.0031390783573354924,8950.0,0.08518643700120868,0.021405930711170883,0.7744221545564425,1.0,0.0,0.0,1.003099295126213,0.04747915613488428,0.2684339115236784,0.0,0.0,1.0,0.7832300660233621,0.024136145960125307,0.021782863160916523,0.05703284516337991,0.3516164804469274,0.08494243240002175
0.031,0.4,0.03,10000,0.09006927374301674,0.003034380589348108,8950.0,0.058775973054134345,0.020283910976538887,0.5343270277648575,1.0,0.0,0.0,1.0620915752274471,0.04566222269495044,0.25700560167266834,0.0,0.0,1.0,0.8188115794819706,0.024856598095130047,0.021684169075475684,0.05703284516337991,0.35455195530726263,0.0586839558742686
0.0345,0.4,0.03,10000,0.09340446927374302,0.003074803338500593,8950.0,0.03671158208374101,0.020168410981130556,0.3337416553067364,0.95,0.02,0.03,1.112107497814288,0.04600337207246538,0.24757666869941922,0.0,0.0,1.0,0.8491315388522093,0.025458085614903238,0.02171967456479313,0.05703284516337991,0.35705335195530735,0.0366802530175804
0.038,0.4,0.03,10000,0.09667374301675975,0.0027481644916409046,8950.0,0.015416766973788609,0.01774112462370826,0.14015242703444192,0.76,0.06,0.18,1.1608483138626,0.04085326225889253,0.23859159175714204,0.0,0.0,1.0,0.8788522092432706,0.02603829519227755,0.021664920374848996,0.05703284516337991,0.3595053072625698,0.015410431880112756
0.0415,0.4,0.03,10000,0.10044134078212291,0.003437479924975161,8950.0,-0.008581559725185631,0.021802707097545324,-0.07801417931986938,0.28,0.08,0.64,1.2166840113004982,0.05079316296860694,0.22864262400754157,0.0,0.0,1.0,0.9131030980192993,0.026691704811364025,0.02181374866820177,0.05703284516337991,0.3623310055865923,-0.008578411626051883
0.045000000000000005,0.4,0.03,10000,0.10351284916201116,0.0033476005796406754,8950.0,-0.027876666272351996,0.020854530132620848,-0.25342423883956366,0.08,0.05,0.87,1.2619032757494406,0.04913177099305726,0.22076116010500685,0.0,0.0,1.0,0.9410259014728288,0.02721683965333147,0.021773617286010846,0.05703284516337991,0.36463463687150843,-0.027857547439461103
0.0485,0.4,0.03,10000,0.10747709497206703,0.0033520937465533404,8950.0,-0.052333303207306774,0.020476676875612103,-0.4757573018846071,0.0,0.0,1.0,1.3199224182821419,0.048890337133442936,0.21094499914574044,0.0,0.0,1.0,0.9770644997460637,0.027882096284055306,0.021826629936905526,0.05703284516337991,0.3676078212290503,-0.05226401776585877
0.052000000000000005,0.4,0.03,10000,0.1106994413407821,0.003523840770198913,8950.0,-0.07184621176874827,0.021255003591815372,-0.6531473797158935,0.0,0.0,1.0,1.3667408512149137,0.05105035486585219,0.20327087373072422,0.0,0.0,1.0,1.006358557643474,0.02841259695673304,0.0218557151486487,0.05703284516337991,0.3700245810055867,-0.07169216442938497
0.0555,0.4,0.03,10000,0.11446927374301674,0.0035912724820074365,8950.0,-0.09430442979487534,0.021091153176435833,-0.8573129981352307,0.0,0.0,1.0,1.4211278143069586,0.05163911875240613,0.19461096420549037,0.0,0.0,1.0,1.0406297613001525,0.029022905749842898,0.021827814164747772,0.05703284516337991,0.3728519553072627,-0.09398315191338463
0.059000000000000004,0.4,0.03,10000,0.1179921787709497,0.0030729572849486795,8950.0,-0.11497710692449972,0.0177939533071012,-1.0452464265863608,0.0,0.0,1.0,1.4716025379197881,0.043906151826323965,0.18678984670515386,0.0,0.0,1.0,1.0726561706449977,0.02958446556776575,0.021708938547486033,0.05703284516337991,0.37549413407821236,-0.11443717970237607
0.0625,0.4,0.03,10000,0.12112513966480448,0.0038156504310301776,8950.0,-0.1329593831031757,0.021925003821678314,-1.2087216645743242,0.0,0.0,1.0,1.5162156025241114,0.054164805903067034,0.1801567949174439,0.0,0.0,1.0,1.1011376333164042,0.030072669777029586,0.021910572658123236,0.05703284516337991,0.37784385474860327,-0.1321214234404109
0.066,0.4,0.03,10000,0.12466145251396649,0.003667796802212958,8950.0,-0.15303325046810942,0.020630425017681066,-1.3912113678919038,0.0,0.0,1.0,1.5662125931458641,0.051664010816984816,0.17288050279219339,0.0,0.0,1.0,1.1332859319451496,0.030617517112571706,0.021873600591084123,0.05703284516337991,0.38049608938547486,-0.15178735019985037
0.0695,0.4,0.03,10000,0.1280502793296089,0.0038493143861423884,8950.0,-0.17192688411247953,0.021288526791119155,-1.562971673749814,0.0,0.0,1.0,1.613799184184907,0.053844483505745215,0.1661944215495222,0.0,0.0,1.0,1.1640934484509902,0.031130112427903023,0.021939769472010345,0.05703284516337991,0.3830377094972068,-0.17017834892192735
0.073,0.4,0.03,10000,0.13163798882681566,0.003284566852582565,8950.0,-0.1916743977179178,0.01792193377242415,-1.7424945247083437,0.0,0.0,1.0,1.6638020373042928,0.04561365413102775,0.15934634325981736,0.0,0.0,1.0,1.1967089893346874,0.03166571612572655,0.021798470751453337,0.05703284516337991,0.38572849162011175,-0.1893035808052807
0.0765,0.4,0.03,10000,0.13522346368715085,0.003581669350511285,8950.0,-0.21100904797464576,0.019184697974810656,-1.9182640724967794,0.0,0.0,1.0,1.7134088044619071,0.04938175028954393,0.15283056413425605,0.0,0.0,1.0,1.229304215337735,0.03218988660277025,0.02185514107766497,0.05703284516337991,0.38841759776536317,-0.20785982162475045
0.08,0.4,0.03,10000,0.13871396648044695,0.0036409301827752608,8950.0,-0.22954593918102223,0.019206468544498142,-2.08678126528202,0.0,0.0,1.0,1.761369633050121,0.04983371306828751,0.14672763731817534,0.0,0.0,1.0,1.261036058913154,0.032692267247317115,0.021905712322927703,0.05703284516337991,0.3910354748603352,-0.2255195995713566
0.08349999999999999,0.4,0.03,10000,0.1428882681564246,0.0032895791337015597,8950.0,-0.2513632342377712,0.016984730024543294,-2.2851203112524647,0.0,0.0,1.0,1.8182486917938385,0.044706605830029035,0.13972970968824083,0.0,0.0,1.0,1.2989842559674962,0.03328335988997905,0.02182005034417943,0.05703284516337991,0.39416620111731854,-0.2461334971098266
0.087,0.4,0.03,10000,0.14492290502793298,0.003576964143299106,8950.0,-0.2618106230106586,0.018329661797166875,-2.3800965728241685,0.0,0.0,1.0,1.8457859029210542,0.04825603580085094,0.13646716721028498,0.0,0.0,1.0,1.3174809547993904,0.03356630992170255,0.0218557972752716,0.05703284516337991,0.39569217877094987,-0.25590890733192273
0.0905,0.4,0.03,10000,0.14837206703910616,0.0034008900994799366,8950.0,-0.2793545257665476,0.01719710841571379,-2.5395865978777055,0.0,0.0,1.0,1.8922245397196311,0.045557980133786556,0.13107752401808928,0.0,0.0,1.0,1.348836973082783,0.03404137164000411,0.021821469208893194,0.05703284516337991,0.3982790502793296,-0.27223428655177473
0.094,0.4,0.03,10000,0.1526335195530726,0.00375129123381267,8950.0,-0.3006106957234487,0.018556798020333665,-2.732824506576806,0.0,0.0,1.0,1.9491500598363398,0.049866952456619915,0.12474686419166905,0.0,0.0,1.0,1.3875774504824785,0.034616748383406885,0.021908353368167755,0.05703284516337991,0.4014751396648045,-0.29178047928581125
0.0975,0.4,0.03,10000,0.15590391061452513,0.003505906150290891,8950.0,-0.3166887120166251,0.017117372667988063,-2.8789882910602267,0.0,0.0,1.0,1.9925012555981547,0.04628897099696579,0.12007773300109971,0.0,0.0,1.0,1.4173082783138653,0.035051845883238585,0.02186502086865839,0.05703284516337991,0.40392793296089397,-0.30642951527065593
0.10099999999999999,0.4,0.03,10000,0.15947709497206702,0.0042178856529245115,8950.0,-0.3339077548004324,0.02019820881875617,-3.035525043640294,0.0,0.0,1.0,2.039544932197815,0.055287772338818174,0.11523150072231271,0.0,0.0,1.0,1.4497917724733367,0.03551766198838142,0.022051138187094147,0.05703284516337991,0.4066078212290503,-0.3219109405128232
0.1045,0.4,0.03,10000,0.16338659217877094,0.00400483667684849,8950.0,-0.3525157435692471,0.01884436015051928,-3.2046885779022474,0.0,0.0,1.0,2.0906037424903214,0.05212934751032123,0.11011597907194316,0.0,0.0,1.0,1.485332656170645,0.036020948629026175,0.02197106145251396,0.05703284516337991,0.4095399441340782,-0.3384992108340819
0.108,0.4,0.03,10000,0.16639441340782127,0.0039609282778315935,8950.0,-0.3666011824230852,0.018397242491796535,-3.3327380220280474,0.0,0.0,1.0,2.1296022836782766,0.05120086532587675,0.10634964857607768,0.0,0.0,1.0,1.5126764855256474,0.03640181426369097,0.021909840749697995,0.05703284516337991,0.4117958100558661,-0.35091208467665647
0.1115,0.4,0.03,10000,0.1699217877094972,0.0038869226789823726,8950.0,-0.3828816354174357,0.017770320177983783,-3.4807421401585072,0.0,0.0,1.0,2.1750817836833476,0.049889875654570766,0.1021002767296634,0.0,0.0,1.0,1.5447435246317927,0.03684193244677999,0.021922568419541735,0.05703284516337991,0.41444134078212286,-0.36510839697429603
0.11499999999999999,0.4,0.03,10000,0.1733519553072626,0.004131148903386706,8950.0,-0.39844358838845545,0.018641844946606558,-3.622214439895049,0.0,0.0,1.0,2.2190151657927193,0.05265865072424246,0.09815355771391544,0.0,0.0,1.0,1.57592686642966,0.03726251740575674,0.022022702562603844,0.05703284516337991,0.417013966480447,-0.37850506512927606
0.1185,0.4,0.03,10000,0.176982122905028,0.0038063273299724317,8950.0,-0.4147017182534395,0.01683749864731633,-3.770015620485813,0.0,0.0,1.0,2.2651467988714646,0.048198717770847645,0.09413021838946037,0.0,0.0,1.0,1.6089283900457085,0.037701835141060715,0.021897367237373483,0.05703284516337991,0.4197365921787709,-0.3923642093213532
0.122,0.4,0.03,10000,0.1808078212290503,0.004247795193171226,8950.0,-0.4314907634121736,0.0185564278008294,-3.922643303747033,0.0,0.0,1.0,2.313465092117579,0.05344496363628932,0.09010907807335501,0.0,0.0,1.0,1.6437074657186388,0.0381553675120007,0.02204098471793378,0.05703284516337991,0.4226058659217877,-0.40645097494106075
0.1255,0.4,0.03,10000,0.18458882681564245,0.0042221400566272715,8950.0,-0.44784072288367244,0.018074586838597046,-4.071279298942476,0.0,0.0,1.0,2.360851696326726,0.05277484437395352,0.08629679831727241,0.0,0.0,1.0,1.6780802437785678,0.03859695101427425,0.02202268156424581,0.05703284516337991,0.4254416201117319,-0.420010518338822
0.129,0.4,0.03,10000,0.187868156424581,0.004204689513804401,8950.0,-0.46179807535488804,0.017788768615099634,-4.198164321408074,0.0,0.0,1.0,2.4016760851171686,0.05223193441997857,0.08313087040083932,0.0,0.0,1.0,1.7078923311325545,0.03897383458654529,0.02199690650564328,0.05703284516337991,0.42790111731843583,-0.4314387237754048
0.1325,0.4,0.03,10000,0.19117988826815638,0.004241971659596101,8950.0,-0.4756825688753837,0.01773069928652629,-4.3243869897762135,0.0,0.0,1.0,2.4426761343613204,0.0523489467844208,0.08006005144716234,0.0,0.0,1.0,1.7379989842559675,0.039348678588213615,0.022027402299486694,0.05703284516337991,0.43038491620111735,-0.44266881219854814
0.136,0.4,0.03,10000,0.1941798882681564,0.003576868075799614,8950.0,-0.48813418652247814,0.014672610123608749,-4.4375835138407105,0.0,0.0,1.0,2.479578889351211,0.043844193776750875,0.07735952836906185,0.0,0.0,1.0,1.7652717115286949,0.03968479704756184,0.021859452384266835,0.05703284516337991,0.43263491620111744,-0.45265758261667455
0.1395,0.4,0.03,10000,0.1978614525139665,0.004525965700023746,8950.0,-0.5030586370737444,0.01836982749128679,-4.573260337034039,0.0,0.0,1.0,2.5246345874854543,0.05518048819081489,0.07423779838298868,0.0,0.0,1.0,1.7987404773996951,0.04008755167346832,0.022076963719575748,0.05703284516337991,0.43539608938547497,-0.4643978621455391
0.14300000000000002,0.4,0.03,10000,0.20152513966480445,0.0037583478591040223,8950.0,-0.5177930134159504,0.01498996643435892,-4.707209212872277,0.0,0.0,1.0,2.5691536456111432,0.045516849997630074,0.07120862905602478,0.0,0.0,1.0,1.832046724225495,0.04048514118708051,0.021891104797240716,0.05703284516337991,0.4381438547486034,-0.47591312238766015
0.14650000000000002,0.4,0.03,10000,0.2056413407821229,0.00454158240069586,8950.0,-0.5339391828800366,0.017691895658982416,-4.853992571636698,0.0,0.0,1.0,2.6188755875537555,0.05469734201020251,0.06801436723626879,0.0,0.0,1.0,1.8694667343829354,0.0409207041303829,0.022073582483296907,0.05703284516337991,0.4412310055865922,-0.48827124310550707
0.15000000000000002,0.4,0.03,10000,0.20908603351955304,0.004781484726266898,8950.0,-0.5472492208101168,0.01841700206902077,-4.974992916455608,0.0,0.0,1.0,2.6602236780599484,0.057263368205227594,0.06544821494849504,0.0,0.0,1.0,1.9007821229050277,0.04127970023292427,0.022155956784972886,0.05703284516337991,0.44381452513966485,-0.49833011655793535
0.15350000000000003,0.4,0.03,10000,0.21252737430167604,0.004392670065398314,8950.0,-0.5603902034320611,0.016607168624456204,-5.09445639483692,0.0,0.0,1.0,2.701261403763111,0.05229669110955197,0.06296874323697595,0.0,0.0,1.0,1.9320670391061452,0.04163409340008987,0.02202757965757591,0.05703284516337991,0.44639553072625704,-0.5081640299363288
0.157,0.4,0.03,10000,0.2155832402234637,0.004787403730447164,8950.0,-0.5718299138848267,0.01780572072111509,-5.198453762589334,0.0,0.0,1.0,2.7375478234894888,0.05668332607941289,0.06087331387852694,0.0,0.0,1.0,1.9598476383951244,0.04194254350211084,0.022137692672580346,0.05703284516337991,0.4486874301675978,-0.5165830266454031
0.1605,0.4,0.03,10000,0.2192871508379888,0.004953197614585255,8950.0,-0.5855054061069943,0.018186210825409107,-5.322776419154494,0.0,0.0,1.0,2.7812810394876597,0.058327293174477025,0.05842606611495636,0.0,0.0,1.0,1.9935195530726255,0.04231122691104527,0.02218410197151972,0.05703284516337991,0.45146536312849167,-0.5265308368389848
0.164,0.4,0.03,10000,0.2234469273743017,0.004228053091140864,8950.0,-0.6006588552169643,0.01526664446290825,-5.46053504742695,0.0,0.0,1.0,2.8300724274195077,0.049558937930979756,0.05577775536891623,0.0,0.0,1.0,2.0313357034027426,0.042719702807602546,0.02200978501347585,0.05703284516337991,0.45458519553072635,-0.5374301271502102
0.1675,0.4,0.03,10000,0.22643351955307264,0.0040471985855098135,8950.0,-0.6113333807351099,0.014386349737919251,-5.557576188500999,0.0,0.0,1.0,2.8649369874177,0.04714113876886329,0.053964553279321086,0.0,0.0,1.0,2.0584865413915696,0.04300739438532625,0.022002779426883667,0.05703284516337991,0.4568251396648045,-0.5449865548413207
0.171,0.4,0.03,10000,0.22971284916201115,0.0039259256721376245,8950.0,-0.6228792432404433,0.013704689979541204,-5.662538574913119,0.0,0.0,1.0,2.9030145826881455,0.04550679205466867,0.052050010400306955,0.0,0.0,1.0,2.088298628745556,0.0433185278402482,0.021949863096066703,0.05703284516337991,0.4592846368715085,-0.5530581760785419
0.17450000000000002,0.4,0.03,10000,0.23324692737430167,0.004630910412666591,8950.0,-0.6350684287907589,0.015990342227948894,-5.773349352643262,0.0,0.0,1.0,2.943887789183056,0.05341077643588057,0.05008701117322422,0.0,0.0,1.0,2.1204266124936515,0.04364693887092114,0.022115472164313837,0.05703284516337991,0.4619351955307263,-0.561435085159302
0.17800000000000002,0.4,0.03,10000,0.2373608938547486,0.004260982871442836,8950.0,-0.6490872766304823,0.014391650124514726,-5.900793423913476,0.0,0.0,1.0,2.9911753044683924,0.04890973738397031,0.047875079776718385,0.0,0.0,1.0,2.1578263077704416,0.044024609332459656,0.022039966610146563,0.05703284516337991,0.46502067039106143,-0.5709763176624889
0.18150000000000002,0.4,0.03,10000,0.23991173184357545,0.00461148100252788,8950.0,-0.6576031518786885,0.015356921475587832,-5.97821047162444,0.0,0.0,1.0,3.020342648877192,0.05267123473081359,0.04657056599442676,0.0,0.0,1.0,2.181015744032504,0.04425399082435847,0.022045241506624538,0.05703284516337991,0.46693379888268155,-0.5766762736685442
0.18500000000000003,0.4,0.03,10000,0.24345474860335198,0.004624353071764023,8950.0,-0.6692936363055886,0.015152157184509882,-6.08448760277808,0.0,0.0,1.0,3.060748544448188,0.05254439886083321,0.04480898651871364,0.0,0.0,1.0,2.2132249873032,0.044568854192850074,0.022116857509474532,0.05703284516337991,0.46959106145251406,-0.584427594796368
0.1885,0.4,0.03,10000,0.24728156424581,0.0048424438510598035,8950.0,-0.6816849437607507,0.015549172898430165,-6.197135852370459,0.0,0.0,1.0,3.1041392846369797,0.0547933393469294,0.042992633407480725,0.0,0.0,1.0,2.248014220416455,0.04490254606263061,0.022139962241865426,0.05703284516337991,0.4724611731843576,-0.5925216803187761
0.192,0.4,0.03,10000,0.2504256983240224,0.004415702149222543,8950.0,-0.6917389859766416,0.013914323536385895,-6.2885362361512875,0.0,0.0,1.0,3.139613519761285,0.04973813905526717,0.04154693155899327,0.0,0.0,1.0,2.2765972574911117,0.04517327180831428,0.02203598034965264,0.05703284516337991,0.4748192737430167,-0.5990244056047167
0.1955,0.4,0.03,10000,0.25408826815642455,0.004795053128176782,8950.0,-0.7031972049565798,0.014896117594025465,-6.392701863241634,0.0,0.0,1.0,3.180813629189525,0.053765736764904745,0.03994457039385833,0.0,0.0,1.0,2.3098933468765868,0.04548176003742452,0.02216808514689336,0.05703284516337991,0.4775662011173185,-0.606309035503314
0.199,0.4,0.03,10000,0.2581240223463687,0.005058682314954991,8950.0,-0.7155963767877794,0.015449711549564447,-6.5054216071616295,0.0,0.0,1.0,3.2259743358647164,0.05649318534696967,0.03825365597397751,0.0,0.0,1.0,2.3465820213306245,0.045815540974338556,0.022244669043050776,0.05703284516337991,0.48059301675977667,-0.6140837900003144
0.2025,0.4,0.03,10000,0.26165139664804465,0.004299952091961208,8950.0,-0.7263025249014219,0.012846645507872616,-6.6027502263765605,0.0,0.0,1.0,3.2651985506947376,0.04784438114976975,0.03682167179295923,0.0,0.0,1.0,2.3786490604367696,0.04610372360864811,0.022022192769855075,0.05703284516337991,0.4832385474860336,-0.620735737624083
0.20600000000000002,0.4,0.03,10000,0.2647899441340782,0.005047911076988458,8950.0,-0.735573389098908,0.014892882899001904,-6.687030809990073,0.0,0.0,1.0,3.3000716470951574,0.05590251883164484,0.035618094463878994,0.0,0.0,1.0,2.407181310309802,0.04635322905427298,0.022263351955307265,0.05703284516337991,0.4855924581005587,-0.6263796800119256
0.20950000000000002,0.4,0.03,10000,0.26811620111731843,0.004831454276987351,8950.0,-0.7453098663586235,0.014018401992247024,-6.775544239623847,0.0,0.0,1.0,3.3367762763560838,0.053267875140821666,0.034374305003788665,0.0,0.0,1.0,2.43742001015744,0.0466152514605022,0.02212255031175452,0.05703284516337991,0.48808715083798887,-0.6322687088480311
0.21300000000000002,0.4,0.03,10000,0.27197430167597764,0.004513439441671039,8950.0,-0.7564026099854092,0.012845790875957738,-6.876387363503721,0.0,0.0,1.0,3.3792309789293715,0.049582961905794934,0.03298718821410184,0.0,0.0,1.0,2.472493651599797,0.04691374127863586,0.022074216593934114,0.05703284516337991,0.4909807262569832,-0.6388913587455374
0.21650000000000003,0.4,0.03,10000,0.27585139664804464,0.004395091564142893,8950.0,-0.7673172525599683,0.012250926393721445,-6.975611386908806,0.0,0.0,1.0,3.421733417226666,0.048125781310356976,0.031656024605624854,0.0,0.0,1.0,2.50773996952768,0.04720740353752828,0.022096940090046174,0.05703284516337991,0.49388854748603367,-0.6453108141244246
0.22,0.4,0.03,10000,0.27929608938547484,0.004451420239895112,8950.0,-0.7768221151956689,0.012161200964298532,-7.062019229051535,0.0,0.0,1.0,3.4593206115700776,0.048568987546059594,0.030524474279856478,0.0,0.0,1.0,2.5390553580497714,0.04746310739104084,0.022075174662067862,0.05703284516337991,0.4964720670391062,-0.6508239824547708
