drift,attack,eta,p_qber_only,p_finite_key_margin,p_uvif_no_resource,p_full_uvif,qber_obs_mean,finite_key_margin_mean,uvif_score_no_resource_mean,uvif_score_full_mean,resource_force_mean
0.005,0.05,0.01,1.0,1.0,1.0,1.0,0.026646372399797058,0.6126397409692648,0.5368773591071867,0.5358750078340491,0.007329808692499107
0.005,0.05,0.0135,1.0,1.0,1.0,1.0,0.030486047691527143,0.5735409696420054,0.5219306936083313,0.5209248580010474,0.007329808692499107
0.005,0.05,0.017,1.0,1.0,0.92,0.91,0.03376864535768645,0.541284892517468,0.5091184494108573,0.5081110807660265,0.007329808692499107
0.005,0.05,0.0205,1.0,1.0,0.19,0.19,0.03760832064941654,0.5047673380809712,0.4941094128955506,0.4931019490326722,0.007329808692499107
0.005,0.05,0.024,1.0,1.0,0.02,0.01,0.04117503805175038,0.47198613793932376,0.4801717179880051,0.479165929408869,0.007329808692499107
0.005,0.05,0.027500000000000004,1.0,1.0,0.0,0.0,0.044531709791983766,0.44180487922746103,0.4671125338653694,0.46610943221737555,0.007329808692499107
0.005,0.05,0.031,1.0,1.0,0.0,0.0,0.04772704211060375,0.4138371731365132,0.4547222854068327,0.45372307765123954,0.007329808692499107
0.005,0.05,0.0345,1.0,1.0,0.0,0.0,0.05124099441907661,0.38390894342834664,0.4411691105286591,0.4401757327782325,0.007329808692499107
0.005,0.05,0.038,1.0,1.0,0.0,0.0,0.054996448503297816,0.35268053651296005,0.42681088725656474,0.4258251960259102,0.007329808692499107
0.005,0.05,0.0415,1.0,1.0,0.0,0.0,0.05822425164890919,0.32647375944078555,0.41458956054808027,0.41361172924807804,0.007329808692499107
0.005,0.05,0.045000000000000005,1.0,1.0,0.0,0.0,0.061943176052765093,0.296994583539281,0.4006689757044819,0.39970164385822166,0.007329808692499107
0.005,0.05,0.0485,1.0,1.0,0.0,0.0,0.06549771689497716,0.2693734741112343,0.3875396636782949,0.3865834647526944,0.007329808692499107
0.005,0.05,0.052000000000000005,1.0,1.0,0.0,0.0,0.06902181633688483,0.2426971189445895,0.37473825634619684,0.37379452047396433,0.007329808692499107
0.005,0.05,0.0555,1.0,1.0,0.0,0.0,0.07293150684931507,0.21364570691736504,0.3607678565122095,0.3598389774016278,0.007329808692499107
0.005,0.05,0.059000000000000004,1.0,1.0,0.0,0.0,0.07608726534753933,0.19073613557245733,0.3497155253086919,0.3487996550888412,0.007329808692499107
0.005,0.05,0.0625,1.0,1.0,0.0,0.0,0.07957990867579909,0.16582344327302226,0.3377009565473095,0.33680026463268076,0.007329808692499107
0.005,0.05,0.066,1.0,1.0,0.0,0.0,0.08320852359208523,0.14046331475044016,0.32550717368930954,0.32462310336767386,0.007329808692499107
0.005,0.05,0.0695,1.0,1.0,0.0,0.0,0.08597666159309995,0.12143605389711984,0.31638457908778705,0.3155136857047417,0.007329808692499107
0.005,0.05,0.073,1.0,1.0,0.0,0.0,0.08993505834601725,0.09472487430080148,0.30365215345784835,0.302800794516296,0.007329808692499107
0.005,0.05,0.0765,1.0,1.0,0.0,0.0,0.09321156773211568,0.07303003089379938,0.2933888718220421,0.29255419564604707,0.007329808692499107
0.005,0.05,0.08,1.0,0.99,0.0,0.0,0.09650329781836631,0.051582756970773254,0.2833186239207219,0.28250109337749774,0.007329808692499107
0.005,0.05,0.08349999999999999,1.0,0.93,0.0,0.0,0.10047387113140538,0.02621224081506034,0.2715366561368881,0.27074027412623597,0.007329808692499107
0.005,0.05,0.087,0.97,0.57,0.0,0.0,0.1038863521055302,0.004805230215695846,0.261717728051664,0.26093980887468965,0.007329808692499107
0.005,0.05,0.0905,0.84,0.21,0.0,0.0,0.10721664129883308,-0.015726279289814477,0.25241526918959245,0.2516555799446895,0.007329808692499107
0.005,0.05,0.094,0.31,0.01,0.0,0.0,0.11127549467275495,-0.04029616057347104,0.24145159971887936,0.24071429538830227,0.007329808692499107
0.005,0.05,0.0975,0.06,0.0,0.0,0.0,0.11456418061897514,-0.05988419692112714,0.23284740404109378,0.23212827625362198,0.007329808692499107
0.005,0.05,0.10099999999999999,0.01,0.0,0.0,0.0,0.11823033992897006,-0.08131827033553778,0.22358906762997827,0.2228902372941527,0.007329808692499107
0.005,0.05,0.1045,0.0,0.0,0.0,0.0,0.1214236428209031,-0.09966516162577731,0.21580399438339204,0.21512279775926718,0.007329808692499107
0.005,0.05,0.108,0.0,0.0,0.0,0.0,0.1250908168442415,-0.12044309092392505,0.20713307458959285,0.20647201058002854,0.007329808692499107
0.005,0.05,0.1115,0.0,0.0,0.0,0.0,0.12882293252156266,-0.14119814332921654,0.19865453046419912,0.19801377441329507,0.007329808692499107
0.005,0.05,0.11499999999999999,0.0,0.0,0.0,0.0,0.13207102993404363,-0.1589618494785557,0.19154148972597507,0.19091822874677353,0.007329808692499107
0.005,0.05,0.1185,0.0,0.0,0.0,0.0,0.1356052765093861,-0.17803555980011462,0.18404596689075414,0.18344151551925428,0.007329808692499107
0.005,0.05,0.122,0.0,0.0,0.0,0.0,0.1392105530187722,-0.19714747861723192,0.1767009309320113,0.17611538739820712,0.007329808692499107
0.005,0.05,0.1255,0.0,0.0,0.0,0.0,0.14200101471334348,-0.21170522956540838,0.171223347384984,0.17065221271232495,0.007329808692499107
0.005,0.05,0.129,0.0,0.0,0.0,0.0,0.14556671740233385,-0.23009327512268576,0.16442915133146985,0.16387615606663355,0.007329808692499107
0.005,0.05,0.1325,0.0,0.0,0.0,0.0,0.14945611364789446,-0.2497727431138528,0.15735101570096297,0.15681736144439773,0.007329808692499107
0.005,0.05,0.136,0.0,0.0,0.0,0.0,0.1524677828513445,-0.2647242327563426,0.15210723403032342,0.15158822314167397,0.007329808692499107
0.005,0.05,0.1395,0.0,0.0,0.0,0.0,0.15607508878741755,-0.2824911555989694,0.14597244243050908,0.14547071098439335,0.007329808692499107
0.005,0.05,0.14300000000000002,0.0,0.0,0.0,0.0,0.1598792491121258,-0.3008660514580693,0.1398077849985381,0.13932377457708603,0.007329808692499107
0.005,0.05,0.14650000000000002,0.0,0.0,0.0,0.0,0.16433384069000506,-0.3219548066027359,0.13294571246157294,0.1324818172946268,0.007329808692499107
0.005,0.05,0.15000000000000002,0.0,0.0,0.0,0.0,0.16693860984271944,-0.3341007319068994,0.12908759750783488,0.12863517001522667,0.007329808692499107
0.005,0.05,0.15350000000000003,0.0,0.0,0.0,0.0,0.17089091831557585,-0.35230503752312103,0.12342143715614252,0.12298603531960366,0.007329808692499107
0.005,0.05,0.157,0.0,0.0,0.0,0.0,0.1740943683409437,-0.3667975291800106,0.11903658050560942,0.11861455274087276,0.007329808692499107
0.005,0.05,0.1605,0.0,0.0,0.0,0.0,0.17799797057331304,-0.3841587117705707,0.11392079270881038,0.1135145770321744,0.007329808692499107
0.005,0.05,0.164,0.0,0.0,0.0,0.0,0.1814175545408422,-0.39914453217737944,0.109613865672337,0.1092211089343882,0.007329808692499107
0.005,0.05,0.1675,0.0,0.0,0.0,0.0,0.18464738711314055,-0.41310275464005647,0.10569507107456416,0.10531468229119607,0.007329808692499107
0.005,0.05,0.171,0.0,0.0,0.0,0.0,0.18767021816336885,-0.42595658731787667,0.10217105973481509,0.1018019151933207,0.007329808692499107
0.005,0.05,0.17450000000000002,0.0,0.0,0.0,0.0,0.19102688990360225,-0.4399974015367376,0.09842318325720828,0.09806612126345476,0.007329808692499107
0.005,0.05,0.17800000000000002,0.0,0.0,0.0,0.0,0.19473465246067984,-0.455315499025042,0.09442296449267663,0.09407889558356264,0.007329808692499107
0.005,0.05,0.18150000000000002,0.0,0.0,0.0,0.0,0.19903399289700657,-0.4727809922274522,0.08998444251159529,0.08965493282732012,0.007329808692499107
0.005,0.05,0.18500000000000003,0.0,0.0,0.0,0.0,0.20207610350076102,-0.48492811290054244,0.08698274877397948,0.08666317736406301,0.007329808692499107
0.005,0.05,0.1885,0.0,0.0,0.0,0.0,0.20552409944190766,-0.49848740553438814,0.0837131977482338,0.0834045387356476,0.007329808692499107
0.005,0.05,0.192,0.0,0.0,0.0,0.0,0.20860375443937088,-0.5104135049504217,0.08090504731284243,0.08060583131054357,0.007329808692499107
0.005,0.05,0.1955,0.0,0.0,0.0,0.0,0.21218163368848303,-0.5240648085835642,0.07776744683676266,0.07747885635061812,0.007329808692499107
0.005,0.05,0.199,0.0,0.0,0.0,0.0,0.21545205479452054,-0.5363561460080708,0.0750069295475603,0.07472775024028794,0.007329808692499107
0.005,0.05,0.2025,0.0,0.0,0.0,0.0,0.21902080162354134,-0.5495653170271847,0.07211309980973071,0.07184385066115763,0.007329808692499107
0.005,0.05,0.20600000000000002,0.0,0.0,0.0,0.0,0.22264231354642314,-0.5627372863138933,0.06930243773005702,0.06904290118505883,0.007329808692499107
0.005,0.05,0.20950000000000002,0.0,0.0,0.0,0.0,0.22608625063419585,-0.5750565664038141,0.0667391246259488,0.06648850227680012,0.007329808692499107
0.005,0.05,0.21300000000000002,0.0,0.0,0.0,0.0,0.2299837645865043,-0.5887789884171866,0.06395459446893591,0.06371371248642144,0.007329808692499107
0.005,0.05,0.21650000000000003,0.0,0.0,0.0,0.0,0.23366108574327754,-0.6014557905045669,0.061455261159098704,0.06122318296022874,0.007329808692499107
0.005,0.05,0.22,0.0,0.0,0.0,0.0,0.23682699137493657,-0.6122005465697326,0.059385387103961546,0.05916063705810582,0.007329808692499107
0.005,0.1,0.01,1.0,1.0,1.0,1.0,0.029604710701484897,0.5822458295760152,0.5200817388881378,0.5184397477375158,0.011961234531527198
0.005,0.1,0.0135,1.0,1.0,0.79,0.76,0.03301587301587302,0.5485218168366311,0.506749979099585,0.5051059369659535,0.011961234531527198
0.005,0.1,0.017,1.0,1.0,0.15,0.08,0.036538658474142345,0.5146953634835186,0.4929921317400794,0.4913482025898715,0.011961234531527198
0.005,0.1,0.0205,1.0,1.0,0.01,0.0,0.039853558627752174,0.4838582878002772,0.48004236726368943,0.47840096411429295,0.011961234531527198
0.005,0.1,0.024,1.0,1.0,0.0,0.0,0.04361597542242704,0.44979109744189105,0.46539683766750245,0.4637607589736708,0.011961234531527198
0.005,0.1,0.027500000000000004,1.0,1.0,0.0,0.0,0.04743983614951357,0.41625308533408395,0.45057450894479706,0.4489469200613241,0.011961234531527198
0.005,0.1,0.031,1.0,1.0,0.0,0.0,0.050581669226830515,0.38935395901714065,0.438478849538617,0.4368601929910236,0.011961234531527198
0.005,0.1,0.0345,1.0,1.0,0.0,0.0,0.05408499743983615,0.36007301314427437,0.42509445417248826,0.4234879605688817,0.011961234531527198
0.005,0.1,0.038,1.0,1.0,0.0,0.0,0.0575084485407066,0.3321003366182609,0.41214130773150826,0.4105487260377804,0.011961234531527198
0.005,0.1,0.0415,1.0,1.0,0.0,0.0,0.06091858678955453,0.30490593210415945,0.39938536176480705,0.39780880000249325,0.011961234531527198
0.005,0.1,0.045000000000000005,1.0,1.0,0.0,0.0,0.064678955453149,0.27562078967830056,0.38551790571715855,0.38396127002434816,0.011961234531527198
0.005,0.1,0.0485,1.0,1.0,0.0,0.0,0.06802662570404505,0.25008287369701254,0.37335702045635705,0.3718198063273553,0.011961234531527198
0.005,0.1,0.052000000000000005,1.0,1.0,0.0,0.0,0.07197644649257552,0.22058242791599664,0.35925578144966996,0.35774342779089907,0.011961234531527198
0.005,0.1,0.0555,1.0,1.0,0.0,0.0,0.07531387608806964,0.19620077239569525,0.3475764745882046,0.34608674846764464,0.011961234531527198
0.005,0.1,0.059000000000000004,1.0,1.0,0.0,0.0,0.07883563748079876,0.17096941788841602,0.3354971425727711,0.33403268641115913,0.011961234531527198
0.005,0.1,0.0625,1.0,1.0,0.0,0.0,0.08238197644649257,0.14605853381428455,0.3235939793672442,0.32215628865942586,0.011961234531527198
0.005,0.1,0.066,1.0,1.0,0.0,0.0,0.08596108550947261,0.12139139235553766,0.311851335549561,0.3104418173792656,0.011961234531527198
0.005,0.1,0.0695,1.0,1.0,0.0,0.0,0.08913364055299539,0.09992601352634609,0.3016953470715808,0.30031167226549443,0.011961234531527198
0.005,0.1,0.073,1.0,1.0,0.0,0.0,0.09299334357398874,0.07433909482311284,0.2896744752890752,0.2883233015905766,0.011961234531527198
0.005,0.1,0.0765,1.0,0.99,0.0,0.0,0.09674859190988223,0.04988896502919865,0.2783046010698796,0.2769857469178922,0.011961234531527198
0.005,0.1,0.08,1.0,0.96,0.0,0.0,0.0993026113671275,0.03354737460023847,0.27077406438194507,0.2694776188509486,0.011961234531527198
0.005,0.1,0.08349999999999999,0.99,0.63,0.0,0.0,0.10325140809011776,0.008619938956187555,0.259410472241634,0.258148994345415,0.011961234531527198
0.005,0.1,0.087,0.81,0.18,0.0,0.0,0.10722273425499232,-0.01589069620423521,0.24840938726318196,0.24718359785855115,0.011961234531527198
0.005,0.1,0.0905,0.49,0.04,0.0,0.0,0.11011879160266258,-0.033432063799117694,0.24065941659566353,0.2394598169221716,0.011961234531527198
0.005,0.1,0.094,0.16,0.0,0.0,0.0,0.11359754224270353,-0.05425209890744186,0.23156760156899053,0.2303994971038496,0.011961234531527198
0.005,0.1,0.0975,0.02,0.0,0.0,0.0,0.11670558115719405,-0.0725238322832269,0.2237194723160146,0.22257952796086852,0.011961234531527198
0.005,0.1,0.10099999999999999,0.0,0.0,0.0,0.0,0.12066769073220686,-0.09546777252779182,0.2140342579367647,0.21293005522044503,0.011961234531527198
0.005,0.1,0.1045,0.0,0.0,0.0,0.0,0.12474244751664106,-0.11861383053790683,0.20446138809440217,0.20339373864786062,0.011961234531527198
0.005,0.1,0.108,0.0,0.0,0.0,0.0,0.12851408090117766,-0.13960893190271811,0.19598161668914024,0.19494743892984834,0.011961234531527198
0.005,0.1,0.1115,0.0,0.0,0.0,0.0,0.1312616487455197,-0.15471871946512739,0.1899779446927293,0.18896792253165717,0.011961234531527198
0.005,0.1,0.11499999999999999,0.0,0.0,0.0,0.0,0.13470046082949308,-0.17330970725167252,0.18274181765453343,0.1817616585313837,0.011961234531527198
0.005,0.1,0.1185,0.0,0.0,0.0,0.0,0.13821402969790067,-0.19199975510374145,0.17562263512222834,0.17467252212475404,0.011961234531527198
0.005,0.1,0.122,0.0,0.0,0.0,0.0,0.14244342037890426,-0.2141149182544903,0.16739542648932357,0.16648083615964943,0.011961234531527198
0.005,0.1,0.1255,0.0,0.0,0.0,0.0,0.14498003072196622,-0.22717390222624773,0.1626475353135125,0.16175384826905592,0.011961234531527198
0.005,0.1,0.129,0.0,0.0,0.0,0.0,0.14827547363031235,-0.24393399969784738,0.15665765312522864,0.15579072376907316,0.011961234531527198
0.005,0.1,0.1325,0.0,0.0,0.0,0.0,0.15220993343573988,-0.26358664244087493,0.14981947496965303,0.14898372935446147,0.011961234531527198
0.005,0.1,0.136,0.0,0.0,0.0,0.0,0.1556989247311828,-0.2807303193355812,0.14399819600327018,0.14318945778744693,0.011961234531527198
0.005,0.1,0.1395,0.0,0.0,0.0,0.0,0.15976753712237582,-0.3004073352070948,0.13748218051716682,0.1367041703600857,0.011961234531527198
0.005,0.1,0.14300000000000002,0.0,0.0,0.0,0.0,0.16266052227342548,-0.3142037814397062,0.13301586621893285,0.1322592074851435,0.011961234531527198
0.005,0.1,0.14650000000000002,0.0,0.0,0.0,0.0,0.16659088581669226,-0.33260810415755054,0.12722126671590836,0.12649277807765721,0.011961234531527198
0.005,0.1,0.15000000000000002,0.0,0.0,0.0,0.0,0.1700911418330773,-0.34872504381325925,0.12227939109293588,0.12157527322342902,0.011961234531527198
0.005,0.1,0.15350000000000003,0.0,0.0,0.0,0.0,0.17306298003072196,-0.36225221246481937,0.11821506512840957,0.1175311798481672,0.011961234531527198
0.005,0.1,0.157,0.0,0.0,0.0,0.0,0.17659088581669227,-0.3780358607769396,0.11359751597394631,0.11293693185919401,0.011961234531527198
0.005,0.1,0.1605,0.0,0.0,0.0,0.0,0.1798084997439836,-0.3922331839487489,0.10953860636101323,0.10889871591634902,0.011961234531527198
0.005,0.1,0.164,0.0,0.0,0.0,0.0,0.18325448028673835,-0.4071756839483019,0.1053793539081951,0.10476092489059603,0.011961234531527198
0.005,0.1,0.1675,0.0,0.0,0.0,0.0,0.1871530977982591,-0.42387299429078135,0.10083620440775412,0.10024141917131404,0.011961234531527198
0.005,0.1,0.171,0.0,0.0,0.0,0.0,0.19072708653353815,-0.43893840050229715,0.09684396113021819,0.0962701650771903,0.011961234531527198
0.005,0.1,0.17450000000000002,0.0,0.0,0.0,0.0,0.1939774705581157,-0.4523058877493144,0.09342654911402,0.09287098250854477,0.011961234531527198
0.005,0.1,0.17800000000000002,0.0,0.0,0.0,0.0,0.19838709677419356,-0.4702876278991118,0.0889098235928378,0.08837846747143205,0.011961234531527198
0.005,0.1,0.18150000000000002,0.0,0.0,0.0,0.0,0.20164976958525346,-0.48333089717077043,0.08573381360332791,0.08521966392065376,0.011961234531527198
0.005,0.1,0.18500000000000003,0.0,0.0,0.0,0.0,0.20538863287250383,-0.49806143378801493,0.08223418532224205,0.08173913662752012,0.011961234531527198
0.005,0.1,0.1885,0.0,0.0,0.0,0.0,0.20806861239119304,-0.5084161764778035,0.07984253370232378,0.07936066098719166,0.011961234531527198
0.005,0.1,0.192,0.0,0.0,0.0,0.0,0.21166513056835637,-0.5221922050855037,0.07671310233017431,0.07624853697623091,0.011961234531527198
0.005,0.1,0.1955,0.0,0.0,0.0,0.0,0.21524935995903738,-0.5357407612537686,0.07370526094339148,0.07325743231725532,0.011961234531527198
0.005,0.1,0.199,0.0,0.0,0.0,0.0,0.21832974910394268,-0.5471097670702579,0.07126391134766526,0.07082980209195541,0.011961234531527198
0.005,0.1,0.2025,0.0,0.0,0.0,0.0,0.22157808499743983,-0.558969982708599,0.06876490519475116,0.06834490001725718,0.011961234531527198
0.005,0.1,0.20600000000000002,0.0,0.0,0.0,0.0,0.22592933947772656,-0.5745981446672962,0.06555183480198201,0.06515007342003484,0.011961234531527198
0.005,0.1,0.20950000000000002,0.0,0.0,0.0,0.0,0.2287741935483871,-0.5846743830997415,0.06352857098536843,0.06313835658498523,0.011961234531527198
0.005,0.1,0.21300000000000002,0.0,0.0,0.0,0.0,0.23248950332821303,-0.5975879132415455,0.06100339975107733,0.06062769116114424,0.011961234531527198
0.005,0.1,0.21650000000000003,0.0,0.0,0.0,0.0,0.2356815156169995,-0.608477449484558,0.05892964130798754,0.058565916043468454,0.011961234531527198
0.005,0.1,0.22,0.0,0.0,0.0,0.0,0.2399252432155658,-0.6227360744785184,0.056277253305968215,0.055928925821047956,0.011961234531527198
0.005,0.15,0.01,1.0,1.0,0.66,0.54,0.032686304909560725,0.5516119284388714,0.5027407408118812,0.5004509515574057,0.0166571355506977
0.005,0.15,0.0135,1.0,1.0,0.05,0.03,0.036073385012919894,0.5189844910655872,0.4895087863665281,0.4872201694890452,0.0166571355506977
0.005,0.15,0.017,1.0,1.0,0.0,0.0,0.039471834625323,0.48719808908335976,0.47625132082741195,0.47396705689650537,0.0166571355506977
0.005,0.15,0.0205,1.0,1.0,0.0,0.0,0.04324857881136951,0.45296634426184595,0.46155115817166625,0.45927570327403516,0.0166571355506977
0.005,0.15,0.024,1.0,1.0,0.0,0.0,0.04650335917312662,0.42424654658413063,0.4489471793252908,0.4466823527320915,0.0166571355506977
0.005,0.15,0.027500000000000004,1.0,1.0,0.0,0.0,0.04959483204134367,0.3976216282711966,0.4370449438391206,0.43479287451135645,0.0166571355506977
0.005,0.15,0.031,1.0,1.0,0.0,0.0,0.05372506459948321,0.36291267942818456,0.42128336857198895,0.4190519888571403,0.0166571355506977
0.005,0.15,0.0345,1.0,1.0,0.0,0.0,0.057137984496124034,0.3349908061216974,0.40839831466683285,0.4061873233092782,0.0166571355506977
0.005,0.15,0.038,1.0,1.0,0.0,0.0,0.060188113695090445,0.31056466675168404,0.39701165228478935,0.39482118962972373,0.0166571355506977
0.005,0.15,0.0415,1.0,1.0,0.0,0.0,0.06431524547803617,0.27829569099277085,0.381830039632742,0.3796707927249482,0.0166571355506977
0.005,0.15,0.045000000000000005,1.0,1.0,0.0,0.0,0.06748527131782946,0.2540387257663624,0.370344700594896,0.36821171744895875,0.0166571355506977
0.005,0.15,0.0485,1.0,1.0,0.0,0.0,0.07093023255813953,0.22825051875479965,0.358085966509322,0.3559839297954756,0.0166571355506977
0.005,0.15,0.052000000000000005,1.0,1.0,0.0,0.0,0.07496744186046511,0.19855688475603803,0.34396828083873066,0.34190459808510604,0.0166571355506977
0.005,0.15,0.0555,1.0,1.0,0.0,0.0,0.07739948320413437,0.18105757294408079,0.3356405852235744,0.3336015253455923,0.0166571355506977
0.005,0.15,0.059000000000000004,1.0,1.0,0.0,0.0,0.08186459948320414,0.14954462186368322,0.3206733262665437,0.3186816931940968,0.0166571355506977
0.005,0.15,0.0625,1.0,1.0,0.0,0.0,0.08482583979328165,0.12904558671704724,0.31098288075722463,0.3090240013621318,0.0166571355506977
0.005,0.15,0.066,1.0,1.0,0.0,0.0,0.08857260981912145,0.10360766119608637,0.29902009606808305,0.29710417635196024,0.0166571355506977
0.005,0.15,0.0695,1.0,1.0,0.0,0.0,0.0918139534883721,0.08198338366119842,0.28893032681213054,0.2870525472982406,0.0166571355506977
0.005,0.15,0.073,1.0,0.99,0.0,0.0,0.09592144702842377,0.05512348954638739,0.27652118835850614,0.2746929628943876,0.0166571355506977
0.005,0.15,0.0765,1.0,0.94,0.0,0.0,0.09912144702842378,0.03459819095213783,0.26714098749242754,0.26535212480207643,0.0166571355506977
0.005,0.15,0.08,0.97,0.75,0.0,0.0,0.10244444444444444,0.013622897568429205,0.25766746735018287,0.25591991592113617,0.0166571355506977
0.005,0.15,0.08349999999999999,0.91,0.31,0.0,0.0,0.10610335917312662,-0.009122018996086506,0.24751690646177957,0.24581522887391052,0.0166571355506977
0.005,0.15,0.087,0.6,0.11,0.0,0.0,0.10911627906976744,-0.02753517008751317,0.23941286813835544,0.2377491975144458,0.0166571355506977
0.005,0.15,0.0905,0.13,0.01,0.0,0.0,0.1129798449612403,-0.05071378338518308,0.22937967662073672,0.22776488397150352,0.0166571355506977
0.005,0.15,0.094,0.01,0.0,0.0,0.0,0.11651576227390181,-0.07156349493073999,0.22050747033713947,0.2189373660823727,0.0166571355506977
0.005,0.15,0.0975,0.01,0.0,0.0,0.0,0.11963927648578812,-0.08967074025046584,0.21293670688563016,0.21140594128389395,0.0166571355506977
0.005,0.15,0.10099999999999999,0.0,0.0,0.0,0.0,0.12387286821705427,-0.1138403404024946,0.203012684536961,0.20153486454857547,0.0166571355506977
0.005,0.15,0.1045,0.0,0.0,0.0,0.0,0.12722170542635658,-0.13255809574041758,0.1955041886616271,0.19406783530950508,0.0166571355506977
0.005,0.15,0.108,0.0,0.0,0.0,0.0,0.12956795865633075,-0.14554934517206708,0.19036548078447793,0.18895791541354082,0.0166571355506977
0.005,0.15,0.1115,0.0,0.0,0.0,0.0,0.134128165374677,-0.17031356583918328,0.1807951203739966,0.1794427420479014,0.0166571355506977
0.005,0.15,0.11499999999999999,0.0,0.0,0.0,0.0,0.13738087855297157,-0.18774297256781441,0.17419107170184092,0.1728774859353367,0.0166571355506977
0.005,0.15,0.1185,0.0,0.0,0.0,0.0,0.14042377260981911,-0.20375527599887924,0.16826691222229628,0.1669889742647207,0.0166571355506977
0.005,0.15,0.122,0.0,0.0,0.0,0.0,0.14431317829457366,-0.22390113091331237,0.1609773714849937,0.15974417644992508,0.0166571355506977
0.005,0.15,0.1255,0.0,0.0,0.0,0.0,0.14803720930232558,-0.2428503573911483,0.15429484413657904,0.15310353049275005,0.0166571355506977
0.005,0.15,0.129,0.0,0.0,0.0,0.0,0.1514532299741602,-0.25995703313471646,0.1484067210707976,0.14725296726365805,0.0166571355506977
0.005,0.15,0.1325,0.0,0.0,0.0,0.0,0.1547121447028424,-0.27605459673417143,0.14298452198772682,0.1418658657473117,0.0166571355506977
0.005,0.15,0.136,0.0,0.0,0.0,0.0,0.15836279069767442,-0.2937992425429226,0.13714994526793872,0.1360696717278409,0.0166571355506977
0.005,0.15,0.1395,0.0,0.0,0.0,0.0,0.16213229974160207,-0.31183246703161377,0.13137150855707802,0.13032983522280325,0.0166571355506977
0.005,0.15,0.14300000000000002,0.0,0.0,0.0,0.0,0.16524237726098193,-0.3264181066946734,0.1268316297119229,0.12582082278596796,0.0166571355506977
0.005,0.15,0.14650000000000002,0.0,0.0,0.0,0.0,0.16831317829457365,-0.34065247823246,0.12249360759665509,0.12151258977560592,0.0166571355506977
0.005,0.15,0.15000000000000002,0.0,0.0,0.0,0.0,0.17263979328165374,-0.36047551374573233,0.1165711783085194,0.11563121678881558,0.0166571355506977
0.005,0.15,0.15350000000000003,0.0,0.0,0.0,0.0,0.17599276485788112,-0.3754724769049011,0.11225264025908928,0.1113431860995826,0.0166571355506977
0.005,0.15,0.157,0.0,0.0,0.0,0.0,0.1795720930232558,-0.39132518938528504,0.1077705207325471,0.10689294265776729,0.0166571355506977
0.005,0.15,0.1605,0.0,0.0,0.0,0.0,0.1831937984496124,-0.4070862771134589,0.10343791076743289,0.10259153544859098,0.0166571355506977
0.005,0.15,0.164,0.0,0.0,0.0,0.0,0.1857767441860465,-0.4181459211002596,0.10047584408636742,0.09965102874381655,0.0166571355506977
0.005,0.15,0.1675,0.0,0.0,0.0,0.0,0.19024806201550387,-0.4370604166744746,0.09551875519737077,0.09473029858998411,0.0166571355506977
0.005,0.15,0.171,0.0,0.0,0.0,0.0,0.1938315245478036,-0.45187559006557726,0.09177001943001702,0.09100943177414726,0.0166571355506977
0.005,0.15,0.17450000000000002,0.0,0.0,0.0,0.0,0.19711007751937984,-0.46527038905423934,0.0884522795714744,0.08771651877946382,0.0166571355506977
0.005,0.15,0.17800000000000002,0.0,0.0,0.0,0.0,0.19972093023255813,-0.47577830012738387,0.0859073293934712,0.08519076433896594,0.0166571355506977
0.005,0.15,0.18150000000000002,0.0,0.0,0.0,0.0,0.204671834625323,-0.4953697721349053,0.08129886103857917,0.08061735517112174,0.0166571355506977
0.005,0.15,0.18500000000000003,0.0,0.0,0.0,0.0,0.20800826873385014,-0.5083408537095271,0.07833534146569489,0.07767656963718181,0.0166571355506977
0.005,0.15,0.1885,0.0,0.0,0.0,0.0,0.21121447028423773,-0.5206761837580349,0.07556903684328112,0.07493159499900727,0.0166571355506977
0.005,0.15,0.192,0.0,0.0,0.0,0.0,0.21416640826873384,-0.5317540407314918,0.07316820856952425,0.07254947420838996,0.0166571355506977
0.005,0.15,0.1955,0.0,0.0,0.0,0.0,0.21813850129198964,-0.5465221819018271,0.07002189528452657,0.06942776739422606,0.0166571355506977
0.005,0.15,0.199,0.0,0.0,0.0,0.0,0.2213736434108527,-0.5583750366936036,0.06755946897240818,0.06698471052064428,0.0166571355506977
0.005,0.15,0.2025,0.0,0.0,0.0,0.0,0.2243968992248062,-0.5692794271897771,0.0653445742778672,0.06478734105293323,0.0166571355506977
0.005,0.15,0.20600000000000002,0.0,0.0,0.0,0.0,0.22819018087855297,-0.5826868899170189,0.06270053766547622,0.06216437492467837,0.0166571355506977
0.005,0.15,0.20950000000000002,0.0,0.0,0.0,0.0,0.2322346253229974,-0.5967830429058316,0.059984866230261495,0.05947044281563248,0.0166571355506977
0.005,0.15,0.21300000000000002,0.0,0.0,0.0,0.0,0.2354532299741602,-0.6078435833717261,0.057900636087622026,0.05740297687609364,0.0166571355506977
0.005,0.15,0.21650000000000003,0.0,0.0,0.0,0.0,0.23858397932816536,-0.6183949168523912,0.05596469593938999,0.05548269768793124,0.0166571355506977
0.005,0.15,0.22,0.0,0.0,0.0,0.0,0.24282377260981913,-0.6324357134105181,0.053452825148744124,0.05299125025365676,0.0166571355506977
0.005,0.2,0.01,1.0,1.0,0.07,0.03,0.03521961398017736,0.5270232123763628,0.4875386019535703,0.4845965619712473,0.021419021726492682
0.005,0.2,0.0135,1.0,1.0,0.0,0.0,0.03833281168492436,0.4976487483308578,0.47539403048190754,0.4724575955388018,0.021419021726492682
0.005,0.2,0.017,1.0,1.0,0.0,0.0,0.0420980699008868,0.46317885592349795,0.4607432109735161,0.45781836136818543,0.021419021726492682
0.005,0.2,0.0205,1.0,1.0,0.0,0.0,0.0456150234741784,0.43189452153101704,0.44712783474400625,0.444218240507676,0.021419021726492682
0.005,0.2,0.024,1.0,1.0,0.0,0.0,0.0492018779342723,0.40088700356296947,0.43333269649951667,0.43044329438106066,0.021419021726492682
0.005,0.2,0.027500000000000004,1.0,1.0,0.0,0.0,0.052660406885758994,0.3716610334332669,0.4201506096738962,0.41728423168946227,0.021419021726492682
0.005,0.2,0.031,1.0,1.0,0.0,0.0,0.05628169014084507,0.3418487228216754,0.4064895152539122,0.40365156501094696,0.021419021726492682
0.005,0.2,0.0345,1.0,1.0,0.0,0.0,0.059465832029212316,0.31623593153513413,0.39462376244128605,0.391814127473182,0.021419021726492682
0.005,0.2,0.038,1.0,1.0,0.0,0.0,0.06304538341158059,0.2880026190010757,0.38145037085451167,0.3786756463866303,0.021419021726492682
0.005,0.2,0.0415,1.0,1.0,0.0,0.0,0.06694627021387585,0.25798567039966497,0.36733869704761246,0.3646061124449565,0.021419021726492682
0.005,0.2,0.045000000000000005,1.0,1.0,0.0,0.0,0.07070005216484089,0.22977615037908417,0.35401249250380573,0.3513240567493691,0.021419021726492682
0.005,0.2,0.0485,1.0,1.0,0.0,0.0,0.07317475221700573,0.2115189307976734,0.3453810773780853,0.34272344584538295,0.021419021726492682
0.005,0.2,0.052000000000000005,1.0,1.0,0.0,0.0,0.07699739175795513,0.18381043346094816,0.33228150847318894,0.32967386129908727,0.021419021726492682
0.005,0.2,0.0555,1.0,1.0,0.0,0.0,0.08060615545122587,0.15821710566741432,0.3202061465398064,0.31764825907584476,0.021419021726492682
0.005,0.2,0.059000000000000004,1.0,1.0,0.0,0.0,0.08401147626499739,0.13453198186487905,0.30907946825447885,0.3065704482772291,0.021419021726492682
0.005,0.2,0.0625,1.0,1.0,0.0,0.0,0.08801356285863328,0.1072285032362546,0.29633209837902014,0.29388247606837636,0.021419021726492682
0.005,0.2,0.066,1.0,1.0,0.0,0.0,0.09085654668753261,0.08818837374361031,0.2875110635782345,0.2851047906287852,0.021419021726492682
0.005,0.2,0.0695,1.0,0.99,0.0,0.0,0.09517266562336985,0.05985369622236985,0.2745078347111709,0.2721689893352902,0.021419021726492682
0.005,0.2,0.073,1.0,0.99,0.0,0.0,0.09829316640584246,0.039733897179986384,0.26537349241673713,0.26308422510610846,0.021419021726492682
0.005,0.2,0.0765,1.0,0.76,0.0,0.0,0.10168179447052687,0.018247867596555885,0.25573324088720095,0.25349842847511045,0.021419021726492682
0.005,0.2,0.08,0.93,0.47,0.0,0.0,0.1048075117370892,-0.0012504728928755845,0.24709364788399565,0.24490946995415436,0.021419021726492682
0.005,0.2,0.08349999999999999,0.6,0.08,0.0,0.0,0.10920813771517997,-0.02818842602621319,0.23534689747459198,0.23323439865990137,0.021419021726492682
0.005,0.2,0.087,0.26,0.01,0.0,0.0,0.11212728221178926,-0.045768213638074776,0.22779934682956354,0.2257344472141546,0.021419021726492682
0.005,0.2,0.0905,0.08,0.0,0.0,0.0,0.11540636411058947,-0.06517411158342214,0.21960260517010188,0.2175911460938201,0.021419021726492682
0.005,0.2,0.094,0.0,0.0,0.0,0.0,0.11942827334376631,-0.08861419190464342,0.20987405613228358,0.20792780154617602,0.021419021726492682
0.005,0.2,0.0975,0.0,0.0,0.0,0.0,0.12245905059989567,-0.10592627642411774,0.20283746446315515,0.2009400115570513,0.021419021726492682
0.005,0.2,0.10099999999999999,0.0,0.0,0.0,0.0,0.12629420970266042,-0.12751463169765276,0.1942240160534872,0.19238771782265643,0.021419021726492682
0.005,0.2,0.1045,0.0,0.0,0.0,0.0,0.1293343766301513,-0.1443607634896476,0.18763381137324853,0.1858454365063836,0.021419021726492682
0.005,0.2,0.108,0.0,0.0,0.0,0.0,0.13327073552425664,-0.16586145169495015,0.17938371846075984,0.17765661388778042,0.021419021726492682
0.005,0.2,0.1115,0.0,0.0,0.0,0.0,0.13691079812206572,-0.18530635425093622,0.17212678017213534,0.17045522361764395,0.021419021726492682
0.005,0.2,0.11499999999999999,0.0,0.0,0.0,0.0,0.13962023995826814,-0.19966735824595208,0.1668426281034083,0.1652119338840375,0.021419021726492682
0.005,0.2,0.1185,0.0,0.0,0.0,0.0,0.14400000000000002,-0.22236623716598103,0.1587350071677693,0.15716876813189407,0.021419021726492682
0.005,0.2,0.122,0.0,0.0,0.0,0.0,0.14729786124152322,-0.23924412186544977,0.15282763772105143,0.15130905548540224,0.021419021726492682
0.005,0.2,0.1255,0.0,0.0,0.0,0.0,0.15091392801251957,-0.25736892650771725,0.1466621346912429,0.14519444250118327,0.021419021726492682
0.005,0.2,0.129,0.0,0.0,0.0,0.0,0.15428899321857067,-0.274101831762455,0.14108469026136664,0.13966356527946477,0.021419021726492682
0.005,0.2,0.1325,0.0,0.0,0.0,0.0,0.15770266040688574,-0.2906915439923439,0.13571051615267404,0.13433515021639905,0.021419021726492682
0.005,0.2,0.136,0.0,0.0,0.0,0.0,0.1606343244653104,-0.30474955811162474,0.13124865755540913,0.12991175216223588,0.021419021726492682
0.005,0.2,0.1395,0.0,0.0,0.0,0.0,0.16454981742305688,-0.32336806710157256,0.12544741683918267,0.1241609094720236,0.021419021726492682
0.005,0.2,0.14300000000000002,0.0,0.0,0.0,0.0,0.16821387584767866,-0.3403249670309817,0.12036168787240928,0.11912039803292314,0.021419021726492682
0.005,0.2,0.14650000000000002,0.0,0.0,0.0,0.0,0.1720959833072509,-0.35812377515985216,0.11512160679512606,0.11392724738154103,0.021419021726492682
0.005,0.2,0.15000000000000002,0.0,0.0,0.0,0.0,0.1755565988523735,-0.3736986008095691,0.11067259759209506,0.10951865911341872,0.021419021726492682
0.005,0.2,0.15350000000000003,0.0,0.0,0.0,0.0,0.1785717266562337,-0.38701949221229964,0.10697588922554234,0.10585597265112488,0.021419021726492682
0.005,0.2,0.157,0.0,0.0,0.0,0.0,0.1824673969744392,-0.4040497400015672,0.10233772165282506,0.10126081091325903,0.021419021726492682
0.005,0.2,0.1605,0.0,0.0,0.0,0.0,0.18619196661450182,-0.4200157376185914,0.09812531781673788,0.09708795966772334,0.021419021726492682
0.005,0.2,0.164,0.0,0.0,0.0,0.0,0.18973813249869587,-0.43497517709180294,0.09428197733813462,0.09328105525185068,0.021419021726492682
0.005,0.2,0.1675,0.0,0.0,0.0,0.0,0.19359207094418363,-0.4510191583973958,0.09025538577689839,0.08929293950112474,0.021419021726492682
0.005,0.2,0.171,0.0,0.0,0.0,0.0,0.19615336463223787,-0.4614840702382383,0.08770543849379467,0.08676760526656276,0.021419021726492682
0.005,0.2,0.17450000000000002,0.0,0.0,0.0,0.0,0.1993510693792384,-0.47442067448641706,0.0846060853877551,0.08369833177135914,0.021419021726492682
0.005,0.2,0.17800000000000002,0.0,0.0,0.0,0.0,0.20320709441836204,-0.48972598544305546,0.08104827013214004,0.08017537407929563,0.021419021726492682
0.005,0.2,0.18150000000000002,0.0,0.0,0.0,0.0,0.20648408972352633,-0.5025802158119176,0.07812294463805342,0.07727886818274514,0.021419021726492682
0.005,0.2,0.18500000000000003,0.0,0.0,0.0,0.0,0.21024413145539905,-0.517054369734236,0.07492269088206951,0.07411041323505142,0.021419021726492682
0.005,0.2,0.1885,0.0,0.0,0.0,0.0,0.21411580594679186,-0.5316787073579503,0.07178473627828513,0.07100388819675234,0.021419021726492682
0.005,0.2,0.192,0.0,0.0,0.0,0.0,0.21793635889410537,-0.5459176018462665,0.06879940501932774,0.0680486219139517,0.021419021726492682
0.005,0.2,0.1955,0.0,0.0,0.0,0.0,0.2201606677099635,-0.5540580853277074,0.06713829992153922,0.06640436081566263,0.021419021726492682
0.005,0.2,0.199,0.0,0.0,0.0,0.0,0.22405112154407927,-0.568127893895562,0.06432220093592783,0.06361694257039209,0.021419021726492682
0.005,0.2,0.2025,0.0,0.0,0.0,0.0,0.22708189880020868,-0.5789463918609398,0.0622005173138517,0.06151696910652112,0.021419021726492682
0.005,0.2,0.20600000000000002,0.0,0.0,0.0,0.0,0.23158476786645799,-0.5946809632566008,0.05921182093084223,0.05855907037834398,0.021419021726492682
0.005,0.2,0.20950000000000002,0.0,0.0,0.0,0.0,0.23473969744392278,-0.6055269435245563,0.057201038227086526,0.05656911343179899,0.021419021726492682
0.005,0.2,0.21300000000000002,0.0,0.0,0.0,0.0,0.23830255607720396,-0.6175470901111226,0.05503292154840025,0.05442357852860135,0.021419021726492682
0.005,0.2,0.21650000000000003,0.0,0.0,0.0,0.0,0.24150234741784035,-0.6282157725982775,0.05314410378386828,0.052554498193286135,0.021419021726492682
0.005,0.2,0.22,0.0,0.0,0.0,0.0,0.24564006259780907,-0.6417577231741777,0.0508087565190409,0.050243676825954216,0.021419021726492682
0.005,0.25,0.01,1.0,1.0,0.0,0.0,0.03787677725118484,0.5018131656675238,0.4718819435111293,0.4682867633238294,0.02624845301179879
0.005,0.25,0.0135,1.0,1.0,0.0,0.0,0.04182517114270668,0.4655006705696666,0.45653609791068284,0.4529573026733499,0.02624845301179879
0.005,0.25,0.017,1.0,1.0,0.0,0.0,0.04476777251184834,0.43925208822275463,0.44515272879827267,0.44159092986791876,0.02624845301179879
0.005,0.25,0.0205,1.0,1.0,0.0,0.0,0.048369668246445494,0.4079050814487436,0.4313142548858653,0.4277781088787513,0.02624845301179879
0.005,0.25,0.024,1.0,1.0,0.0,0.0,0.05229910479199579,0.3745309635600843,0.4163549567284812,0.4128520285601774,0.02624845301179879
0.005,0.25,0.027500000000000004,1.0,1.0,0.0,0.0,0.0553407056345445,0.34935114803723993,0.4049039572819329,0.40143100222784683,0.02624845301179879
0.005,0.25,0.031,1.0,1.0,0.0,0.0,0.058787783043707215,0.32151181073630464,0.39206928640068184,0.388635006357962,0.02624845301179879
0.005,0.25,0.0345,1.0,1.0,0.0,0.0,0.062445497630331755,0.2925460851185282,0.37863558811047066,0.37524609259014596,0.02624845301179879
0.005,0.25,0.038,1.0,1.0,0.0,0.0,0.06569773565034229,0.26738405693020895,0.366883226567238,0.3635374322128023,0.02624845301179879
0.005,0.25,0.0415,1.0,1.0,0.0,0.0,0.06909004739336493,0.24166089339568544,0.3548189097738559,0.3515220412234514,0.02624845301179879
0.005,0.25,0.045000000000000005,1.0,1.0,0.0,0.0,0.07299842022116904,0.2126389516115555,0.34119325120359845,0.33795646120524253,0.02624845301179879
0.005,0.25,0.0485,1.0,1.0,0.0,0.0,0.07611795681937862,0.1900279726555415,0.33056043672424856,0.3273748870364253,0.02624845301179879
0.005,0.25,0.052000000000000005,1.0,1.0,0.0,0.0,0.07980410742496051,0.16373940652981978,0.3182420633637815,0.3151192634199908,0.02624845301179879
0.005,0.25,0.0555,1.0,1.0,0.0,0.0,0.08370721432332807,0.1365013091992288,0.30553759240795997,0.30248418095255664,0.02624845301179879
0.005,0.25,0.059000000000000004,1.0,1.0,0.0,0.0,0.08715955766192733,0.11294806887743913,0.29461949722989367,0.2916298710457204,0.02624845301179879
0.005,0.25,0.0625,1.0,1.0,0.0,0.0,0.09064454976303317,0.08946603671197315,0.2838264965974077,0.2809021715922864,0.02624845301179879
0.005,0.25,0.066,1.0,1.0,0.0,0.0,0.09401369141653503,0.0672565954213105,0.2737020520900735,0.27084265674449987,0.02624845301179879
0.005,0.25,0.0695,1.0,0.99,0.0,0.0,0.0969826224328594,0.04800622361249299,0.26501483612366195,0.2622134982206805,0.02624845301179879
0.005,0.25,0.073,1.0,0.86,0.0,0.0,0.10096577145866245,0.02261559799180563,0.2536984090630605,0.25097580207767145,0.02624845301179879
0.005,0.25,0.0765,0.97,0.49,0.0,0.0,0.10455924170616114,0.00014548227136203758,0.24382922375876295,0.24117828382323445,0.02624845301179879
0.005,0.25,0.08,0.75,0.14,0.0,0.0,0.10796313849394418,-0.020779789257192198,0.23476833333525074,0.23218557756172525,0.02624845301179879
0.005,0.25,0.08349999999999999,0.26,0.02,0.0,0.0,0.11165034228541337,-0.043039647820585364,0.2252920229648814,0.22278319715147168,0.02624845301179879
0.005,0.25,0.087,0.1,0.0,0.0,0.0,0.11467403896787783,-0.06097364183048765,0.21778695403715645,0.21533862786454253,0.02624845301179879
0.005,0.25,0.0905,0.01,0.0,0.0,0.0,0.11889310163243813,-0.08563150392577197,0.2076435422680184,0.20527915233077476,0.02624845301179879
0.005,0.25,0.094,0.0,0.0,0.0,0.0,0.12217061611374408,-0.10441661497972257,0.20008245107653558,0.1977827030014049,0.02624845301179879
0.005,0.25,0.0975,0.0,0.0,0.0,0.0,0.12586835176408637,-0.12527609428650785,0.19183997191967708,0.18961248276213838,0.02624845301179879
0.005,0.25,0.10099999999999999,0.0,0.0,0.0,0.0,0.1292143233280674,-0.14382056012701158,0.18467482092497814,0.18251182430327537,0.02624845301179879
0.005,0.25,0.1045,0.0,0.0,0.0,0.0,0.13239073196419168,-0.1612179797187519,0.17806656976738672,0.1759640671325386,0.02624845301179879
0.005,0.25,0.108,0.0,0.0,0.0,0.0,0.13634123222748815,-0.1824160620795002,0.17022344107511514,0.16819475841353637,0.02624845301179879
0.005,0.25,0.1115,0.0,0.0,0.0,0.0,0.13911637704054766,-0.19712712917221442,0.16487877449440919,0.16290115710642666,0.02624845301179879
0.005,0.25,0.11499999999999999,0.0,0.0,0.0,0.0,0.14216956292785676,-0.21307248711640564,0.1592018042159746,0.15727943484313583,0.02624845301179879
0.005,0.25,0.1185,0.0,0.0,0.0,0.0,0.1462548709847288,-0.23405438015074395,0.15191865374293054,0.15006855658626828,0.02624845301179879
0.005,0.25,0.122,0.0,0.0,0.0,0.0,0.14970300157977884,-0.25147462035247253,0.14602107976962486,0.14423056444381202,0.02624845301179879
0.005,0.25,0.1255,0.0,0.0,0.0,0.0,0.15313006845708269,-0.26852825771552824,0.14038380044074747,0.13865113502798546,0.02624845301179879
0.005,0.25,0.129,0.0,0.0,0.0,0.0,0.1566340179041601,-0.2856825699967513,0.1348510602365624,0.13317608842783155,0.02624845301179879
0.005,0.25,0.1325,0.0,0.0,0.0,0.0,0.16058346498156925,-0.3046829076435371,0.12889076701641,0.12727896907410519,0.02624845301179879
0.005,0.25,0.136,0.0,0.0,0.0,0.0,0.1637577672459189,-0.3197603223587801,0.12426493184043269,0.12270272070352448,0.02624845301179879
0.005,0.25,0.1395,0.0,0.0,0.0,0.0,0.1677008952080042,-0.3380956145080352,0.1188186588596424,0.11731586584395189,0.02624845301179879
0.005,0.25,0.14300000000000002,0.0,0.0,0.0,0.0,0.17112901527119537,-0.35386562477615285,0.11422867028127003,0.1127763872264328,0.02624845301179879
0.005,0.25,0.14650000000000002,0.0,0.0,0.0,0.0,0.17462980516061083,-0.36965684458863785,0.10976801191650713,0.10836554124214542,0.02624845301179879
0.005,0.25,0.15000000000000002,0.0,0.0,0.0,0.0,0.1779662980516061,-0.38448379194487914,0.10568269651705588,0.10432632115666501,0.02624845301179879
0.005,0.25,0.15350000000000003,0.0,0.0,0.0,0.0,0.18140494997367035,-0.3995485464121325,0.10163263325467448,0.10032240056647627,0.02624845301179879
0.005,0.25,0.157,0.0,0.0,0.0,0.0,0.18567140600315957,-0.4179415804451766,0.09682078012239081,0.09556593642888911,0.02624845301179879
0.005,0.25,0.1605,0.0,0.0,0.0,0.0,0.18771458662453924,-0.4265751745342075,0.09463261591021203,0.0934032658760226,0.02624845301179879
0.005,0.25,0.164,0.0,0.0,0.0,0.0,0.1915734597156398,-0.4427858960683499,0.09057515331437198,0.08939323863661733,0.02624845301179879
0.005,0.25,0.1675,0.0,0.0,0.0,0.0,0.19479726171669298,-0.45607758097664464,0.08734397804272445,0.08620022581749036,0.02624845301179879
0.005,0.25,0.171,0.0,0.0,0.0,0.0,0.19903738809899948,-0.47327035137760753,0.08328129582048849,0.08218595530973109,0.02624845301179879
0.005,0.25,0.17450000000000002,0.0,0.0,0.0,0.0,0.20215376513954714,-0.48571236527463013,0.08041342465678523,0.07935251576170035,0.02624845301179879
0.005,0.25,0.17800000000000002,0.0,0.0,0.0,0.0,0.20633385992627698,-0.5021184602991791,0.07674117663307933,0.07572471334255136,0.02624845301179879
0.005,0.25,0.18150000000000002,0.0,0.0,0.0,0.0,0.20956924697209056,-0.5145754182390533,0.07403295963661204,0.07304955788569333,0.02624845301179879
0.005,0.25,0.18500000000000003,0.0,0.0,0.0,0.0,0.2129236440231701,-0.5273289001528707,0.07131841077234444,0.07036831630788594,0.02624845301179879
0.005,0.25,0.1885,0.0,0.0,0.0,0.0,0.21628225381779884,-0.5399361518832145,0.0686944092659448,0.06777668185644581,0.02624845301179879
0.005,0.25,0.192,0.0,0.0,0.0,0.0,0.22072248551869403,-0.5562459942034758,0.0654080946167222,0.0645312400182873,0.02624845301179879
0.005,0.25,0.1955,0.0,0.0,0.0,0.0,0.22388730911005794,-0.5676853892970339,0.06316160039244158,0.06231284559435052,0.02624845301179879
0.005,0.25,0.199,0.0,0.0,0.0,0.0,0.22660768825697736,-0.577397060930976,0.061293977548442104,0.06046868634167068,0.02624845301179879
0.005,0.25,0.2025,0.0,0.0,0.0,0.0,0.2306024223275408,-0.5914382695179898,0.05865550793071284,0.05786353168725762,0.02624845301179879
0.005,0.25,0.20600000000000002,0.0,0.0,0.0,0.0,0.23406213796735123,-0.603334802616216,0.056487101185788494,0.05572268983320448,0.02624845301179879
0.005,0.25,0.20950000000000002,0.0,0.0,0.0,0.0,0.2377093206951027,-0.6156715171524006,0.054294128787151535,0.05355772499463143,0.02624845301179879
0.005,0.25,0.21300000000000002,0.0,0.0,0.0,0.0,0.24142074776197997,-0.6280556349569155,0.0521399382177828,0.051431150325547466,0.02624845301179879
0.005,0.25,0.21650000000000003,0.0,0.0,0.0,0.0,0.24413586097946285,-0.6370057347775075,0.05061201172604079,0.049922878249435705,0.02624845301179879
0.005,0.25,0.22,0.0,0.0,0.0,0.0,0.2480905739863086,-0.649768504479579,0.04849294352574769,0.047831211999736445,0.02624845301179879
0.005,0.3,0.01,1.0,1.0,0.0,0.0,0.040768740031897927,0.4749587442234155,0.45537305589461985,0.4511287138314819,0.03114704148291003
0.005,0.3,0.0135,1.0,1.0,0.0,0.0,0.0443083466241361,0.4431774666167182,0.4416920991355932,0.4374730871248776,0.03114704148291003
0.005,0.3,0.017,1.0,1.0,0.0,0.0,0.04787878787878788,0.41196579034928954,0.4279930506205478,0.4238056829980203,0.03114704148291003
0.005,0.3,0.0205,1.0,1.0,0.0,0.0,0.05138224348750665,0.38209593219156046,0.4146764745290305,0.4105257618055665,0.03114704148291003
0.005,0.3,0.024,1.0,1.0,0.0,0.0,0.054896331738437,0.35291703402727514,0.4014611727673891,0.397353230191571,0.03114704148291003
0.005,0.3,0.027500000000000004,1.0,1.0,0.0,0.0,0.05844338118022328,0.32412517546803576,0.38828794329545213,0.38422824372309344,0.03114704148291003
0.005,0.3,0.031,1.0,1.0,0.0,0.0,0.061953216374269,0.296317240906144,0.3754506484164019,0.3714439246055507,0.03114704148291003
0.005,0.3,0.0345,1.0,1.0,0.0,0.0,0.06534396597554493,0.27000096613221614,0.363236764880583,0.35928535473615525,0.03114704148291003
0.005,0.3,0.038,1.0,1.0,0.0,0.0,0.0690749601275917,0.24166432928423348,0.35003641999061413,0.34615042033237187,0.03114704148291003
0.005,0.3,0.0415,1.0,1.0,0.0,0.0,0.0722615629984051,0.2180144299433627,0.3389867212895527,0.3351605377256856,0.03114704148291003
0.005,0.3,0.045000000000000005,1.0,1.0,0.0,0.0,0.07589580010632642,0.1915497118022701,0.32663973053293177,0.32288506428939406,0.03114704148291003
0.005,0.3,0.0485,1.0,1.0,0.0,0.0,0.07894630515683147,0.16972238499051437,0.3164869037023055,0.3127945978799668,0.03114704148291003
0.005,0.3,0.052000000000000005,1.0,1.0,0.0,0.0,0.08245295055821371,0.14502645925073138,0.30504994658453455,0.30143151967643245,0.03114704148291003
0.005,0.3,0.0555,1.0,1.0,0.0,0.0,0.08594364699627857,0.12104629479864203,0.2939968675503796,0.2904552884616169,0.03114704148291003
0.005,0.3,0.059000000000000004,1.0,1.0,0.0,0.0,0.08981392876129718,0.09487887030847272,0.2820404920349075,0.2785857907644034,0.03114704148291003
0.005,0.3,0.0625,1.0,1.0,0.0,0.0,0.09368421052631579,0.06932087041232016,0.27048924281151937,0.2671237673580786,0.03114704148291003
0.005,0.3,0.066,1.0,0.99,0.0,0.0,0.0976735778841042,0.04343926355372249,0.2589292047647481,0.2556569391281267,0.03114704148291003
0.005,0.3,0.0695,1.0,0.92,0.0,0.0,0.1001116427432217,0.02788409603908426,0.25206658433702744,0.24885181609124218,0.03114704148291003
0.005,0.3,0.073,0.98,0.63,0.0,0.0,0.10342902711323763,0.007056018033460498,0.24298218440684696,0.23984625377787686,0.03114704148291003
0.005,0.3,0.0765,0.85,0.24,0.0,0.0,0.106829346092504,-0.013957596879104816,0.23394233120317007,0.23088744683043178,0.03114704148291003
0.005,0.3,0.08,0.36,0.03,0.0,0.0,0.11070813397129185,-0.037517045601866354,0.2239719219470676,0.22100953292379202,0.03114704148291003
0.005,0.3,0.08349999999999999,0.1,0.0,0.0,0.0,0.11436469962785752,-0.05930013881549398,0.2149234445677079,0.2120480667110109,0.03114704148291003
0.005,0.3,0.087,0.0,0.0,0.0,0.0,0.11729399255715045,-0.07646005972253579,0.2079250176555535,0.20511891189747883,0.03114704148291003
0.005,0.3,0.0905,0.0,0.0,0.0,0.0,0.12144178628389155,-0.10036732369219623,0.19835811730572395,0.19564928369713785,0.03114704148291003
0.005,0.3,0.094,0.0,0.0,0.0,0.0,0.12487612971823499,-0.11981665289873276,0.19073881311274887,0.18810959972805696,0.03114704148291003
0.005,0.3,0.0975,0.0,0.0,0.0,0.0,0.1284242424242424,-0.13957081318636116,0.18316352699814525,0.1806154874366941,0.03114704148291003
0.005,0.3,0.10099999999999999,0.0,0.0,0.0,0.0,0.13145879851143008,-0.15625489484397956,0.17687675715173826,0.17439729708909976,0.03114704148291003
0.005,0.3,0.1045,0.0,0.0,0.0,0.0,0.13552897395002658,-0.1782579182010194,0.16877848166348056,0.16638938623037894,0.03114704148291003
0.005,0.3,0.108,0.0,0.0,0.0,0.0,0.1388654970760234,-0.19588855364618726,0.16247578146022967,0.16015904319663277,0.03114704148291003
0.005,0.3,0.1115,0.0,0.0,0.0,0.0,0.14214992025518342,-0.2130989629208219,0.15641785518964002,0.1541713588508354,0.03114704148291003
0.005,0.3,0.11499999999999999,0.0,0.0,0.0,0.0,0.1460956937799043,-0.23335147462094366,0.14949321793766018,0.1473289250805016,0.03114704148291003
0.005,0.3,0.1185,0.0,0.0,0.0,0.0,0.14936629452418926,-0.24991815098700385,0.1439486112072551,0.14185105703154163,0.03114704148291003
0.005,0.3,0.122,0.0,0.0,0.0,0.0,0.15293673577884104,-0.2676919331334943,0.13815245453270436,0.13612593031031528,0.03114704148291003
0.005,0.3,0.1255,0.0,0.0,0.0,0.0,0.15567357788410421,-0.2811409384099794,0.13385867603111248,0.13188543063050848,0.03114704148291003
0.005,0.3,0.129,0.0,0.0,0.0,0.0,0.1602126528442318,-0.3030179550910241,0.12708166274278193,0.1251940094673726,0.03114704148291003
0.005,0.3,0.1325,0.0,0.0,0.0,0.0,0.16347262094630516,-0.31849806500273065,0.12240509238935779,0.12057724755299865,0.03114704148291003
0.005,0.3,0.136,0.0,0.0,0.0,0.0,0.16697607655502392,-0.3348821492687298,0.11757597019161999,0.11581068724168551,0.03114704148291003
0.005,0.3,0.1395,0.0,0.0,0.0,0.0,0.1700446570972887,-0.34903473705152444,0.11350355027366263,0.1117915970444682,0.03114704148291003
0.005,0.3,0.14300000000000002,0.0,0.0,0.0,0.0,0.17390536948431684,-0.3665105773230743,0.10861977183341695,0.10697265755432345,0.03114704148291003
0.005,0.3,0.14650000000000002,0.0,0.0,0.0,0.0,0.17710366826156299,-0.3807784166095393,0.10472982148356563,0.10313489114941712,0.03114704148291003
0.005,0.3,0.15000000000000002,0.0,0.0,0.0,0.0,0.1808421052631579,-0.397225197939989,0.1003542488915261,0.09881854745367433,0.03114704148291003
0.005,0.3,0.15350000000000003,0.0,0.0,0.0,0.0,0.1842307283359915,-0.41195082947834183,0.09652261037181037,0.09503919600091036,0.03114704148291003
0.005,0.3,0.157,0.0,0.0,0.0,0.0,0.187471557682084,-0.42573565538654634,0.09305196641082204,0.09161653187958048,0.03114704148291003
0.005,0.3,0.1605,0.0,0.0,0.0,0.0,0.1916597554492291,-0.44327466987652486,0.08875173218383905,0.08737627200470209,0.03114704148291003
0.005,0.3,0.164,0.0,0.0,0.0,0.0,0.19487187666135036,-0.4564956094633825,0.08560517526681802,0.08427400594235339,0.03114704148291003
0.005,0.3,0.1675,0.0,0.0,0.0,0.0,0.19835300372142478,-0.4706492594864291,0.08230267468273916,0.08101826240292466,0.03114704148291003
0.005,0.3,0.171,0.0,0.0,0.0,0.0,0.20202764486975014,-0.4853288958327369,0.078977363066606,0.07774045681437734,0.03114704148291003
0.005,0.3,0.17450000000000002,0.0,0.0,0.0,0.0,0.2050334928229665,-0.4971851318131391,0.07634928355017855,0.0751501378313913,0.03114704148291003
0.005,0.3,0.17800000000000002,0.0,0.0,0.0,0.0,0.20939393939393938,-0.5140027770206799,0.07274657368224818,0.07159970038546615,0.03114704148291003
0.005,0.3,0.18150000000000002,0.0,0.0,0.0,0.0,0.21249441786283893,-0.5258654168154201,0.07024836192825487,0.06913785726743293,0.03114704148291003
0.005,0.3,0.18500000000000003,0.0,0.0,0.0,0.0,0.21537267410951622,-0.536682157346512,0.06803154442290718,0.06695354587271864,0.03114704148291003
0.005,0.3,0.1885,0.0,0.0,0.0,0.0,0.2192876129718235,-0.551132627296558,0.06515038266072083,0.06411491487997463,0.03114704148291003
0.005,0.3,0.192,0.0,0.0,0.0,0.0,0.22253482190324295,-0.562938604644087,0.0628533134854808,0.061851935692385514,0.03114704148291003
0.005,0.3,0.1955,0.0,0.0,0.0,0.0,0.2261318447634237,-0.5758222652039486,0.060406636939025,0.05944175709179612,0.03114704148291003
0.005,0.3,0.199,0.0,0.0,0.0,0.0,0.22975438596491227,-0.5886054612306834,0.05803499120689636,0.05710565671906023,0.03114704148291003
0.005,0.3,0.2025,0.0,0.0,0.0,0.0,0.23242849548112704,-0.5978466684079532,0.05636876586263366,0.05546456831531119,0.03114704148291003
0.005,0.3,0.20600000000000002,0.0,0.0,0.0,0.0,0.23623923444976075,-0.6109027054921464,0.05405379044314297,0.0531846024097535,0.03114704148291003
0.005,0.3,0.20950000000000002,0.0,0.0,0.0,0.0,0.24010738968633707,-0.6238110305082584,0.05184395891883278,0.05100843388379879,0.03114704148291003
0.005,0.3,0.21300000000000002,0.0,0.0,0.0,0.0,0.24472620946305157,-0.6390358801491967,0.049290557575132544,0.04849404925330516,0.03114704148291003
0.005,0.3,0.21650000000000003,0.0,0.0,0.0,0.0,0.24741095162147794,-0.6477074736349309,0.047878880525317795,0.04710405148401581,0.03114704148291003
0.005,0.3,0.22,0.0,0.0,0.0,0.0,0.24955130249867094,-0.6545317603155436,0.046783885197408705,0.04602592194694049,0.03114704148291003
0.005,0.35,0.01,1.0,1.0,0.0,0.0,0.04384970477724101,0.44711932068433363,0.438228482877814,0.4333457256611646,0.03611645360034865
0.005,0.35,0.0135,1.0,1.0,0.0,0.0,0.047067096081588836,0.41884548222059315,0.4259036925517797,0.4210553292751598,0.03611645360034865
0.005,0.35,0.017,1.0,1.0,0.0,0.0,0.04963499731615673,0.3967746547457438,0.4161340639706585,0.411317356564267,0.03611645360034865
0.005,0.35,0.0205,1.0,1.0,0.0,0.0,0.0537584541062802,0.36218193931074666,0.40061906133739894,0.39586050582205556,0.03611645360034865
0.005,0.35,0.024,1.0,1.0,0.0,0.0,0.05740633387010199,0.33232561981779235,0.3870741620101175,0.3823735526966787,0.03611645360034865
0.005,0.35,0.027500000000000004,1.0,1.0,0.0,0.0,0.060880300590445524,0.3046178130424693,0.37436682559488843,0.3697277782243418,0.03611645360034865
0.005,0.35,0.031,1.0,1.0,0.0,0.0,0.06491143317230275,0.27322843780999023,0.35987938516459983,0.3553183162515169,0.03611645360034865
0.005,0.35,0.0345,1.0,1.0,0.0,0.0,0.06790874932903918,0.25030205216245055,0.3492926392585984,0.34479281553594054,0.03611645360034865
0.005,0.35,0.038,1.0,1.0,0.0,0.0,0.07131293612453032,0.22485306268250452,0.3374860674461451,0.33306071886984073,0.03611645360034865
0.005,0.35,0.0415,1.0,1.0,0.0,0.0,0.07486741814278046,0.198834172505885,0.3254232818553768,0.32107984626892483,0.03611645360034865
0.005,0.35,0.045000000000000005,1.0,1.0,0.0,0.0,0.07837573805689747,0.173587109158952,0.31376188805410565,0.30950219720071326,0.03611645360034865
0.005,0.35,0.0485,1.0,1.0,0.0,0.0,0.08251422436929684,0.14446665935596026,0.300370696957926,0.29621407447492265,0.03611645360034865
0.005,0.35,0.052000000000000005,1.0,1.0,0.0,0.0,0.08498550724637681,0.1274521803468326,0.29258759440769583,0.28849473148545185,0.03611645360034865
0.005,0.35,0.0555,1.0,1.0,0.0,0.0,0.08963177670424047,0.09599449240312065,0.2783248047847153,0.2743541755572723,0.03611645360034865
0.005,0.35,0.059000000000000004,1.0,1.0,0.0,0.0,0.09258615136876007,0.07635439910154815,0.2695113137160768,0.2656198234070813,0.03611645360034865
0.005,0.35,0.0625,1.0,1.0,0.0,0.0,0.09625120772946859,0.05247375607393536,0.2589127308576708,0.25512110815624595,0.03611645360034865
0.005,0.35,0.066,1.0,0.93,0.0,0.0,0.09939345142243694,0.032334877405773,0.25008080196581567,0.2463755393017426,0.03611645360034865
0.005,0.35,0.0695,0.98,0.66,0.0,0.0,0.1033515834675255,0.007393938579898197,0.23929369175867105,0.23569783657494256,0.03611645360034865
0.005,0.35,0.073,0.89,0.27,0.0,0.0,0.10660010735373054,-0.012719933352898352,0.23072559280669908,0.22721980349884796,0.03611645360034865
0.005,0.35,0.0765,0.59,0.02,0.0,0.0,0.10937842190016102,-0.029637596942125165,0.22362537735731283,0.22019664651559265,0.03611645360034865
0.005,0.35,0.08,0.12,0.0,0.0,0.0,0.11370799785292539,-0.05555204854315641,0.2129407682694641,0.20963168802265003,0.03611645360034865
0.005,0.35,0.08349999999999999,0.01,0.0,0.0,0.0,0.11720880300590446,-0.07611931592606563,0.20462917675865092,0.20141619966769375,0.03611645360034865
0.005,0.35,0.087,0.0,0.0,0.0,0.0,0.12057541599570586,-0.09558697791613818,0.1969126365218065,0.19379120242473452,0.03611645360034865
0.005,0.35,0.0905,0.0,0.0,0.0,0.0,0.12407300053676865,-0.11545148516701467,0.18920063286351166,0.18617324878678043,0.03611645360034865
0.005,0.35,0.094,0.0,0.0,0.0,0.0,0.12787654320987654,-0.13671299784445062,0.18111681678728211,0.17819031740216573,0.03611645360034865
0.005,0.35,0.0975,0.0,0.0,0.0,0.0,0.1305840042941492,-0.15165055757269777,0.1755402137242781,0.17268458361237532,0.03611645360034865
0.005,0.35,0.10099999999999999,0.0,0.0,0.0,0.0,0.13460654857756307,-0.1733834714235317,0.1676383587120775,0.16488593607782026,0.03611645360034865
0.005,0.35,0.1045,0.0,0.0,0.0,0.0,0.13730005367686526,-0.18779164912031085,0.1624850248891518,0.15980074203380498,0.03611645360034865
0.005,0.35,0.108,0.0,0.0,0.0,0.0,0.14084487385936661,-0.20645613256379072,0.15595538628391217,0.15335911773808011,0.03611645360034865
0.005,0.35,0.1115,0.0,0.0,0.0,0.0,0.14438432635534085,-0.2247560683966348,0.14972229946897833,0.14721177917764125,0.03611645360034865
0.005,0.35,0.11499999999999999,0.0,0.0,0.0,0.0,0.14869243156199677,-0.24664491614790932,0.14246717162855735,0.14005831837394475,0.03611645360034865
0.005,0.35,0.1185,0.0,0.0,0.0,0.0,0.15208803005904456,-0.2636052752884605,0.13699334029525556,0.1346624947811642,0.03611645360034865
0.005,0.35,0.122,0.0,0.0,0.0,0.0,0.15521846484165325,-0.27902130543145043,0.1321265986291497,0.12986606497096098,0.03611645360034865
0.005,0.35,0.1255,0.0,0.0,0.0,0.0,0.15875469672571121,-0.2961637580826408,0.12685184016680517,0.1246685917763611,0.03611645360034865
0.005,0.35,0.129,0.0,0.0,0.0,0.0,0.16241331186258723,-0.31365382880835546,0.1215980614512799,0.11949273898037749,0.03611645360034865
0.005,0.35,0.1325,0.0,0.0,0.0,0.0,0.16593344068706387,-0.33013466145675996,0.11680159584776449,0.11476861012399407,0.03611645360034865
0.005,0.35,0.136,0.0,0.0,0.0,0.0,0.16964680622651637,-0.347310645920882,0.11191290546858836,0.109954355094216,0.03611645360034865
0.005,0.35,0.1395,0.0,0.0,0.0,0.0,0.17275040257648955,-0.3614575057795537,0.10798697083520709,0.1060888299727854,0.03611645360034865
0.005,0.35,0.14300000000000002,0.0,0.0,0.0,0.0,0.17587224906065488,-0.375467519495917,0.10419286636850447,0.10235375423710337,0.03611645360034865
0.005,0.35,0.14650000000000002,0.0,0.0,0.0,0.0,0.18054643048845948,-0.3960812662788245,0.0987770714814188,0.09702318946942144,0.03611645360034865
0.005,0.35,0.15000000000000002,0.0,0.0,0.0,0.0,0.18313794954374665,-0.40731900097671203,0.09590523959507628,0.0941970246630871,0.03611645360034865
0.005,0.35,0.15350000000000003,0.0,0.0,0.0,0.0,0.18708319914117016,-0.4241979612301602,0.09169324970450995,0.09005255511487738,0.03611645360034865
0.005,0.35,0.157,0.0,0.0,0.0,0.0,0.19024584004294148,-0.4375165518525482,0.0884553521093839,0.08686702698783051,0.03611645360034865
0.005,0.35,0.1605,0.0,0.0,0.0,0.0,0.1937541599570585,-0.4520500272329329,0.08501833243872597,0.08348609364666192,0.03611645360034865
0.005,0.35,0.164,0.0,0.0,0.0,0.0,0.19731400966183574,-0.466562560633087,0.08167529922623841,0.08019804476847202,0.03611645360034865
0.005,0.35,0.1675,0.0,0.0,0.0,0.0,0.2010252281266774,-0.48149416447306786,0.07831518675532277,0.07689355427774638,0.03611645360034865
0.005,0.35,0.171,0.0,0.0,0.0,0.0,0.2046784755770263,-0.49593751599245217,0.07515964310577826,0.07379067453190243,0.03611645360034865
0.005,0.35,0.17450000000000002,0.0,0.0,0.0,0.0,0.20770477724100914,-0.5077129008905339,0.07265122494188807,0.07132440745903451,0.03611645360034865
0.005,0.35,0.17800000000000002,0.0,0.0,0.0,0.0,0.2113816425120773,-0.5217774431756732,0.06973489752458951,0.06845743527832161,0.03611645360034865
0.005,0.35,0.18150000000000002,0.0,0.0,0.0,0.0,0.21504347826086956,-0.5355847868285264,0.06694300225071804,0.0657130450346111,0.03611645360034865
0.005,0.35,0.18500000000000003,0.0,0.0,0.0,0.0,0.21862909286097693,-0.5488362743041314,0.06434170540657921,0.06315634524463318,0.03611645360034865
0.005,0.35,0.1885,0.0,0.0,0.0,0.0,0.22205797101449273,-0.5613689675124232,0.06193216594669169,0.06078827319484655,0.03611645360034865
0.005,0.35,0.192,0.0,0.0,0.0,0.0,0.22551046698872784,-0.573741345804643,0.059621358507853515,0.05851749840873282,0.03611645360034865
0.005,0.35,0.1955,0.0,0.0,0.0,0.0,0.22938701019860439,-0.5874180240988105,0.05712794656057189,0.056067490032291965,0.03611645360034865
0.005,0.35,0.199,0.0,0.0,0.0,0.0,0.2327181964573269,-0.5989809906017843,0.05507306292705647,0.05404855522673612,0.03611645360034865
0.005,0.35,0.2025,0.0,0.0,0.0,0.0,0.23598389694041866,-0.6101463886899468,0.0531344817211124,0.05214403470417877,0.03611645360034865
0.005,0.35,0.20600000000000002,0.0,0.0,0.0,0.0,0.2391959205582394,-0.6209123061750412,0.051314724394455065,0.05035642094466158,0.03611645360034865
0.005,0.35,0.20950000000000002,0.0,0.0,0.0,0.0,0.24245410628019326,-0.6317344430670648,0.04951661207367259,0.048590145036154934,0.03611645360034865
0.005,0.35,0.21300000000000002,0.0,0.0,0.0,0.0,0.24634997316156734,-0.6443991312332116,0.04747046743829076,0.046580418931975676,0.03611645360034865
0.005,0.35,0.21650000000000003,0.0,0.0,0.0,0.0,0.25062587224906063,-0.6580502893565275,0.0453218954859834,0.04447024953778521,0.03611645360034865
0.005,0.35,0.22,0.0,0.0,0.0,0.0,0.2540869565217391,-0.6689100204785982,0.043655627695966696,0.042833874761828025,0.03611645360034865
0.005,0.4,0.01,1.0,1.0,0.0,0.0,0.04612682926829268,0.42692228119887743,0.42430352277988637,0.4187852770871803,0.04115841259070696
0.005,0.4,0.0135,1.0,1.0,0.0,0.0,0.049749593495934955,0.3956623449701317,0.4105615637083569,0.40509620490344206,0.04115841259070696
0.005,0.4,0.017,1.0,1.0,0.0,0.0,0.05303414634146342,0.36802087475538237,0.39822973603950873,0.3928191130355867,0.04115841259070696
0.005,0.4,0.0205,1.0,1.0,0.0,0.0,0.05627208672086721,0.3413962257918204,0.3862197290711295,0.38086916242490654,0.04115841259070696
0.005,0.4,0.024,1.0,1.0,0.0,0.0,0.05985474254742548,0.3125799894959958,0.3731200324611555,0.3678421314201201,0.04115841259070696
0.005,0.4,0.027500000000000004,1.0,1.0,0.0,0.0,0.06370189701897018,0.2824065094362127,0.35929533636648064,0.3541028958233373,0.04115841259070696
0.005,0.4,0.031,1.0,1.0,0.0,0.0,0.06672845528455285,0.2591053537574803,0.3485966369055774,0.3434753963568868,0.04115841259070696
0.005,0.4,0.0345,1.0,1.0,0.0,0.0,0.07066449864498645,0.2295328335593015,0.33497456629271133,0.3299525421138327,0.04115841259070696
0.005,0.4,0.038,1.0,1.0,0.0,0.0,0.07365420054200542,0.20751228958052245,0.3248334195168019,0.3198904670770354,0.04115841259070696
0.005,0.4,0.0415,1.0,1.0,0.0,0.0,0.07794579945799458,0.17653280020407025,0.31061521195365455,0.3057905470430154,0.04115841259070696
0.005,0.4,0.045000000000000005,1.0,1.0,0.0,0.0,0.08121842818428185,0.15342082708084206,0.3000579248849624,0.2953270688686747,0.04115841259070696
0.005,0.4,0.0485,1.0,1.0,0.0,0.0,0.08477289972899729,0.12876657518027312,0.2888697515882812,0.2842434979116028,0.04115841259070696
0.005,0.4,0.052000000000000005,1.0,1.0,0.0,0.0,0.08859620596205962,0.10282340697726809,0.2771914613056272,0.2726809268504475,0.04115841259070696
0.005,0.4,0.0555,1.0,1.0,0.0,0.0,0.09111653116531165,0.08597056180219927,0.26967745989313163,0.26524415960516623,0.04115841259070696
0.005,0.4,0.059000000000000004,1.0,1.0,0.0,0.0,0.09526720867208673,0.05873869811969738,0.2576563619435496,0.2533523204398961,0.04115841259070696
0.005,0.4,0.0625,1.0,0.97,0.0,0.0,0.098710027100271,0.036537535001726164,0.24798860054476068,0.2437926156410134,0.04115841259070696
0.005,0.4,0.066,1.0,0.83,0.0,0.0,0.10173658536585366,0.017383515789423595,0.23975903948495925,0.23565880541758102,0.04115841259070696
0.005,0.4,0.0695,0.95,0.34,0.0,0.0,0.10564010840108401,-0.006953105634187518,0.22944821020648404,0.2254715668766156,0.04115841259070696
0.005,0.4,0.073,0.62,0.09,0.0,0.0,0.10901138211382114,-0.027499630346400284,0.22090691121715192,0.21703714921883868,0.04115841259070696
0.005,0.4,0.0765,0.2,0.0,0.0,0.0,0.11251165311653116,-0.048582643932945896,0.2122717039905707,0.20851230060801634,0.04115841259070696
0.005,0.4,0.08,0.05,0.0,0.0,0.0,0.116089972899729,-0.06969459065493255,0.20380273955628972,0.200155450897388,0.04115841259070696
0.005,0.4,0.08349999999999999,0.0,0.0,0.0,0.0,0.11905799457994579,-0.08696283389106758,0.19698979668082375,0.193434730141641,0.04115841259070696
0.005,0.4,0.087,0.0,0.0,0.0,0.0,0.1231609756097561,-0.11043192649317346,0.18792271823578433,0.18449363755683784,0.04115841259070696
0.005,0.4,0.0905,0.0,0.0,0.0,0.0,0.12682710027100272,-0.13102917083506557,0.18014592401378784,0.1768277335344672,0.04115841259070696
0.005,0.4,0.094,0.0,0.0,0.0,0.0,0.1303360433604336,-0.15037107712078512,0.1730197874035767,0.16980586187031144,0.04115841259070696
0.005,0.4,0.0975,0.0,0.0,0.0,0.0,0.13351869918699186,-0.16770973776719372,0.16674586182154552,0.16362516043347455,0.04115841259070696
0.005,0.4,0.10099999999999999,0.0,0.0,0.0,0.0,0.13675772357723578,-0.18504151777549235,0.16062179138217694,0.15759411129143422,0.04115841259070696
0.005,0.4,0.1045,0.0,0.0,0.0,0.0,0.14049539295392954,-0.20476338103439987,0.15380705089849844,0.15088459756193107,0.04115841259070696
0.005,0.4,0.108,0.0,0.0,0.0,0.0,0.14405528455284553,-0.2231954447915182,0.1476045044716076,0.14477983092592328,0.04115841259070696
0.005,0.4,0.1115,0.0,0.0,0.0,0.0,0.1477560975609756,-0.2420665306335779,0.1414088598285574,0.13868343569979152,0.04115841259070696
0.005,0.4,0.11499999999999999,0.0,0.0,0.0,0.0,0.15136476964769646,-0.26016744979526896,0.13561426254783318,0.13298318270429565,0.04115841259070696
0.005,0.4,0.1185,0.0,0.0,0.0,0.0,0.15456260162601626,-0.27595793187148127,0.13069185600475686,0.1281421109939858,0.04115841259070696
0.005,0.4,0.122,0.0,0.0,0.0,0.0,0.15794037940379405,-0.2923907491144843,0.12568343215814692,0.12321754117895999,0.04115841259070696
0.005,0.4,0.1255,0.0,0.0,0.0,0.0,0.1610710027100271,-0.30740426684818084,0.12121739387130011,0.11882719868074104,0.04115841259070696
0.005,0.4,0.129,0.0,0.0,0.0,0.0,0.16449430894308942,-0.32354877576651836,0.11654179529535219,0.11423190770752273,0.04115841259070696
0.005,0.4,0.1325,0.0,0.0,0.0,0.0,0.16894850948509485,-0.34428060054416176,0.11068189746204218,0.10847369909835997,0.04115841259070696
0.005,0.4,0.136,0.0,0.0,0.0,0.0,0.17233062330623306,-0.3597103819909017,0.10645910157587084,0.10432525000429871,0.04115841259070696
0.005,0.4,0.1395,0.0,0.0,0.0,0.0,0.17600325203252035,-0.3761846327563667,0.10207647299616074,0.10002066431304737,0.04115841259070696
0.005,0.4,0.14300000000000002,0.0,0.0,0.0,0.0,0.1791588075880759,-0.3901302403365973,0.09845751163395235,0.0964667845080454,0.04115841259070696
0.005,0.4,0.14650000000000002,0.0,0.0,0.0,0.0,0.18294417344173441,-0.40659378292091425,0.09430138663690556,0.09238612153159487,0.04115841259070696
0.005,0.4,0.15000000000000002,0.0,0.0,0.0,0.0,0.1866579945799458,-0.42250698560664957,0.09038634041647912,0.08854278624907005,0.04115841259070696
0.005,0.4,0.15350000000000003,0.0,0.0,0.0,0.0,0.18961084010840107,-0.43497187734259485,0.0873975972934813,0.08560923031244001,0.04115841259070696
0.005,0.4,0.157,0.0,0.0,0.0,0.0,0.19388509485094851,-0.4527315983697618,0.08325086411445888,0.08153972319655697,0.04115841259070696
0.005,0.4,0.1605,0.0,0.0,0.0,0.0,0.19710027100271002,-0.46585030528913934,0.08028050600500487,0.07862517791577238,0.04115841259070696
0.005,0.4,0.164,0.0,0.0,0.0,0.0,0.19963685636856368,-0.476096924882754,0.0780006017248303,0.07638832979943605,0.04115841259070696
0.005,0.4,0.1675,0.0,0.0,0.0,0.0,0.20305040650406503,-0.48962394326427067,0.07507937830811337,0.07352274162966115,0.04115841259070696
0.005,0.4,0.171,0.0,0.0,0.0,0.0,0.2072639566395664,-0.5060828639995076,0.07161357060130054,0.0701233390967506,0.04115841259070696
0.005,0.4,0.17450000000000002,0.0,0.0,0.0,0.0,0.21077289972899727,-0.5195853267293651,0.06884207035676579,0.06740527775357219,0.04115841259070696
0.005,0.4,0.17800000000000002,0.0,0.0,0.0,0.0,0.21370840108401082,-0.5306931443518854,0.06662176181381746,0.06522805710573591,0.04115841259070696
0.005,0.4,0.18150000000000002,0.0,0.0,0.0,0.0,0.21863848238482383,-0.5489988233949373,0.06307067308310416,0.061746355303251114,0.04115841259070696
0.005,0.4,0.18500000000000003,0.0,0.0,0.0,0.0,0.2212476964769648,-0.5585346863417316,0.06127225280910586,0.05998327503508533,0.04115841259070696
0.005,0.4,0.1885,0.0,0.0,0.0,0.0,0.22503956639566397,-0.5721748252791321,0.05875388781873824,0.05751463874873353,0.04115841259070696
0.005,0.4,0.192,0.0,0.0,0.0,0.0,0.22820487804878048,-0.583382911476967,0.05673800918095264,0.05553876696971762,0.04115841259070696
0.005,0.4,0.1955,0.0,0.0,0.0,0.0,0.2322612466124661,-0.5975124255422422,0.05426055478518979,0.05311071933739449,0.04115841259070696
0.005,0.4,0.199,0.0,0.0,0.0,0.0,0.2353669376693767,-0.6081708310179523,0.052436254863995,0.05132295486108315,0.04115841259070696
0.005,0.4,0.2025,0.0,0.0,0.0,0.0,0.238269918699187,-0.6179521581560607,0.05080146891697746,0.04972106869745591,0.04115841259070696
0.005,0.4,0.20600000000000002,0.0,0.0,0.0,0.0,0.2415360433604336,-0.628828484738616,0.04902089943066589,0.047976444845814675,0.04115841259070696
0.005,0.4,0.20950000000000002,0.0,0.0,0.0,0.0,0.24594037940379404,-0.6432250558371435,0.04672293425223531,0.045725075557824624,0.04115841259070696
0.005,0.4,0.21300000000000002,0.0,0.0,0.0,0.0,0.24904281842818426,-0.653158087484098,0.045182452953879,0.044215974861287116,0.04115841259070696
0.005,0.4,0.21650000000000003,0.0,0.0,0.0,0.0,0.25208346883468835,-0.6627523563160966,0.04372414038070093,0.04278747000738704,0.04115841259070696
0.005,0.4,0.22,0.0,0.0,0.0,0.0,0.25607046070460704,-0.6751748208790147,0.041873202825665895,0.04097445972313835,0.04115841259070696
0.01,0.05,0.01,1.0,1.0,0.99,0.97,0.03145408163265306,0.5570988537178769,0.5160215091610099,0.514627078817184,0.010152544552210818
0.01,0.05,0.0135,1.0,1.0,0.68,0.6,0.034802040816326534,0.5244938733404093,0.5029102986130418,0.501514586164375,0.010152544552210818
0.01,0.05,0.017,1.0,1.0,0.08,0.05,0.038370408163265306,0.49082586469920253,0.48893429031164937,0.48753937299420586,0.010152544552210818
0.01,0.05,0.0205,1.0,1.0,0.0,0.0,0.04212551020408164,0.4564533128521679,0.47424856695705825,0.47285679684388093,0.010152544552210818
0.01,0.05,0.024,1.0,1.0,0.0,0.0,0.0453,0.4281798765594285,0.4618791055677542,0.4604918340447335,0.010152544552210818
0.01,0.05,0.027500000000000004,1.0,1.0,0.0,0.0,0.0490469387755102,0.39570187102917964,0.4473474804885869,0.44596775872277944,0.010152544552210818
0.01,0.05,0.031,1.0,1.0,0.0,0.0,0.052335714285714284,0.36791269156087947,0.43469126931070157,0.4333200408578976,0.010152544552210818
0.01,0.05,0.0345,1.0,1.0,0.0,0.0,0.05525918367346939,0.3437108920128057,0.4235267187296381,0.42216437999713896,0.010152544552210818
0.01,0.05,0.038,1.0,1.0,0.0,0.0,0.05909183673469388,0.3127372550646794,0.40903967172226285,0.4076910691040607,0.010152544552210818
0.01,0.05,0.0415,1.0,1.0,0.0,0.0,0.06291428571428571,0.2826007801450279,0.3947872445002673,0.39345442184993634,0.010152544552210818
0.01,0.05,0.045000000000000005,1.0,1.0,0.0,0.0,0.0661326530612245,0.2576983721370253,0.38294512068806535,0.3816268640979047,0.010152544552210818
0.01,0.05,0.0485,1.0,1.0,0.0,0.0,0.06969489795918367,0.2308158325871787,0.3700504563159583,0.3687502001885139,0.010152544552210818
0.01,0.05,0.052000000000000005,1.0,1.0,0.0,0.0,0.07323469387755102,0.20465386339041472,0.3574687637579551,0.3561878310075617,0.010152544552210818
0.01,0.05,0.0555,1.0,1.0,0.0,0.0,0.0766173469387755,0.18006772361913115,0.34565267895918306,0.34439122703311653,0.010152544552210818
0.01,0.05,0.059000000000000004,1.0,1.0,0.0,0.0,0.08026428571428572,0.1541818059139113,0.33319806973748045,0.3319591496274635,0.010152544552210818
0.01,0.05,0.0625,1.0,1.0,0.0,0.0,0.08388571428571429,0.12893651613193755,0.3210963363828614,0.31988078536533804,0.010152544552210818
0.01,0.05,0.066,1.0,1.0,0.0,0.0,0.0875826530612245,0.10369584072078547,0.30905543872169816,0.30786482914605606,0.010152544552210818
0.01,0.05,0.0695,1.0,1.0,0.0,0.0,0.09070612244897959,0.08273651411445652,0.29912066992388275,0.2979517902676984,0.010152544552210818
0.01,0.05,0.073,1.0,1.0,0.0,0.0,0.09433775510204083,0.058776894053140696,0.2878496755979559,0.28670671865539626,0.010152544552210818
0.01,0.05,0.0765,1.0,0.98,0.0,0.0,0.09733571428571429,0.03940448552827313,0.27881444326341975,0.2776934990446247,0.010152544552210818
0.01,0.05,0.08,1.0,0.72,0.0,0.0,0.10168877551020408,0.011752254906313868,0.2660755837530375,0.26498707872496036,0.010152544552210818
0.01,0.05,0.08349999999999999,0.92,0.31,0.0,0.0,0.10518571428571429,-0.01004564764255838,0.2561696926063011,0.2551076035366724,0.010152544552210818
0.01,0.05,0.087,0.64,0.02,0.0,0.0,0.1087734693877551,-0.03203974563527763,0.2463025254849469,0.24526777990317805,0.010152544552210818
0.01,0.05,0.0905,0.27,0.0,0.0,0.0,0.11238163265306123,-0.05372023165041994,0.23673906641594233,0.23573199590183425,0.010152544552210818
0.01,0.05,0.094,0.03,0.0,0.0,0.0,0.11574183673469389,-0.07360913580136881,0.22809777382629895,0.2271164833844875,0.010152544552210818
0.01,0.05,0.0975,0.0,0.0,0.0,0.0,0.11934897959183674,-0.09459520172892225,0.21913391203896493,0.21818027062231335,0.010152544552210818
0.01,0.05,0.10099999999999999,0.0,0.0,0.0,0.0,0.12320918367346939,-0.11665539513360802,0.20989302512795485,0.20896882564656857,0.010152544552210818
0.01,0.05,0.1045,0.0,0.0,0.0,0.0,0.12607857142857143,-0.13278007586853802,0.20326462133192819,0.20236215642694727,0.010152544552210818
0.01,0.05,0.108,0.0,0.0,0.0,0.0,0.12946938775510206,-0.15161390909539907,0.1956418819153118,0.19476489465453325,0.010152544552210818
0.01,0.05,0.1115,0.0,0.0,0.0,0.0,0.13315,-0.17163354412004136,0.18772898491464862,0.18687931349727013,0.010152544552210818
0.01,0.05,0.11499999999999999,0.0,0.0,0.0,0.0,0.1364061224489796,-0.1890909213115752,0.18096420853156484,0.18013838068666715,0.010152544552210818
0.01,0.05,0.1185,0.0,0.0,0.0,0.0,0.1402234693877551,-0.20928355452072064,0.17329458771683637,0.1724963024731111,0.010152544552210818
0.01,0.05,0.122,0.0,0.0,0.0,0.0,0.14332448979591836,-0.22536896782168905,0.16733355047205045,0.16655723711616402,0.010152544552210818
0.01,0.05,0.1255,0.0,0.0,0.0,0.0,0.14729489795918366,-0.24570075164054583,0.15994929117372553,0.1592006231288684,0.010152544552210818
0.01,0.05,0.129,0.0,0.0,0.0,0.0,0.15034795918367347,-0.261051693463709,0.15451387464489433,0.15378600474055532,0.010152544552210818
0.01,0.05,0.1325,0.0,0.0,0.0,0.0,0.15357755102040815,-0.27701477442158284,0.14899760826499478,0.14829124132764648,0.010152544552210818
0.01,0.05,0.136,0.0,0.0,0.0,0.0,0.15737142857142858,-0.29560894103040725,0.14267718495853607,0.14199568583357727,0.010152544552210818
0.01,0.05,0.1395,0.0,0.0,0.0,0.0,0.16101326530612245,-0.31308481980642094,0.13691457014445083,0.1362562311693291,0.010152544552210818
0.01,0.05,0.14300000000000002,0.0,0.0,0.0,0.0,0.16428673469387753,-0.32857146916195573,0.13192339469995307,0.13128539167090245,0.010152544552210818
0.01,0.05,0.14650000000000002,0.0,0.0,0.0,0.0,0.16861020408163266,-0.34868955383256256,0.1256115566605986,0.12499965441590324,0.010152544552210818
0.01,0.05,0.15000000000000002,0.0,0.0,0.0,0.0,0.17142448979591837,-0.36156263142123124,0.12167705546084763,0.12108166519176923,0.010152544552210818
0.01,0.05,0.15350000000000003,0.0,0.0,0.0,0.0,0.17450408163265305,-0.3754058201936066,0.11755589840644079,0.11697804422932025,0.010152544552210818
0.01,0.05,0.157,0.0,0.0,0.0,0.0,0.17825408163265305,-0.3920714488717374,0.11269168583208283,0.11213470467709742,0.010152544552210818
0.01,0.05,0.1605,0.0,0.0,0.0,0.0,0.18171020408163266,-0.4072603026329088,0.10835249510916455,0.10781429483222245,0.010152544552210818
0.01,0.05,0.164,0.0,0.0,0.0,0.0,0.18541530612244897,-0.42318355706684635,0.1039483187137675,0.10342947882881054,0.010152544552210818
0.01,0.05,0.1675,0.0,0.0,0.0,0.0,0.18799387755102043,-0.4341503051799127,0.10097064716849945,0.10046498694132368,0.010152544552210818
0.01,0.05,0.171,0.0,0.0,0.0,0.0,0.19197857142857142,-0.4507999045945334,0.09657964580693518,0.09609363752253863,0.010152544552210818
0.01,0.05,0.17450000000000002,0.0,0.0,0.0,0.0,0.19548979591836735,-0.46523844081009186,0.0928650378552633,0.0923958132947314,0.010152544552210818
0.01,0.05,0.17800000000000002,0.0,0.0,0.0,0.0,0.19980204081632652,-0.4826821556114691,0.08850151009391655,0.08805218358841291,0.010152544552210818
0.01,0.05,0.18150000000000002,0.0,0.0,0.0,0.0,0.2029765306122449,-0.4953247262110331,0.08541742719987822,0.08498228329930807,0.010152544552210818
0.01,0.05,0.18500000000000003,0.0,0.0,0.0,0.0,0.20709897959183673,-0.5114252688706169,0.08160849553251798,0.08119103909193648,0.010152544552210818
0.01,0.05,0.1885,0.0,0.0,0.0,0.0,0.21026122448979592,-0.5235717215134187,0.07880702267517425,0.07840267933091756,0.010152544552210818
0.01,0.05,0.192,0.0,0.0,0.0,0.0,0.21398673469387755,-0.5376723292004381,0.07563351297257777,0.07524412047381594,0.010152544552210818
0.01,0.05,0.1955,0.0,0.0,0.0,0.0,0.21791632653061224,-0.5522964341737686,0.07242755511451653,0.07205337851168107,0.010152544552210818
0.01,0.05,0.199,0.0,0.0,0.0,0.0,0.2205030612244898,-0.5617637994824068,0.07040398511645363,0.0700394769108669,0.010152544552210818
0.01,0.05,0.2025,0.0,0.0,0.0,0.0,0.2237265306122449,-0.5734240234477103,0.0679582008910517,0.06760543258530378,0.010152544552210818
0.01,0.05,0.20600000000000002,0.0,0.0,0.0,0.0,0.22784591836734694,-0.588119724785342,0.06494495656029513,0.06460672565052014,0.010152544552210818
0.01,0.05,0.20950000000000002,0.0,0.0,0.0,0.0,0.2310938775510204,-0.5994324316225939,0.06270029465114448,0.062372986303792025,0.010152544552210818
0.01,0.05,0.21300000000000002,0.0,0.0,0.0,0.0,0.2345,-0.6111743494904553,0.06041178007077315,0.060095643782864576,0.010152544552210818
0.01,0.05,0.21650000000000003,0.0,0.0,0.0,0.0,0.23858775510204083,-0.6249901195937216,0.057790814363126684,0.057487554118781474,0.010152544552210818
0.01,0.05,0.22,0.0,0.0,0.0,0.0,0.24155510204081632,-0.6348801118182252,0.05595578629807376,0.05566157865629135,0.010152544552210818
0.01,0.1,0.01,1.0,1.0,0.49,0.39,0.034256436663233775,0.5296051729528544,0.49974842483734994,0.49771055696485095,0.014823195145212242
0.01,0.1,0.0135,1.0,1.0,0.04,0.03,0.03739546858908342,0.4998202187718103,0.48744478472229197,0.48540855722353293,0.014823195145212242
0.01,0.1,0.017,1.0,1.0,0.0,0.0,0.041286302780638516,0.46396386652202437,0.4722345397896815,0.4702036734811727,0.014823195145212242
0.01,0.1,0.0205,1.0,1.0,0.0,0.0,0.044761071060762096,0.43285897422878805,0.4587001033022942,0.45667712004790084,0.014823195145212242
0.01,0.1,0.024,1.0,1.0,0.0,0.0,0.048104016477857885,0.4037061499908804,0.44575120964158976,0.44373855734345374,0.014823195145212242
0.01,0.1,0.027500000000000004,1.0,1.0,0.0,0.0,0.05185787847579815,0.37179151776875635,0.43131411518224205,0.42931613143571634,0.014823195145212242
0.01,0.1,0.031,1.0,1.0,0.0,0.0,0.055393408856848604,0.34251550636955125,0.41784575042176436,0.4158646103159487,0.014823195145212242
0.01,0.1,0.0345,1.0,1.0,0.0,0.0,0.059016477857878474,0.31321927965459645,0.40420292275403946,0.4022418016630671,0.014823195145212242
0.01,0.1,0.038,1.0,1.0,0.0,0.0,0.06222863027806385,0.28777854449063284,0.39225547082968076,0.39031419029585435,0.014823195145212242
0.01,0.1,0.0415,1.0,1.0,0.0,0.0,0.06551390319258496,0.2623401900424265,0.3802010020115828,0.37828232400034806,0.014823195145212242
0.01,0.1,0.045000000000000005,1.0,1.0,0.0,0.0,0.0689577754891864,0.23625021867518525,0.3677601322695957,0.36586739908064736,0.014823195145212242
0.01,0.1,0.0485,1.0,1.0,0.0,0.0,0.07267044284243047,0.2086215279721819,0.3545789616732369,0.3527160053871639,0.014823195145212242
0.01,0.1,0.052000000000000005,1.0,1.0,0.0,0.0,0.07606694129763131,0.18391737908061712,0.3427640693075728,0.34093044364526465,0.014823195145212242
0.01,0.1,0.0555,1.0,1.0,0.0,0.0,0.07939031925849639,0.16019005839233166,0.3314268231618878,0.3296234073583528,0.014823195145212242
0.01,0.1,0.059000000000000004,1.0,1.0,0.0,0.0,0.08329557157569516,0.13293724165046064,0.31844057182091867,0.3166746605469635,0.014823195145212242
0.01,0.1,0.0625,1.0,1.0,0.0,0.0,0.08679505664263645,0.10889952522692939,0.30705540984393115,0.30532413423898525,0.014823195145212242
0.01,0.1,0.066,1.0,1.0,0.0,0.0,0.08976622039134913,0.08891775228251536,0.2976412821778591,0.29594057504509796,0.014823195145212242
0.01,0.1,0.0695,1.0,1.0,0.0,0.0,0.09353038105046345,0.0639643559008261,0.2859830792690343,0.2843218410228628,0.014823195145212242
0.01,0.1,0.073,1.0,0.94,0.0,0.0,0.09736251287332648,0.039150253704902306,0.27451197398990523,0.2728921303889717,0.014823195145212242
0.01,0.1,0.0765,1.0,0.81,0.0,0.0,0.10063233779608652,0.01827274290738091,0.2649620192296856,0.26337789343521445,0.014823195145212242
0.01,0.1,0.08,0.97,0.39,0.0,0.0,0.10466735324407826,-0.006993715277036886,0.25355874322049704,0.2520193215833919,0.014823195145212242
0.01,0.1,0.08349999999999999,0.78,0.09,0.0,0.0,0.10750772399588053,-0.02447349438013091,0.24577507459149295,0.2442673947539912,0.014823195145212242
0.01,0.1,0.087,0.3,0.01,0.0,0.0,0.11156951596292482,-0.04901017833112821,0.23501627737171968,0.23355424224634178,0.014823195145212242
0.01,0.1,0.0905,0.08,0.0,0.0,0.0,0.114,-0.06348373632527066,0.22875974515590836,0.22732502150149578,0.014823195145212242
0.01,0.1,0.094,0.01,0.0,0.0,0.0,0.11805973223480948,-0.08724320030349952,0.2186655717748056,0.2172764094535367,0.014823195145212242
0.01,0.1,0.0975,0.0,0.0,0.0,0.0,0.1214768280123584,-0.10692706468979124,0.2104466199810867,0.2090956320224195,0.014823195145212242
0.01,0.1,0.10099999999999999,0.0,0.0,0.0,0.0,0.1252358393408857,-0.12818048185905295,0.20175649141547022,0.20044717046287186,0.014823195145212242
0.01,0.1,0.1045,0.0,0.0,0.0,0.0,0.12894232749742535,-0.14881037484651308,0.19348896868053805,0.19222030850753458,0.014823195145212242
0.01,0.1,0.108,0.0,0.0,0.0,0.0,0.13210195674562308,-0.16606760854006275,0.1867231628173684,0.18548874508709826,0.014823195145212242
0.01,0.1,0.1115,0.0,0.0,0.0,0.0,0.13578887744593204,-0.18595472099408972,0.17906423718695685,0.17786928423930706,0.014823195145212242
0.01,0.1,0.11499999999999999,0.0,0.0,0.0,0.0,0.13887847579814624,-0.20231614665062242,0.1729090687036163,0.17174664269505752,0.014823195145212242
0.01,0.1,0.1185,0.0,0.0,0.0,0.0,0.14303707518022657,-0.22399551210341984,0.1649405647184545,0.16382110868721433,0.014823195145212242
0.01,0.1,0.122,0.0,0.0,0.0,0.0,0.1467003089598352,-0.24275960232419982,0.15821352570179298,0.15713112956868355,0.014823195145212242
0.01,0.1,0.1255,0.0,0.0,0.0,0.0,0.14978784757981461,-0.2583742828897396,0.1527280542791121,0.1516763315833811,0.014823195145212242
0.01,0.1,0.129,0.0,0.0,0.0,0.0,0.1533285272914521,-0.2759786444772921,0.14669505603793684,0.14567771428696444,0.014823195145212242
0.01,0.1,0.1325,0.0,0.0,0.0,0.0,0.15657260556127703,-0.29182067919484084,0.14140155124669074,0.14041493758453905,0.014823195145212242
0.01,0.1,0.136,0.0,0.0,0.0,0.0,0.16020288362512872,-0.3093258620482591,0.13567980757940798,0.1347268286304151,0.014823195145212242
0.01,0.1,0.1395,0.0,0.0,0.0,0.0,0.16418846549948507,-0.3281965214716752,0.12968069590480596,0.12876359426740713,0.014823195145212242
0.01,0.1,0.14300000000000002,0.0,0.0,0.0,0.0,0.16631204943357364,-0.3381359570145782,0.12658130205496385,0.12568292013819163,0.014823195145212242
0.01,0.1,0.14650000000000002,0.0,0.0,0.0,0.0,0.17122554067971163,-0.3607206226713619,0.11973283158101877,0.11887646061192929,0.014823195145212242
0.01,0.1,0.15000000000000002,0.0,0.0,0.0,0.0,0.17425128733264675,-0.37441136603837305,0.11569032508902617,0.11485906519538436,0.014823195145212242
0.01,0.1,0.15350000000000003,0.0,0.0,0.0,0.0,0.17849536560247167,-0.3932896904282059,0.11026495462890465,0.1094678374662675,0.014823195145212242
0.01,0.1,0.157,0.0,0.0,0.0,0.0,0.18105973223480948,-0.40449843272192176,0.10713416580107397,0.10635699733264492,0.014823195145212242
0.01,0.1,0.1605,0.0,0.0,0.0,0.0,0.18418434603501546,-0.41802482526504364,0.10341861309201966,0.10266527661957564,0.014823195145212242
0.01,0.1,0.164,0.0,0.0,0.0,0.0,0.18802471678681773,-0.43439117576121516,0.09903415536521981,0.09830923173565262,0.014823195145212242
0.01,0.1,0.1675,0.0,0.0,0.0,0.0,0.19166117404737384,-0.4496015707928656,0.09508250166746354,0.09438348406708313,0.014823195145212242
0.01,0.1,0.171,0.0,0.0,0.0,0.0,0.1944562306900103,-0.4611664554628067,0.09213472099698183,0.09145515305581192,0.014823195145212242
0.01,0.1,0.17450000000000002,0.0,0.0,0.0,0.0,0.19920288362512875,-0.4804128035969504,0.0873811959447751,0.08673334486987486,0.014823195145212242
0.01,0.1,0.17800000000000002,0.0,0.0,0.0,0.0,0.2027373841400618,-0.4945116816516451,0.0839932381963124,0.08336819076016398,0.014823195145212242
0.01,0.1,0.18150000000000002,0.0,0.0,0.0,0.0,0.20511019567456232,-0.5038194118826832,0.08181386081844018,0.08120360438061314,0.014823195145212242
0.01,0.1,0.18500000000000003,0.0,0.0,0.0,0.0,0.20892378990731206,-0.5185792173371173,0.07843160436023935,0.07784444705237827,0.014823195145212242
0.01,0.1,0.1885,0.0,0.0,0.0,0.0,0.212735324407827,-0.5331053567171621,0.07518584224709048,0.07462100521329701,0.014823195145212242
0.01,0.1,0.192,0.0,0.0,0.0,0.0,0.2156560247167868,-0.5439842547425319,0.07283301347918635,0.0722845149620622,0.014823195145212242
0.01,0.1,0.1955,0.0,0.0,0.0,0.0,0.21944696189495363,-0.5580310091758183,0.06983438374710285,0.06930675010493234,0.014823195145212242
0.01,0.1,0.199,0.0,0.0,0.0,0.0,0.22420391349124613,-0.5752797327812598,0.06626860085501793,0.06576598825141279,0.014823195145212242
0.01,0.1,0.2025,0.0,0.0,0.0,0.0,0.2262451081359423,-0.5825722061671686,0.06479740535163067,0.06430517164240614,0.014823195145212242
0.01,0.1,0.20600000000000002,0.0,0.0,0.0,0.0,0.2302409886714727,-0.596589615034078,0.062040555095466854,0.061567896747515824,0.014823195145212242
0.01,0.1,0.20950000000000002,0.0,0.0,0.0,0.0,0.23398764160659113,-0.6095627005748601,0.05954384045531234,0.05908898562064069,0.014823195145212242
0.01,0.1,0.21300000000000002,0.0,0.0,0.0,0.0,0.2368661174047374,-0.6193198504249049,0.05771659577075912,0.05727485786916546,0.014823195145212242
0.01,0.1,0.21650000000000003,0.0,0.0,0.0,0.0,0.24059526261585995,-0.6318113572012289,0.05542405353352836,0.054998831722141144,0.014823195145212242
0.01,0.1,0.22,0.0,0.0,0.0,0.0,0.2443666323377961,-0.644208519223474,0.053208694492085075,0.05279951675082567,0.014823195145212242
0.01,0.15,0.01,1.0,1.0,0.01,0.0,0.037093555093555095,0.5025407936924464,0.48333120574720373,0.4806459527059866,0.01955923785773206
0.01,0.15,0.0135,1.0,1.0,0.0,0.0,0.04056860706860707,0.47032694182150336,0.4697568521462858,0.4670787336380284,0.01955923785773206
0.01,0.15,0.017,1.0,1.0,0.0,0.0,0.04386798336798337,0.4406335720300572,0.4569048120401695,0.4542373657591692,0.01955923785773206
0.01,0.15,0.0205,1.0,1.0,0.0,0.0,0.04765696465696465,0.40743517234684584,0.442239721797727,0.43958870722470633,0.01955923785773206
0.01,0.15,0.024,1.0,1.0,0.0,0.0,0.05076403326403327,0.38087077598437874,0.43029846381355874,0.42766410694422397,0.01955923785773206
0.01,0.15,0.027500000000000004,1.0,1.0,0.0,0.0,0.054164241164241164,0.35246381762378687,0.4173453930134506,0.4147325600851084,0.01955923785773206
0.01,0.15,0.031,1.0,1.0,0.0,0.0,0.05819958419958421,0.31963546906528195,0.40215126473964363,0.39956850308508396,0.01955923785773206
0.01,0.15,0.0345,1.0,1.0,0.0,0.0,0.061728690228690236,0.29159173093388346,0.38904993828856343,0.3864968545326677,0.01955923785773206
0.01,0.15,0.038,1.0,1.0,0.0,0.0,0.06496673596673597,0.2664130711239956,0.37719396416086404,0.3746709287168279,0.01955923785773206
0.01,0.15,0.0415,1.0,1.0,0.0,0.0,0.06834927234927235,0.24067259396011503,0.3650094727726899,0.3625206351312411,0.01955923785773206
0.01,0.15,0.045000000000000005,1.0,1.0,0.0,0.0,0.07212266112266112,0.21254554987842045,0.3516538544509176,0.3492060126187229,0.01955923785773206
0.01,0.15,0.0485,1.0,1.0,0.0,0.0,0.07503742203742204,0.19125693610904843,0.34153563631366696,0.33912148730931085,0.01955923785773206
0.01,0.15,0.052000000000000005,1.0,1.0,0.0,0.0,0.0794968814968815,0.1593267473348,0.3263883918558105,0.3240285451377281,0.01955923785773206
0.01,0.15,0.0555,1.0,1.0,0.0,0.0,0.08207172557172557,0.14124949416690036,0.3178407038247004,0.31551365086758987,0.01955923785773206
0.01,0.15,0.059000000000000004,1.0,1.0,0.0,0.0,0.08542411642411643,0.11809610010702283,0.30693224304347644,0.3046493318444136,0.01955923785773206
0.01,0.15,0.0625,1.0,1.0,0.0,0.0,0.08967255717255718,0.08938636826263507,0.2935031399173267,0.29127828580139115,0.01955923785773206
0.01,0.15,0.066,1.0,1.0,0.0,0.0,0.09308731808731809,0.06673293834381547,0.28300070361502117,0.28082369186736,0.01955923785773206
0.01,0.15,0.0695,1.0,0.99,0.0,0.0,0.09603118503118503,0.0475430225402938,0.2741849855646929,0.27205005736733845,0.01955923785773206
0.01,0.15,0.073,1.0,0.86,0.0,0.0,0.09986486486486487,0.02303013430750806,0.2630503698839674,0.2609712258403167,0.01955923785773206
0.01,0.15,0.0765,0.99,0.45,0.0,0.0,0.10408316008316008,-0.0034929351057959796,0.25116779347460916,0.24915058240762492,0.01955923785773206
0.01,0.15,0.08,0.84,0.14,0.0,0.0,0.1070051975051975,-0.021482738328523942,0.24323593075097372,0.2412620356912128,0.01955923785773206
0.01,0.15,0.08349999999999999,0.45,0.02,0.0,0.0,0.11061226611226611,-0.043358545180997334,0.23371286630171606,0.23179263544559536,0.01955923785773206
0.01,0.15,0.087,0.11,0.0,0.0,0.0,0.11331704781704782,-0.05955531740934791,0.22676064585718503,0.22488058655455276,0.01955923785773206
0.01,0.15,0.0905,0.0,0.0,0.0,0.0,0.11814553014553014,-0.08788792279219353,0.21483487927879716,0.213026447489134,0.01955923785773206
0.01,0.15,0.094,0.0,0.0,0.0,0.0,0.12099272349272351,-0.10427055714193698,0.2080845921076608,0.20631812490803264,0.01955923785773206
0.01,0.15,0.0975,0.0,0.0,0.0,0.0,0.1245051975051975,-0.12421080764084291,0.19999369643312417,0.19827867568444163,0.01955923785773206
0.01,0.15,0.10099999999999999,0.0,0.0,0.0,0.0,0.1280696465696466,-0.14406381745385802,0.19212468829844945,0.1904612156159543,0.01955923785773206
0.01,0.15,0.1045,0.0,0.0,0.0,0.0,0.13166528066528066,-0.1638535731040583,0.18440642799057008,0.18279445185828502,0.01955923785773206
0.01,0.15,0.108,0.0,0.0,0.0,0.0,0.13441787941787942,-0.17874525245737186,0.17872433599252635,0.17715121617146923,0.01955923785773206
0.01,0.15,0.1115,0.0,0.0,0.0,0.0,0.1381954261954262,-0.1988477418955724,0.1712177248004581,0.16969708816057616,0.01955923785773206
0.01,0.15,0.11499999999999999,0.0,0.0,0.0,0.0,0.1414147609147609,-0.2157298496034864,0.1650474221878424,0.16357074194879628,0.01955923785773206
0.01,0.15,0.1185,0.0,0.0,0.0,0.0,0.1455966735966736,-0.23726763740922568,0.1573741545139658,0.15595334797644753,0.01955923785773206
0.01,0.15,0.122,0.0,0.0,0.0,0.0,0.14822765072765073,-0.25062077642523944,0.15271947521378038,0.15133314155920094,0.01955923785773206
0.01,0.15,0.1255,0.0,0.0,0.0,0.0,0.15254885654885655,-0.27223161499489723,0.14535936379890793,0.14402841589557933,0.01955923785773206
0.01,0.15,0.129,0.0,0.0,0.0,0.0,0.15588981288981288,-0.2886258392069876,0.13992726899103902,0.13863800980816132,0.01955923785773206
0.01,0.15,0.1325,0.0,0.0,0.0,0.0,0.16003326403326404,-0.3086516033324393,0.13345674256316992,0.13221788030838533,0.01955923785773206
0.01,0.15,0.136,0.0,0.0,0.0,0.0,0.1627027027027027,-0.32137330436498446,0.12944217647387612,0.12823499759611565,0.01955923785773206
0.01,0.15,0.1395,0.0,0.0,0.0,0.0,0.16674324324324324,-0.3402656334019568,0.12364441678599526,0.12248376334614702,0.01955923785773206
0.01,0.15,0.14300000000000002,0.0,0.0,0.0,0.0,0.1696018711018711,-0.35343635503345644,0.11969678140157576,0.1185681913002746,0.01955923785773206
0.01,0.15,0.14650000000000002,0.0,0.0,0.0,0.0,0.17324844074844076,-0.37005234713649116,0.1148180569197433,0.11372945059277068,0.01955923785773206
0.01,0.15,0.15000000000000002,0.0,0.0,0.0,0.0,0.176997920997921,-0.38679013858107525,0.11005762538024638,0.10900863725161913,0.01955923785773206
0.01,0.15,0.15350000000000003,0.0,0.0,0.0,0.0,0.18096465696465697,-0.404233945338085,0.10521770709820516,0.10420942347090924,0.01955923785773206
0.01,0.15,0.157,0.0,0.0,0.0,0.0,0.18344906444906445,-0.4149924915420795,0.1023098685621555,0.10132629745095051,0.01955923785773206
0.01,0.15,0.1605,0.0,0.0,0.0,0.0,0.18777027027027027,-0.4334704914200957,0.09742144072576404,0.09647975245607908,0.01955923785773206
0.01,0.15,0.164,0.0,0.0,0.0,0.0,0.19033160083160083,-0.44420992424698225,0.0946659920737779,0.09374819600371755,0.01955923785773206
0.01,0.15,0.1675,0.0,0.0,0.0,0.0,0.19489085239085238,-0.46305537259950597,0.08994399188805695,0.08906747689784274,0.01955923785773206
0.01,0.15,0.171,0.0,0.0,0.0,0.0,0.19781185031185033,-0.47493589642676143,0.08704663908111793,0.08619567607974898,0.01955923785773206
0.01,0.15,0.17450000000000002,0.0,0.0,0.0,0.0,0.20143451143451144,-0.48940907411903284,0.0836147696741053,0.08279435377671535,0.01955923785773206
0.01,0.15,0.17800000000000002,0.0,0.0,0.0,0.0,0.20446257796257797,-0.5014354533204821,0.08080214463327541,0.08000683825268382,0.01955923785773206
0.01,0.15,0.18150000000000002,0.0,0.0,0.0,0.0,0.20852494802494803,-0.5171626722475446,0.07725638675989574,0.07649311822250693,0.01955923785773206
0.01,0.15,0.18500000000000003,0.0,0.0,0.0,0.0,0.2120956340956341,-0.5307720934457432,0.07426700826272546,0.07353093579771851,0.01955923785773206
0.01,0.15,0.1885,0.0,0.0,0.0,0.0,0.2157962577962578,-0.5446847485104316,0.07127879232270865,0.07057005789699816,0.01955923785773206
0.01,0.15,0.192,0.0,0.0,0.0,0.0,0.2186060291060291,-0.5550964569399702,0.06909544039701249,0.06840680156539135,0.01955923785773206
0.01,0.15,0.1955,0.0,0.0,0.0,0.0,0.22214033264033264,-0.5679843605729705,0.06645574158958639,0.06579154436426787,0.01955923785773206
0.01,0.15,0.199,0.0,0.0,0.0,0.0,0.22608108108108108,-0.582103047830339,0.0636428704339274,0.06300488811046387,0.01955923785773206
0.01,0.15,0.2025,0.0,0.0,0.0,0.0,0.22988565488565488,-0.5955053797205487,0.061040991425195375,0.06042739837111844,0.01955923785773206
0.01,0.15,0.20600000000000002,0.0,0.0,0.0,0.0,0.23295426195426194,-0.606098062304672,0.0590434419293444,0.05844869625481732,0.01955923785773206
0.01,0.15,0.20950000000000002,0.0,0.0,0.0,0.0,0.23696777546777548,-0.6197725166808263,0.05651752685223601,0.05594670561004796,0.01955923785773206
0.01,0.15,0.21300000000000002,0.0,0.0,0.0,0.0,0.24013097713097714,-0.6303756780114851,0.05460520348545771,0.05405258328429792,0.01955923785773206
0.01,0.15,0.21650000000000003,0.0,0.0,0.0,0.0,0.24304158004158005,-0.6399789932957272,0.05291022003602288,0.052373802925824095,0.01955923785773206
0.01,0.15,0.22,0.0,0.0,0.0,0.0,0.24793970893970893,-0.6559031308561363,0.05016543553339617,0.04965536159685335,0.01955923785773206
0.01,0.2,0.01,1.0,1.0,0.0,0.0,0.0397408184679958,0.4777745942497106,0.46770465369955133,0.46437092465224367,0.024362212958302765
0.01,0.2,0.0135,1.0,1.0,0.0,0.0,0.04301573976915005,0.4480681651624666,0.45496020990672276,0.4516402470435535,0.024362212958302765
0.01,0.2,0.017,1.0,1.0,0.0,0.0,0.046753410283315845,0.41511034302339456,0.44049378050554516,0.43719489077594376,0.024362212958302765
0.01,0.2,0.0205,1.0,1.0,0.0,0.0,0.05025393494228751,0.3850993894030528,0.42705511091142645,0.42378102999889933,0.024362212958302765
0.01,0.2,0.024,1.0,1.0,0.0,0.0,0.053498426023084994,0.35789656879259096,0.4147150478502586,0.4114676878855408,0.024362212958302765
0.01,0.2,0.027500000000000004,1.0,1.0,0.0,0.0,0.05662749213011543,0.33214837577949685,0.4029308140041823,0.39971219216286913,0.024362212958302765
0.01,0.2,0.031,1.0,1.0,0.0,0.0,0.060637985309548795,0.3000863908195542,0.38803187382862675,0.3848560434330848,0.024362212958302765
0.01,0.2,0.0345,1.0,1.0,0.0,0.0,0.06396956977964323,0.2740077045115638,0.3758422477916193,0.372705363976447,0.024362212958302765
0.01,0.2,0.038,1.0,1.0,0.0,0.0,0.06762119622245541,0.2460210136736,0.36268968186945794,0.3595991335027168,0.024362212958302765
0.01,0.2,0.0415,1.0,1.0,0.0,0.0,0.0712392444910808,0.2189311883311053,0.3499090125923946,0.3468681699848528,0.024362212958302765
0.01,0.2,0.045000000000000005,1.0,1.0,0.0,0.0,0.0746379853095488,0.19402877093517845,0.33814958625086045,0.3351584998387869,0.024362212958302765
0.01,0.2,0.0485,1.0,1.0,0.0,0.0,0.07839034627492131,0.167047537409286,0.325433315515663,0.3224998218863883,0.024362212958302765
0.01,0.2,0.052000000000000005,1.0,1.0,0.0,0.0,0.08183630640083946,0.14279971708986114,0.31403862757827267,0.3111606398957959,0.024362212958302765
0.01,0.2,0.0555,1.0,1.0,0.0,0.0,0.08529275970619098,0.11889467977314551,0.3028641060263198,0.30004359925563284,0.024362212958302765
0.01,0.2,0.059000000000000004,1.0,1.0,0.0,0.0,0.08872402938090242,0.09561455617078383,0.2920582579872446,0.2892965842267884,0.024362212958302765
0.01,0.2,0.0625,1.0,1.0,0.0,0.0,0.09217628541448059,0.07259244067635219,0.2814515741784068,0.27875049580656563,0.024362212958302765
0.01,0.2,0.066,1.0,1.0,0.0,0.0,0.09564008394543548,0.049953504095176744,0.2711285408494768,0.2684896318978412,0.024362212958302765
0.01,0.2,0.0695,1.0,0.89,0.0,0.0,0.09945120671563483,0.025542315861781472,0.26013734690033824,0.25756798136827636,0.024362212958302765
0.01,0.2,0.073,0.97,0.59,0.0,0.0,0.10303043022035677,0.0029627534707505378,0.2501022938108946,0.24759867233058358,0.024362212958302765
0.01,0.2,0.0765,0.9,0.19,0.0,0.0,0.10602623294858342,-0.015639205140948177,0.24193342653475747,0.2394852335737417,0.024362212958302765
0.01,0.2,0.08,0.6,0.02,0.0,0.0,0.10954354669464848,-0.037075194777373144,0.2326688481009362,0.23028600604042357,0.024362212958302765
0.01,0.2,0.08349999999999999,0.12,0.0,0.0,0.0,0.11362014690451208,-0.06148094445747877,0.22230355344829145,0.219996417295446,0.024362212958302765
0.01,0.2,0.087,0.02,0.0,0.0,0.0,0.11681427072402938,-0.08027604880910535,0.2144636054228582,0.21221558223056788,0.024362212958302765
0.01,0.2,0.0905,0.0,0.0,0.0,0.0,0.1210566631689402,-0.10476482977090817,0.20445455501008802,0.20228454757614592,0.024362212958302765
0.01,0.2,0.094,0.0,0.0,0.0,0.0,0.12384365162644281,-0.12057986080228922,0.1981228877696836,0.19600361881907716,0.024362212958302765
0.01,0.2,0.0975,0.0,0.0,0.0,0.0,0.12754774396642182,-0.14134347435680503,0.1899426791080281,0.1878902326814106,0.024362212958302765
0.01,0.2,0.10099999999999999,0.0,0.0,0.0,0.0,0.13039139559286464,-0.15701446823551907,0.18389179804021058,0.18189005004564668,0.024362212958302765
0.01,0.2,0.1045,0.0,0.0,0.0,0.0,0.13450472193074503,-0.17934747620479213,0.17544675622682418,0.1735172732283461,0.024362212958302765
0.01,0.2,0.108,0.0,0.0,0.0,0.0,0.13881427072402938,-0.2022135272510567,0.16705373815673255,0.16519828012488763,0.024362212958302765
0.01,0.2,0.1115,0.0,0.0,0.0,0.0,0.14104407135362015,-0.21391463847445805,0.16284171376291406,0.16102390650456322,0.024362212958302765
0.01,0.2,0.11499999999999999,0.0,0.0,0.0,0.0,0.14421511017838406,-0.23035679945503912,0.15701569941462046,0.15525073246487614,0.024362212958302765
0.01,0.2,0.1185,0.0,0.0,0.0,0.0,0.14836306400839455,-0.2514218917875412,0.14976650023108584,0.14806886608264938,0.024362212958302765
0.01,0.2,0.122,0.0,0.0,0.0,0.0,0.15200419727177336,-0.26965075928813803,0.1436396409818771,0.141999772504496,0.024362212958302765
0.01,0.2,0.1255,0.0,0.0,0.0,0.0,0.1551133263378804,-0.28499984441896137,0.13859286606290502,0.13700127604044063,0.024362212958302765
0.01,0.2,0.129,0.0,0.0,0.0,0.0,0.15868310598111227,-0.30229509240876784,0.13306110533881765,0.13152340290879871,0.024362212958302765
0.01,0.2,0.1325,0.0,0.0,0.0,0.0,0.16219307450157397,-0.3190058050630302,0.12786261033145357,0.12637634366198752,0.024362212958302765
0.01,0.2,0.136,0.0,0.0,0.0,0.0,0.16544386149003149,-0.33434664520094787,0.12317089248628318,0.12173141570094362,0.024362212958302765
0.01,0.2,0.1395,0.0,0.0,0.0,0.0,0.1689716684155299,-0.3506751935853331,0.11832082265842024,0.11693048913125771,0.024362212958302765
0.01,0.2,0.14300000000000002,0.0,0.0,0.0,0.0,0.17275655823714586,-0.3679181962897383,0.11333412085013492,0.1119949470528608,0.024362212958302765
0.01,0.2,0.14650000000000002,0.0,0.0,0.0,0.0,0.17581846799580272,-0.3816562879338784,0.10946074985601915,0.10816176041147851,0.024362212958302765
0.01,0.2,0.15000000000000002,0.0,0.0,0.0,0.0,0.1799548793284365,-0.39993423038866366,0.10443584612577293,0.10318954726758162,0.024362212958302765
0.01,0.2,0.15350000000000003,0.0,0.0,0.0,0.0,0.18344805876180484,-0.4151522548406568,0.10035598917952346,0.09915289345329956,0.024362212958302765
0.01,0.2,0.157,0.0,0.0,0.0,0.0,0.1874071353620147,-0.4320296731337011,0.09597953650893543,0.09482341891750387,0.024362212958302765
0.01,0.2,0.1605,0.0,0.0,0.0,0.0,0.19032843651626444,-0.44429934021094697,0.09287801175539609,0.09175548040182913,0.024362212958302765
0.01,0.2,0.164,0.0,0.0,0.0,0.0,0.19303882476390347,-0.4555339880695619,0.09009637208186495,0.08900417684198046,0.024362212958302765
0.01,0.2,0.1675,0.0,0.0,0.0,0.0,0.19720146904512068,-0.4725730822067052,0.08597070206445713,0.08492382250081555,0.024362212958302765
0.01,0.2,0.171,0.0,0.0,0.0,0.0,0.20066631689401887,-0.48651762316980074,0.08268995374932546,0.08167942651394768,0.024362212958302765
0.01,0.2,0.17450000000000002,0.0,0.0,0.0,0.0,0.2044847848898216,-0.5016038002976999,0.0792407709009844,0.07826880380275787,0.024362212958302765
0.01,0.2,0.17800000000000002,0.0,0.0,0.0,0.0,0.20766526757607554,-0.5139814256417098,0.07647995768935432,0.07553907282128297,0.024362212958302765
0.01,0.2,0.18150000000000002,0.0,0.0,0.0,0.0,0.2106327387198321,-0.525313384510124,0.07402474394371239,0.0731117256099882,0.024362212958302765
0.01,0.2,0.18500000000000003,0.0,0.0,0.0,0.0,0.21444596012591816,-0.5397831184165682,0.07093357606528765,0.07005573541623783,0.024362212958302765
0.01,0.2,0.1885,0.0,0.0,0.0,0.0,0.21805771248688352,-0.5532167977728181,0.06814942640257195,0.06730352679540436,0.024362212958302765
0.01,0.2,0.192,0.0,0.0,0.0,0.0,0.22164218258132212,-0.566301979697317,0.06551299376252342,0.06469755356682794,0.024362212958302765
0.01,0.2,0.1955,0.0,0.0,0.0,0.0,0.2254302203567681,-0.5799096719193879,0.06284015805455802,0.0620557761157372,0.024362212958302765
0.01,0.2,0.199,0.0,0.0,0.0,0.0,0.22882686253934942,-0.5918914199522952,0.06054771388996709,0.05979013231871755,0.024362212958302765
0.01,0.2,0.2025,0.0,0.0,0.0,0.0,0.23234417628541448,-0.6041524149381194,0.05825134282341254,0.05752070967269551,0.024362212958302765
0.01,0.2,0.20600000000000002,0.0,0.0,0.0,0.0,0.2354700944386149,-0.6147859165389725,0.056321723973945775,0.05561390454094846,0.024362212958302765
0.01,0.2,0.20950000000000002,0.0,0.0,0.0,0.0,0.2391227701993704,-0.627104047834621,0.0541238909376044,0.053442117164701465,0.024362212958302765
0.01,0.2,0.21300000000000002,0.0,0.0,0.0,0.0,0.24296117523609653,-0.6398325851640633,0.05190530008952826,0.051249940688931114,0.024362212958302765
0.01,0.2,0.21650000000000003,0.0,0.0,0.0,0.0,0.24532738719832112,-0.6475768497078775,0.050582008886007265,0.049942458648848394,0.024362212958302765
0.01,0.2,0.22,0.0,0.0,0.0,0.0,0.24920251836306404,-0.6599802387950846,0.048524083605833795,0.0479092596463156,0.024362212958302765
0.01,0.25,0.01,1.0,1.0,0.0,0.0,0.0424978813559322,0.45262612868774665,0.45170914568156356,0.44773118127639644,0.029233711990772848
0.01,0.25,0.0135,1.0,1.0,0.0,0.0,0.045682203389830506,0.4243161606037166,0.43939662774502247,0.4354407365134037,0.029233711990772848
0.01,0.25,0.017,1.0,1.0,0.0,0.0,0.049292372881355934,0.3931233310380378,0.4255439427144912,0.42161936702710534,0.029233711990772848
0.01,0.25,0.0205,1.0,1.0,0.0,0.0,0.05267690677966102,0.3645758721781316,0.4126791073631245,0.408788866396408,0.029233711990772848
0.01,0.25,0.024,1.0,1.0,0.0,0.0,0.05608792372881356,0.33646779554243395,0.3998521464029497,0.3960013561061054,0.029233711990772848
0.01,0.25,0.027500000000000004,1.0,1.0,0.0,0.0,0.06018220338983051,0.30356436608295195,0.3846767220292412,0.38087940309263374,0.029233711990772848
0.01,0.25,0.031,1.0,1.0,0.0,0.0,0.06339088983050847,0.2783651185977652,0.37296916079957726,0.3692179956990628,0.029233711990772848
0.01,0.25,0.0345,1.0,1.0,0.0,0.0,0.06676377118644067,0.25242740814811604,0.3608512374483943,0.3571525491905214,0.029233711990772848
0.01,0.25,0.038,1.0,1.0,0.0,0.0,0.07062605932203389,0.2233559017724448,0.3472307960339965,0.3435965422083338,0.029233711990772848
0.01,0.25,0.0415,1.0,1.0,0.0,0.0,0.073875,0.1994386700292306,0.3360141364644732,0.33243762625196366,0.029233711990772848
0.01,0.25,0.045000000000000005,1.0,1.0,0.0,0.0,0.07774576271186441,0.17149411905448095,0.32292956679470874,0.3194252279808604,0.029233711990772848
0.01,0.25,0.0485,1.0,1.0,0.0,0.0,0.08091525423728813,0.14907201355567032,0.3124652389720662,0.30902261907505807,0.029233711990772848
0.01,0.25,0.052000000000000005,1.0,1.0,0.0,0.0,0.08398834745762711,0.1277192875340421,0.30254583514644673,0.29916506074605675,0.029233711990772848
0.01,0.25,0.0555,1.0,1.0,0.0,0.0,0.08759110169491527,0.10314371658136828,0.29119888896884916,0.28789277265438323,0.029233711990772848
0.01,0.25,0.059000000000000004,1.0,1.0,0.0,0.0,0.0916302966101695,0.07611828773838672,0.2788431819610326,0.2756227669005542,0.029233711990772848
0.01,0.25,0.0625,1.0,1.0,0.0,0.0,0.09479131355932204,0.05535077248441525,0.26943851635868843,0.2662864679962292,0.029233711990772848
0.01,0.25,0.066,1.0,0.91,0.0,0.0,0.09886758474576272,0.029103102589590955,0.2577040701545333,0.25464158059856695,0.029233711990772848
0.01,0.25,0.0695,0.98,0.6,0.0,0.0,0.1025550847457627,0.0057980581023153056,0.2474290897139822,0.24444840581735183,0.029233711990772848
0.01,0.25,0.073,0.93,0.24,0.0,0.0,0.1055031779661017,-0.012496981778472003,0.2394813871404577,0.23656650543983113,0.029233711990772848
0.01,0.25,0.0765,0.52,0.02,0.0,0.0,0.1098082627118644,-0.03877688966662778,0.22823362943235076,0.2254150037487831,0.029233711990772848
0.01,0.25,0.08,0.26,0.01,0.0,0.0,0.11227754237288134,-0.05356827168723867,0.22201957223343866,0.2192560729465817,0.029233711990772848
0.01,0.25,0.08349999999999999,0.02,0.0,0.0,0.0,0.11632838983050847,-0.07754750427119121,0.21208012392514228,0.20940671926012647,0.029233711990772848
0.01,0.25,0.087,0.0,0.0,0.0,0.0,0.11911016949152542,-0.09369120062204464,0.2055235078309068,0.20291159746557003,0.029233711990772848
0.01,0.25,0.0905,0.0,0.0,0.0,0.0,0.12273728813559322,-0.1144858101415651,0.19720937842553177,0.19467701965286094,0.029233711990772848
0.01,0.25,0.094,0.0,0.0,0.0,0.0,0.12679555084745764,-0.1372691044861776,0.18831704286867737,0.1858725733760092,0.029233711990772848
0.01,0.25,0.0975,0.0,0.0,0.0,0.0,0.13020868644067796,-0.1561120232079868,0.18112483538000748,0.17875319905142537,0.029233711990772848
0.01,0.25,0.10099999999999999,0.0,0.0,0.0,0.0,0.13352224576271188,-0.17412277932546405,0.17439121293295826,0.17208923936858084,0.029233711990772848
0.01,0.25,0.1045,0.0,0.0,0.0,0.0,0.13729449152542372,-0.19432440645039836,0.1670000833738727,0.16477607364871416,0.029233711990772848
0.01,0.25,0.108,0.0,0.0,0.0,0.0,0.14041101694915253,-0.21075291485425432,0.16112128421499175,0.15896052355794954,0.029233711990772848
0.01,0.25,0.1115,0.0,0.0,0.0,0.0,0.14426377118644068,-0.23067211741863164,0.15418116958522632,0.1520967839736589,0.029233711990772848
0.01,0.25,0.11499999999999999,0.0,0.0,0.0,0.0,0.1474978813559322,-0.24721545429765895,0.14852585317427983,0.1465044540971071,0.029233711990772848
0.01,0.25,0.1185,0.0,0.0,0.0,0.0,0.15130190677966102,-0.2662708685513137,0.142200365474981,0.14025100434019053,0.029233711990772848
0.01,0.25,0.122,0.0,0.0,0.0,0.0,0.1545,-0.2820865549465972,0.1370637126874266,0.13517359376452592,0.029233711990772848
0.01,0.25,0.1255,0.0,0.0,0.0,0.0,0.15795127118644067,-0.2988882981892277,0.13173724495089892,0.12990947965867647,0.029233711990772848
0.01,0.25,0.129,0.0,0.0,0.0,0.0,0.1615476694915254,-0.31609470275020096,0.12643035939191813,0.12466570184947066,0.029233711990772848
0.01,0.25,0.1325,0.0,0.0,0.0,0.0,0.16532097457627118,-0.33388988779633827,0.12107249513721202,0.11937233560732528,0.029233711990772848
0.01,0.25,0.136,0.0,0.0,0.0,0.0,0.1686398305084746,-0.3492629307179804,0.11657582870868519,0.11493058918807136,0.029233711990772848
0.01,0.25,0.1395,0.0,0.0,0.0,0.0,0.17154343220338983,-0.36258142530024384,0.11274803372667724,0.11114990971098226,0.029233711990772848
0.01,0.25,0.14300000000000002,0.0,0.0,0.0,0.0,0.1752531779661017,-0.3792428756077891,0.10811372131866318,0.10657352343124693,0.029233711990772848
0.01,0.25,0.14650000000000002,0.0,0.0,0.0,0.0,0.17924152542372881,-0.3969595822447871,0.10328800078499815,0.10180857838430246,0.029233711990772848
0.01,0.25,0.15000000000000002,0.0,0.0,0.0,0.0,0.18222987288135592,-0.40996227913345257,0.0998584755178552,0.09842283730437502,0.029233711990772848
0.01,0.25,0.15350000000000003,0.0,0.0,0.0,0.0,0.18610169491525422,-0.426589399191479,0.0955684797252546,0.09418805013019763,0.029233711990772848
0.01,0.25,0.157,0.0,0.0,0.0,0.0,0.18965042372881358,-0.44159412393164305,0.09180197217178708,0.0904704626615652,0.029233711990772848
0.01,0.25,0.1605,0.0,0.0,0.0,0.0,0.19256355932203392,-0.4537289321092162,0.08882940197922898,0.0875368337944184,0.029233711990772848
0.01,0.25,0.164,0.0,0.0,0.0,0.0,0.19684639830508474,-0.4712281338613115,0.08467298960559135,0.08343542192956811,0.029233711990772848
0.01,0.25,0.1675,0.0,0.0,0.0,0.0,0.19946398305084745,-0.4818058300107692,0.08221082616373467,0.08100603167159322,0.029233711990772848
0.01,0.25,0.171,0.0,0.0,0.0,0.0,0.20280720338983052,-0.49506434209622413,0.07920965064358011,0.07804514590454546,0.029233711990772848
0.01,0.25,0.17450000000000002,0.0,0.0,0.0,0.0,0.20675953389830506,-0.5105965762013883,0.07576068987521221,0.07464269773592705,0.029233711990772848
0.01,0.25,0.17800000000000002,0.0,0.0,0.0,0.0,0.21057521186440678,-0.5252769184328695,0.07260433638055037,0.07152930520892664,0.029233711990772848
0.01,0.25,0.18150000000000002,0.0,0.0,0.0,0.0,0.21350105932203392,-0.5363701347062149,0.07027749800386117,0.06923433079650318,0.029233711990772848
0.01,0.25,0.18500000000000003,0.0,0.0,0.0,0.0,0.21687817796610168,-0.5490044199618999,0.06768353906632918,0.0666760806659104,0.029233711990772848
0.01,0.25,0.1885,0.0,0.0,0.0,0.0,0.22064406779661017,-0.562794743171616,0.0649407578641124,0.06397135845645399,0.029233711990772848
0.01,0.25,0.192,0.0,0.0,0.0,0.0,0.22422033898305085,-0.5756774426172979,0.06244433777068631,0.06150977815010854,0.029233711990772848
0.01,0.25,0.1955,0.0,0.0,0.0,0.0,0.22783474576271184,-0.588571800619422,0.059988343762972,0.05908817137697454,0.029233711990772848
0.01,0.25,0.199,0.0,0.0,0.0,0.0,0.2311959745762712,-0.6003301261187532,0.05781319288382031,0.056943668181333604,0.029233711990772848
0.01,0.25,0.2025,0.0,0.0,0.0,0.0,0.23462817796610172,-0.6121214427386665,0.055687958081995455,0.05484854451551755,0.029233711990772848
0.01,0.25,0.20600000000000002,0.0,0.0,0.0,0.0,0.23776800847457624,-0.6227486105362455,0.05381460129244611,0.053001841065908446,0.029233711990772848
0.01,0.25,0.20950000000000002,0.0,0.0,0.0,0.0,0.2415074152542373,-0.6351740811872554,0.051681961191268916,0.050899695043399105,0.029233711990772848
0.01,0.25,0.21300000000000002,0.0,0.0,0.0,0.0,0.24533580508474576,-0.6477013105684164,0.04958003535943074,0.04882794338409565,0.029233711990772848
0.01,0.25,0.21650000000000003,0.0,0.0,0.0,0.0,0.2488718220338983,-0.6590865391085119,0.047713369872569765,0.04698817881305947,0.029233711990772848
0.01,0.25,0.22,0.0,0.0,0.0,0.0,0.2529915254237288,-0.6720504505900515,0.04565204911585981,0.04495672405956636,0.029233711990772848
0.01,0.3,0.01,1.0,1.0,0.0,0.0,0.045213903743315506,0.42838047202384755,0.4359781025717204,0.4313632461833612,0.03417537999003839
0.01,0.3,0.0135,1.0,1.0,0.0,0.0,0.048797860962566844,0.3972370066226923,0.42224677698839164,0.41766954354433616,0.03417537999003839
0.01,0.3,0.017,1.0,1.0,0.0,0.0,0.05174331550802139,0.37225508328380974,0.41106889431486643,0.4065275809457446,0.03417537999003839
0.01,0.3,0.0205,1.0,1.0,0.0,0.0,0.0557048128342246,0.33945928999152847,0.3961982401444723,0.39171199395240724,0.03417537999003839
0.01,0.3,0.024,1.0,1.0,0.0,0.0,0.05914866310160428,0.311678159633467,0.3834620609718922,0.37902980736653114,0.03417537999003839
0.01,0.3,0.027500000000000004,1.0,1.0,0.0,0.0,0.06252513368983957,0.2849936893160663,0.37114723663542426,0.3667725002136549,0.03417537999003839
0.01,0.3,0.031,1.0,1.0,0.0,0.0,0.06615508021390375,0.256951285101367,0.35812960873271665,0.3538220106418282,0.03417537999003839
0.01,0.3,0.0345,1.0,1.0,0.0,0.0,0.0696331550802139,0.23071295136949227,0.3459084618444706,0.3416701665588211,0.03417537999003839
0.01,0.3,0.038,1.0,1.0,0.0,0.0,0.07334866310160428,0.20318866172096878,0.33309328930644067,0.32893274323817406,0.03417537999003839
0.01,0.3,0.0415,1.0,1.0,0.0,0.0,0.0762716577540107,0.1819675699326976,0.32322191050257354,0.31912559349702957,0.03417537999003839
0.01,0.3,0.045000000000000005,1.0,1.0,0.0,0.0,0.08041283422459893,0.15250978886274727,0.3095653128086917,0.3055639478382765,0.03417537999003839
0.01,0.3,0.0485,1.0,1.0,0.0,0.0,0.08363422459893048,0.13006090233441392,0.2992145270873356,0.29528975007626546,0.03417537999003839
0.01,0.3,0.052000000000000005,1.0,1.0,0.0,0.0,0.08745454545454547,0.10393784690137435,0.2872558939309495,0.2834244922661516,0.03417537999003839
0.01,0.3,0.0555,1.0,1.0,0.0,0.0,0.09024705882352942,0.08520875901041142,0.27875612026502045,0.2749946092114817,0.03417537999003839
0.01,0.3,0.059000000000000004,1.0,1.0,0.0,0.0,0.09452941176470589,0.056941504060751706,0.2660485689062484,0.262395830994437,0.03417537999003839
0.01,0.3,0.0625,1.0,0.96,0.0,0.0,0.09770160427807487,0.036425815568088875,0.256946336453672,0.25337539759600025,0.03417537999003839
0.01,0.3,0.066,1.0,0.79,0.0,0.0,0.10088021390374331,0.016194270554043846,0.2480677213077647,0.2445794941099048,0.03417537999003839
0.01,0.3,0.0695,0.96,0.36,0.0,0.0,0.10464812834224599,-0.007350413085508837,0.2378947312565424,0.23450504605194336,0.03417537999003839
0.01,0.3,0.073,0.74,0.06,0.0,0.0,0.1079187165775401,-0.027452160475863314,0.2293346441403965,0.22603068333242696,0.03417537999003839
0.01,0.3,0.0765,0.28,0.01,0.0,0.0,0.11184064171122994,-0.05107576165582611,0.2194600992087913,0.21625885979464066,0.03417537999003839
0.01,0.3,0.08,0.09,0.0,0.0,0.0,0.11457540106951872,-0.06735867830172379,0.21275109135184192,0.20962109333991016,0.03417537999003839
0.01,0.3,0.08349999999999999,0.0,0.0,0.0,0.0,0.11856577540106952,-0.09065431698153129,0.20334550956264244,0.2003188366728045,0.03417537999003839
0.01,0.3,0.087,0.0,0.0,0.0,0.0,0.121875935828877,-0.10965661297701045,0.1958291224308738,0.1928872791927232,0.03417537999003839
0.01,0.3,0.0905,0.0,0.0,0.0,0.0,0.1260139037433155,-0.13303059242192042,0.18676326669090884,0.1839262787345629,0.03417537999003839
0.01,0.3,0.094,0.0,0.0,0.0,0.0,0.12911122994652408,-0.15025022770747706,0.1802250464718362,0.17746545283020534,0.03417537999003839
0.01,0.3,0.0975,0.0,0.0,0.0,0.0,0.13319893048128342,-0.17255280217621094,0.17196165749053738,0.16930243809224343,0.03417537999003839
0.01,0.3,0.10099999999999999,0.0,0.0,0.0,0.0,0.1362620320855615,-0.1889446280963718,0.16603889550107034,0.16345342459967607,0.03417537999003839
0.01,0.3,0.1045,0.0,0.0,0.0,0.0,0.13960748663101605,-0.20665643941571749,0.1597538885016318,0.1572476822533438,0.03417537999003839
0.01,0.3,0.108,0.0,0.0,0.0,0.0,0.14241069518716576,-0.22128088096437526,0.1546692123774659,0.15222825844982132,0.03417537999003839
0.01,0.3,0.1115,0.0,0.0,0.0,0.0,0.14646844919786095,-0.24210109073764938,0.14761386196659956,0.14526513955965606,0.03417537999003839
0.01,0.3,0.11499999999999999,0.0,0.0,0.0,0.0,0.1500951871657754,-0.2604086143571116,0.14156505373393258,0.13929677286788594,0.03417537999003839
0.01,0.3,0.1185,0.0,0.0,0.0,0.0,0.15358395721925133,-0.27771208260765784,0.13599943316841387,0.13380646128535126,0.03417537999003839
0.01,0.3,0.122,0.0,0.0,0.0,0.0,0.15773903743315507,-0.29799045003973834,0.12964613828652546,0.12754044691476682,0.03417537999003839
0.01,0.3,0.1255,0.0,0.0,0.0,0.0,0.16034973262032085,-0.3105120229700617,0.12582611507298494,0.12377371869100255,0.03417537999003839
0.01,0.3,0.129,0.0,0.0,0.0,0.0,0.1642010695187166,-0.32874768066788357,0.1203880795235936,0.11841237285731701,0.03417537999003839
0.01,0.3,0.1325,0.0,0.0,0.0,0.0,0.16822352941176472,-0.3474946555446635,0.11493874716715693,0.11304086889854784,0.03417537999003839
0.01,0.3,0.136,0.0,0.0,0.0,0.0,0.17126951871657753,-0.361420093660905,0.11101737762758772,0.10917631709604284,0.03417537999003839
0.01,0.3,0.1395,0.0,0.0,0.0,0.0,0.17466951871657754,-0.37681429374539377,0.10676123431169617,0.10498229065351435,0.03417537999003839
0.01,0.3,0.14300000000000002,0.0,0.0,0.0,0.0,0.17886737967914437,-0.3954256235457612,0.10178114496870289,0.10007593121822424,0.03417537999003839
0.01,0.3,0.14650000000000002,0.0,0.0,0.0,0.0,0.18172941176470586,-0.4079378988448811,0.09851522208703761,0.09685879108365764,0.03417537999003839
0.01,0.3,0.15000000000000002,0.0,0.0,0.0,0.0,0.18524385026737966,-0.4230514227821309,0.09467166591732105,0.09307323783204945,0.03417537999003839
0.01,0.3,0.15350000000000003,0.0,0.0,0.0,0.0,0.18860641711229945,-0.4373062698194448,0.09113662466523474,0.08959198354561054,0.03417537999003839
0.01,0.3,0.157,0.0,0.0,0.0,0.0,0.1919764705882353,-0.4513940902486356,0.08772334244026368,0.08623104201240489,0.03417537999003839
0.01,0.3,0.1605,0.0,0.0,0.0,0.0,0.19533582887700537,-0.46519436114905716,0.08447613417517558,0.08303408486984194,0.03417537999003839
0.01,0.3,0.164,0.0,0.0,0.0,0.0,0.19923529411764704,-0.48103385742581883,0.0808224251914122,0.07943723774504081,0.03417537999003839
0.01,0.3,0.1675,0.0,0.0,0.0,0.0,0.20316898395721925,-0.49666094217370804,0.0773444039854378,0.07601392023174276,0.03417537999003839
0.01,0.3,0.171,0.0,0.0,0.0,0.0,0.20636363636363636,-0.5091855443679532,0.07461763335527215,0.07333029244573314,0.03417537999003839
0.01,0.3,0.17450000000000002,0.0,0.0,0.0,0.0,0.20930374331550802,-0.5205453141169656,0.07220506574917895,0.07095613997643066,0.03417537999003839
0.01,0.3,0.17800000000000002,0.0,0.0,0.0,0.0,0.21369946524064173,-0.537257491533277,0.06874711883777664,0.0675536152058985,0.03417537999003839
0.01,0.3,0.18150000000000002,0.0,0.0,0.0,0.0,0.21629732620320855,-0.5469695249783889,0.06679005616257204,0.06562812372137648,0.03417537999003839
0.01,0.3,0.18500000000000003,0.0,0.0,0.0,0.0,0.2200342245989305,-0.5607120224001785,0.06408899727792884,0.06297089933010633,0.03417537999003839
0.01,0.3,0.1885,0.0,0.0,0.0,0.0,0.22307272727272728,-0.5716973266549743,0.06198664827909742,0.0609028723051747,0.03417537999003839
0.01,0.3,0.192,0.0,0.0,0.0,0.0,0.2268427807486631,-0.5851613383444435,0.05946210975742416,0.05841970813317503,0.03417537999003839
0.01,0.3,0.1955,0.0,0.0,0.0,0.0,0.23090160427807485,-0.5993847506017981,0.05687097340337811,0.05587129582201777,0.03417537999003839
0.01,0.3,0.199,0.0,0.0,0.0,0.0,0.23401283422459895,-0.61011878224439,0.054961811934099984,0.05399375655193764,0.03417537999003839
0.01,0.3,0.2025,0.0,0.0,0.0,0.0,0.23749839572192513,-0.6219271540616759,0.05291548792198615,0.05198150557370595,0.03417537999003839
0.01,0.3,0.20600000000000002,0.0,0.0,0.0,0.0,0.24137219251336897,-0.6348616247548527,0.05072453141320317,0.04982717014156052,0.03417537999003839
0.01,0.3,0.20950000000000002,0.0,0.0,0.0,0.0,0.24513368983957218,-0.6471650187975758,0.0486991184544326,0.047835788316821976,0.03417537999003839
0.01,0.3,0.21300000000000002,0.0,0.0,0.0,0.0,0.2485005347593583,-0.6580471513919964,0.04694241874592593,0.04610868929461181,0.03417537999003839
0.01,0.3,0.21650000000000003,0.0,0.0,0.0,0.0,0.25137326203208554,-0.6671421025384577,0.04551230637841755,0.04470279256024313,0.03417537999003839
0.01,0.3,0.22,0.0,0.0,0.0,0.0,0.25426844919786096,-0.6761690019928477,0.04412055025255461,0.043334677913458665,0.03417537999003839
0.01,0.35,0.01,1.0,1.0,0.0,0.0,0.04765658747300216,0.40689868614640934,0.42142611589828805,0.4161810916302898,0.03918891781593148
0.01,0.35,0.0135,1.0,1.0,0.0,0.0,0.05197624190064795,0.3701958199749722,0.4050641598477429,0.39988264135850143,0.03918891781593148
0.01,0.35,0.017,1.0,1.0,0.0,0.0,0.054957883369330454,0.3454579497668135,0.3939090649574831,0.38877691317615076,0.03918891781593148
0.01,0.35,0.0205,1.0,1.0,0.0,0.0,0.05857235421166306,0.3161519201491416,0.3805628226138477,0.3754969692706178,0.03918891781593148
0.01,0.35,0.024,1.0,1.0,0.0,0.0,0.061681425485961124,0.2914691016122334,0.369245315444549,0.364241377401903,0.03918891781593148
0.01,0.35,0.027500000000000004,1.0,1.0,0.0,0.0,0.06475809935205183,0.2675298117742944,0.3582132577977521,0.35327505939589954,0.03918891781593148
0.01,0.35,0.031,1.0,1.0,0.0,0.0,0.06947300215982721,0.2317528987542879,0.341665555647439,0.33683617236180624,0.03918891781593148
0.01,0.35,0.0345,1.0,1.0,0.0,0.0,0.07274190064794817,0.20747322532183066,0.3304441448864416,0.32569447722538897,0.03918891781593148
0.01,0.35,0.038,1.0,1.0,0.0,0.0,0.07594600431965443,0.18417121368110795,0.3196750359766287,0.31500750383036025,0.03918891781593148
0.01,0.35,0.0415,1.0,1.0,0.0,0.0,0.0795658747300216,0.15834064207965057,0.3077854419033966,0.3032141927263992,0.03918891781593148
0.01,0.35,0.045000000000000005,1.0,1.0,0.0,0.0,0.0828304535637149,0.13551791968996232,0.2973348711458456,0.2928535314044731,0.03918891781593148
0.01,0.35,0.0485,1.0,1.0,0.0,0.0,0.08630561555075594,0.11158406283158265,0.2864489539862085,0.2820652804961533,0.03918891781593148
0.01,0.35,0.052000000000000005,1.0,1.0,0.0,0.0,0.08996868250539956,0.08692826782603745,0.2753358601475865,0.27105811403316904,0.03918891781593148
0.01,0.35,0.0555,1.0,1.0,0.0,0.0,0.09350323974082073,0.06351967304081771,0.2648941502791064,0.2607199768551739,0.03918891781593148
0.01,0.35,0.059000000000000004,1.0,0.97,0.0,0.0,0.09714470842332613,0.039875789887244426,0.2544793574400687,0.25041339071644153,0.03918891781593148
0.01,0.35,0.0625,1.0,0.84,0.0,0.0,0.10026349892008639,0.019970730788050905,0.24581892878116904,0.2418464228730739,0.03918891781593148
0.01,0.35,0.066,0.99,0.52,0.0,0.0,0.10358315334773219,-0.0008775225890963932,0.23686718695622172,0.23299459775233153,0.03918891781593148
0.01,0.35,0.0695,0.82,0.09,0.0,0.0,0.10738012958963283,-0.02431658891113147,0.22696667226317455,0.2232084315212214,0.03918891781593148
0.01,0.35,0.073,0.38,0.02,0.0,0.0,0.11110583153347733,-0.046808169223695364,0.21765087946363454,0.21400476027082857,0.03918891781593148
0.01,0.35,0.0765,0.13,0.0,0.0,0.0,0.11388876889848812,-0.06340658781041797,0.2108748307054575,0.20731202183782638,0.03918891781593148
0.01,0.35,0.08,0.02,0.0,0.0,0.0,0.11759827213822895,-0.085218358017414,0.2021188387590515,0.1986663153918319,0.03918891781593148
0.01,0.35,0.08349999999999999,0.0,0.0,0.0,0.0,0.1213585313174946,-0.10687989480629413,0.19361691714750726,0.19027505310110412,0.03918891781593148
0.01,0.35,0.087,0.0,0.0,0.0,0.0,0.1255583153347732,-0.1306001307406474,0.18453381244774217,0.18131367144623378,0.03918891781593148
0.01,0.35,0.0905,0.0,0.0,0.0,0.0,0.12895680345572352,-0.1494617366072587,0.17747240676610412,0.17434924641699528,0.03918891781593148
0.01,0.35,0.094,0.0,0.0,0.0,0.0,0.13196760259179266,-0.16598156691410434,0.1713949802516146,0.16835658980276202,0.03918891781593148
0.01,0.35,0.0975,0.0,0.0,0.0,0.0,0.13521490280777537,-0.18349232935034288,0.16509758474137104,0.16214900420194409,0.03918891781593148
0.01,0.35,0.10099999999999999,0.0,0.0,0.0,0.0,0.1390658747300216,-0.2039235058952418,0.15792277504170907,0.155078542534978,0.03918891781593148
0.01,0.35,0.1045,0.0,0.0,0.0,0.0,0.1425831533477322,-0.2223352047086879,0.1515946054277274,0.14884386684572082,0.03918891781593148
0.01,0.35,0.108,0.0,0.0,0.0,0.0,0.1460680345572354,-0.24022201720411704,0.14561741108497533,0.14295689364143077,0.03918891781593148
0.01,0.35,0.1115,0.0,0.0,0.0,0.0,0.14934449244060477,-0.2567909003819304,0.14020550391751135,0.13762791389030837,0.03918891781593148
0.01,0.35,0.11499999999999999,0.0,0.0,0.0,0.0,0.15314254859611232,-0.2756428027836693,0.13422080457341112,0.1317366003765312,0.03918891781593148
0.01,0.35,0.1185,0.0,0.0,0.0,0.0,0.15601403887688986,-0.28975069003635795,0.12982575075421163,0.12741076639242063,0.03918891781593148
0.01,0.35,0.122,0.0,0.0,0.0,0.0,0.15929589632829372,-0.30564760866084095,0.12498620054256845,0.12264843136470986,0.03918891781593148
0.01,0.35,0.1255,0.0,0.0,0.0,0.0,0.16312203023758098,-0.3238197341183633,0.11961906180455095,0.11736833141556799,0.03918891781593148
0.01,0.35,0.129,0.0,0.0,0.0,0.0,0.166463282937365,-0.3394322046772143,0.11512943591935511,0.11295244236044191,0.03918891781593148
0.01,0.35,0.1325,0.0,0.0,0.0,0.0,0.16966198704103672,-0.3542304258935679,0.1109541904568376,0.10884630069314144,0.03918891781593148
0.01,0.35,0.136,0.0,0.0,0.0,0.0,0.17329913606911446,-0.37074546666059693,0.10643267164109295,0.10440063552546454,0.03918891781593148
0.01,0.35,0.1395,0.0,0.0,0.0,0.0,0.17701187904967605,-0.3873437938734825,0.10200745615166582,0.10005042340243625,0.03918891781593148
0.01,0.35,0.14300000000000002,0.0,0.0,0.0,0.0,0.18052807775377971,-0.40278894045807706,0.09800726139448188,0.09611881744918374,0.03918891781593148
0.01,0.35,0.14650000000000002,0.0,0.0,0.0,0.0,0.18436177105831533,-0.4194446633519489,0.0937831935074822,0.09196765922877823,0.03918891781593148
0.01,0.35,0.15000000000000002,0.0,0.0,0.0,0.0,0.18836285097192224,-0.4364612932382169,0.0896135868992612,0.08787093095362422,0.03918891781593148
0.01,0.35,0.15350000000000003,0.0,0.0,0.0,0.0,0.19132505399568037,-0.44881377702692193,0.08668201742391476,0.08499115105053566,0.03918891781593148
0.01,0.35,0.157,0.0,0.0,0.0,0.0,0.19502699784017277,-0.4641213012209821,0.08310872702814219,0.08148124344277878,0.03918891781593148
0.01,0.35,0.1605,0.0,0.0,0.0,0.0,0.19803887688984884,-0.476339880584852,0.08033937339688593,0.07876149705634887,0.03918891781593148
0.01,0.35,0.164,0.0,0.0,0.0,0.0,0.20179049676025917,-0.4913959027836841,0.07699831147149076,0.07548057963771422,0.03918891781593148
0.01,0.35,0.1675,0.0,0.0,0.0,0.0,0.20506371490280778,-0.5042533422796085,0.07423619518987072,0.07276866481870063,0.03918891781593148
0.01,0.35,0.171,0.0,0.0,0.0,0.0,0.2088596112311015,-0.518947958296166,0.07115830976797236,0.06974706023652699,0.03918891781593148
0.01,0.35,0.17450000000000002,0.0,0.0,0.0,0.0,0.21191792656587474,-0.530627961420851,0.06876678979674228,0.06739951069126104,0.03918891781593148
0.01,0.35,0.17800000000000002,0.0,0.0,0.0,0.0,0.2159071274298056,-0.5456264471594385,0.06577253174576041,0.06446063509990124,0.03918891781593148
0.01,0.35,0.18150000000000002,0.0,0.0,0.0,0.0,0.2194168466522678,-0.5585573156616662,0.06327124652105529,0.0620059518735073,0.03918891781593148
0.01,0.35,0.18500000000000003,0.0,0.0,0.0,0.0,0.22334341252699783,-0.5727774017836074,0.0605925006571474,0.05937740386353907,0.03918891781593148
0.01,0.35,0.1885,0.0,0.0,0.0,0.0,0.2271025917926566,-0.5862087837220187,0.058121161206499794,0.056952581265510144,0.03918891781593148
0.01,0.35,0.192,0.0,0.0,0.0,0.0,0.22961663066954643,-0.5950321996806994,0.0565396489683063,0.055401000435477535,0.03918891781593148
0.01,0.35,0.1955,0.0,0.0,0.0,0.0,0.23387257019438443,-0.6098186571822661,0.05393779985294095,0.05284854675939845,0.03918891781593148
0.01,0.35,0.199,0.0,0.0,0.0,0.0,0.23734449244060474,-0.6215932308039922,0.0519326350096481,0.05088170607219289,0.03918891781593148
0.01,0.35,0.2025,0.0,0.0,0.0,0.0,0.24030237580993521,-0.6314517831732527,0.050294477026355526,0.04927499878314743,0.03918891781593148
0.01,0.35,0.20600000000000002,0.0,0.0,0.0,0.0,0.24403779697624192,-0.6437865194456346,0.048280346193967566,0.04729962927965534,0.03918891781593148
0.01,0.35,0.20950000000000002,0.0,0.0,0.0,0.0,0.247877969762419,-0.6561786085765636,0.046316722710511724,0.04537400372739248,0.03918891781593148
0.01,0.35,0.21300000000000002,0.0,0.0,0.0,0.0,0.25108855291576676,-0.6663788931466644,0.04473661031661563,0.04382457408709748,0.03918891781593148
0.01,0.35,0.21650000000000003,0.0,0.0,0.0,0.0,0.2550291576673866,-0.6786667258198527,0.04288039463026827,0.04200454287148224,0.03918891781593148
0.01,0.35,0.22,0.0,0.0,0.0,0.0,0.25827861771058314,-0.6886580312173094,0.041402096321558945,0.040555146228695806,0.03918891781593148
0.01,0.4,0.01,1.0,1.0,0.0,0.0,0.05058996728462377,0.3817178999652678,0.4051670845207775,0.3993138059254578,0.044276084612790534
0.01,0.4,0.0135,1.0,1.0,0.0,0.0,0.05402726281352235,0.352987101293753,0.39230778189272864,0.3865196771941275,0.044276084612790534
0.01,0.4,0.017,1.0,1.0,0.0,0.0,0.057425299890948744,0.32520904212532287,0.3797630198421755,0.37404580990688835,0.044276084612790534
0.01,0.4,0.0205,1.0,1.0,0.0,0.0,0.06088113413304253,0.2976627718507242,0.36719796523200476,0.3615602263037465,0.044276084612790534
0.01,0.4,0.024,1.0,1.0,0.0,0.0,0.06479825517993457,0.2670751383470345,0.35320773025871055,0.34766630894208006,0.044276084612790534
0.01,0.4,0.027500000000000004,1.0,1.0,0.0,0.0,0.0684143947655398,0.23956295509804026,0.3405602318616716,0.33511492160798007,0.044276084612790534
0.01,0.4,0.031,1.0,1.0,0.0,0.0,0.07184078516902943,0.21403733493373828,0.32883070614810106,0.3234813600016324,0.044276084612790534
0.01,0.4,0.0345,1.0,1.0,0.0,0.0,0.07528244274809161,0.18881170927184976,0.3172668059207331,0.3120172927333719,0.044276084612790534
0.01,0.4,0.038,1.0,1.0,0.0,0.0,0.07823991275899672,0.16759922654154738,0.30755992616432554,0.3024000532559161,0.044276084612790534
0.01,0.4,0.0415,1.0,1.0,0.0,0.0,0.08267611777535441,0.1364272489501925,0.29339106718987085,0.28837009388822077,0.044276084612790534
0.01,0.4,0.045000000000000005,1.0,1.0,0.0,0.0,0.08536205016357687,0.11791773860437718,0.28503360306835285,0.2800990258017156,0.044276084612790534
0.01,0.4,0.0485,1.0,1.0,0.0,0.0,0.08920065430752454,0.09190438500091912,0.27338764550216615,0.2685787944407743,0.044276084612790534
0.01,0.4,0.052000000000000005,1.0,1.0,0.0,0.0,0.09295747001090512,0.06698195477697726,0.2623624151709312,0.25767890053513687,0.044276084612790534
0.01,0.4,0.0555,1.0,0.99,0.0,0.0,0.09661723009814613,0.04319231496733484,0.2519710122763877,0.2474112258487839,0.044276084612790534
0.01,0.4,0.059000000000000004,0.99,0.83,0.0,0.0,0.10013849509269356,0.02065711812515084,0.24226034222001558,0.2378201053488988,0.044276084612790534
0.01,0.4,0.0625,0.97,0.54,0.0,0.0,0.10349727371864777,-0.0004587430711840218,0.23329062150943153,0.2289649365869822,0.044276084612790534
0.01,0.4,0.066,0.84,0.2,0.0,0.0,0.10633696837513633,-0.01800910770048103,0.22594050681591438,0.2217118190940718,0.044276084612790534
0.01,0.4,0.0695,0.42,0.01,0.0,0.0,0.1106434023991276,-0.044185381257618256,0.21516867225722364,0.2110865609803975,0.044276084612790534
0.01,0.4,0.073,0.15,0.0,0.0,0.0,0.11339912758996729,-0.06066931337239005,0.20850428542790264,0.20451543502615624,0.044276084612790534
0.01,0.4,0.0765,0.02,0.0,0.0,0.0,0.11719629225736096,-0.08301129505929715,0.19963299238430549,0.19577171805864174,0.044276084612790534
0.01,0.4,0.08,0.0,0.0,0.0,0.0,0.12108615049073064,-0.10544477027371027,0.1909274102873749,0.18719529825017076,0.044276084612790534
0.01,0.4,0.08349999999999999,0.0,0.0,0.0,0.0,0.12445910577971647,-0.12460086628793875,0.18364338813681716,0.1800218036128258,0.044276084612790534
0.01,0.4,0.087,0.0,0.0,0.0,0.0,0.1281668484187568,-0.14527617012421543,0.17596104489635545,0.17245903924587327,0.044276084612790534
0.01,0.4,0.0905,0.0,0.0,0.0,0.0,0.13122137404580153,-0.16203833673992776,0.1698689644028291,0.16646379825275642,0.044276084612790534
0.01,0.4,0.094,0.0,0.0,0.0,0.0,0.13449945474372954,-0.17981293219464334,0.16352194839142645,0.16021923410944922,0.044276084612790534
0.01,0.4,0.0975,0.0,0.0,0.0,0.0,0.13755616139585605,-0.19612216602300653,0.1578319142565122,0.1546228271759664,0.044276084612790534
0.01,0.4,0.10099999999999999,0.0,0.0,0.0,0.0,0.1418691384950927,-0.21872922228418307,0.15014581813913586,0.14706577984026528,0.044276084612790534
0.01,0.4,0.1045,0.0,0.0,0.0,0.0,0.14488113413304254,-0.23425826849454548,0.144997807021493,0.1420057320287864,0.044276084612790534
0.01,0.4,0.108,0.0,0.0,0.0,0.0,0.14889858233369685,-0.2546559506445396,0.138398435069733,0.13552091283376888,0.044276084612790534
0.01,0.4,0.1115,0.0,0.0,0.0,0.0,0.1522966194111232,-0.27160009614351316,0.13306755391277425,0.13028417087534885,0.044276084612790534
0.01,0.4,0.11499999999999999,0.0,0.0,0.0,0.0,0.15663467829880046,-0.2928905415671857,0.1265424733314955,0.12387598989546118,0.044276084612790534
0.01,0.4,0.1185,0.0,0.0,0.0,0.0,0.1594918211559433,-0.30672108505101336,0.12240421672947725,0.11981277789997405,0.044276084612790534
0.01,0.4,0.122,0.0,0.0,0.0,0.0,0.16285387131952017,-0.32269179262841247,0.11776017528992312,0.11525425670127587,0.044276084612790534
0.01,0.4,0.1255,0.0,0.0,0.0,0.0,0.16631624863685932,-0.3389210684801225,0.11315388752749152,0.11073366810250547,0.044276084612790534
0.01,0.4,0.129,0.0,0.0,0.0,0.0,0.16970883315158125,-0.35455556008872224,0.108834003865093,0.10649515559807701,0.044276084612790534
0.01,0.4,0.1325,0.0,0.0,0.0,0.0,0.17325081788440566,-0.37066735243113313,0.1044855702332306,0.1022293983846524,0.044276084612790534
0.01,0.4,0.136,0.0,0.0,0.0,0.0,0.17742529989094874,-0.38931205970580784,0.09960307284430182,0.09744084389473291,0.044276084612790534
0.01,0.4,0.1395,0.0,0.0,0.0,0.0,0.18018429661941113,-0.40144656489543723,0.0965114498601246,0.09440929578262168,0.044276084612790534
0.01,0.4,0.14300000000000002,0.0,0.0,0.0,0.0,0.1836575790621592,-0.416513879526385,0.09275504159547301,0.09072647419148983,0.044276084612790534
0.01,0.4,0.14650000000000002,0.0,0.0,0.0,0.0,0.1865419847328244,-0.42884502825059484,0.08976031991865614,0.08779090283197782,0.044276084612790534
0.01,0.4,0.15000000000000002,0.0,0.0,0.0,0.0,0.19057033805888768,-0.44580955948764156,0.08574376122995128,0.08385434026578936,0.044276084612790534
0.01,0.4,0.15350000000000003,0.0,0.0,0.0,0.0,0.1942279171210469,-0.4610012744884576,0.08223466795424686,0.08041563790118994,0.044276084612790534
0.01,0.4,0.157,0.0,0.0,0.0,0.0,0.1977546346782988,-0.4753199139331567,0.07904186759493209,0.07728759826003394,0.044276084612790534
0.01,0.4,0.1605,0.0,0.0,0.0,0.0,0.20138167938931295,-0.4898960922151512,0.07585616069841579,0.07416681469767111,0.044276084612790534
0.01,0.4,0.164,0.0,0.0,0.0,0.0,0.20462268266085062,-0.502663978575659,0.07315104172811025,0.07151731124740257,0.044276084612790534
0.01,0.4,0.1675,0.0,0.0,0.0,0.0,0.2071494002181025,-0.5124544767858008,0.07112954552919709,0.06953765169433217,0.044276084612790534
0.01,0.4,0.171,0.0,0.0,0.0,0.0,0.2117164667393675,-0.530025515630342,0.06756003749678344,0.06604223400401833,0.044276084612790534
0.01,0.4,0.17450000000000002,0.0,0.0,0.0,0.0,0.2150741548527808,-0.5426486260658138,0.06508333944601553,0.06361739528116894,0.044276084612790534
0.01,0.4,0.17800000000000002,0.0,0.0,0.0,0.0,0.21827371864776446,-0.5545221786503892,0.06280593889783133,0.06138790690844398,0.044276084612790534
0.01,0.4,0.18150000000000002,0.0,0.0,0.0,0.0,0.22198691384950928,-0.5680742576827307,0.06027291090608152,0.058908469925074584,0.044276084612790534
0.01,0.4,0.18500000000000003,0.0,0.0,0.0,0.0,0.22577426390403488,-0.5816147913499885,0.057818399396397796,0.05650622933926144,0.044276084612790534
0.01,0.4,0.1885,0.0,0.0,0.0,0.0,0.22979389312977097,-0.595768869995231,0.05531603628045274,0.05405739524831714,0.044276084612790534
0.01,0.4,0.192,0.0,0.0,0.0,0.0,0.2326270447110142,-0.6056054885584198,0.05361446761125514,0.05239237512181639,0.044276084612790534
0.01,0.4,0.1955,0.0,0.0,0.0,0.0,0.23593675027262814,-0.6168979710741863,0.05171218308618876,0.05053115026469583,0.044276084612790534
0.01,0.4,0.199,0.0,0.0,0.0,0.0,0.23953871319520176,-0.6290682310197253,0.04969530220578581,0.048557912328360764,0.044276084612790534
0.01,0.4,0.2025,0.0,0.0,0.0,0.0,0.24252998909487458,-0.6389181761395623,0.048115761024872174,0.04701276907700108,0.044276084612790534
0.01,0.4,0.20600000000000002,0.0,0.0,0.0,0.0,0.2461145038167939,-0.6506103107978726,0.04627481286125055,0.045212006051329856,0.044276084612790534
0.01,0.4,0.20950000000000002,0.0,0.0,0.0,0.0,0.2497600872410033,-0.6622590486371241,0.04448813239301312,0.04346450039743997,0.044276084612790534
0.01,0.4,0.21300000000000002,0.0,0.0,0.0,0.0,0.2530185387131952,-0.6725842969102149,0.04292861792332015,0.04193924684779067,0.044276084612790534
0.01,0.4,0.21650000000000003,0.0,0.0,0.0,0.0,0.25787350054525626,-0.6875286366183893,0.04075276642011528,0.03981147930324367,0.044276084612790534
0.01,0.4,0.22,0.0,0.0,0.0,0.0,0.2596706652126499,-0.6930320025023223,0.03996079200813499,0.03903702261465908,0.044276084612790534
0.02,0.05,0.01,1.0,1.0,0.0,0.0,0.04036945304437564,0.4587919403076289,0.47664715216659864,0.47447087267436866,0.01586994446437262
0.02,0.05,0.0135,1.0,1.0,0.0,0.0,0.043722394220846235,0.42855381488209715,0.46351178879261773,0.4613426903857763,0.01586994446437262
0.02,0.05,0.017,1.0,1.0,0.0,0.0,0.04757172342621259,0.3947437458607179,0.44852062693623623,0.44636319297502597,0.01586994446437262
0.02,0.05,0.0205,1.0,1.0,0.0,0.0,0.050873065015479876,0.3665961629349901,0.4357494755641193,0.43360545829444325,0.01586994446437262
0.02,0.05,0.024,1.0,1.0,0.0,0.0,0.05435706914344685,0.33752641493161806,0.42238943419422464,0.4202621967697566,0.01586994446437262
0.02,0.05,0.027500000000000004,1.0,1.0,0.0,0.0,0.05796181630546956,0.3081546717376487,0.408716967701372,0.4066100608473874,0.01586994446437262
0.02,0.05,0.031,1.0,1.0,0.0,0.0,0.061490196078431376,0.2800796863426232,0.39550469036070623,0.393420552345663,0.01586994446437262
0.02,0.05,0.0345,1.0,1.0,0.0,0.0,0.06493601651186791,0.25323916412601954,0.38277803403884136,0.38071857485636235,0.01586994446437262
0.02,0.05,0.038,1.0,1.0,0.0,0.0,0.06825696594427245,0.22795635866884967,0.3707108326726915,0.36867761778891434,0.01586994446437262
0.02,0.05,0.0415,1.0,1.0,0.0,0.0,0.07179153766769866,0.2015827100813253,0.3580796952323036,0.3560765958878108,0.01586994446437262
0.02,0.05,0.045000000000000005,1.0,1.0,0.0,0.0,0.07558617131062952,0.17385284689420544,0.3447926722832432,0.34282415757934837,0.01586994446437262
0.02,0.05,0.0485,1.0,1.0,0.0,0.0,0.07946026831785345,0.14616569828722442,0.33153472012880153,0.32960381706547137,0.01586994446437262
0.02,0.05,0.052000000000000005,1.0,1.0,0.0,0.0,0.08223323013415892,0.12674395727756044,0.3222589115922716,0.3203562872929997,0.01586994446437262
0.02,0.05,0.0555,1.0,1.0,0.0,0.0,0.08587306501547987,0.10161034059222081,0.3103157597155572,0.3084513259657796,0.01586994446437262
0.02,0.05,0.059000000000000004,1.0,1.0,0.0,0.0,0.08904643962848297,0.08020029045561243,0.3001925875248092,0.2983629708854439,0.01586994446437262
0.02,0.05,0.0625,1.0,1.0,0.0,0.0,0.09306604747162023,0.0534876608831101,0.2876777800034053,0.28589315580978925,0.01586994446437262
0.02,0.05,0.066,1.0,0.95,0.0,0.0,0.0968844169246646,0.028639132228363704,0.2761571798210152,0.27441644200051946,0.01586994446437262
0.02,0.05,0.0695,1.0,0.74,0.0,0.0,0.09940660474716202,0.012518089686870949,0.2687595006731535,0.2670482774244819,0.01586994446437262
0.02,0.05,0.073,0.98,0.2,0.0,0.0,0.10367905056759547,-0.014380803096864372,0.25656391543127155,0.2549031781067312,0.01586994446437262
0.02,0.05,0.0765,0.75,0.05,0.0,0.0,0.1072641898864809,-0.036448383334243106,0.24671463792314977,0.24509684104756813,0.01586994446437262
0.02,0.05,0.08,0.44,0.01,0.0,0.0,0.11001135190918472,-0.053163734000307473,0.23935002751045073,0.23776513872323246,0.01586994446437262
0.02,0.05,0.08349999999999999,0.09,0.0,0.0,0.0,0.1139607843137255,-0.0767665048136063,0.2291090925848336,0.2275716974523963,0.01586994446437262
0.02,0.05,0.087,0.04,0.0,0.0,0.0,0.1176749226006192,-0.09853335591893045,0.21984776111403714,0.21835496599588552,0.01586994446437262
0.02,0.05,0.0905,0.0,0.0,0.0,0.0,0.12160061919504644,-0.12113536753692507,0.2104134876037912,0.2089675984138983,0.01586994446437262
0.02,0.05,0.094,0.0,0.0,0.0,0.0,0.1241640866873065,-0.13567513943034515,0.20444752356892287,0.2030320753055093,0.01586994446437262
0.02,0.05,0.0975,0.0,0.0,0.0,0.0,0.12847574819401444,-0.1597465714236366,0.19476250786990676,0.19339775938811476,0.01586994446437262
0.02,0.05,0.10099999999999999,0.0,0.0,0.0,0.0,0.13163467492260061,-0.17710307932932548,0.1879216345833817,0.18659360094885322,0.01586994446437262
0.02,0.05,0.1045,0.0,0.0,0.0,0.0,0.1345872033023736,-0.19302006640559444,0.1817866875801016,0.18049250608597256,0.01586994446437262
0.02,0.05,0.108,0.0,0.0,0.0,0.0,0.13831475748194014,-0.2128973033245976,0.17425653283258427,0.17300451684136178,0.01586994446437262
0.02,0.05,0.1115,0.0,0.0,0.0,0.0,0.14160681114551082,-0.23008177795209228,0.16792097925103622,0.1667054548715882,0.01586994446437262
0.02,0.05,0.11499999999999999,0.0,0.0,0.0,0.0,0.1458452012383901,-0.2519504632667504,0.16000533456452115,0.1588360514253987,0.01586994446437262
0.02,0.05,0.1185,0.0,0.0,0.0,0.0,0.14941486068111456,-0.2700351783954067,0.15363688288318808,0.15250561861525858,0.01586994446437262
0.02,0.05,0.122,0.0,0.0,0.0,0.0,0.1526449948400413,-0.2861018266372148,0.14812257462631198,0.14702490450410355,0.01586994446437262
0.02,0.05,0.1255,0.0,0.0,0.0,0.0,0.15564602683178536,-0.30085743513648805,0.1431535047557113,0.14208648012694552,0.01586994446437262
0.02,0.05,0.129,0.0,0.0,0.0,0.0,0.1597048503611971,-0.3204866395103011,0.13670904667033798,0.13568243520689705,0.01586994446437262
0.02,0.05,0.1325,0.0,0.0,0.0,0.0,0.16304127966976265,-0.3363593511780275,0.13163153759050458,0.1306372628253174,0.01586994446437262
0.02,0.05,0.136,0.0,0.0,0.0,0.0,0.16713003095975232,-0.35545602968897666,0.12569234368698678,0.12473652435675907,0.01586994446437262
0.02,0.05,0.1395,0.0,0.0,0.0,0.0,0.1705170278637771,-0.37104282247104914,0.12096195286149931,0.12003714893809202,0.01586994446437262
0.02,0.05,0.14300000000000002,0.0,0.0,0.0,0.0,0.17371310629514963,-0.3855427846996815,0.11666220471294884,0.1157659116829382,0.01586994446437262
0.02,0.05,0.14650000000000002,0.0,0.0,0.0,0.0,0.17720639834881322,-0.4010884342706603,0.1121876905220842,0.11132150824216051,0.01586994446437262
0.02,0.05,0.15000000000000002,0.0,0.0,0.0,0.0,0.18021775025799794,-0.4143834677980489,0.10842056136835206,0.10757987460265171,0.01586994446437262
0.02,0.05,0.15350000000000003,0.0,0.0,0.0,0.0,0.18437048503611972,-0.43237866660548313,0.10346793774177276,0.10266121259823581,0.01586994446437262
0.02,0.05,0.157,0.0,0.0,0.0,0.0,0.1870061919504644,-0.4435981460083277,0.1004636417384398,0.09967775735106903,0.01586994446437262
0.02,0.05,0.1605,0.0,0.0,0.0,0.0,0.1900763673890609,-0.4565464256624987,0.09705904571350182,0.0962969217804099,0.01586994446437262
0.02,0.05,0.164,0.0,0.0,0.0,0.0,0.19517956656346747,-0.47759119258355737,0.0917072424389382,0.09098295704919578,0.01586994446437262
0.02,0.05,0.1675,0.0,0.0,0.0,0.0,0.1973250773993808,-0.48636947218774396,0.0895134766815274,0.08880476957406305,0.01586994446437262
0.02,0.05,0.171,0.0,0.0,0.0,0.0,0.20102683178534572,-0.5012217796155997,0.08590506350911213,0.0852222548576278,0.01586994446437262
0.02,0.05,0.17450000000000002,0.0,0.0,0.0,0.0,0.20575232198142415,-0.5198609364630101,0.08150572881030639,0.08085477174593343,0.01586994446437262
0.02,0.05,0.17800000000000002,0.0,0.0,0.0,0.0,0.20855005159958723,-0.5306982001581602,0.07902010185188896,0.07838729929940817,0.01586994446437262
0.02,0.05,0.18150000000000002,0.0,0.0,0.0,0.0,0.21199793601651187,-0.5438253631110578,0.07608533200651689,0.075474127431879,0.01586994446437262
0.02,0.05,0.18500000000000003,0.0,0.0,0.0,0.0,0.21510010319917441,-0.5554786182887945,0.07353378413866749,0.07294146594304075,0.01586994446437262
0.02,0.05,0.1885,0.0,0.0,0.0,0.0,0.21879463364293084,-0.5691349749716484,0.07062009127260717,0.07004948159762572,0.01586994446437262
0.02,0.05,0.192,0.0,0.0,0.0,0.0,0.2219783281733746,-0.5807609536521812,0.06818982941248243,0.0676374124968998,0.01586994446437262
0.02,0.05,0.1955,0.0,0.0,0.0,0.0,0.22594736842105262,-0.5950106557668903,0.06528412885825154,0.06475359969835662,0.01586994446437262
0.02,0.05,0.199,0.0,0.0,0.0,0.0,0.22844582043343653,-0.6038377724544554,0.063528649840053,0.06301142412338773,0.01586994446437262
0.02,0.05,0.2025,0.0,0.0,0.0,0.0,0.2325376676986584,-0.6180713946307618,0.0607623341062521,0.060266177217712234,0.01586994446437262
0.02,0.05,0.20600000000000002,0.0,0.0,0.0,0.0,0.23560165118679052,-0.6285708730840487,0.058765755507761225,0.05828487963567453,0.01586994446437262
0.02,0.05,0.20950000000000002,0.0,0.0,0.0,0.0,0.2394014447884417,-0.6413522941322356,0.05640234820507264,0.05593966404031643,0.01586994446437262
0.02,0.05,0.21300000000000002,0.0,0.0,0.0,0.0,0.24388751289989682,-0.6561585278087878,0.053733136532715504,0.0532911084834212,0.01586994446437262
0.02,0.05,0.21650000000000003,0.0,0.0,0.0,0.0,0.2468059855521156,-0.6655879595291206,0.052081793554194844,0.05165261768925693,0.01586994446437262
0.02,0.05,0.22,0.0,0.0,0.0,0.0,0.2499205366357069,-0.6755743979137643,0.05035684426769077,0.04994112006657101,0.01586994446437262
0.02,0.1,0.01,1.0,1.0,0.0,0.0,0.04302291666666667,0.43463301051456227,0.46097985987543283,0.45816373852628295,0.0206207261596576
0.02,0.1,0.0135,1.0,1.0,0.0,0.0,0.04672083333333333,0.4019910168307261,0.44657982710645877,0.4437792455055479,0.0206207261596576
0.02,0.1,0.017,1.0,1.0,0.0,0.0,0.050123958333333336,0.37276082551949585,0.4334209980941959,0.43063884699246735,0.0206207261596576
0.02,0.1,0.0205,1.0,1.0,0.0,0.0,0.054146875000000004,0.3391074655425815,0.41802155028121474,0.4152659418391175,0.0206207261596576
0.02,0.1,0.024,1.0,1.0,0.0,0.0,0.05735833333333333,0.3129161204907604,0.4058674227388235,0.4031366415615979,0.0206207261596576
0.02,0.1,0.027500000000000004,1.0,1.0,0.0,0.0,0.060375,0.28872042016022886,0.39457612428795535,0.3918708258799416,0.0206207261596576
0.02,0.1,0.031,1.0,1.0,0.0,0.0,0.06405729166666667,0.2599307023641466,0.3809922734162506,0.3783221636394511,0.0206207261596576
0.02,0.1,0.0345,1.0,1.0,0.0,0.0,0.06780833333333333,0.23127306677284654,0.3673930513858963,0.364762343765878,0.0206207261596576
0.02,0.1,0.038,1.0,1.0,0.0,0.0,0.0712,0.20585254808606346,0.3553061088839184,0.35271352486210483,0.0206207261596576
0.02,0.1,0.0415,1.0,1.0,0.0,0.0,0.07558958333333334,0.17371947161337295,0.34000275509647765,0.33746331558750325,0.0206207261596576
0.02,0.1,0.045000000000000005,1.0,1.0,0.0,0.0,0.07824270833333333,0.1547214103610165,0.33096671035816155,0.32846134423117,0.0206207261596576
0.02,0.1,0.0485,1.0,1.0,0.0,0.0,0.080925,0.13575474006329702,0.3219636630387104,0.31949378040161736,0.0206207261596576
0.02,0.1,0.052000000000000005,1.0,1.0,0.0,0.0,0.08474791666666666,0.10922826349965829,0.3094287112086052,0.3070114376118504,0.0206207261596576
0.02,0.1,0.0555,1.0,1.0,0.0,0.0,0.08808125,0.08655546169073482,0.29878185887467007,0.29641212012480184,0.0206207261596576
0.02,0.1,0.059000000000000004,1.0,1.0,0.0,0.0,0.09269375,0.055808708057022836,0.28447459132230735,0.2821725739970001,0.0206207261596576
0.02,0.1,0.0625,1.0,0.95,0.0,0.0,0.09586770833333333,0.0351104057416062,0.2749528272333342,0.27269861965858144,0.0206207261596576
0.02,0.1,0.066,1.0,0.76,0.0,0.0,0.0990875,0.014420744286683124,0.26552739298686173,0.2633223179476551,0.0206207261596576
0.02,0.1,0.0695,0.99,0.38,0.0,0.0,0.10256458333333333,-0.00754502076946525,0.2556393082218016,0.2534879303186668,0.0206207261596576
0.02,0.1,0.073,0.84,0.04,0.0,0.0,0.10635,-0.03100053806615559,0.24523445081736067,0.2431421005243406,0.0206207261596576
0.02,0.1,0.0765,0.63,0.0,0.0,0.0,0.10922395833333333,-0.048546651903709145,0.2375583157034769,0.23551091540418498,0.0206207261596576
0.02,0.1,0.08,0.17,0.0,0.0,0.0,0.11328437499999999,-0.07288726511610934,0.2270821839482298,0.22509843396753978,0.0206207261596576
0.02,0.1,0.08349999999999999,0.02,0.0,0.0,0.0,0.11625208333333333,-0.09035745595493283,0.21969954649909712,0.21776222197055448,0.0206207261596576
0.02,0.1,0.087,0.0,0.0,0.0,0.0,0.11999375000000001,-0.11209267637927997,0.21065371929401772,0.2087746662106408,0.0206207261596576
0.02,0.1,0.0905,0.0,0.0,0.0,0.0,0.123571875,-0.13248043225146883,0.2023492846225149,0.20052553051605826,0.0206207261596576
0.02,0.1,0.094,0.0,0.0,0.0,0.0,0.12746875,-0.15428637376084336,0.1936542845039086,0.19189011328892625,0.0206207261596576
0.02,0.1,0.0975,0.0,0.0,0.0,0.0,0.13062708333333334,-0.17173538547593356,0.18682102490022118,0.18510460797173184,0.0206207261596576
0.02,0.1,0.10099999999999999,0.0,0.0,0.0,0.0,0.13387395833333332,-0.18933353439117626,0.1800850688964175,0.17841705077638995,0.0206207261596576
0.02,0.1,0.1045,0.0,0.0,0.0,0.0,0.138225,-0.21254624755581528,0.17139699791663465,0.16979275428755475,0.0206207261596576
0.02,0.1,0.108,0.0,0.0,0.0,0.0,0.14148125,-0.2295887759606607,0.16518513437083535,0.1636276240156143,0.0206207261596576
0.02,0.1,0.1115,0.0,0.0,0.0,0.0,0.14503541666666667,-0.2479198588563278,0.1586403780736083,0.15713298128926434,0.0206207261596576
0.02,0.1,0.11499999999999999,0.0,0.0,0.0,0.0,0.1477625,-0.26182928705308794,0.15376779502601345,0.1522981970743596,0.0206207261596576
0.02,0.1,0.1185,0.0,0.0,0.0,0.0,0.15153958333333334,-0.280743634819022,0.14731084637643982,0.14589236894409757,0.0206207261596576
0.02,0.1,0.122,0.0,0.0,0.0,0.0,0.15583125,-0.3018673954151618,0.14028690330770055,0.13892503285353755,0.0206207261596576
0.02,0.1,0.1255,0.0,0.0,0.0,0.0,0.15791145833333334,-0.3119727169860827,0.13699695858901037,0.13566195526657243,0.0206207261596576
0.02,0.1,0.129,0.0,0.0,0.0,0.0,0.16274166666666667,-0.335039168659502,0.1296838153436427,0.1284094820765733,0.0206207261596576
0.02,0.1,0.1325,0.0,0.0,0.0,0.0,0.16546666666666668,-0.34785946063274314,0.1257173693456717,0.12447638113241288,0.0206207261596576
0.02,0.1,0.136,0.0,0.0,0.0,0.0,0.16891041666666667,-0.3638063520556358,0.12090609373231212,0.1197061098757986,0.0206207261596576
0.02,0.1,0.1395,0.0,0.0,0.0,0.0,0.172234375,-0.37896895423501625,0.11643989666938749,0.11527842476440893,0.0206207261596576
0.02,0.1,0.14300000000000002,0.0,0.0,0.0,0.0,0.17583854166666665,-0.3951449439085578,0.11179883862150339,0.1106778921867087,0.0206207261596576
0.02,0.1,0.14650000000000002,0.0,0.0,0.0,0.0,0.179759375,-0.4124769088150064,0.10695144927870676,0.10587328713673193,0.0206207261596576
0.02,0.1,0.15000000000000002,0.0,0.0,0.0,0.0,0.18380416666666666,-0.4300427925656519,0.10218044954657113,0.10114491067750794,0.0206207261596576
0.02,0.1,0.15350000000000003,0.0,0.0,0.0,0.0,0.18621770833333331,-0.4403447178012954,0.09945694780491823,0.0984460146237228,0.0206207261596576
0.02,0.1,0.157,0.0,0.0,0.0,0.0,0.190153125,-0.45698534981721756,0.09513475206115608,0.09416309071628971,0.0206207261596576
0.02,0.1,0.1605,0.0,0.0,0.0,0.0,0.19344375,-0.47063223471239174,0.09169642153695938,0.09075636434863421,0.0206207261596576
0.02,0.1,0.164,0.0,0.0,0.0,0.0,0.19764895833333335,-0.48777643230472095,0.08749701583493102,0.08659591853375209,0.0206207261596576
0.02,0.1,0.1675,0.0,0.0,0.0,0.0,0.200578125,-0.4995786061083873,0.08466660095786006,0.0837919282346335,0.0206207261596576
0.02,0.1,0.171,0.0,0.0,0.0,0.0,0.20391354166666667,-0.5127323378192091,0.08160946798630148,0.08076363945663641,0.0206207261596576
0.02,0.1,0.17450000000000002,0.0,0.0,0.0,0.0,0.20773541666666667,-0.5276518869740137,0.07820534316176188,0.07739179258567111,0.0206207261596576
0.02,0.1,0.17800000000000002,0.0,0.0,0.0,0.0,0.21087604166666665,-0.5396633329897815,0.07554860016356127,0.07476047040153631,0.0206207261596576
0.02,0.1,0.18150000000000002,0.0,0.0,0.0,0.0,0.21530104166666666,-0.5564007158434862,0.07192220893469105,0.0711689445015181,0.0206207261596576
0.02,0.1,0.18500000000000003,0.0,0.0,0.0,0.0,0.21808958333333334,-0.5667094568064175,0.06976141238632969,0.06902911687742995,0.0206207261596576
0.02,0.1,0.1885,0.0,0.0,0.0,0.0,0.22238125,-0.5823435979292522,0.06655962591687331,0.0658585716271081,0.0206207261596576
0.02,0.1,0.192,0.0,0.0,0.0,0.0,0.224834375,-0.5911454854838943,0.06479629702063447,0.06411254189217103,0.0206207261596576
0.02,0.1,0.1955,0.0,0.0,0.0,0.0,0.22928333333333334,-0.6069416814756194,0.061695636033336436,0.061042415259078366,0.0206207261596576
0.02,0.1,0.199,0.0,0.0,0.0,0.0,0.23237916666666666,-0.6176608443282232,0.05966136420946974,0.05902834467081616,0.0206207261596576
0.02,0.1,0.2025,0.0,0.0,0.0,0.0,0.23569062500000001,-0.6290015694144059,0.05754870044549462,0.056936730104488985,0.0206207261596576
0.02,0.1,0.20600000000000002,0.0,0.0,0.0,0.0,0.23954583333333332,-0.6419684597815889,0.05519356217630806,0.054605183995079465,0.0206207261596576
0.02,0.1,0.20950000000000002,0.0,0.0,0.0,0.0,0.24287916666666667,-0.6529957915785615,0.05323861981295136,0.05266991337157982,0.0206207261596576
0.02,0.1,0.21300000000000002,0.0,0.0,0.0,0.0,0.24652083333333333,-0.6648194016461113,0.05119418597864761,0.05064615731269287,0.0206207261596576
0.02,0.1,0.21650000000000003,0.0,0.0,0.0,0.0,0.24968020833333335,-0.6749117317982767,0.0494881960297318,0.048957492679845366,0.0206207261596576
0.02,0.1,0.22,0.0,0.0,0.0,0.0,0.2534604166666667,-0.6868075817178648,0.047520563556596215,0.04700991350295128,0.0206207261596576
0.02,0.15,0.01,1.0,1.0,0.0,0.0,0.046006309148264986,0.4081210665584098,0.444109198148843,0.4406587749844343,0.025438789411978746
0.02,0.15,0.0135,1.0,1.0,0.0,0.0,0.04926077812828601,0.37996713663552434,0.43153872397267123,0.4281106501435298,0.025438789411978746
0.02,0.15,0.017,1.0,1.0,0.0,0.0,0.05307465825446898,0.34788039956423494,0.4169415827596239,0.41354551474851825,0.025438789411978746
0.02,0.15,0.0205,1.0,1.0,0.0,0.0,0.0570273396424816,0.31542940211697834,0.4020017568469264,0.3986440515101298,0.025438789411978746
0.02,0.15,0.024,1.0,1.0,0.0,0.0,0.05986855941114616,0.2926362434328764,0.391395920792426,0.38806929581203475,0.025438789411978746
0.02,0.15,0.027500000000000004,1.0,1.0,0.0,0.0,0.06361409043112513,0.2632355990649039,0.37761481920988416,0.3743333884648278,0.025438789411978746
0.02,0.15,0.031,1.0,1.0,0.0,0.0,0.06728916929547844,0.235045022013297,0.36432275640014217,0.3610898877888707,0.025438789411978746
0.02,0.15,0.0345,1.0,1.0,0.0,0.0,0.07038065194532071,0.21178740477062916,0.3533321645556702,0.35014295144205865,0.025438789411978746
0.02,0.15,0.038,1.0,1.0,0.0,0.0,0.07356677181913775,0.18828978306073652,0.3422087268622665,0.3390673514999253,0.025438789411978746
0.02,0.15,0.0415,1.0,1.0,0.0,0.0,0.07744269190325972,0.1602930940830734,0.3289743409574094,0.3258944418201781,0.025438789411978746
0.02,0.15,0.045000000000000005,1.0,1.0,0.0,0.0,0.08051314405888538,0.13854242167594238,0.3187159996811447,0.3156870570719022,0.025438789411978746
0.02,0.15,0.0485,1.0,1.0,0.0,0.0,0.08530704521556257,0.10527261459554504,0.30312157976605264,0.3001753894726588,0.025438789411978746
0.02,0.15,0.052000000000000005,1.0,1.0,0.0,0.0,0.08836487907465825,0.08454829212301558,0.29348484698654587,0.29059353184185027,0.025438789411978746
0.02,0.15,0.0555,1.0,1.0,0.0,0.0,0.09159095688748685,0.06296408067175845,0.2835170514389435,0.28068459635073706,0.025438789411978746
0.02,0.15,0.059000000000000004,1.0,0.99,0.0,0.0,0.09492954784437435,0.04106342740802647,0.27350002498518866,0.2707299039876982,0.025438789411978746
0.02,0.15,0.0625,1.0,0.83,0.0,0.0,0.09828286014721346,0.019422037549212966,0.26371315186195476,0.2610064686830982,0.025438789411978746
0.02,0.15,0.066,1.0,0.38,0.0,0.0,0.10237854889589906,-0.00648983051999186,0.25214378053021136,0.24951566888965662,0.025438789411978746
0.02,0.15,0.0695,0.93,0.11,0.0,0.0,0.10546267087276551,-0.025655419680690624,0.2437149505127497,0.2411463952093269,0.025438789411978746
0.02,0.15,0.073,0.68,0.0,0.0,0.0,0.10850473186119874,-0.04430505336000378,0.2356155278946514,0.23310586098812253,0.025438789411978746
0.02,0.15,0.0765,0.2,0.0,0.0,0.0,0.11241219768664563,-0.06783329478846331,0.22556601976842117,0.2231320862891181,0.025438789411978746
0.02,0.15,0.08,0.06,0.0,0.0,0.0,0.1159179810725552,-0.0885226378803337,0.21689500507176934,0.2145289274095823,0.025438789411978746
0.02,0.15,0.08349999999999999,0.0,0.0,0.0,0.0,0.11992954784437435,-0.11180667017238598,0.2073264626388187,0.2050374561117686,0.025438789411978746
0.02,0.15,0.087,0.0,0.0,0.0,0.0,0.12282334384858044,-0.1283882012969954,0.2006193333282516,0.19838554524247998,0.025438789411978746
0.02,0.15,0.0905,0.0,0.0,0.0,0.0,0.12665299684542586,-0.14989431693009897,0.19211736594948214,0.18995585568411358,0.025438789411978746
0.02,0.15,0.094,0.0,0.0,0.0,0.0,0.13037749737118823,-0.17046439115499068,0.1841623204083471,0.18207012608661188,0.025438789411978746
0.02,0.15,0.0975,0.0,0.0,0.0,0.0,0.13386225026288118,-0.1893788798265897,0.1770072287370654,0.17497893229854922,0.025438789411978746
0.02,0.15,0.10099999999999999,0.0,0.0,0.0,0.0,0.13680862250262882,-0.20511521718053832,0.17118419687036243,0.16920903347294786,0.025438789411978746
0.02,0.15,0.1045,0.0,0.0,0.0,0.0,0.14098107255520506,-0.22712258316928458,0.16319498551060024,0.16129386671860488,0.025438789411978746
0.02,0.15,0.108,0.0,0.0,0.0,0.0,0.14441850683491061,-0.2449019993314364,0.1569185963039995,0.15507705414637277,0.025438789411978746
0.02,0.15,0.1115,0.0,0.0,0.0,0.0,0.14685488958990536,-0.25734926314395945,0.15260431076816208,0.1508042854889515,0.025438789411978746
0.02,0.15,0.11499999999999999,0.0,0.0,0.0,0.0,0.15081703470031546,-0.2772678227825864,0.14586614475549867,0.1441321281782705,0.025438789411978746
0.02,0.15,0.1185,0.0,0.0,0.0,0.0,0.1544174553101998,-0.2951114818036563,0.1399665256159244,0.13829115622894958,0.025438789411978746
0.02,0.15,0.122,0.0,0.0,0.0,0.0,0.15746267087276553,-0.3099187740033416,0.13520497153910185,0.13357782843923965,0.025438789411978746
0.02,0.15,0.1255,0.0,0.0,0.0,0.0,0.16174447949526816,-0.3304238590714115,0.12877137005761133,0.12721030542032014,0.025438789411978746
0.02,0.15,0.129,0.0,0.0,0.0,0.0,0.16504942166140904,-0.34598535476397496,0.12402433774194488,0.12251274561034087,0.025438789411978746
0.02,0.15,0.1325,0.0,0.0,0.0,0.0,0.1674321766561514,-0.35708867919257925,0.12069184298097818,0.11921528496866095,0.025438789411978746
0.02,0.15,0.136,0.0,0.0,0.0,0.0,0.17142902208201893,-0.37545441078365227,0.11531462150447382,0.11389524312170578,0.025438789411978746
0.02,0.15,0.1395,0.0,0.0,0.0,0.0,0.1754069400630915,-0.39336140176894896,0.11023841338317018,0.10887385188837938,0.025438789411978746
0.02,0.15,0.14300000000000002,0.0,0.0,0.0,0.0,0.17820294426919034,-0.40578534993802096,0.1067896827414101,0.10546271079044241,0.025438789411978746
0.02,0.15,0.14650000000000002,0.0,0.0,0.0,0.0,0.1821850683491062,-0.4231584937950219,0.10210922531967452,0.10083390356842133,0.025438789411978746
0.02,0.15,0.15000000000000002,0.0,0.0,0.0,0.0,0.18545005257623554,-0.43723064147510954,0.09840152730393958,0.09716744119673257,0.025438789411978746
0.02,0.15,0.15350000000000003,0.0,0.0,0.0,0.0,0.19045425867507887,-0.45836817804840657,0.09300923385818734,0.09183586542860496,0.025438789411978746
0.02,0.15,0.157,0.0,0.0,0.0,0.0,0.19317665615141955,-0.46965195369010587,0.09021844181448813,0.08907683690411161,0.025438789411978746
0.02,0.15,0.1605,0.0,0.0,0.0,0.0,0.19584016824395373,-0.48058990296497006,0.08755501593221492,0.08644388209433623,0.025438789411978746
0.02,0.15,0.164,0.0,0.0,0.0,0.0,0.19993165089379603,-0.4971131647757663,0.0836416125233987,0.08257564226412313,0.025438789411978746
0.02,0.15,0.1675,0.0,0.0,0.0,0.0,0.2037602523659306,-0.5122753656580956,0.0801600890673825,0.0791346774534336,0.025438789411978746
0.02,0.15,0.171,0.0,0.0,0.0,0.0,0.20776866456361723,-0.527881148639779,0.07667281503316482,0.0756883536924306,0.025438789411978746
0.02,0.15,0.17450000000000002,0.0,0.0,0.0,0.0,0.2097528916929548,-0.5355352518785321,0.07499218851963892,0.07402754701350746,0.025438789411978746
0.02,0.15,0.17800000000000002,0.0,0.0,0.0,0.0,0.21403259726603577,-0.551719617374475,0.07154159317849695,0.07061798173057954,0.025438789411978746
0.02,0.15,0.18150000000000002,0.0,0.0,0.0,0.0,0.2180946372239748,-0.5668647810599535,0.06838616401040182,0.06750028107558333,0.025438789411978746
0.02,0.15,0.18500000000000003,0.0,0.0,0.0,0.0,0.2207118822292324,-0.5764175001413582,0.0664598282593533,0.06559716328075335,0.025438789411978746
0.02,0.15,0.1885,0.0,0.0,0.0,0.0,0.22441430073606727,-0.5897935079330039,0.06380731641853686,0.0629767425822154,0.025438789411978746
0.02,0.15,0.192,0.0,0.0,0.0,0.0,0.2282712933753943,-0.6035099081467787,0.06115615786422699,0.060357838900475136,0.025438789411978746
0.02,0.15,0.1955,0.0,0.0,0.0,0.0,0.23160462670872764,-0.6150302322596511,0.05900980984878023,0.05823784141482639,0.025438789411978746
0.02,0.15,0.199,0.0,0.0,0.0,0.0,0.23461093585699264,-0.6254435267632892,0.0570772231789041,0.05632896096430136,0.025438789411978746
0.02,0.15,0.2025,0.0,0.0,0.0,0.0,0.23863827549947422,-0.6390488680303342,0.054635846838401385,0.053917760389999854,0.025438789411978746
0.02,0.15,0.20600000000000002,0.0,0.0,0.0,0.0,0.24162460567823346,-0.6489731009681127,0.052899770037943716,0.052203241619543865,0.025438789411978746
0.02,0.15,0.20950000000000002,0.0,0.0,0.0,0.0,0.24495688748685596,-0.6598589137040086,0.05103505990527468,0.050361786610857495,0.025438789411978746
0.02,0.15,0.21300000000000002,0.0,0.0,0.0,0.0,0.24978759200841222,-0.6753868913976465,0.04844136492178408,0.0478005742390075,0.025438789411978746
0.02,0.15,0.21650000000000003,0.0,0.0,0.0,0.0,0.25339327024185065,-0.6867444104206466,0.046596949029889194,0.04597936693137937,0.025438789411978746
0.02,0.15,0.22,0.0,0.0,0.0,0.0,0.25593375394321766,-0.6945996738088799,0.04534995246253906,0.04474812663783829,0.025438789411978746
0.02,0.2,0.01,1.0,1.0,0.0,0.0,0.04892887473460722,0.38269789023135586,0.42761459363254384,0.42353836053141836,0.030325737456554425
0.02,0.2,0.0135,1.0,1.0,0.0,0.0,0.052341825902335465,0.3538450449965211,0.4145749293859322,0.410534026573917,0.030325737456554425
0.02,0.2,0.017,1.0,1.0,0.0,0.0,0.055682590233545645,0.32623879131819905,0.4019498646888699,0.39794836508016795,0.030325737456554425
0.02,0.2,0.0205,1.0,1.0,0.0,0.0,0.0591316348195329,0.2983424408957467,0.38907851409319716,0.3851222934643604,0.030325737456554425
0.02,0.2,0.024,1.0,1.0,0.0,0.0,0.06253397027600849,0.27153324088503455,0.3765750686386729,0.3726689996551827,0.030325737456554425
0.02,0.2,0.027500000000000004,1.0,1.0,0.0,0.0,0.06643205944798301,0.24144239653256305,0.3624874700455071,0.35864346631326227,0.030325737456554425
0.02,0.2,0.031,1.0,1.0,0.0,0.0,0.0696932059447983,0.21680639162599719,0.3509166453753828,0.3471284572231209,0.030325737456554425
0.02,0.2,0.0345,1.0,1.0,0.0,0.0,0.07319851380042462,0.1908685379338019,0.33872049426722123,0.334996068855594,0.030325737456554425
0.02,0.2,0.038,1.0,1.0,0.0,0.0,0.07679830148619957,0.16476702896333362,0.3264643981231313,0.32280892344216416,0.030325737456554425
0.02,0.2,0.0415,1.0,1.0,0.0,0.0,0.08020594479830148,0.1405770763379301,0.31513568204613973,0.3115486403348342,0.030325737456554425
0.02,0.2,0.045000000000000005,1.0,1.0,0.0,0.0,0.08409341825902335,0.11346229237683923,0.30251295130515066,0.29900650031322945,0.030325737456554425
0.02,0.2,0.0485,1.0,1.0,0.0,0.0,0.08750106157112526,0.09022565696998897,0.29176945026889123,0.2883363027657687,0.030325737456554425
0.02,0.2,0.052000000000000005,1.0,1.0,0.0,0.0,0.09032271762208068,0.07128018150537643,0.2830740574045865,0.27970281957404075,0.030325737456554425
0.02,0.2,0.0555,1.0,0.98,0.0,0.0,0.09439171974522292,0.04443784173995595,0.27088312100479217,0.26760277385349956,0.030325737456554425
0.02,0.2,0.059000000000000004,1.0,0.87,0.0,0.0,0.09776114649681529,0.02264176824867263,0.26110104186945055,0.2578972328339809,0.030325737456554425
0.02,0.2,0.0625,1.0,0.49,0.0,0.0,0.10153290870488324,-0.0012851854562344642,0.250504114146311,0.24738702252128736,0.030325737456554425
0.02,0.2,0.066,0.95,0.18,0.0,0.0,0.10412208067940552,-0.01746501184872782,0.24343081432028074,0.2403735255341567,0.030325737456554425
0.02,0.2,0.0695,0.72,0.01,0.0,0.0,0.10824522292993631,-0.0428214374221008,0.232505849394273,0.2295440310354399,0.030325737456554425
0.02,0.2,0.073,0.27,0.0,0.0,0.0,0.1118832271762208,-0.06479812979743063,0.2232017197044852,0.2203241341811665,0.030325737456554425
0.02,0.2,0.0765,0.06,0.0,0.0,0.0,0.11478662420382166,-0.0820357743212424,0.2160259060234027,0.21321540210078527,0.030325737456554425
0.02,0.2,0.08,0.01,0.0,0.0,0.0,0.11892144373673036,-0.10613439350034526,0.2061929057325146,0.20347730973220332,0.030325737456554425
0.02,0.2,0.08349999999999999,0.0,0.0,0.0,0.0,0.12195966029723991,-0.12358460572760072,0.19919663700076262,0.19655023967239804,0.030325737456554425
0.02,0.2,0.087,0.0,0.0,0.0,0.0,0.12596815286624202,-0.1461821471589213,0.1903330439362188,0.18777688026946238,0.030325737456554425
0.02,0.2,0.0905,0.0,0.0,0.0,0.0,0.1290764331210191,-0.16344487952471773,0.1837004151396212,0.1812132802935542,0.030325737456554425
0.02,0.2,0.094,0.0,0.0,0.0,0.0,0.13234288747346074,-0.18129221489096964,0.17698263828992716,0.1745670462159407,0.030325737456554425
0.02,0.2,0.0975,0.0,0.0,0.0,0.0,0.1363895966029724,-0.20305121611691568,0.1689742251606716,0.16664575766564965,0.030325737456554425
0.02,0.2,0.10099999999999999,0.0,0.0,0.0,0.0,0.13993949044585988,-0.2218298633450506,0.16222739415484738,0.15997385035631922,0.030325737456554425
0.02,0.2,0.1045,0.0,0.0,0.0,0.0,0.14317409766454353,-0.23863013362436247,0.15633938788295015,0.15415267148854997,0.030325737456554425
0.02,0.2,0.108,0.0,0.0,0.0,0.0,0.14721231422505307,-0.2591883054860634,0.14934033778816294,0.14723481301499805,0.030325737456554425
0.02,0.2,0.1115,0.0,0.0,0.0,0.0,0.15049787685774946,-0.2757977196965574,0.1437673355294324,0.1417269604492381,0.030325737456554425
0.02,0.2,0.11499999999999999,0.0,0.0,0.0,0.0,0.153723991507431,-0.2917766986214273,0.13855949546200574,0.13658128058269,0.030325737456554425
0.02,0.2,0.1185,0.0,0.0,0.0,0.0,0.15762101910828025,-0.3108200041599991,0.13249595140572618,0.13059105826983974,0.030325737456554425
0.02,0.2,0.122,0.0,0.0,0.0,0.0,0.16053715498938426,-0.3248239219875735,0.12815421252960119,0.12630265893954154,0.030325737456554425
0.02,0.2,0.1255,0.0,0.0,0.0,0.0,0.16467834394904457,-0.3443909321830913,0.12224282866679344,0.12046491653681085,0.030325737456554425
0.02,0.2,0.129,0.0,0.0,0.0,0.0,0.16708386411889595,-0.35563339542620215,0.11891330074528952,0.1171772489138097,0.030325737456554425
0.02,0.2,0.1325,0.0,0.0,0.0,0.0,0.1714787685774947,-0.37578811362455505,0.11311589978333483,0.11145381583322088,0.030325737456554425
0.02,0.2,0.136,0.0,0.0,0.0,0.0,0.17464755838641188,-0.3900845199496171,0.10911422711112666,0.10750380940367911,0.030325737456554425
0.02,0.2,0.1395,0.0,0.0,0.0,0.0,0.1787070063694267,-0.40808140704109197,0.10421585306511337,0.10266945726787809,0.030325737456554425
0.02,0.2,0.14300000000000002,0.0,0.0,0.0,0.0,0.18132908704883227,-0.4195941631850612,0.10114166697414471,0.09963570721621123,0.030325737456554425
0.02,0.2,0.14650000000000002,0.0,0.0,0.0,0.0,0.1861104033970276,-0.4402060613690422,0.09580061365535028,0.09436574954179931,0.030325737456554425
0.02,0.2,0.15000000000000002,0.0,0.0,0.0,0.0,0.18894692144373676,-0.4521575488154508,0.09281227291455324,0.09141772957046056,0.030325737456554425
0.02,0.2,0.15350000000000003,0.0,0.0,0.0,0.0,0.192411889596603,-0.4666261806584163,0.08925294511154258,0.0879066575009108,0.030325737456554425
0.02,0.2,0.157,0.0,0.0,0.0,0.0,0.1947845010615711,-0.4763942407228962,0.08690355962627624,0.08558937186752157,0.030325737456554425
0.02,0.2,0.1605,0.0,0.0,0.0,0.0,0.1987707006369427,-0.49257780709458193,0.08310312615531024,0.08184124162771149,0.030325737456554425
0.02,0.2,0.164,0.0,0.0,0.0,0.0,0.20192569002123142,-0.5051584502485063,0.0802351608530668,0.07901309550992716,0.030325737456554425
0.02,0.2,0.1675,0.0,0.0,0.0,0.0,0.20645010615711254,-0.522931589511073,0.07628188810367476,0.0751150901569553,0.030325737456554425
0.02,0.2,0.171,0.0,0.0,0.0,0.0,0.2097016985138004,-0.535474078245415,0.07357167170664919,0.07244306722019699,0.030325737456554425
0.02,0.2,0.17450000000000002,0.0,0.0,0.0,0.0,0.21329936305732486,-0.549113183667436,0.07070478735453661,0.0696168722012359,0.030325737456554425
0.02,0.2,0.17800000000000002,0.0,0.0,0.0,0.0,0.2163683651804671,-0.5606214814416892,0.06833113774055775,0.06727706186286536,0.030325737456554425
0.02,0.2,0.18150000000000002,0.0,0.0,0.0,0.0,0.22140976645435245,-0.5791088079124669,0.06464583800652773,0.0636447422090832,0.030325737456554425
0.02,0.2,0.18500000000000003,0.0,0.0,0.0,0.0,0.22442569002123144,-0.5899705500339254,0.06253944956365365,0.06156882586338437,0.030325737456554425
0.02,0.2,0.1885,0.0,0.0,0.0,0.0,0.22687048832271764,-0.598680649531813,0.06088146492684951,0.05993491358979023,0.030325737456554425
0.02,0.2,0.192,0.0,0.0,0.0,0.0,0.2297845010615711,-0.6089378493489551,0.058962469748628205,0.05804389204732613,0.030325737456554425
0.02,0.2,0.1955,0.0,0.0,0.0,0.0,0.23417303609341825,-0.6240519741174082,0.056224634009826246,0.05534622939586893,0.030325737456554425
0.02,0.2,0.199,0.0,0.0,0.0,0.0,0.23707430997876858,-0.6339309863314818,0.05446612581525866,0.05361361349491043,0.030325737456554425
0.02,0.2,0.2025,0.0,0.0,0.0,0.0,0.24173779193205946,-0.6494830582153329,0.051778990274984775,0.05096626707236049,0.030325737456554425
0.02,0.2,0.20600000000000002,0.0,0.0,0.0,0.0,0.24430785562632695,-0.6579019917320393,0.0503616608150066,0.04957002281330634,0.030325737456554425
0.02,0.2,0.20950000000000002,0.0,0.0,0.0,0.0,0.2478683651804671,-0.669432917873592,0.04845368106352026,0.04769050762136349,0.030325737456554425
0.02,0.2,0.21300000000000002,0.0,0.0,0.0,0.0,0.25131104033970275,-0.6803517734803054,0.046695699014460246,0.04595888377849878,0.030325737456554425
0.02,0.2,0.21650000000000003,0.0,0.0,0.0,0.0,0.2550031847133758,-0.691852185321889,0.04488755049284165,0.04417795373824422,0.030325737456554425
0.02,0.2,0.22,0.0,0.0,0.0,0.0,0.25793205944798303,-0.7008491624921005,0.04350113186281972,0.04281246682038731,0.030325737456554425
0.02,0.25,0.01,1.0,1.0,0.0,0.0,0.051786709539121116,0.35832572286667924,0.4115386043601441,0.4068483686591889,0.03528322752782431
0.02,0.25,0.0135,1.0,1.0,0.0,0.0,0.05471061093247588,0.33406936085603084,0.4005020197983097,0.3958532381585041,0.03528322752782431
0.02,0.25,0.017,1.0,1.0,0.0,0.0,0.05861200428724544,0.30241308086267266,0.3859681987971232,0.3813809130801834,0.03528322752782431
0.02,0.25,0.0205,1.0,1.0,0.0,0.0,0.06186387995712755,0.2766389940395229,0.37403926358966216,0.36950853571793396,0.03528322752782431
0.02,0.25,0.024,1.0,1.0,0.0,0.0,0.06493997856377277,0.2527725600836388,0.3629296519953044,0.35845683427516273,0.03528322752782431
0.02,0.25,0.027500000000000004,1.0,1.0,0.0,0.0,0.06906002143622722,0.22140349399107567,0.34830721377789076,0.34391677687731337,0.03528322752782431
0.02,0.25,0.031,1.0,1.0,0.0,0.0,0.07232904608788854,0.19710776942601405,0.3369574893088538,0.33263715801838833,0.03528322752782431
0.02,0.25,0.0345,1.0,1.0,0.0,0.0,0.07552197213290461,0.1738422694083138,0.32609584925999757,0.32184745639220225,0.03528322752782431
0.02,0.25,0.038,1.0,1.0,0.0,0.0,0.0785176848874598,0.15235989372789807,0.3160980334147609,0.3119194671748766,0.03528322752782431
0.02,0.25,0.0415,1.0,1.0,0.0,0.0,0.08319292604501607,0.11955720507194854,0.3009206824643963,0.2968555855175037,0.03528322752782431
0.02,0.25,0.045000000000000005,1.0,1.0,0.0,0.0,0.08668917470525188,0.09559020926745729,0.28991248346601667,0.2859354098757646,0.03528322752782431
0.02,0.25,0.0485,1.0,1.0,0.0,0.0,0.0900225080385852,0.0731307819150634,0.27968741152886145,0.2757960165511026,0.03528322752782431
0.02,0.25,0.052000000000000005,1.0,1.0,0.0,0.0,0.09362272240085744,0.04935313569902933,0.26896807300325654,0.2651711893638643,0.03528322752782431
0.02,0.25,0.0555,1.0,0.95,0.0,0.0,0.09683922829581994,0.02843563742562544,0.25964442778008684,0.2559328684691563,0.03528322752782431
0.02,0.25,0.059000000000000004,1.0,0.66,0.0,0.0,0.1005005359056806,0.0050802425859047115,0.249372429476322,0.24575907482858037,0.03528322752782431
0.02,0.25,0.0625,0.99,0.23,0.0,0.0,0.10370632368703107,-0.015060822088462027,0.24062563313228277,0.23709870963643712,0.03528322752782431
0.02,0.25,0.066,0.85,0.0,0.0,0.0,0.10733762057877813,-0.03747630533834771,0.2310421359689132,0.22761338735872338,0.03528322752782431
0.02,0.25,0.0695,0.35,0.0,0.0,0.0,0.11119292604501607,-0.060791247357036754,0.22125853348345967,0.21793403486481225,0.03528322752782431
0.02,0.25,0.073,0.1,0.0,0.0,0.0,0.11439228295819935,-0.07980897263172039,0.2134203403990091,0.2101819832037006,0.03528322752782431
0.02,0.25,0.0765,0.0,0.0,0.0,0.0,0.11803215434083601,-0.10111476695285755,0.20479760200862274,0.2016565249803237,0.03528322752782431
0.02,0.25,0.08,0.0,0.0,0.0,0.0,0.12161950696677386,-0.12175292383073234,0.19660908999685514,0.19356304967463223,0.03528322752782431
0.02,0.25,0.08349999999999999,0.0,0.0,0.0,0.0,0.12532583065380493,-0.14273514078731472,0.18844841881761615,0.18549944890911998,0.03528322752782431
0.02,0.25,0.087,0.0,0.0,0.0,0.0,0.12935691318327974,-0.16513951992496118,0.17994188400657052,0.1770968495473625,0.03528322752782431
0.02,0.25,0.0905,0.0,0.0,0.0,0.0,0.1320364415862808,-0.1797931514037897,0.17449851649567788,0.17172148420896188,0.03528322752782431
0.02,0.25,0.094,0.0,0.0,0.0,0.0,0.13560450160771706,-0.19900716006799382,0.16750679473798757,0.16481888023823385,0.03528322752782431
0.02,0.25,0.0975,0.0,0.0,0.0,0.0,0.13906002143622723,-0.21727353607865477,0.16102665548261566,0.15842322201595269,0.03528322752782431
0.02,0.25,0.10099999999999999,0.0,0.0,0.0,0.0,0.14269882100750267,-0.2362779484257254,0.1544192485330076,0.1519031594611139,0.03528322752782431
0.02,0.25,0.1045,0.0,0.0,0.0,0.0,0.14539335476956056,-0.2501189815319117,0.1497178930142279,0.14726512166151642,0.03528322752782431
0.02,0.25,0.108,0.0,0.0,0.0,0.0,0.14895498392282958,-0.2681890432396242,0.1437036183217445,0.14133291783229268,0.03528322752782431
0.02,0.25,0.1115,0.0,0.0,0.0,0.0,0.15239442658092175,-0.2853829555329779,0.13811213084263102,0.13581887580149238,0.03528322752782431
0.02,0.25,0.11499999999999999,0.0,0.0,0.0,0.0,0.1564887459807074,-0.30546025182316955,0.1317744771193443,0.12957065981902485,0.03528322752782431
0.02,0.25,0.1185,0.0,0.0,0.0,0.0,0.16027759914255094,-0.3237131820969993,0.12617502582608295,0.12405148167133484,0.03528322752782431
0.02,0.25,0.122,0.0,0.0,0.0,0.0,0.16354019292604502,-0.33921451162322414,0.12153130290237209,0.11947512520079398,0.03528322752782431
0.02,0.25,0.1255,0.0,0.0,0.0,0.0,0.16635262593783495,-0.3524076213566138,0.11766141859335194,0.11566197831343603,0.03528322752782431
0.02,0.25,0.129,0.0,0.0,0.0,0.0,0.17038263665594855,-0.37093881500397907,0.11239058730921135,0.11046961805167581,0.03528322752782431
0.02,0.25,0.1325,0.0,0.0,0.0,0.0,0.174,-0.38731220303306096,0.10785632179287864,0.10600362965687399,0.03528322752782431
0.02,0.25,0.136,0.0,0.0,0.0,0.0,0.176983922829582,-0.4006396822908718,0.10425069930147388,0.10245279711758747,0.03528322752782431
0.02,0.25,0.1395,0.0,0.0,0.0,0.0,0.18070953912111468,-0.41703895307993966,0.09992152774442947,0.09819005708151841,0.03528322752782431
0.02,0.25,0.14300000000000002,0.0,0.0,0.0,0.0,0.18497213290460882,-0.4354031570412252,0.09523620858675926,0.09357759145861058,0.03528322752782431
0.02,0.25,0.14650000000000002,0.0,0.0,0.0,0.0,0.18798177920685957,-0.44822319834638935,0.09203529574548912,0.0904267771283991,0.03528322752782431
0.02,0.25,0.15000000000000002,0.0,0.0,0.0,0.0,0.19115326902465168,-0.4615264927777025,0.08879287523421871,0.08723555676395355,0.03528322752782431
0.02,0.25,0.15350000000000003,0.0,0.0,0.0,0.0,0.1945412647374062,-0.47552799123827894,0.08546770062505413,0.08396330508528392,0.03528322752782431
0.02,0.25,0.157,0.0,0.0,0.0,0.0,0.1983290460878885,-0.49090906050949185,0.08191635241091706,0.0804689842293338,0.03528322752782431
0.02,0.25,0.1605,0.0,0.0,0.0,0.0,0.20161843515541264,-0.5040529081783844,0.07895929717289828,0.07755977922512339,0.03528322752782431
0.02,0.25,0.164,0.0,0.0,0.0,0.0,0.20542658092175778,-0.5190664404351559,0.07566211401532147,0.07431627918245437,0.03528322752782431
0.02,0.25,0.1675,0.0,0.0,0.0,0.0,0.20897320471596997,-0.5327485385935856,0.07275317035304708,0.07145514031786068,0.03528322752782431
0.02,0.25,0.171,0.0,0.0,0.0,0.0,0.21199678456591642,-0.5443342698570244,0.07032655216941537,0.06906851598317437,0.03528322752782431
0.02,0.25,0.17450000000000002,0.0,0.0,0.0,0.0,0.21651875669882104,-0.5613029578974538,0.06688499428885111,0.06568414952493287,0.03528322752782431
0.02,0.25,0.17800000000000002,0.0,0.0,0.0,0.0,0.2194941050375134,-0.5722722160202314,0.06472022040519118,0.06355558456349487,0.03528322752782431
0.02,0.25,0.18150000000000002,0.0,0.0,0.0,0.0,0.22364844587352625,-0.5873203554151862,0.06183093206540389,0.06071492157275727,0.03528322752782431
0.02,0.25,0.18500000000000003,0.0,0.0,0.0,0.0,0.22656698821007504,-0.5977102183367773,0.05988943600901183,0.05880628609229308,0.03528322752782431
0.02,0.25,0.1885,0.0,0.0,0.0,0.0,0.22989067524115758,-0.6094091242580383,0.05774091957513037,0.056694265977003305,0.03528322752782431
0.02,0.25,0.192,0.0,0.0,0.0,0.0,0.23374490889603428,-0.6227011886009846,0.05537211339140833,0.05436594173955211,0.03528322752782431
0.02,0.25,0.1955,0.0,0.0,0.0,0.0,0.2369978563772776,-0.6338183364213331,0.05342296277929846,0.05245019162860965,0.03528322752782431
0.02,0.25,0.199,0.0,0.0,0.0,0.0,0.2407438370846731,-0.6462981080048087,0.05130724306710628,0.05037098051286011,0.03528322752782431
0.02,0.25,0.2025,0.0,0.0,0.0,0.0,0.24329474812433013,-0.65473227834992,0.04989745765157158,0.048985566267277084,0.03528322752782431
0.02,0.25,0.20600000000000002,0.0,0.0,0.0,0.0,0.24733011789924972,-0.6677905701580796,0.04777664427284514,0.04690161316479836,0.03528322752782431
0.02,0.25,0.20950000000000002,0.0,0.0,0.0,0.0,0.25161414790996783,-0.6813881229448755,0.04562568354747115,0.044788199621269446,0.03528322752782431
0.02,0.25,0.21300000000000002,0.0,0.0,0.0,0.0,0.2546784565916399,-0.6909826213388645,0.04413928650797539,0.04332782782490307,0.03528322752782431
0.02,0.25,0.21650000000000003,0.0,0.0,0.0,0.0,0.2581864951768489,-0.7016759043800372,0.042533712613992726,0.04175051999656548,0.03528322752782431
0.02,0.25,0.22,0.0,0.0,0.0,0.0,0.2612775991425509,-0.7111667431302986,0.04110981643552246,0.04035166252520156,0.03528322752782431
0.02,0.3,0.01,1.0,1.0,0.0,0.0,0.05466017316017316,0.3343340153249259,0.39560330229718765,0.3903157810097186,0.04031297322059868
0.02,0.3,0.0135,1.0,1.0,0.0,0.0,0.05791341991341992,0.3079195814907306,0.3835265682434301,0.37830006768921653,0.04031297322059868
0.02,0.3,0.017,1.0,1.0,0.0,0.0,0.060953463203463204,0.28371907540623903,0.3723973135364976,0.3672324746336294,0.04031297322059868
0.02,0.3,0.0205,1.0,1.0,0.0,0.0,0.06455735930735931,0.25553627808155543,0.3593923707947431,0.3543053685720156,0.04031297322059868
0.02,0.3,0.024,1.0,1.0,0.0,0.0,0.06835930735930736,0.22656548360419207,0.34595572076548864,0.3409579448711149,0.04031297322059868
0.02,0.3,0.027500000000000004,1.0,1.0,0.0,0.0,0.07208116883116883,0.198811878228707,0.3330795152143991,0.328174342083672,0.04031297322059868
0.02,0.3,0.031,1.0,1.0,0.0,0.0,0.07520238095238095,0.17601569140384626,0.322518488699449,0.3176948716002761,0.04031297322059868
0.02,0.3,0.0345,1.0,1.0,0.0,0.0,0.07945346320346319,0.1455706123177419,0.30846567187033963,0.3037576365641423,0.04031297322059868
0.02,0.3,0.038,1.0,1.0,0.0,0.0,0.0825930735930736,0.12359779806544977,0.29837763152450963,0.2937584948586392,0.04031297322059868
0.02,0.3,0.0415,1.0,1.0,0.0,0.0,0.08636471861471862,0.09769131201147467,0.28657588745335194,0.2820663366522414,0.04031297322059868
0.02,0.3,0.045000000000000005,1.0,0.99,0.0,0.0,0.08894155844155843,0.08030242089130306,0.2787200128468093,0.2742868466306156,0.04031297322059868
0.02,0.3,0.0485,1.0,1.0,0.0,0.0,0.09263419913419912,0.05566061962804054,0.267675379085069,0.2633527586297387,0.04031297322059868
0.02,0.3,0.052000000000000005,1.0,0.96,0.0,0.0,0.09677056277056277,0.028728457686208565,0.25576468143657627,0.2515684572225833,0.04031297322059868
0.02,0.3,0.0555,1.0,0.76,0.0,0.0,0.09955844155844157,0.010909156194626861,0.2479993748872902,0.24388900426511054,0.04031297322059868
0.02,0.3,0.059000000000000004,0.95,0.26,0.0,0.0,0.10382359307359307,-0.015859091800314456,0.2364947366897832,0.23251650208883545,0.04031297322059868
0.02,0.3,0.0625,0.82,0.07,0.0,0.0,0.10673376623376622,-0.03382673016016036,0.2288935779892936,0.22500552757596348,0.04031297322059868
0.02,0.3,0.066,0.41,0.0,0.0,0.0,0.11028679653679653,-0.055457503236657824,0.2198777263888889,0.21609952585274264,0.04031297322059868
0.02,0.3,0.0695,0.13,0.0,0.0,0.0,0.11333008658008659,-0.0736824419333773,0.21240803480934187,0.2087235871783126,0.04031297322059868
0.02,0.3,0.073,0.02,0.0,0.0,0.0,0.11723051948051948,-0.09658583178014174,0.20320780278704817,0.19964274430105372,0.04031297322059868
0.02,0.3,0.0765,0.0,0.0,0.0,0.0,0.12051731601731602,-0.11559585809578599,0.1957152808077062,0.19224983233734236,0.04031297322059868
0.02,0.3,0.08,0.0,0.0,0.0,0.0,0.12398051948051948,-0.13529847684294716,0.18810656234252449,0.18474484677984182,0.04031297322059868
0.02,0.3,0.08349999999999999,0.0,0.0,0.0,0.0,0.12753571428571428,-0.15516354600889762,0.1806030846461075,0.1773463322653332,0.04031297322059868
0.02,0.3,0.087,0.0,0.0,0.0,0.0,0.13050324675324676,-0.17154028521771716,0.17452741640028305,0.1713571144929382,0.04031297322059868
0.02,0.3,0.0905,0.0,0.0,0.0,0.0,0.13475865800865802,-0.1945943177154468,0.16618664732555957,0.1631379243350899,0.04031297322059868
0.02,0.3,0.094,0.0,0.0,0.0,0.0,0.13757900432900433,-0.20964721658924723,0.16086166422676737,0.1578919821921377,0.04031297322059868
0.02,0.3,0.0975,0.0,0.0,0.0,0.0,0.1418831168831169,-0.23223175283108038,0.15306547555820788,0.1502138663978646,0.04031297322059868
0.02,0.3,0.10099999999999999,0.0,0.0,0.0,0.0,0.14561796536796537,-0.25138907924182285,0.14666218985503776,0.1439099675901241,0.04031297322059868
0.02,0.3,0.1045,0.0,0.0,0.0,0.0,0.14832683982683983,-0.26517460319001807,0.14212411471179268,0.1394429322187113,0.04031297322059868
0.02,0.3,0.108,0.0,0.0,0.0,0.0,0.15179004329004328,-0.28249844592602025,0.13656635942658293,0.1339736378111983,0.04031297322059868
0.02,0.3,0.1115,0.0,0.0,0.0,0.0,0.15601190476190477,-0.3032729345985406,0.13007826373746184,0.1275904474898224,0.04031297322059868
0.02,0.3,0.11499999999999999,0.0,0.0,0.0,0.0,0.15824242424242424,-0.31406137337949586,0.12679200560221432,0.12435813246716787,0.04031297322059868
0.02,0.3,0.1185,0.0,0.0,0.0,0.0,0.16272186147186146,-0.3354542729706473,0.12042653037482001,0.11809828073567091,0.04031297322059868
0.02,0.3,0.122,0.0,0.0,0.0,0.0,0.16618181818181818,-0.35168927127352895,0.11573510592755674,0.11348580795931776,0.04031297322059868
0.02,0.3,0.1255,0.0,0.0,0.0,0.0,0.1704935064935065,-0.37155789852760895,0.11016155032127913,0.10800733600759763,0.04031297322059868
0.02,0.3,0.129,0.0,0.0,0.0,0.0,0.17357900432900433,-0.38553092664325783,0.10635099180368045,0.10426260938916462,0.04031297322059868
0.02,0.3,0.1325,0.0,0.0,0.0,0.0,0.17660064935064934,-0.39907436114775746,0.10273146913616324,0.1007060413830772,0.04031297322059868
0.02,0.3,0.136,0.0,0.0,0.0,0.0,0.17940151515151517,-0.411461305705504,0.0994900737525662,0.09752153314124241,0.04031297322059868
0.02,0.3,0.1395,0.0,0.0,0.0,0.0,0.18383441558441557,-0.43070281611188294,0.094608881390749,0.0927270012682534,0.04031297322059868
0.02,0.3,0.14300000000000002,0.0,0.0,0.0,0.0,0.1868766233766234,-0.4436834946388803,0.09141024190289611,0.08958572263299941,0.04031297322059868
0.02,0.3,0.14650000000000002,0.0,0.0,0.0,0.0,0.1901926406926407,-0.45766749174019866,0.08803403041441704,0.08627044032831167,0.04031297322059868
0.02,0.3,0.15000000000000002,0.0,0.0,0.0,0.0,0.19402597402597402,-0.4734810089784593,0.0843440205305477,0.08264779705584424,0.04031297322059868
0.02,0.3,0.15350000000000003,0.0,0.0,0.0,0.0,0.19825108225108223,-0.49072139955903166,0.08040785804660029,0.07878388268271623,0.04031297322059868
0.02,0.3,0.157,0.0,0.0,0.0,0.0,0.2014448051948052,-0.5034975234814515,0.07758038651583675,0.0760087955453815,0.04031297322059868
0.02,0.3,0.1605,0.0,0.0,0.0,0.0,0.20474242424242423,-0.5165014687364845,0.07477120767573513,0.07325200861562704,0.04031297322059868
0.02,0.3,0.164,0.0,0.0,0.0,0.0,0.20788852813852812,-0.5287679197954959,0.07217612622517443,0.07070556084187417,0.04031297322059868
0.02,0.3,0.1675,0.0,0.0,0.0,0.0,0.21191666666666667,-0.5441799198208753,0.06900734486587429,0.06759661603425392,0.04031297322059868
0.02,0.3,0.171,0.0,0.0,0.0,0.0,0.21577056277056275,-0.5586141466469648,0.0661347392064562,0.06477870557541529,0.04031297322059868
0.02,0.3,0.17450000000000002,0.0,0.0,0.0,0.0,0.21927597402597404,-0.5716023253285836,0.06360255140702317,0.06229491364641862,0.04031297322059868
0.02,0.3,0.17800000000000002,0.0,0.0,0.0,0.0,0.22161796536796538,-0.5801097145964174,0.061990367538908575,0.06071375785932262,0.04031297322059868
0.02,0.3,0.18150000000000002,0.0,0.0,0.0,0.0,0.22543939393939394,-0.5938728496782649,0.05942246593587579,0.05819541464045543,0.04031297322059868
0.02,0.3,0.18500000000000003,0.0,0.0,0.0,0.0,0.2310248917748918,-0.6134899412860046,0.055896551485955695,0.05473808286357741,0.04031297322059868
0.02,0.3,0.1885,0.0,0.0,0.0,0.0,0.2325335497835498,-0.6187290467037583,0.054974172872483296,0.053833703056736605,0.04031297322059868
0.02,0.3,0.192,0.0,0.0,0.0,0.0,0.23660822510822513,-0.6325878203305202,0.05259806056111326,0.051504235338998595,0.04031297322059868
0.02,0.3,0.1955,0.0,0.0,0.0,0.0,0.23968290043290044,-0.6429256655586204,0.0508608990780326,0.04980128018604403,0.04031297322059868
0.02,0.3,0.199,0.0,0.0,0.0,0.0,0.24347077922077923,-0.6554170550619582,0.048814819809367,0.04779568521452786,0.04031297322059868
0.02,0.3,0.2025,0.0,0.0,0.0,0.0,0.24600324675324675,-0.6636736254705613,0.04748797908260947,0.046495172974866196,0.04031297322059868
0.02,0.3,0.20600000000000002,0.0,0.0,0.0,0.0,0.25012554112554114,-0.676857371660724,0.045422592414632604,0.04447095117779751,0.04031297322059868
0.02,0.3,0.20950000000000002,0.0,0.0,0.0,0.0,0.2539350649350649,-0.6887809773534616,0.04360768598249863,0.04269238667535758,0.04031297322059868
0.02,0.3,0.21300000000000002,0.0,0.0,0.0,0.0,0.2576266233766234,-0.700172414129516,0.04190796035894339,0.041026792971956494,0.04031297322059868
0.02,0.3,0.21650000000000003,0.0,0.0,0.0,0.0,0.2608235930735931,-0.7098472786239935,0.04050056541898174,0.0396477684877409,0.04031297322059868
0.02,0.3,0.22,0.0,0.0,0.0,0.0,0.2643712121212121,-0.720425899892897,0.0389926632518945,0.0381703463169499,0.04031297322059868
0.02,0.35,0.01,1.0,1.0,0.0,0.0,0.056910382513661206,0.3158651045026925,0.3822071869572484,0.37632856585098007,0.045416746978633515
0.02,0.35,0.0135,1.0,1.0,0.0,0.0,0.060370491803278685,0.28812684979064007,0.36954913556517,0.36375035145837614,0.045416746978633515
0.02,0.35,0.017,1.0,1.0,0.0,0.0,0.06341420765027322,0.26426003280688687,0.35859183239039616,0.3528688982425954,0.045416746978633515
0.02,0.35,0.0205,1.0,1.0,0.0,0.0,0.06743169398907103,0.23344163087106037,0.3443978041621396,0.3387819348642781,0.045416746978633515
0.02,0.35,0.024,1.0,1.0,0.0,0.0,0.07107103825136613,0.20612183662888653,0.3318182579454818,0.32630501064151907,0.045416746978633515
0.02,0.35,0.027500000000000004,1.0,1.0,0.0,0.0,0.07462185792349726,0.18008406612317668,0.3198284577346016,0.31442104169947904,0.045416746978633515
0.02,0.35,0.031,1.0,1.0,0.0,0.0,0.07800655737704919,0.15575238817322318,0.3086676810378884,0.30336510194662847,0.045416746978633515
0.02,0.35,0.0345,1.0,1.0,0.0,0.0,0.0812863387978142,0.13256151685560635,0.2980906195103701,0.2928923687827434,0.045416746978633515
0.02,0.35,0.038,1.0,1.0,0.0,0.0,0.08440983606557378,0.11091185033869035,0.2882705644273878,0.2831747296018423,0.045416746978633515
0.02,0.35,0.0415,1.0,1.0,0.0,0.0,0.08818469945355192,0.08523219542557986,0.2767234350051508,0.2717540825813049,0.045416746978633515
0.02,0.35,0.045000000000000005,1.0,1.0,0.0,0.0,0.09155846994535519,0.06264127476909004,0.2666723045300868,0.2618174633966281,0.045416746978633515
0.02,0.35,0.0485,1.0,0.97,0.0,0.0,0.09533989071038251,0.03786454266701916,0.25578526834855575,0.25106095140778745,0.045416746978633515
0.02,0.35,0.052000000000000005,1.0,0.8,0.0,0.0,0.09895409836065573,0.014612498172337625,0.24570416613871185,0.2411056790218133,0.045416746978633515
0.02,0.35,0.0555,0.99,0.37,0.0,0.0,0.1020273224043716,-0.0048163247015463005,0.23739912491588122,0.23290814786011854,0.045416746978633515
0.02,0.35,0.059000000000000004,0.92,0.11,0.0,0.0,0.10558469945355192,-0.02691301521060079,0.22809825992945143,0.22373191707319012,0.045416746978633515
0.02,0.35,0.0625,0.63,0.0,0.0,0.0,0.10882622950819672,-0.0467871894497878,0.21985070641562607,0.2155976207195581,0.045416746978633515
0.02,0.35,0.066,0.24,0.0,0.0,0.0,0.11240437158469944,-0.06827505253938555,0.21111094967155147,0.20698239350044947,0.045416746978633515
0.02,0.35,0.0695,0.02,0.0,0.0,0.0,0.1165344262295082,-0.09262232475307014,0.2014115402666572,0.1974254696376997,0.045416746978633515
0.02,0.35,0.073,0.0,0.0,0.0,0.0,0.11984918032786884,-0.11185164448202733,0.19390170467615517,0.1900288112936432,0.045416746978633515
0.02,0.35,0.0765,0.0,0.0,0.0,0.0,0.12306010928961748,-0.13021338403508254,0.1868597581760692,0.18309528607278824,0.045416746978633515
0.02,0.35,0.08,0.0,0.0,0.0,0.0,0.12690710382513662,-0.15181527789698776,0.1787632686769774,0.17512675413182371,0.045416746978633515
0.02,0.35,0.08349999999999999,0.0,0.0,0.0,0.0,0.13062732240437158,-0.17230950941794915,0.17127874479150867,0.16776360827632142,0.045416746978633515
0.02,0.35,0.087,0.0,0.0,0.0,0.0,0.13386120218579234,-0.18988461277815763,0.16498063629582166,0.16156933267623386,0.045416746978633515
0.02,0.35,0.0905,0.0,0.0,0.0,0.0,0.1371245901639344,-0.2073497258898912,0.15886417302558734,0.15555567347753266,0.045416746978633515
0.02,0.35,0.094,0.0,0.0,0.0,0.0,0.14163278688524591,-0.23102963519901895,0.1507928211025558,0.14762288954260147,0.045416746978633515
0.02,0.35,0.0975,0.0,0.0,0.0,0.0,0.14448087431693987,-0.2457163915073381,0.1459204924192302,0.14283587038917755,0.045416746978633515
0.02,0.35,0.10099999999999999,0.0,0.0,0.0,0.0,0.1483431693989071,-0.26540873007015003,0.13951509848100835,0.13654396257181114,0.045416746978633515
0.02,0.35,0.1045,0.0,0.0,0.0,0.0,0.15182841530054644,-0.28285787919623795,0.13399897539707123,0.13112732170623978,0.045416746978633515
0.02,0.35,0.108,0.0,0.0,0.0,0.0,0.1547792349726776,-0.2973909342603409,0.1295183264093615,0.12672870991263674,0.045416746978633515
0.02,0.35,0.1115,0.0,0.0,0.0,0.0,0.1587377049180328,-0.31657873499413824,0.12375432564479856,0.12107171292651417,0.045416746978633515
0.02,0.35,0.11499999999999999,0.0,0.0,0.0,0.0,0.16234754098360657,-0.3338255925806426,0.11870202859307184,0.11611432752669297,0.045416746978633515
0.02,0.35,0.1185,0.0,0.0,0.0,0.0,0.16516284153005464,-0.3470598349778217,0.11492460301518133,0.11240877626392556,0.045416746978633515
0.02,0.35,0.122,0.0,0.0,0.0,0.0,0.16869180327868855,-0.3634324651439349,0.11035795201667022,0.10792986063924165,0.045416746978633515
0.02,0.35,0.1255,0.0,0.0,0.0,0.0,0.1713344262295082,-0.3755356774084941,0.10705200837617408,0.1046880287191479,0.045416746978633515
0.02,0.35,0.129,0.0,0.0,0.0,0.0,0.17566775956284153,-0.3950276205654192,0.10188662153214506,0.09962405182154586,0.045416746978633515
0.02,0.35,0.1325,0.0,0.0,0.0,0.0,0.1798808743169399,-0.4136807611840166,0.09708134748549507,0.09491409439841357,0.045416746978633515
0.02,0.35,0.136,0.0,0.0,0.0,0.0,0.18273114754098363,-0.4260514774245236,0.0939955821435789,0.09189026800915805,0.045416746978633515
0.02,0.35,0.1395,0.0,0.0,0.0,0.0,0.1874327868852459,-0.4461449594316724,0.08911342614833945,0.08710696701638751,0.045416746978633515
0.02,0.35,0.14300000000000002,0.0,0.0,0.0,0.0,0.19033661202185795,-0.45838890662092807,0.08621162374465997,0.08426436633664704,0.045416746978633515
0.02,0.35,0.14650000000000002,0.0,0.0,0.0,0.0,0.19377377049180328,-0.4726105758478525,0.08293884736722915,0.08105900899516208,0.045416746978633515
0.02,0.35,0.15000000000000002,0.0,0.0,0.0,0.0,0.19684043715846994,-0.4851713685385926,0.08010354554208438,0.07828239743431907,0.045416746978633515
0.02,0.35,0.15350000000000003,0.0,0.0,0.0,0.0,0.20045792349726774,-0.4997332762424355,0.07690662810780806,0.07515220508675302,0.045416746978633515
0.02,0.35,0.157,0.0,0.0,0.0,0.0,0.20379890710382514,-0.5129694297759597,0.07407676289359998,0.07238182413447357,0.045416746978633515
0.02,0.35,0.1605,0.0,0.0,0.0,0.0,0.20757158469945355,-0.5276840124779589,0.07101388160617372,0.0693837538027866,0.045416746978633515
0.02,0.35,0.164,0.0,0.0,0.0,0.0,0.21098360655737702,-0.5407214912583733,0.06838137074458937,0.06680740320708657,0.045416746978633515
0.02,0.35,0.1675,0.0,0.0,0.0,0.0,0.2143224043715847,-0.5533849025771977,0.06586673492753499,0.06434655951797386,0.045416746978633515
0.02,0.35,0.171,0.0,0.0,0.0,0.0,0.2174360655737705,-0.5649447222117153,0.06364130418361698,0.062169104414720816,0.045416746978633515
0.02,0.35,0.17450000000000002,0.0,0.0,0.0,0.0,0.22154535519125684,-0.5799560311934691,0.06082609519065088,0.05941492165875888,0.045416746978633515
0.02,0.35,0.17800000000000002,0.0,0.0,0.0,0.0,0.22427322404371583,-0.5898275242676273,0.059005982565408246,0.057634386918290315,0.045416746978633515
0.02,0.35,0.18150000000000002,0.0,0.0,0.0,0.0,0.22862185792349726,-0.6052000504133885,0.0562656789888825,0.054954100944233114,0.045416746978633515
0.02,0.35,0.18500000000000003,0.0,0.0,0.0,0.0,0.2318568306010929,-0.6164804555023127,0.05429943878084338,0.05303109734869513,0.045416746978633515
0.02,0.35,0.1885,0.0,0.0,0.0,0.0,0.23503715846994536,-0.627426989117323,0.05243033187550366,0.05120324587365736,0.045416746978633515
0.02,0.35,0.192,0.0,0.0,0.0,0.0,0.23888852459016394,-0.640379130379296,0.05028895030273382,0.0491094152387389,0.045416746978633515
0.02,0.35,0.1955,0.0,0.0,0.0,0.0,0.24312459016393442,-0.6544379328960952,0.04801455504814161,0.0468856960896834,0.045416746978633515
0.02,0.35,0.199,0.0,0.0,0.0,0.0,0.24608743169398906,-0.664058761630194,0.046503398754887425,0.04540838844113221,0.045416746978633515
0.02,0.35,0.2025,0.0,0.0,0.0,0.0,0.2502655737704918,-0.6774115497651233,0.04445064168345127,0.04340176912957828,0.045416746978633515
0.02,0.35,0.20600000000000002,0.0,0.0,0.0,0.0,0.2532896174863388,-0.6869444465224512,0.0430170581148063,0.04200050154093898,0.045416746978633515
0.02,0.35,0.20950000000000002,0.0,0.0,0.0,0.0,0.25701639344262295,-0.6984432169064968,0.04133343271540466,0.04035499502497566,0.045416746978633515
0.02,0.35,0.21300000000000002,0.0,0.0,0.0,0.0,0.26042185792349726,-0.7088007839258748,0.039848740848953394,0.03890401088837618,0.045416746978633515
0.02,0.35,0.21650000000000003,0.0,0.0,0.0,0.0,0.2632775956284153,-0.7173545342438099,0.03864543289528685,0.03772809921229043,0.045416746978633515
0.02,0.35,0.22,0.0,0.0,0.0,0.0,0.2667377049180328,-0.7275521578480284,0.03724132495194185,0.03635605039609102,0.045416746978633515
0.02,0.4,0.01,1.0,1.0,0.0,0.0,0.05988741721854304,0.2918530873872438,0.3663647454816268,0.3599313650099311,0.05059638271883382
0.02,0.4,0.0135,1.0,1.0,0.0,0.0,0.06304635761589404,0.2670097729366671,0.35503565429008377,0.3486918365288482,0.05059638271883382
0.02,0.4,0.017,1.0,1.0,0.0,0.0,0.06691501103752759,0.23722962541289178,0.34141373503067557,0.33518669986060545,0.05059638271883382
0.02,0.4,0.0205,1.0,1.0,0.0,0.0,0.07020198675496689,0.21248594969911688,0.3300927907326026,0.3239707326891348,0.05059638271883382
0.02,0.4,0.024,1.0,1.0,0.0,0.0,0.07341059602649007,0.18879248321510175,0.31926035554469245,0.3132453143381324,0.05059638271883382
0.02,0.4,0.027500000000000004,1.0,1.0,0.0,0.0,0.07753863134657837,0.15898009269702473,0.3056807428888236,0.2998093664879451,0.05059638271883382
0.02,0.4,0.031,1.0,1.0,0.0,0.0,0.08108278145695363,0.13387261667738795,0.294313833413736,0.28856958271990674,0.05059638271883382
0.02,0.4,0.0345,1.0,1.0,0.0,0.0,0.08463134657836643,0.10932482534260331,0.2832878482654813,0.27767509636147975,0.05059638271883382
0.02,0.4,0.038,1.0,1.0,0.0,0.0,0.08805739514348787,0.08594358587209565,0.2728748930345721,0.2673906763959036,0.05059638271883382
0.02,0.4,0.0415,1.0,1.0,0.0,0.0,0.09110596026490066,0.06551345583186104,0.26386074384396574,0.25849285108541165,0.05059638271883382
0.02,0.4,0.045000000000000005,1.0,0.98,0.0,0.0,0.09461258278145696,0.042471066083753194,0.2538150830698237,0.2485827707130385,0.05059638271883382
0.02,0.4,0.0485,1.0,0.86,0.0,0.0,0.09805849889624724,0.020221397247811846,0.2442412656001812,0.23914317301424648,0.05059638271883382
0.02,0.4,0.052000000000000005,0.99,0.44,0.0,0.0,0.1014823399558499,-0.0015192714555299905,0.23501843374680562,0.2300541325239238,0.05059638271883382
0.02,0.4,0.0555,0.93,0.1,0.0,0.0,0.10565673289183224,-0.02751582457799973,0.22418180355840645,0.21938073545192066,0.05059638271883382
0.02,0.4,0.059000000000000004,0.66,0.0,0.0,0.0,0.10858830022075056,-0.04546256542956282,0.21682696599728227,0.2121401947765945,0.05059638271883382
0.02,0.4,0.0625,0.23,0.0,0.0,0.0,0.11241832229580574,-0.06851205644422854,0.20755116487294217,0.20301289698634292,0.05059638271883382
0.02,0.4,0.066,0.03,0.0,0.0,0.0,0.11569757174392936,-0.08787307567223483,0.19991833598411513,0.19550612312803917,0.05059638271883382
0.02,0.4,0.0695,0.0,0.0,0.0,0.0,0.11935430463576159,-0.10917385792651713,0.19166774249507193,0.18739466147736633,0.05059638271883382
0.02,0.4,0.073,0.0,0.0,0.0,0.0,0.12227483443708609,-0.1258709592669204,0.1853400772063479,0.18117668357984543,0.05059638271883382
0.02,0.4,0.0765,0.0,0.0,0.0,0.0,0.12553200883002208,-0.14427422871457762,0.17848304549181548,0.1744405144148386,0.05059638271883382
0.02,0.4,0.08,0.0,0.0,0.0,0.0,0.1301467991169978,-0.16979113474261617,0.16923789532655778,0.1653629827820606,0.05059638271883382
0.02,0.4,0.08349999999999999,0.0,0.0,0.0,0.0,0.1335066225165563,-0.18812754482018687,0.1627315339771425,0.1589765771599384,0.05059638271883382
0.02,0.4,0.087,0.0,0.0,0.0,0.0,0.13650441501103752,-0.20418884840819218,0.15717201218885557,0.15352182200729195,0.05059638271883382
0.02,0.4,0.0905,0.0,0.0,0.0,0.0,0.1403841059602649,-0.22464387792587232,0.1502606445603298,0.146743068420973,0.05059638271883382
0.02,0.4,0.094,0.0,0.0,0.0,0.0,0.1437207505518764,-0.24196579157046905,0.1445487538091757,0.14114261160313293,0.05059638271883382
0.02,0.4,0.0975,0.0,0.0,0.0,0.0,0.1470066225165563,-0.25873146105936273,0.13916153450960198,0.13586232460689895,0.05059638271883382
0.02,0.4,0.10099999999999999,0.0,0.0,0.0,0.0,0.14997350993377484,-0.2737366151214883,0.13441742645259158,0.13121319551321473,0.05059638271883382
0.02,0.4,0.1045,0.0,0.0,0.0,0.0,0.15406732891832228,-0.2939573371783863,0.12824476392890655,0.12516681227750745,0.05059638271883382
0.02,0.4,0.108,0.0,0.0,0.0,0.0,0.15754966887417218,-0.31098863101450747,0.12314832802492484,0.1201755525311114,0.05059638271883382
0.02,0.4,0.1115,0.0,0.0,0.0,0.0,0.16199116997792495,-0.33227239662365143,0.11697643566642427,0.11413317879032805,0.05059638271883382
0.02,0.4,0.11499999999999999,0.0,0.0,0.0,0.0,0.16422185430463576,-0.342757842183419,0.11403131500017642,0.11125077685293244,0.05059638271883382
0.02,0.4,0.1185,0.0,0.0,0.0,0.0,0.1682384105960265,-0.36147015695069024,0.10886181803643608,0.10619210966824047,0.05059638271883382
0.02,0.4,0.122,0.0,0.0,0.0,0.0,0.17289514348785873,-0.3827242356109297,0.10318617158411081,0.10063990133334214,0.05059638271883382
0.02,0.4,0.1255,0.0,0.0,0.0,0.0,0.17511699779249448,-0.3927127798192103,0.1005858173991645,0.09809665886220592,0.05059638271883382
0.02,0.4,0.129,0.0,0.0,0.0,0.0,0.17950993377483443,-0.4121956108104209,0.09563749336869411,0.09325797325962991,0.05059638271883382
0.02,0.4,0.1325,0.0,0.0,0.0,0.0,0.18303090507726272,-0.42749358274699334,0.09188166002207546,0.08958637398075087,0.05059638271883382
0.02,0.4,0.136,0.0,0.0,0.0,0.0,0.18606401766004413,-0.44048614229595173,0.08876680578714137,0.08654194494612398,0.05059638271883382
0.02,0.4,0.1395,0.0,0.0,0.0,0.0,0.18986975717439292,-0.45657123180255704,0.0850030235355981,0.0828638512919869,0.05059638271883382
0.02,0.4,0.14300000000000002,0.0,0.0,0.0,0.0,0.19258830022075057,-0.4678452472121031,0.08244069735485648,0.08036043351388039,0.05059638271883382
0.02,0.4,0.14650000000000002,0.0,0.0,0.0,0.0,0.19582891832229582,-0.4811729039946552,0.0794642364974287,0.0774526732773934,0.05059638271883382
0.02,0.4,0.15000000000000002,0.0,0.0,0.0,0.0,0.19952538631346578,-0.49614575410383005,0.07620476974867402,0.07426897383436434,0.05059638271883382
0.02,0.4,0.15350000000000003,0.0,0.0,0.0,0.0,0.20350662251655627,-0.5119400820301415,0.07288119500629996,0.07102336640572944,0.05059638271883382
0.02,0.4,0.157,0.0,0.0,0.0,0.0,0.2059205298013245,-0.5213977682024663,0.07093217574567329,0.06912031931256046,0.05059638271883382
0.02,0.4,0.1605,0.0,0.0,0.0,0.0,0.21072847682119206,-0.5398887736475637,0.06723281075956247,0.06550881906383038,0.05059638271883382
0.02,0.4,0.164,0.0,0.0,0.0,0.0,0.21347902869757174,-0.5503437824318367,0.06518664222791068,0.06351147368969176,0.05059638271883382
0.02,0.4,0.1675,0.0,0.0,0.0,0.0,0.21731346578366445,-0.5646258703718822,0.06247408292668823,0.06086410975881464,0.05059638271883382
0.02,0.4,0.171,0.0,0.0,0.0,0.0,0.21987417218543048,-0.5740234249318352,0.060730921448347075,0.05916304939131136,0.05059638271883382
0.02,0.4,0.17450000000000002,0.0,0.0,0.0,0.0,0.22416445916114788,-0.5895217122533428,0.05792824415225147,0.05642840798008055,0.05059638271883382
0.02,0.4,0.17800000000000002,0.0,0.0,0.0,0.0,0.22657505518763799,-0.5981812020234701,0.05638125522509343,0.0549190363827011,0.05059638271883382
0.02,0.4,0.18150000000000002,0.0,0.0,0.0,0.0,0.23070309050772625,-0.6126492972777837,0.05388684270733556,0.052485727203616356,0.05059638271883382
0.02,0.4,0.18500000000000003,0.0,0.0,0.0,0.0,0.23457726269315674,-0.6259655235205893,0.0516562356859092,0.05031005846478896,0.05059638271883382
0.02,0.4,0.1885,0.0,0.0,0.0,0.0,0.2376026490066225,-0.636209786637531,0.04997816327734635,0.048673471801792864,0.05059638271883382
0.02,0.4,0.192,0.0,0.0,0.0,0.0,0.24218984547461367,-0.6514936957164987,0.04753692854014184,0.04629283537876328,0.05059638271883382
0.02,0.4,0.1955,0.0,0.0,0.0,0.0,0.24553090507726266,-0.6623404744138618,0.04586340879739303,0.044661108951707426,0.05059638271883382
0.02,0.4,0.199,0.0,0.0,0.0,0.0,0.24902428256070638,-0.6736164498787207,0.044143762250403284,0.04298446135743534,0.05059638271883382
0.02,0.4,0.2025,0.0,0.0,0.0,0.0,0.25183554083885207,-0.682529075042495,0.042817152904194626,0.041691154327370805,0.05059638271883382
0.02,0.4,0.20600000000000002,0.0,0.0,0.0,0.0,0.2554381898454746,-0.693735572496924,0.0411908159555635,0.04010579946729656,0.05059638271883382
0.02,0.4,0.20950000000000002,0.0,0.0,0.0,0.0,0.2594503311258278,-0.7059650369886289,0.039463508809869714,0.038422185533096356,0.05059638271883382
0.02,0.4,0.21300000000000002,0.0,0.0,0.0,0.0,0.2622086092715232,-0.7142883426227317,0.0383046430567995,0.037292689420127347,0.05059638271883382
0.02,0.4,0.21650000000000003,0.0,0.0,0.0,0.0,0.26675275938189846,-0.7277025646249817,0.03648991556956312,0.03552412718004093,0.05059638271883382
0.02,0.4,0.22,0.0,0.0,0.0,0.0,0.26987858719646796,-0.7367461042023419,0.03529580100490379,0.03436049100975445,0.05059638271883382
0.03,0.05,0.01,1.0,1.0,0.0,0.0,0.04971711899791232,0.36270344345910444,0.4356395240441487,0.4327103582547195,0.021685536805190475
0.03,0.05,0.0135,1.0,1.0,0.0,0.0,0.05296242171189979,0.3353692457813142,0.4231399779335369,0.42023218905310644,0.021685536805190475
0.03,0.05,0.017,1.0,1.0,0.0,0.0,0.05643110647181628,0.3068190189099262,0.40991716012071494,0.40703598451984796,0.021685536805190475
0.03,0.05,0.0205,1.0,1.0,0.0,0.0,0.05987265135699373,0.2792073136393933,0.39696398417830314,0.394113353997768,0.021685536805190475
0.03,0.05,0.024,1.0,1.0,0.0,0.0,0.06310020876826722,0.25382018458419103,0.38497684612590466,0.38215774534674923,0.021685536805190475
0.03,0.05,0.027500000000000004,1.0,1.0,0.0,0.0,0.06699478079331941,0.22387757672047862,0.3707469827441333,0.3679698448308447,0.021685536805190475
0.03,0.05,0.031,1.0,1.0,0.0,0.0,0.07076200417536534,0.19558242508010196,0.35725386354688643,0.3545209656422357,0.021685536805190475
0.03,0.05,0.0345,1.0,1.0,0.0,0.0,0.07420876826722339,0.1701938101048921,0.34514042453835464,0.3424505958927494,0.021685536805190475
0.03,0.05,0.038,1.0,1.0,0.0,0.0,0.07742379958246347,0.14702196634299955,0.3340838923479149,0.3314368080090332,0.021685536805190475
0.03,0.05,0.0415,1.0,1.0,0.0,0.0,0.08103549060542797,0.1214347854974387,0.32191961678830805,0.3193225428323055,0.021685536805190475
0.03,0.05,0.045000000000000005,1.0,1.0,0.0,0.0,0.08452713987473905,0.09721249941314614,0.31044736476629853,0.307900890306128,0.021685536805190475
0.03,0.05,0.0485,1.0,1.0,0.0,0.0,0.08769102296450938,0.07563078574592755,0.3002915956284175,0.29779233579852565,0.021685536805190475
0.03,0.05,0.052000000000000005,1.0,0.98,0.0,0.0,0.0918267223382046,0.048025129217012956,0.2874177726969801,0.28498227177339586,0.021685536805190475
0.03,0.05,0.0555,1.0,0.93,0.0,0.0,0.09442901878914406,0.030945021277870386,0.2795164116040608,0.2771218928790423,0.021685536805190475
0.03,0.05,0.059000000000000004,1.0,0.57,0.0,0.0,0.09851670146137786,0.00458413978049939,0.26746215438300724,0.2651330486675653,0.021685536805190475
0.03,0.05,0.0625,0.99,0.12,0.0,0.0,0.10205114822546973,-0.017846436942952574,0.25733641449542194,0.255064452214045,0.021685536805190475
0.03,0.05,0.066,0.89,0.01,0.0,0.0,0.10539457202505219,-0.03862594056401547,0.2480905120362079,0.2458732933955572,0.021685536805190475
0.03,0.05,0.0695,0.62,0.0,0.0,0.0,0.10875887265135699,-0.059211895710118825,0.23905390344489422,0.23689201431455223,0.021685536805190475
0.03,0.05,0.073,0.27,0.0,0.0,0.0,0.11206993736951983,-0.07916354902391001,0.230428205056666,0.2283208066310215,0.021685536805190475
0.03,0.05,0.0765,0.02,0.0,0.0,0.0,0.11588517745302714,-0.10173780786320691,0.22084591783622576,0.21880123366203086,0.021685536805190475
0.03,0.05,0.08,0.01,0.0,0.0,0.0,0.11898851774530271,-0.1197953914959527,0.21330905099730121,0.21131522838860725,0.021685536805190475
0.03,0.05,0.08349999999999999,0.0,0.0,0.0,0.0,0.12278079331941544,-0.1415120865138206,0.20441476182135684,0.20248263207920963,0.021685536805190475
0.03,0.05,0.087,0.0,0.0,0.0,0.0,0.12651774530271398,-0.16252033566599586,0.19599373294374436,0.19412180488616887,0.021685536805190475
0.03,0.05,0.0905,0.0,0.0,0.0,0.0,0.12957620041753654,-0.17947230406009487,0.18932499543040393,0.1875017910756978,0.021685536805190475
0.03,0.05,0.094,0.0,0.0,0.0,0.0,0.1331482254697286,-0.19893368797343614,0.18183132430686377,0.18006427362127764,0.021685536805190475
0.03,0.05,0.0975,0.0,0.0,0.0,0.0,0.1372223382045929,-0.22077409545589916,0.1736122166509175,0.17190815746042987,0.021685536805190475
0.03,0.05,0.10099999999999999,0.0,0.0,0.0,0.0,0.14024008350730688,-0.23666593891456902,0.1677716313486074,0.16611339028581373,0.021685536805190475
0.03,0.05,0.1045,0.0,0.0,0.0,0.0,0.14363361169102296,-0.25428528705275155,0.1614303170401048,0.15982270114369693,0.021685536805190475
0.03,0.05,0.108,0.0,0.0,0.0,0.0,0.14718893528183716,-0.27243507307848813,0.15505340348880156,0.15349771480788715,0.021685536805190475
0.03,0.05,0.1115,0.0,0.0,0.0,0.0,0.15089144050104383,-0.29101262309592263,0.14869168253548776,0.14718879217904174,0.021685536805190475
0.03,0.05,0.11499999999999999,0.0,0.0,0.0,0.0,0.1538590814196242,-0.3057636303538452,0.14372215805386998,0.14226093143845928,0.021685536805190475
0.03,0.05,0.1185,0.0,0.0,0.0,0.0,0.15804801670146137,-0.3261432142312259,0.13707126506138098,0.1356670187114648,0.021685536805190475
0.03,0.05,0.122,0.0,0.0,0.0,0.0,0.16144572025052192,-0.34246008866508393,0.1318620974162453,0.1305030314607583,0.021685536805190475
0.03,0.05,0.1255,0.0,0.0,0.0,0.0,0.16494258872651357,-0.3589254852429945,0.12675486642972736,0.12544088712737167,0.021685536805190475
0.03,0.05,0.129,0.0,0.0,0.0,0.0,0.1686116910229645,-0.37593626116254986,0.12161186230518062,0.12034388444577726,0.021685536805190475
0.03,0.05,0.1325,0.0,0.0,0.0,0.0,0.17227974947807934,-0.39271132885890964,0.11665715162381364,0.11543398284193992,0.021685536805190475
0.03,0.05,0.136,0.0,0.0,0.0,0.0,0.17567536534446762,-0.4079582435148945,0.11228318750297321,0.1111001302220071,0.021685536805190475
0.03,0.05,0.1395,0.0,0.0,0.0,0.0,0.1794686847599165,-0.42474832168904664,0.10757694260137254,0.10643749566166705,0.021685536805190475
0.03,0.05,0.14300000000000002,0.0,0.0,0.0,0.0,0.18231106471816283,-0.43710923500871596,0.10420989233694254,0.10310202116710326,0.021685536805190475
0.03,0.05,0.14650000000000002,0.0,0.0,0.0,0.0,0.18597390396659708,-0.4528646264158392,0.10000126960885979,0.0989331582599221,0.021685536805190475
0.03,0.05,0.15000000000000002,0.0,0.0,0.0,0.0,0.1891544885177453,-0.4663382540917182,0.09648870954797176,0.09545409862658306,0.021685536805190475
0.03,0.05,0.15350000000000003,0.0,0.0,0.0,0.0,0.19316910229645093,-0.48298096891616354,0.09229033223602345,0.09129627617803317,0.021685536805190475
0.03,0.05,0.157,0.0,0.0,0.0,0.0,0.19608141962421713,-0.4949706020827107,0.08931251651182531,0.08834733324191933,0.021685536805190475
0.03,0.05,0.1605,0.0,0.0,0.0,0.0,0.20026722338204592,-0.5118383578681153,0.08525648426624959,0.08433108622555699,0.021685536805190475
0.03,0.05,0.164,0.0,0.0,0.0,0.0,0.20326617954070983,-0.5237517311041582,0.08245929807824533,0.08156153219128873,0.021685536805190475
0.03,0.05,0.1675,0.0,0.0,0.0,0.0,0.20704592901878915,-0.538537354245131,0.07907388835667999,0.07820982014311512,0.021685536805190475
0.03,0.05,0.171,0.0,0.0,0.0,0.0,0.2107912317327766,-0.5528965820633295,0.07588358974121866,0.07505156837649883,0.021685536805190475
0.03,0.05,0.17450000000000002,0.0,0.0,0.0,0.0,0.21402922755741127,-0.5651626197544735,0.07321716288567927,0.07241206122510241,0.021685536805190475
0.03,0.05,0.17800000000000002,0.0,0.0,0.0,0.0,0.2173277661795407,-0.5774297491682745,0.07061982951590653,0.06984115006729144,0.021685536805190475
0.03,0.05,0.18150000000000002,0.0,0.0,0.0,0.0,0.2211033402922756,-0.5912593082647869,0.06776103925939567,0.06701160954588928,0.021685536805190475
0.03,0.05,0.18500000000000003,0.0,0.0,0.0,0.0,0.22372546972860125,-0.6007245868357988,0.06584779544064592,0.0651180487774043,0.021685536805190475
0.03,0.05,0.1885,0.0,0.0,0.0,0.0,0.22806471816283924,-0.6161713832626942,0.06279469730906816,0.06209651455455817,0.021685536805190475
0.03,0.05,0.192,0.0,0.0,0.0,0.0,0.23208141962421713,-0.630164304195735,0.06011416468015256,0.0594438968327364,0.021685536805190475
0.03,0.05,0.1955,0.0,0.0,0.0,0.0,0.23520563674321504,-0.6408042508778422,0.05813709213226148,0.05748755658498463,0.021685536805190475
0.03,0.05,0.199,0.0,0.0,0.0,0.0,0.2388277661795407,-0.6530565613089927,0.05589091634815852,0.05526498081188696,0.021685536805190475
0.03,0.05,0.2025,0.0,0.0,0.0,0.0,0.24204697286012525,-0.6637695750241308,0.053974959937496,0.053369249220195265,0.021685536805190475
0.03,0.05,0.20600000000000002,0.0,0.0,0.0,0.0,0.24501043841336118,-0.6734949496751905,0.05226757604694954,0.05167996171672512,0.021685536805190475
0.03,0.05,0.20950000000000002,0.0,0.0,0.0,0.0,0.2492599164926931,-0.6870756758612819,0.04996393553250465,0.04940090364242176,0.021685536805190475
0.03,0.05,0.21300000000000002,0.0,0.0,0.0,0.0,0.2524070981210856,-0.697087355565902,0.04828262665527641,0.047737553906000034,0.021685536805190475
0.03,0.05,0.21650000000000003,0.0,0.0,0.0,0.0,0.25555845511482256,-0.706888258365171,0.046683678834265996,0.04615577881287338,0.021685536805190475
0.03,0.05,0.22,0.0,0.0,0.0,0.0,0.2594311064718163,-0.7187128617901789,0.04479884239280409,0.044291267471489155,0.021685536805190475
0.03,0.1,0.01,1.0,1.0,0.0,0.0,0.0521854583772392,0.3417421545269834,0.4209457002951904,0.4173957714613191,0.026518767372607277
0.03,0.1,0.0135,1.0,1.0,0.0,0.0,0.0550958904109589,0.3176600316913942,0.4098457754308695,0.40632398496830646,0.026518767372607277
0.03,0.1,0.017,1.0,1.0,0.0,0.0,0.05889778714436249,0.28685995091085587,0.39553183180333784,0.3920512693902638,0.026518767372607277
0.03,0.1,0.0205,1.0,1.0,0.0,0.0,0.06264172813487882,0.25724918323682905,0.3816452034042311,0.37821017716157285,0.026518767372607277
0.03,0.1,0.024,1.0,1.0,0.0,0.0,0.06614752370916754,0.23020049244189814,0.36886727898146815,0.3654795059633253,0.026518767372607277
0.03,0.1,0.027500000000000004,1.0,1.0,0.0,0.0,0.0697281348788198,0.20312564723217347,0.35604118920254435,0.3527052722398936,0.026518767372607277
0.03,0.1,0.031,1.0,1.0,0.0,0.0,0.07305374077976817,0.17850773937089656,0.34436364634325956,0.3410792159456445,0.026518767372607277
0.03,0.1,0.0345,1.0,1.0,0.0,0.0,0.07698840885142255,0.14999604000027383,0.33084862503116524,0.3276287739763965,0.026518767372607277
0.03,0.1,0.038,1.0,1.0,0.0,0.0,0.08010115911485775,0.12788195891059645,0.32039964084654443,0.3172332912504643,0.026518767372607277
0.03,0.1,0.0415,1.0,1.0,0.0,0.0,0.08371338250790306,0.102672098770552,0.3085375949536468,0.30543563580750416,0.026518767372607277
0.03,0.1,0.045000000000000005,1.0,1.0,0.0,0.0,0.08695258166491042,0.08052908508998327,0.29819116545623464,0.2951490464836522,0.026518767372607277
0.03,0.1,0.0485,1.0,1.0,0.0,0.0,0.09020969441517387,0.05862384316451728,0.2880252193579185,0.28504471045421226,0.026518767372607277
0.03,0.1,0.052000000000000005,1.0,0.96,0.0,0.0,0.09383561643835617,0.03469692442601331,0.2770300772095536,0.27411972179546945,0.026518767372607277
0.03,0.1,0.0555,1.0,0.7,0.0,0.0,0.09756585879873551,0.010520861099979193,0.2660546392750347,0.26321758380403126,0.026518767372607277
0.03,0.1,0.059000000000000004,0.99,0.27,0.0,0.0,0.10119704952581665,-0.01259148327623933,0.2556911631691027,0.25292639923095894,0.026518767372607277
0.03,0.1,0.0625,0.97,0.03,0.0,0.0,0.1048609062170706,-0.035474151615946414,0.24558424937972653,0.2428930542377962,0.026518767372607277
0.03,0.1,0.066,0.72,0.0,0.0,0.0,0.10849841938883036,-0.05781900422701745,0.23585355066949318,0.23323575503103527,0.026518767372607277
0.03,0.1,0.0695,0.34,0.0,0.0,0.0,0.11172708113804004,-0.07721297785923853,0.2275699470345527,0.2250174829586281,0.026518767372607277
0.03,0.1,0.073,0.07,0.0,0.0,0.0,0.114768177028451,-0.09532200587187017,0.2199319276235502,0.21744068427155866,0.026518767372607277
0.03,0.1,0.0765,0.0,0.0,0.0,0.0,0.11896417281348787,-0.11976691971855624,0.20983443545695088,0.20742738310432046,0.026518767372607277
0.03,0.1,0.08,0.0,0.0,0.0,0.0,0.12168282402528979,-0.1354143673740476,0.20347381500618242,0.20112090574780978,0.026518767372607277
0.03,0.1,0.08349999999999999,0.0,0.0,0.0,0.0,0.12534035827186513,-0.15609684950785752,0.1952357306827923,0.1929549811726422,0.026518767372607277
0.03,0.1,0.087,0.0,0.0,0.0,0.0,0.1289399367755532,-0.17611542572044442,0.18742270032841415,0.18521215754762468,0.026518767372607277
0.03,0.1,0.0905,0.0,0.0,0.0,0.0,0.13181981032665965,-0.19187439480842966,0.1813995868039661,0.17924444643365223,0.026518767372607277
0.03,0.1,0.094,0.0,0.0,0.0,0.0,0.13624657534246576,-0.21570379553664248,0.17250015846558373,0.17042873507184692,0.026518767372607277
0.03,0.1,0.0975,0.0,0.0,0.0,0.0,0.1397112750263435,-0.2340342461092068,0.165818251458065,0.16381110015289402,0.026518767372607277
0.03,0.1,0.10099999999999999,0.0,0.0,0.0,0.0,0.14298208640674395,-0.2510611581742841,0.15975249911310796,0.1578048752183644,0.026518767372607277
0.03,0.1,0.1045,0.0,0.0,0.0,0.0,0.146668071654373,-0.2699181974357227,0.15319830969803847,0.15131629457552584,0.026518767372607277
0.03,0.1,0.108,0.0,0.0,0.0,0.0,0.1504299262381454,-0.28887110071544514,0.1467700671246432,0.14495349344741293,0.026518767372607277
0.03,0.1,0.1115,0.0,0.0,0.0,0.0,0.15302950474183352,-0.3017942850964118,0.14248032798499743,0.140708037602046,0.026518767372607277
0.03,0.1,0.11499999999999999,0.0,0.0,0.0,0.0,0.1573445732349842,-0.32290776637814317,0.13563585226071317,0.133935335726252,0.026518767372607277
0.03,0.1,0.1185,0.0,0.0,0.0,0.0,0.16040463645943098,-0.3375452386952192,0.13104820941563325,0.12939682187666007,0.026518767372607277
0.03,0.1,0.122,0.0,0.0,0.0,0.0,0.1642581664910432,-0.3558530130198557,0.12539137988496968,0.12380093105024986,0.026518767372607277
0.03,0.1,0.1255,0.0,0.0,0.0,0.0,0.1674425711275026,-0.37066115640768105,0.12096102849093673,0.11941917488924966,0.026518767372607277
0.03,0.1,0.129,0.0,0.0,0.0,0.0,0.17097471022128555,-0.38690860836181895,0.11619276448055306,0.11470367317576709,0.026518767372607277
0.03,0.1,0.1325,0.0,0.0,0.0,0.0,0.17467755532139095,-0.40360088030274,0.11144919940498126,0.11001340799747628,0.026518767372607277
0.03,0.1,0.136,0.0,0.0,0.0,0.0,0.17827291886195998,-0.4196298688314398,0.10698725716470703,0.10560199386463542,0.026518767372607277
0.03,0.1,0.1395,0.0,0.0,0.0,0.0,0.18227608008429924,-0.43709288718078426,0.10228140338818426,0.10095024036497026,0.026518767372607277
0.03,0.1,0.14300000000000002,0.0,0.0,0.0,0.0,0.18531717597471023,-0.45016758817372154,0.09884405239292135,0.09755276749814133,0.026518767372607277
0.03,0.1,0.14650000000000002,0.0,0.0,0.0,0.0,0.18892096944151737,-0.46549106315623134,0.09489896544471878,0.0936537672192168,0.026518767372607277
0.03,0.1,0.15000000000000002,0.0,0.0,0.0,0.0,0.19149420442571127,-0.47618302825183756,0.092233503326601,0.09101985987972147,0.026518767372607277
0.03,0.1,0.15350000000000003,0.0,0.0,0.0,0.0,0.1957154899894626,-0.49357627546586835,0.08797739885723412,0.08681437204738122,0.026518767372607277
0.03,0.1,0.157,0.0,0.0,0.0,0.0,0.1993256059009484,-0.5081616944089694,0.0845140611457038,0.08339264986711434,0.026518767372607277
0.03,0.1,0.1605,0.0,0.0,0.0,0.0,0.20291886195995787,-0.5225100263063771,0.08118193879550845,0.0801008010018475,0.026518767372607277
0.03,0.1,0.164,0.0,0.0,0.0,0.0,0.20581875658587986,-0.5338731171480481,0.07861379637452182,0.07756397700100454,0.026518767372607277
0.03,0.1,0.1675,0.0,0.0,0.0,0.0,0.21034351949420443,-0.5512735811244073,0.07479786854347538,0.0737949739221561,0.026518767372607277
0.03,0.1,0.171,0.0,0.0,0.0,0.0,0.21249947312961012,-0.5595004679760335,0.07302190303871656,0.07204092093385746,0.026518767372607277
0.03,0.1,0.17450000000000002,0.0,0.0,0.0,0.0,0.21664488935721812,-0.5750362614416428,0.06975853799186854,0.06881812162142804,0.026518767372607277
0.03,0.1,0.17800000000000002,0.0,0.0,0.0,0.0,0.21944573234984194,-0.5853162119994255,0.06766032322965297,0.0667461968231996,0.026518767372607277
0.03,0.1,0.18150000000000002,0.0,0.0,0.0,0.0,0.2233540569020021,-0.5995283132661289,0.06481287492583811,0.06393455026517528,0.026518767372607277
0.03,0.1,0.18500000000000003,0.0,0.0,0.0,0.0,0.22750790305584825,-0.6142940752366229,0.06194899050332223,0.06110695816317047,0.026518767372607277
0.03,0.1,0.1885,0.0,0.0,0.0,0.0,0.23010326659641728,-0.6234174823680249,0.06021106408221015,0.05939113295505716,0.026518767372607277
0.03,0.1,0.192,0.0,0.0,0.0,0.0,0.23469125395152793,-0.6392414145768107,0.05728260668299735,0.05650014839095251,0.026518767372607277
0.03,0.1,0.1955,0.0,0.0,0.0,0.0,0.23718440463645943,-0.6476803249713973,0.05575963937318431,0.054996778062431424,0.026518767372607277
0.03,0.1,0.199,0.0,0.0,0.0,0.0,0.24153108535300316,-0.6622192705964486,0.05318839071428747,0.05245872488969343,0.026518767372607277
0.03,0.1,0.2025,0.0,0.0,0.0,0.0,0.2446585879873551,-0.6724421067421056,0.051433538808052424,0.0507266713660336,0.026518767372607277
0.03,0.1,0.20600000000000002,0.0,0.0,0.0,0.0,0.24728451001053742,-0.6809530917678468,0.04999269376387021,0.049304583819251804,0.026518767372607277
0.03,0.1,0.20950000000000002,0.0,0.0,0.0,0.0,0.25159536354056905,-0.6946108354157643,0.04774897800629906,0.04709024049434948,0.026518767372607277
0.03,0.1,0.21300000000000002,0.0,0.0,0.0,0.0,0.25537197049525817,-0.7064235880253881,0.04584510960017261,0.04521136766148614,0.026518767372607277
0.03,0.1,0.21650000000000003,0.0,0.0,0.0,0.0,0.2586786090621707,-0.7165276509453484,0.044262348817422525,0.04364949304561639,0.026518767372607277
0.03,0.1,0.22,0.0,0.0,0.0,0.0,0.2624467860906217,-0.7278759200487862,0.04252027679382674,0.041930477778011614,0.026518767372607277
0.03,0.15,0.01,1.0,1.0,0.0,0.0,0.05459042553191489,0.3216436059009296,0.4066365024750228,0.402474702145515,0.0314212462587935
0.03,0.15,0.0135,1.0,1.0,0.0,0.0,0.05879468085106383,0.2875994579751732,0.39085732089417347,0.3867524265686997,0.0314212462587935
0.03,0.15,0.017,1.0,1.0,0.0,0.0,0.061690425531914894,0.26458020009430244,0.3801379866514856,0.3760756212547406,0.0314212462587935
0.03,0.15,0.0205,1.0,1.0,0.0,0.0,0.06548617021276595,0.2351121524801182,0.3663133413364552,0.3623123210040379,0.0314212462587935
0.03,0.15,0.024,1.0,1.0,0.0,0.0,0.06922553191489361,0.20678277390150637,0.35296766084365805,0.3490324134636025,0.0314212462587935
0.03,0.15,0.027500000000000004,1.0,1.0,0.0,0.0,0.0726404255319149,0.18141840902653106,0.34101463638231566,0.33714308613961746,0.0314212462587935
0.03,0.15,0.031,1.0,1.0,0.0,0.0,0.07538404255319149,0.16142658670833585,0.3315963033287638,0.32777860668393394,0.0314212462587935
0.03,0.15,0.0345,1.0,1.0,0.0,0.0,0.07916063829787234,0.13436862263931187,0.3188926933306667,0.31515200655916464,0.0314212462587935
0.03,0.15,0.038,1.0,1.0,0.0,0.0,0.0825127659574468,0.110897131425325,0.30791591585745826,0.3042468812154717,0.0314212462587935
0.03,0.15,0.0415,1.0,1.0,0.0,0.0,0.08593404255319148,0.08734345800176095,0.2969717742387704,0.2933779089338327,0.0314212462587935
0.03,0.15,0.045000000000000005,1.0,1.0,0.0,0.0,0.0900755319148936,0.0594073945427695,0.2841088478152461,0.28060858386839643,0.0314212462587935
0.03,0.15,0.0485,1.0,0.95,0.0,0.0,0.09321489361702127,0.038662882976624846,0.27465854258311434,0.27123088667532824,0.0314212462587935
0.03,0.15,0.052000000000000005,1.0,0.79,0.0,0.0,0.09697446808510639,0.014178910079431244,0.2636195292320426,0.26027982114878895,0.0314212462587935
0.03,0.15,0.0555,1.0,0.27,0.0,0.0,0.10087234042553192,-0.010662177516422152,0.25257846918933713,0.24933133336442345,0.0314212462587935
0.03,0.15,0.059000000000000004,0.99,0.08,0.0,0.0,0.10369787234042553,-0.02838677561396901,0.2448037936946299,0.2416241528179368,0.0314212462587935
0.03,0.15,0.0625,0.83,0.0,0.0,0.0,0.1072404255319149,-0.050210391932867304,0.23537556635799564,0.23228092816664653,0.0314212462587935
0.03,0.15,0.066,0.41,0.0,0.0,0.0,0.1107031914893617,-0.07126574432928036,0.22640508707917142,0.22339347334376985,0.0314212462587935
0.03,0.15,0.0695,0.06,0.0,0.0,0.0,0.11457127659574468,-0.09425827692699426,0.2168122065956735,0.2138932089170779,0.0314212462587935
0.03,0.15,0.073,0.0,0.0,0.0,0.0,0.11751170212765957,-0.11151565391638239,0.2097222765685899,0.20687330418495553,0.0314212462587935
0.03,0.15,0.0765,0.0,0.0,0.0,0.0,0.12226170212765958,-0.13882652813960536,0.19875397538758915,0.19601711298365695,0.0314212462587935
0.03,0.15,0.08,0.0,0.0,0.0,0.0,0.12453297872340424,-0.15165348008693674,0.19371018059878442,0.19102633509332143,0.0314212462587935
0.03,0.15,0.08349999999999999,0.0,0.0,0.0,0.0,0.12847978723404255,-0.173677812470043,0.1851994924767488,0.18260670391419012,0.0314212462587935
0.03,0.15,0.087,0.0,0.0,0.0,0.0,0.131581914893617,-0.19069948812763676,0.17875923162487034,0.17623703898048926,0.0314212462587935
0.03,0.15,0.0905,0.0,0.0,0.0,0.0,0.13525531914893618,-0.21052092077763404,0.17142960491765818,0.16898959696106983,0.0314212462587935
0.03,0.15,0.094,0.0,0.0,0.0,0.0,0.13958936170212766,-0.23347603091638638,0.16316243169819458,0.16081731689899736,0.0314212462587935
0.03,0.15,0.0975,0.0,0.0,0.0,0.0,0.14216808510638299,-0.2469584365895416,0.15840153012068095,0.15611191812557368,0.0314212462587935
0.03,0.15,0.10099999999999999,0.0,0.0,0.0,0.0,0.1462914893617021,-0.26813052858273445,0.1511139211237065,0.14891105109994981,0.0314212462587935
0.03,0.15,0.1045,0.0,0.0,0.0,0.0,0.1494563829787234,-0.2841053391083662,0.1457568208993189,0.14361889051297916,0.0314212462587935
0.03,0.15,0.108,0.0,0.0,0.0,0.0,0.15314148936170213,-0.3024318368634729,0.1397520403681369,0.13768801002665382,0.0314212462587935
0.03,0.15,0.1115,0.0,0.0,0.0,0.0,0.15605744680851064,-0.3167681261761486,0.13514894469700997,0.13314220457550208,0.0314212462587935
0.03,0.15,0.11499999999999999,0.0,0.0,0.0,0.0,0.15958404255319147,-0.3337950457111456,0.12982392088459385,0.12788458082899484,0.0314212462587935
0.03,0.15,0.1185,0.0,0.0,0.0,0.0,0.16343510638297873,-0.3520854484501866,0.12425684734490083,0.12238900197996562,0.0314212462587935
0.03,0.15,0.122,0.0,0.0,0.0,0.0,0.16781702127659576,-0.372561113480965,0.1181900839185655,0.1164011990448307,0.0314212462587935
0.03,0.15,0.1255,0.0,0.0,0.0,0.0,0.17025851063829786,-0.38377116313508886,0.1149612675131285,0.11321498847659311,0.0314212462587935
0.03,0.15,0.129,0.0,0.0,0.0,0.0,0.17376170212765957,-0.3996513180965209,0.110483657314222,0.10879703048831516,0.0314212462587935
0.03,0.15,0.1325,0.0,0.0,0.0,0.0,0.17763617021276595,-0.4169290119381198,0.10574282680374195,0.10412009944031063,0.0314212462587935
0.03,0.15,0.136,0.0,0.0,0.0,0.0,0.18113085106382978,-0.4322549142446958,0.10165128695120468,0.10008432916516216,0.0314212462587935
0.03,0.15,0.1395,0.0,0.0,0.0,0.0,0.18526170212765958,-0.4500773383956948,0.09701897339123926,0.0955158052875765,0.0314212462587935
0.03,0.15,0.14300000000000002,0.0,0.0,0.0,0.0,0.18751595744680852,-0.4596468171827279,0.09459780774518058,0.09312830735962559,0.0314212462587935
0.03,0.15,0.14650000000000002,0.0,0.0,0.0,0.0,0.1918521276595745,-0.47781625419205964,0.0901015603665389,0.08869505225871109,0.0314212462587935
0.03,0.15,0.15000000000000002,0.0,0.0,0.0,0.0,0.19445106382978725,-0.4885811257784074,0.08749224027770224,0.0861225209402907,0.0314212462587935
0.03,0.15,0.15350000000000003,0.0,0.0,0.0,0.0,0.19831914893617023,-0.5042867460041242,0.08380187008516371,0.08248472914457577,0.0314212462587935
0.03,0.15,0.157,0.0,0.0,0.0,0.0,0.20222021276595745,-0.5198889440632025,0.08022823934294177,0.07896239339771832,0.0314212462587935
0.03,0.15,0.1605,0.0,0.0,0.0,0.0,0.20576382978723406,-0.5338084855904717,0.0771287126152277,0.07590773001906304,0.0314212462587935
0.03,0.15,0.164,0.0,0.0,0.0,0.0,0.20857021276595744,-0.5446735199161813,0.07476555481920177,0.07357899947953825,0.0314212462587935
0.03,0.15,0.1675,0.0,0.0,0.0,0.0,0.21225851063829787,-0.5587035362857907,0.07179596650326422,0.07065298739096723,0.0314212462587935
0.03,0.15,0.171,0.0,0.0,0.0,0.0,0.2157627659574468,-0.5718557403009954,0.06907474697514553,0.06797191238066876,0.0314212462587935
0.03,0.15,0.17450000000000002,0.0,0.0,0.0,0.0,0.21934042553191488,-0.5850680669448977,0.06640825160172448,0.06534499482681956,0.0314212462587935
0.03,0.15,0.17800000000000002,0.0,0.0,0.0,0.0,0.2231595744680851,-0.5989811463119394,0.06366323146639899,0.06264092553488677,0.0314212462587935
0.03,0.15,0.18150000000000002,0.0,0.0,0.0,0.0,0.22685851063829787,-0.6121489941558016,0.06115066077063072,0.060166133485744185,0.0314212462587935
0.03,0.15,0.18500000000000003,0.0,0.0,0.0,0.0,0.22956702127659576,-0.6217033119454438,0.059357977919887166,0.058400486690912363,0.0314212462587935
0.03,0.15,0.1885,0.0,0.0,0.0,0.0,0.2327872340425532,-0.632817014361431,0.05733218105755251,0.05640544655684891,0.0314212462587935
0.03,0.15,0.192,0.0,0.0,0.0,0.0,0.23616276595744679,-0.6444173576598586,0.055240797748415324,0.054345856897132956,0.0314212462587935
0.03,0.15,0.1955,0.0,0.0,0.0,0.0,0.23998617021276594,-0.657203781701498,0.053015567905405125,0.052154717886750385,0.0314212462587935
0.03,0.15,0.199,0.0,0.0,0.0,0.0,0.24405000000000002,-0.6705886978379091,0.050739497705575086,0.04991365632424217,0.0314212462587935
0.03,0.15,0.2025,0.0,0.0,0.0,0.0,0.2480531914893617,-0.6835772861975867,0.048583486603299024,0.04779093338827111,0.0314212462587935
0.03,0.15,0.20600000000000002,0.0,0.0,0.0,0.0,0.25157340425531916,-0.6946619843816051,0.04680604554376499,0.04604112851367805,0.0314212462587935
0.03,0.15,0.20950000000000002,0.0,0.0,0.0,0.0,0.2544872340425532,-0.7037862566565256,0.04536118882403251,0.044618764195743274,0.0314212462587935
0.03,0.15,0.21300000000000002,0.0,0.0,0.0,0.0,0.2576287234042553,-0.7134691602397073,0.0438588419802584,0.043139885653382976,0.0314212462587935
0.03,0.15,0.21650000000000003,0.0,0.0,0.0,0.0,0.2614042553191489,-0.7248909419197751,0.04212897365251964,0.04143714300930467,0.0314212462587935
0.03,0.15,0.22,0.0,0.0,0.0,0.0,0.2645925531914894,-0.7343703089354231,0.04072421094660073,0.0400544825906274,0.0314212462587935
0.03,0.2,0.01,1.0,1.0,0.0,0.0,0.057685284640171856,0.29633453664842824,0.3899330039875475,0.38518347394614333,0.03639464301430251
0.03,0.2,0.0135,1.0,1.0,0.0,0.0,0.06139419978517723,0.26678642279733017,0.376238226523049,0.37155384195081465,0.03639464301430251
0.03,0.2,0.017,1.0,1.0,0.0,0.0,0.06398066595059076,0.24661451052801675,0.3668250837362196,0.3621900287183311,0.03639464301430251
0.03,0.2,0.0205,1.0,1.0,0.0,0.0,0.06826208378088078,0.21389692745149985,0.35153048102858675,0.346982787632988,0.03639464301430251
0.03,0.2,0.024,1.0,1.0,0.0,0.0,0.07206015037593985,0.18557145442142875,0.33826658984750746,0.33380215665726504,0.03639464301430251
0.03,0.2,0.027500000000000004,1.0,1.0,0.0,0.0,0.07553168635875403,0.16020122667939363,0.32640431953298005,0.322019966719346,0.03639464301430251
0.03,0.2,0.031,1.0,1.0,0.0,0.0,0.07892910848549946,0.13592804692016539,0.3150824361009349,0.3107804963133987,0.03639464301430251
0.03,0.2,0.0345,1.0,1.0,0.0,0.0,0.0819860365198711,0.11439135290432707,0.3050902233395044,0.3008642738592319,0.03639464301430251
0.03,0.2,0.038,1.0,1.0,0.0,0.0,0.08563157894736842,0.08927560323183074,0.2935068848938931,0.2893750269618213,0.03639464301430251
0.03,0.2,0.0415,1.0,1.0,0.0,0.0,0.08900322234156821,0.06644872645024803,0.2830733123830362,0.27903038113325335,0.03639464301430251
0.03,0.2,0.045000000000000005,1.0,1.0,0.0,0.0,0.09249409237379162,0.04319493136543218,0.27254025861617603,0.26859098970669365,0.03639464301430251
0.03,0.2,0.0485,1.0,0.85,0.0,0.0,0.09620730397422127,0.019010075013114643,0.261723007969189,0.25787537279069567,0.03639464301430251
0.03,0.2,0.052000000000000005,1.0,0.51,0.0,0.0,0.0991922663802363,-0.00017423561712895025,0.2532375947611679,0.24947219660423134,0.03639464301430251
0.03,0.2,0.0555,0.99,0.13,0.0,0.0,0.1029484425349087,-0.02385566292495031,0.2429115941162345,0.23925056544189413,0.03639464301430251
0.03,0.2,0.059000000000000004,0.85,0.01,0.0,0.0,0.10661976369495166,-0.04656174855607885,0.23317321197297844,0.22961459420649405,0.03639464301430251
0.03,0.2,0.0625,0.48,0.0,0.0,0.0,0.11044468313641247,-0.06982661904222089,0.22336592945276287,0.2199138425049998,0.03639464301430251
0.03,0.2,0.066,0.17,0.0,0.0,0.0,0.11365843179377015,-0.08898998381141389,0.21543740557208724,0.21207464021818542,0.03639464301430251
0.03,0.2,0.0695,0.01,0.0,0.0,0.0,0.11722556390977443,-0.10998848017746515,0.2068877155708735,0.20362343991235313,0.03639464301430251
0.03,0.2,0.073,0.0,0.0,0.0,0.0,0.12067239527389903,-0.12992618393677252,0.1989332371145286,0.19576330513207588,0.03639464301430251
0.03,0.2,0.0765,0.0,0.0,0.0,0.0,0.12413319011815252,-0.14955768291983929,0.19126926728634308,0.18819304074031237,0.03639464301430251
0.03,0.2,0.08,0.0,0.0,0.0,0.0,0.12790440386680987,-0.17058003341330644,0.18324478120858237,0.18026914587909354,0.03639464301430251
0.03,0.2,0.08349999999999999,0.0,0.0,0.0,0.0,0.1313404940923738,-0.18950048081801946,0.17616410505187993,0.17327877614085468,0.03639464301430251
0.03,0.2,0.087,0.0,0.0,0.0,0.0,0.13427497314715361,-0.2053929504368387,0.17033720513414882,0.1675278680388383,0.03639464301430251
0.03,0.2,0.0905,0.0,0.0,0.0,0.0,0.13826208378088078,-0.22661884251674988,0.16274078393779048,0.16003265334032615,0.03639464301430251
0.03,0.2,0.094,0.0,0.0,0.0,0.0,0.1408936627282492,-0.24043184661552985,0.15790138345514293,0.1552588212657733,0.03639464301430251
0.03,0.2,0.0975,0.0,0.0,0.0,0.0,0.14476906552094523,-0.2604722473085721,0.1510347633758216,0.14848682185574724,0.03639464301430251
0.03,0.2,0.10099999999999999,0.0,0.0,0.0,0.0,0.14875187969924814,-0.28069435273630716,0.14429368602578407,0.14184045947987373,0.03639464301430251
0.03,0.2,0.1045,0.0,0.0,0.0,0.0,0.15268958109559613,-0.30035992630621366,0.13791353556251779,0.1355514892470892,0.03639464301430251
0.03,0.2,0.108,0.0,0.0,0.0,0.0,0.15607303974221268,-0.3169490734189247,0.1326808522551557,0.13039490814441507,0.03639464301430251
0.03,0.2,0.1115,0.0,0.0,0.0,0.0,0.15900429645542427,-0.33111980125222396,0.12830831829182401,0.12608677411573602,0.03639464301430251
0.03,0.2,0.11499999999999999,0.0,0.0,0.0,0.0,0.16309774436090227,-0.3506635285055306,0.12241257020455848,0.12027882746761787,0.03639464301430251
0.03,0.2,0.1185,0.0,0.0,0.0,0.0,0.16674973147153596,-0.36772772476245885,0.11743075450980633,0.11537250852405471,0.03639464301430251
0.03,0.2,0.122,0.0,0.0,0.0,0.0,0.1697798066595059,-0.38172064921976534,0.11343066326012156,0.11143359732628796,0.03639464301430251
0.03,0.2,0.1255,0.0,0.0,0.0,0.0,0.17343179377013965,-0.39827032161228987,0.10883834927774355,0.10691249174761279,0.03639464301430251
0.03,0.2,0.129,0.0,0.0,0.0,0.0,0.17782277121374865,-0.4178834041181454,0.10353169111555495,0.10168893867989275,0.03639464301430251
0.03,0.2,0.1325,0.0,0.0,0.0,0.0,0.1805456498388829,-0.42980043042646693,0.10041164526085355,0.09861840964978139,0.03639464301430251
0.03,0.2,0.136,0.0,0.0,0.0,0.0,0.18369495166487648,-0.4434833781058584,0.09687881933579699,0.09514190061227229,0.03639464301430251
0.03,0.2,0.1395,0.0,0.0,0.0,0.0,0.18772287862513426,-0.46065836801918914,0.0925775415220773,0.09090997557644209,0.03639464301430251
0.03,0.2,0.14300000000000002,0.0,0.0,0.0,0.0,0.1905059076262084,-0.4723711189381017,0.08971189858875465,0.08809088173877377,0.03639464301430251
0.03,0.2,0.14650000000000002,0.0,0.0,0.0,0.0,0.19370569280343716,-0.48562261100019116,0.08654727748691637,0.08497811891903179,0.03639464301430251
0.03,0.2,0.15000000000000002,0.0,0.0,0.0,0.0,0.1982857142857143,-0.5042594958301574,0.08222825363124281,0.08073049516566363,0.03639464301430251
0.03,0.2,0.15350000000000003,0.0,0.0,0.0,0.0,0.20069387755102042,-0.5139163049426672,0.08004494432399543,0.07858354476087821,0.03639464301430251
0.03,0.2,0.157,0.0,0.0,0.0,0.0,0.20453061224489796,-0.5290994726441771,0.0766864223926599,0.07528128557297702,0.03639464301430251
0.03,0.2,0.1605,0.0,0.0,0.0,0.0,0.20768313641245972,-0.5413565606340491,0.07404917730663131,0.07268856371279349,0.03639464301430251
0.03,0.2,0.164,0.0,0.0,0.0,0.0,0.21163157894736842,-0.5564720957058362,0.07087739527769181,0.06957067868260597,0.03639464301430251
0.03,0.2,0.1675,0.0,0.0,0.0,0.0,0.21497099892588614,-0.569052105529281,0.06830739489291637,0.067044626784729,0.03639464301430251
0.03,0.2,0.171,0.0,0.0,0.0,0.0,0.2182234156820623,-0.5811507136265699,0.06588814984926429,0.06466695642888858,0.03639464301430251
0.03,0.2,0.17450000000000002,0.0,0.0,0.0,0.0,0.2213329752953813,-0.5924582588519375,0.06369730738590267,0.06251406550225685,0.03639464301430251
0.03,0.2,0.17800000000000002,0.0,0.0,0.0,0.0,0.22576799140708914,-0.6084298038827691,0.0606567858242638,0.05952638524395109,0.03639464301430251
0.03,0.2,0.18150000000000002,0.0,0.0,0.0,0.0,0.22992481203007517,-0.6230959888889405,0.057953433937257326,0.0568703348977384,0.03639464301430251
0.03,0.2,0.18500000000000003,0.0,0.0,0.0,0.0,0.2327013963480129,-0.632659483231703,0.056245769692919285,0.05519276381537419,0.03639464301430251
0.03,0.2,0.1885,0.0,0.0,0.0,0.0,0.23656605800214822,-0.6458876735296174,0.053915461450922894,0.052903593190625334,0.03639464301430251
0.03,0.2,0.192,0.0,0.0,0.0,0.0,0.23962943071965628,-0.6561585079778409,0.05215842208836332,0.05117775309472893,0.03639464301430251
0.03,0.2,0.1955,0.0,0.0,0.0,0.0,0.2427175080558539,-0.6663579401417017,0.05044843135387791,0.049498238836330595,0.03639464301430251
0.03,0.2,0.199,0.0,0.0,0.0,0.0,0.24634908700322236,-0.6782163608161078,0.04849879589458626,0.047583454717033374,0.03639464301430251
0.03,0.2,0.2025,0.0,0.0,0.0,0.0,0.25050375939849623,-0.6914177374110604,0.046399785538867755,0.045522206084102027,0.03639464301430251
0.03,0.2,0.20600000000000002,0.0,0.0,0.0,0.0,0.25379484425349086,-0.701772354228508,0.044780504588519864,0.04393211806996615,0.03639464301430251
0.03,0.2,0.20950000000000002,0.0,0.0,0.0,0.0,0.2568259935553169,-0.7111500548102765,0.0433464887324439,0.042524050242855986,0.03639464301430251
0.03,0.2,0.21300000000000002,0.0,0.0,0.0,0.0,0.26094414607948446,-0.7236268009432064,0.0414883748559101,0.04069969977057799,0.03639464301430251
0.03,0.2,0.21650000000000003,0.0,0.0,0.0,0.0,0.2638936627282492,-0.7324140194881359,0.04020679798459777,0.03944148357951194,0.03639464301430251
0.03,0.2,0.22,0.0,0.0,0.0,0.0,0.26858431793770143,-0.7461719128695615,0.03824506580436329,0.03751561351893417,0.03639464301430251
0.03,0.25,0.01,1.0,1.0,0.0,0.0,0.06026789587852495,0.2755516148845244,0.3753848448205652,0.3700577655875002,0.041440684091783364
0.03,0.25,0.0135,1.0,1.0,0.0,0.0,0.06378524945770066,0.24800275648066625,0.3626144345305405,0.3573651775844196,0.041440684091783364
0.03,0.25,0.017,1.0,1.0,0.0,0.0,0.06736008676789589,0.22057772152292243,0.3498782448121259,0.34471345874268605,0.041440684091783364
0.03,0.25,0.0205,1.0,1.0,0.0,0.0,0.07069522776572669,0.19558218494779175,0.3382390847512467,0.333158617155946,0.041440684091783364
0.03,0.25,0.024,1.0,1.0,0.0,0.0,0.07456941431670282,0.16709262697861457,0.32500587113254825,0.32002788231145624,0.041440684091783364
0.03,0.25,0.027500000000000004,1.0,1.0,0.0,0.0,0.07774620390455532,0.14417386694722917,0.3143924532972699,0.30950200469467376,0.041440684091783364
0.03,0.25,0.031,1.0,1.0,0.0,0.0,0.08105422993492407,0.12079835754636377,0.30360900787366385,0.2988133868659401,0.041440684091783364
0.03,0.25,0.0345,1.0,1.0,0.0,0.0,0.08515835140997831,0.09239053797670536,0.29060531594069094,0.28593105946668984,0.041440684091783364
0.03,0.25,0.038,1.0,1.0,0.0,0.0,0.08881453362255964,0.06758724051789543,0.2793547531690945,0.2747913683447132,0.041440684091783364
0.03,0.25,0.0415,1.0,0.99,0.0,0.0,0.09181670281995662,0.047566469420457544,0.27036100491966425,0.26589019158577815,0.041440684091783364
0.03,0.25,0.045000000000000005,1.0,0.84,0.0,0.0,0.09602494577006508,0.020024077664264034,0.2581404051145718,0.2538011681140098,0.041440684091783364
0.03,0.25,0.0485,1.0,0.57,0.0,0.0,0.09846203904555315,0.004374766213484557,0.25127967839117893,0.2470175733515341,0.041440684091783364
0.03,0.25,0.052000000000000005,1.0,0.23,0.0,0.0,0.10227006507592191,-0.01969073019907269,0.24087560121611273,0.2367344965955687,0.041440684091783364
0.03,0.25,0.0555,0.9,0.01,0.0,0.0,0.10607483731019522,-0.04336730834915353,0.2307936283167903,0.2267735186225758,0.041440684091783364
0.03,0.25,0.059000000000000004,0.54,0.0,0.0,0.0,0.1093882863340564,-0.06356249551665433,0.22235059943206537,0.21843594519533482,0.041440684091783364
0.03,0.25,0.0625,0.21,0.0,0.0,0.0,0.11283947939262473,-0.08427480343421635,0.21383500079653875,0.2100296973700469,0.041440684091783364
0.03,0.25,0.066,0.05,0.0,0.0,0.0,0.115941431670282,-0.1025790757728812,0.2064481414853945,0.2027405148942043,0.041440684091783364
0.03,0.25,0.0695,0.0,0.0,0.0,0.0,0.11955965292841648,-0.12359849213733323,0.19811122559425418,0.19451662802435307,0.041440684091783364
0.03,0.25,0.073,0.0,0.0,0.0,0.0,0.12359544468546638,-0.14665358924749491,0.18916916364677583,0.1856990220540358,0.041440684091783364
0.03,0.25,0.0765,0.0,0.0,0.0,0.0,0.12687852494577007,-0.16503920671924896,0.18220483780945926,0.17883445653064164,0.041440684091783364
0.03,0.25,0.08,0.0,0.0,0.0,0.0,0.13075596529284167,-0.18647181188617398,0.1742449330892969,0.17099064857039728,0.041440684091783364
0.03,0.25,0.08349999999999999,0.0,0.0,0.0,0.0,0.1335824295010846,-0.20179410099012507,0.16869538052379493,0.1655241207057441,0.041440684091783364
0.03,0.25,0.087,0.0,0.0,0.0,0.0,0.13756073752711498,-0.22306363577241836,0.16114876245414586,0.15809233682074342,0.041440684091783364
0.03,0.25,0.0905,0.0,0.0,0.0,0.0,0.14090347071583514,-0.2406327391967527,0.15506865995373242,0.15210661702781167,0.041440684091783364
0.03,0.25,0.094,0.0,0.0,0.0,0.0,0.14432863340563992,-0.2583537127637174,0.1490776561911766,0.1462102738816481,0.041440684091783364
0.03,0.25,0.0975,0.0,0.0,0.0,0.0,0.14779067245119307,-0.27601663488136186,0.14324427102752654,0.1404704163285853,0.041440684091783364
0.03,0.25,0.10099999999999999,0.0,0.0,0.0,0.0,0.15175271149674618,-0.2958545382354689,0.13687125637542844,0.1342015343499642,0.041440684091783364
0.03,0.25,0.1045,0.0,0.0,0.0,0.0,0.15477006507592192,-0.31074711462182886,0.13219879231001339,0.12960645733912837,0.041440684091783364
0.03,0.25,0.108,0.0,0.0,0.0,0.0,0.1586691973969631,-0.32966253265543627,0.12642375829806907,0.12392854518573326,0.041440684091783364
0.03,0.25,0.1115,0.0,0.0,0.0,0.0,0.16186008676789587,-0.3449062815098079,0.12188343836403068,0.11946558876054542,0.041440684091783364
0.03,0.25,0.11499999999999999,0.0,0.0,0.0,0.0,0.16491323210412148,-0.35930409617563613,0.11768957607723456,0.11534394258451205,0.041440684091783364
0.03,0.25,0.1185,0.0,0.0,0.0,0.0,0.16863557483731018,-0.3765606145237399,0.11280351099187637,0.11054313667070927,0.041440684091783364
0.03,0.25,0.122,0.0,0.0,0.0,0.0,0.17205531453362255,-0.3921947078399694,0.10847598984888551,0.10629185915239775,0.041440684091783364
0.03,0.25,0.1255,0.0,0.0,0.0,0.0,0.17555639913232102,-0.4079300081879129,0.10424074697490544,0.10213214407940509,0.041440684091783364
0.03,0.25,0.129,0.0,0.0,0.0,0.0,0.1787472885032538,-0.42209750011610914,0.10051235870283777,0.09847079418898501,0.041440684091783364
0.03,0.25,0.1325,0.0,0.0,0.0,0.0,0.1829013015184382,-0.4402056763694726,0.09588893461523725,0.09393145923645874,0.041440684091783364
0.03,0.25,0.136,0.0,0.0,0.0,0.0,0.18737527114967464,-0.4593197806505083,0.09116639519778168,0.08929583220518338,0.041440684091783364
0.03,0.25,0.1395,0.0,0.0,0.0,0.0,0.1892885032537961,-0.4673795509877545,0.08922007095815733,0.08738560161059591,0.041440684091783364
0.03,0.25,0.14300000000000002,0.0,0.0,0.0,0.0,0.19428091106290674,-0.4881010293331351,0.08434670845014186,0.08260333656649461,0.041440684091783364
0.03,0.25,0.14650000000000002,0.0,0.0,0.0,0.0,0.19705856832971802,-0.4994321426460426,0.08175842365574643,0.08006386319547243,0.041440684091783364
0.03,0.25,0.15000000000000002,0.0,0.0,0.0,0.0,0.19967895878524947,-0.5099925657867871,0.07939160331272814,0.07774192934534217,0.041440684091783364
0.03,0.25,0.15350000000000003,0.0,0.0,0.0,0.0,0.2038947939262473,-0.5267068327031987,0.07574479900190757,0.0741648068872262,0.041440684091783364
0.03,0.25,0.157,0.0,0.0,0.0,0.0,0.2075531453362256,-0.540943941339663,0.07273208079610864,0.07121012784433191,0.041440684091783364
0.03,0.25,0.1605,0.0,0.0,0.0,0.0,0.21131236442516269,-0.5553608911938701,0.06975371138326941,0.06828946286307573,0.041440684091783364
0.03,0.25,0.164,0.0,0.0,0.0,0.0,0.21433405639913233,-0.5667922653050631,0.0674459467037459,0.06602665708067394,0.041440684091783364
0.03,0.25,0.1675,0.0,0.0,0.0,0.0,0.217853579175705,-0.5798600923095958,0.06488252468528745,0.06351352419276739,0.041440684091783364
0.03,0.25,0.171,0.0,0.0,0.0,0.0,0.22119197396963122,-0.5921214102353558,0.06252282716384303,0.06120029030282029,0.041440684091783364
0.03,0.25,0.17450000000000002,0.0,0.0,0.0,0.0,0.22441323210412148,-0.6037201460808878,0.06035230147866602,0.05907279635382838,0.041440684091783364
0.03,0.25,0.17800000000000002,0.0,0.0,0.0,0.0,0.22762689804772232,-0.6151382432461456,0.0582620354330238,0.05702414651072887,0.041440684091783364
0.03,0.25,0.18150000000000002,0.0,0.0,0.0,0.0,0.23207266811279825,-0.6306422392295574,0.055502385576671,0.05431974947787046,0.041440684091783364
0.03,0.25,0.18500000000000003,0.0,0.0,0.0,0.0,0.2349869848156182,-0.6406109037619391,0.05377694381921522,0.05262904513311646,0.041440684091783364
0.03,0.25,0.1885,0.0,0.0,0.0,0.0,0.23857266811279826,-0.652781688205313,0.051701217581891085,0.050595196624054324,0.041440684091783364
0.03,0.25,0.192,0.0,0.0,0.0,0.0,0.24176681127982647,-0.6633244028403478,0.04996636608757032,0.04889560229902573,0.041440684091783364
0.03,0.25,0.1955,0.0,0.0,0.0,0.0,0.2458590021691974,-0.6767449697937559,0.04778588929859594,0.046759503997473445,0.041440684091783364
0.03,0.25,0.199,0.0,0.0,0.0,0.0,0.24928524945770064,-0.6876992211300126,0.04606503777062589,0.04507388490550678,0.041440684091783364
0.03,0.25,0.2025,0.0,0.0,0.0,0.0,0.2525596529284165,-0.698031456115148,0.044472345389405525,0.0435138938639802,0.041440684091783364
0.03,0.25,0.20600000000000002,0.0,0.0,0.0,0.0,0.2560845986984816,-0.7089535163539945,0.04282916765736929,0.04190458809345135,0.041440684091783364
0.03,0.25,0.20950000000000002,0.0,0.0,0.0,0.0,0.2609501084598698,-0.7237615107953601,0.04065356157884023,0.03977398296127638,0.041440684091783364
0.03,0.25,0.21300000000000002,0.0,0.0,0.0,0.0,0.26319631236442514,-0.7304683021636593,0.039693165704686686,0.03883352209221538,0.041440684091783364
0.03,0.25,0.21650000000000003,0.0,0.0,0.0,0.0,0.26685140997830803,-0.7412326091950399,0.03817808440778706,0.03734996881962954,0.041440684091783364
0.03,0.25,0.22,0.0,0.0,0.0,0.0,0.27139696312364425,-0.7543589991899942,0.036375369772414366,0.03558489870627853,0.041440684091783364
0.03,0.3,0.01,1.0,1.0,0.0,0.0,0.063065717415115,0.2534560509287563,0.3603021983966279,0.35442329496241487,0.04656115536396532
0.03,0.3,0.0135,1.0,1.0,0.0,0.0,0.06660240963855422,0.22624274494077248,0.34773294548902384,0.34194986875290334,0.04656115536396532
0.03,0.3,0.017,1.0,1.0,0.0,0.0,0.07006352683461117,0.20011965610391322,0.33566945306422474,0.32998513901287974,0.04656115536396532
0.03,0.3,0.0205,1.0,1.0,0.0,0.0,0.07359802847754655,0.17406720362125042,0.3236361445168974,0.3180586945369663,0.04656115536396532
0.03,0.3,0.024,1.0,1.0,0.0,0.0,0.07712595837897043,0.14852504285316706,0.31188728703208113,0.30642034563139464,0.04656115536396532
0.03,0.3,0.027500000000000004,1.0,1.0,0.0,0.0,0.08087185104052574,0.12191507686595118,0.29971212176434997,0.29436648652020714,0.04656115536396532
0.03,0.3,0.031,1.0,1.0,0.0,0.0,0.08417962760131434,0.09899358852064237,0.28929630625977554,0.28406195421324704,0.04656115536396532
0.03,0.3,0.0345,1.0,1.0,0.0,0.0,0.08789156626506024,0.07365945066698872,0.27787887407357187,0.2727715254680783,0.04656115536396532
0.03,0.3,0.038,1.0,0.99,0.0,0.0,0.09118510405257392,0.05162647680390485,0.268053720209747,0.263061269947709,0.04656115536396532
0.03,0.3,0.0415,1.0,0.89,0.0,0.0,0.09451259583789705,0.029809329491525663,0.258439468037489,0.2535648539691811,0.04656115536396532
0.03,0.3,0.045000000000000005,1.0,0.58,0.0,0.0,0.0983723986856517,0.004857099623535505,0.24758410596128905,0.24284678527225734,0.04656115536396532
0.03,0.3,0.0485,1.0,0.17,0.0,0.0,0.10230339539978095,-0.02004439656394953,0.2369189570650968,0.23232245151262482,0.04656115536396532
0.03,0.3,0.052000000000000005,0.96,0.01,0.0,0.0,0.10536035049288062,-0.039113146709952536,0.22887505658263838,0.22438806259577246,0.04656115536396532
0.03,0.3,0.0555,0.7,0.0,0.0,0.0,0.10876232201533406,-0.05988506168813154,0.22027121671729752,0.2159061612135098,0.04656115536396532
0.03,0.3,0.059000000000000004,0.31,0.0,0.0,0.0,0.11219715224534502,-0.0805669063523443,0.21183813425652853,0.2075955870440322,0.04656115536396532
0.03,0.3,0.0625,0.05,0.0,0.0,0.0,0.11542387732749178,-0.09967800657503213,0.2041910470203687,0.20006273277608524,0.04656115536396532
0.03,0.3,0.066,0.01,0.0,0.0,0.0,0.11864403066812707,-0.11844564304063658,0.19681419867684682,0.19279896512527256,0.04656115536396532
0.03,0.3,0.0695,0.0,0.0,0.0,0.0,0.1223143483023001,-0.13952685394169106,0.18868536574394695,0.1847975278800341,0.04656115536396532
0.03,0.3,0.073,0.0,0.0,0.0,0.0,0.12568346111719605,-0.15851480544983831,0.1815321751778277,0.17775956584205102,0.04656115536396532
0.03,0.3,0.0765,0.0,0.0,0.0,0.0,0.1295947426067908,-0.18021426501641952,0.17353668011385565,0.1698956488595762,0.04656115536396532
0.03,0.3,0.08,0.0,0.0,0.0,0.0,0.132842278203724,-0.19792298241484524,0.1671623449147331,0.16362858135090894,0.04656115536396532
0.03,0.3,0.08349999999999999,0.0,0.0,0.0,0.0,0.13624534501642935,-0.2162115647082016,0.16071748816059409,0.15729412793707437,0.04656115536396532
0.03,0.3,0.087,0.0,0.0,0.0,0.0,0.14040306681270537,-0.23814517135604704,0.1531942406064681,0.14990256204916777,0.04656115536396532
0.03,0.3,0.0905,0.0,0.0,0.0,0.0,0.1443450164293538,-0.25857279618778434,0.14637631407599322,0.1432063079030439,0.04656115536396532
0.03,0.3,0.094,0.0,0.0,0.0,0.0,0.14761007667031764,-0.27522450280140437,0.14095740944426005,0.13788573869849172,0.04656115536396532
0.03,0.3,0.0975,0.0,0.0,0.0,0.0,0.1512814895947426,-0.2936035573052694,0.13514197447871706,0.13217773316896714,0.04656115536396532
0.03,0.3,0.10099999999999999,0.0,0.0,0.0,0.0,0.15378641840087623,-0.3060135377893139,0.13128284869856985,0.12839057542762294,0.04656115536396532
0.03,0.3,0.1045,0.0,0.0,0.0,0.0,0.15718838992332967,-0.32266877717247816,0.1262116727110884,0.12341501518154206,0.04656115536396532
0.03,0.3,0.108,0.0,0.0,0.0,0.0,0.16169222343921139,-0.3442598687748124,0.11985340401517112,0.11717877801017579,0.04656115536396532
0.03,0.3,0.1115,0.0,0.0,0.0,0.0,0.16476670317634173,-0.35873166951719376,0.11571173675859737,0.11311775746018532,0.04656115536396532
0.03,0.3,0.11499999999999999,0.0,0.0,0.0,0.0,0.16819824753559692,-0.374666380083541,0.11125807099429907,0.10875168230104063,0.04656115536396532
0.03,0.3,0.1185,0.0,0.0,0.0,0.0,0.17176779846659365,-0.39101789815431315,0.1067948828646906,0.10437714689132127,0.04656115536396532
0.03,0.3,0.122,0.0,0.0,0.0,0.0,0.17487075575027383,-0.4050309386460805,0.10306242032726608,0.10071954898328662,0.04656115536396532
0.03,0.3,0.1255,0.0,0.0,0.0,0.0,0.17856297918948522,-0.4214046584025034,0.09882568522002706,0.09656879707017403,0.04656115536396532
0.03,0.3,0.129,0.0,0.0,0.0,0.0,0.18236254107338445,-0.43800465579241604,0.09464489899081395,0.09247364762346726,0.04656115536396532
0.03,0.3,0.1325,0.0,0.0,0.0,0.0,0.18514676889375686,-0.44996394218395097,0.09171043698187241,0.08959988793305605,0.04656115536396532
0.03,0.3,0.136,0.0,0.0,0.0,0.0,0.18836911281489596,-0.46364947853163274,0.08842310765711744,0.08638098643744341,0.04656115536396532
0.03,0.3,0.1395,0.0,0.0,0.0,0.0,0.19214786418400875,-0.4794625255856244,0.08472065660182126,0.08275621273186061,0.04656115536396532
0.03,0.3,0.14300000000000002,0.0,0.0,0.0,0.0,0.19519824753559692,-0.4919881973468118,0.08187502758734261,0.07997085873599301,0.04656115536396532
0.03,0.3,0.14650000000000002,0.0,0.0,0.0,0.0,0.19913472070098576,-0.5079365675308347,0.07833337633172588,0.07650469359906702,0.04656115536396532
0.03,0.3,0.15000000000000002,0.0,0.0,0.0,0.0,0.20289375684556407,-0.522923297676072,0.07509584595866554,0.07333667987994992,0.04656115536396532
0.03,0.3,0.15350000000000003,0.0,0.0,0.0,0.0,0.20670208105147864,-0.5378176449706941,0.07197578059776104,0.07028416328589811,0.04656115536396532
0.03,0.3,0.157,0.0,0.0,0.0,0.0,0.21002957283680174,-0.5506378833579952,0.06935748469339574,0.06772290137577254,0.04656115536396532
0.03,0.3,0.1605,0.0,0.0,0.0,0.0,0.2133592552026287,-0.5632702062284028,0.06684031429447257,0.06526087705185078,0.04656115536396532
0.03,0.3,0.164,0.0,0.0,0.0,0.0,0.21741073384446877,-0.578353667926087,0.06391996708830834,0.06240495963748776,0.04656115536396532
0.03,0.3,0.1675,0.0,0.0,0.0,0.0,0.22130449069003288,-0.5926500787986401,0.0612194035414404,0.059764262284941846,0.04656115536396532
0.03,0.3,0.171,0.0,0.0,0.0,0.0,0.22444906900328587,-0.6039514625064107,0.05915120412715961,0.05774223556004558,0.04656115536396532
0.03,0.3,0.17450000000000002,0.0,0.0,0.0,0.0,0.2275334063526835,-0.6149101253207641,0.057179839605948087,0.05581503251187241,0.04656115536396532
0.03,0.3,0.17800000000000002,0.0,0.0,0.0,0.0,0.23055202628696606,-0.6255355252553894,0.05530162093783995,0.05397900887657141,0.04656115536396532
0.03,0.3,0.18150000000000002,0.0,0.0,0.0,0.0,0.23469550930996713,-0.6397321419042276,0.052882201327309114,0.05161436215299339,0.04656115536396532
0.03,0.3,0.18500000000000003,0.0,0.0,0.0,0.0,0.2378368017524644,-0.650450280810946,0.051076472401205004,0.0498495578716198,0.04656115536396532
0.03,0.3,0.1885,0.0,0.0,0.0,0.0,0.24097042716319822,-0.6608735614811804,0.04937747283700616,0.04818932118674586,0.04656115536396532
0.03,0.3,0.192,0.0,0.0,0.0,0.0,0.24493866374589268,-0.6738485500343572,0.047313795439865,0.046172917448263434,0.04656115536396532
0.03,0.3,0.1955,0.0,0.0,0.0,0.0,0.2491949616648412,-0.6875857274553604,0.04517470922811153,0.04408297702694679,0.04656115536396532
0.03,0.3,0.199,0.0,0.0,0.0,0.0,0.2522278203723987,-0.6971277308241013,0.04373495190268048,0.04267648522968919,0.04656115536396532
0.03,0.3,0.2025,0.0,0.0,0.0,0.0,0.25607886089813797,-0.7091077921101833,0.04195970217509706,0.04094234573415182,0.04656115536396532
0.03,0.3,0.20600000000000002,0.0,0.0,0.0,0.0,0.2595136911281489,-0.7196116338668253,0.040438537527682075,0.03945652509623107,0.04656115536396532
0.03,0.3,0.20950000000000002,0.0,0.0,0.0,0.0,0.26229682365826945,-0.727917081171008,0.039269808902159926,0.03831507673871767,0.04656115536396532
0.03,0.3,0.21300000000000002,0.0,0.0,0.0,0.0,0.2662409638554217,-0.7395539946969408,0.03765835677232558,0.03674131033522041,0.04656115536396532
0.03,0.3,0.21650000000000003,0.0,0.0,0.0,0.0,0.26963745892661556,-0.7494595437843905,0.03630961956601533,0.035424174125501806,0.04656115536396532
0.03,0.3,0.22,0.0,0.0,0.0,0.0,0.27368236582694416,-0.7609441065708882,0.03479303914051313,0.03394328441953378,0.04656115536396532
0.03,0.35,0.01,1.0,1.0,0.0,0.0,0.06638163716814159,0.2277866325151873,0.34370463846383076,0.3373148413134755,0.05175790477917808
0.03,0.35,0.0135,1.0,1.0,0.0,0.0,0.06938716814159292,0.20503842940826714,0.3332711920893662,0.32697833093180956,0.05175790477917808
0.03,0.35,0.017,1.0,1.0,0.0,0.0,0.07307964601769912,0.17765961677239125,0.32071758183764154,0.3145496964795649,0.05175790477917808
0.03,0.35,0.0205,1.0,1.0,0.0,0.0,0.07636725663716815,0.15381345051130238,0.30982033131328035,0.3037686792255077,0.05175790477917808
0.03,0.35,0.024,1.0,1.0,0.0,0.0,0.07992920353982301,0.1284389523560667,0.2982845431649509,0.29236263831415804,0.05175790477917808
0.03,0.35,0.027500000000000004,1.0,1.0,0.0,0.0,0.08338606194690266,0.10429049435018499,0.2873825943959886,0.28159014693307927,0.05175790477917808
0.03,0.35,0.031,1.0,1.0,0.0,0.0,0.08715818584070796,0.07849105002900834,0.27584648105701925,0.27019877617055793,0.05175790477917808
0.03,0.35,0.0345,1.0,0.99,0.0,0.0,0.09060619469026548,0.05534747726897714,0.26560611114889654,0.26009291916817706,0.05175790477917808
0.03,0.35,0.038,1.0,0.98,0.0,0.0,0.09413274336283185,0.03207656944456954,0.2554242837459607,0.25005024137305853,0.05175790477917808
0.03,0.35,0.0415,1.0,0.71,0.0,0.0,0.09721128318584071,0.012149299873367944,0.24682380780632865,0.24157230078235944,0.05175790477917808
0.03,0.35,0.045000000000000005,1.0,0.26,0.0,0.0,0.10108738938053097,-0.012570314949310626,0.23629612177790224,0.231199361384476,0.05175790477917808
0.03,0.35,0.0485,0.97,0.04,0.0,0.0,0.10419690265486725,-0.03202522951186487,0.22814754353120684,0.22317515598625312,0.05175790477917808
0.03,0.35,0.052000000000000005,0.74,0.0,0.0,0.0,0.10818694690265486,-0.056552353638213114,0.21805299310871668,0.2132397716997362,0.05175790477917808
0.03,0.35,0.0555,0.42,0.0,0.0,0.0,0.11090929203539822,-0.07294844353413929,0.21143041643799776,0.20672543258612247,0.05175790477917808
0.03,0.35,0.059000000000000004,0.07,0.0,0.0,0.0,0.11492256637168141,-0.09687194318649428,0.20190998568925578,0.19736322942946077,0.05175790477917808
0.03,0.35,0.0625,0.02,0.0,0.0,0.0,0.11840265486725662,-0.11715002789887136,0.19404099267839026,0.18962981365266496,0.05175790477917808
0.03,0.35,0.066,0.0,0.0,0.0,0.0,0.12212721238938054,-0.1385743750802566,0.1858723980266437,0.18160466494335112,0.05175790477917808
0.03,0.35,0.0695,0.0,0.0,0.0,0.0,0.12581194690265488,-0.1593187311371912,0.1781707450966576,0.17404244203779254,0.05175790477917808
0.03,0.35,0.073,0.0,0.0,0.0,0.0,0.129016592920354,-0.17715302774189293,0.1716664880231249,0.1676577258994837,0.05175790477917808
0.03,0.35,0.0765,0.0,0.0,0.0,0.0,0.13230309734513276,-0.19514130599849352,0.16525056042820502,0.16136225823088624,0.05175790477917808
0.03,0.35,0.08,0.0,0.0,0.0,0.0,0.13570022123893805,-0.21344560438705704,0.15886830439630867,0.15510215246696174,0.05175790477917808
0.03,0.35,0.08349999999999999,0.0,0.0,0.0,0.0,0.13974889380530972,-0.23486488818762852,0.1515984612029332,0.14797437149403836,0.05175790477917808
0.03,0.35,0.087,0.0,0.0,0.0,0.0,0.14286836283185841,-0.25103722454193944,0.14626839451208806,0.142750730585791,0.05175790477917808
0.03,0.35,0.0905,0.0,0.0,0.0,0.0,0.14597898230088496,-0.2670325390505935,0.14107247672362702,0.13765939878655836,0.05175790477917808
0.03,0.35,0.094,0.0,0.0,0.0,0.0,0.15007853982300884,-0.28773465585147845,0.13453935976704332,0.1312601494965343,0.05175790477917808
0.03,0.35,0.0975,0.0,0.0,0.0,0.0,0.15340597345132742,-0.3042761102123773,0.12945272032269486,0.12627926878122933,0.05175790477917808
0.03,0.35,0.10099999999999999,0.0,0.0,0.0,0.0,0.15682522123893805,-0.3210371228742921,0.12441527769665632,0.12134789624185081,0.05175790477917808
0.03,0.35,0.1045,0.0,0.0,0.0,0.0,0.16001106194690265,-0.3363685297196378,0.11993891406639356,0.11696722216429539,0.05175790477917808
0.03,0.35,0.108,0.0,0.0,0.0,0.0,0.16471902654867257,-0.3586370978022493,0.11362242514922137,0.1107876046173492,0.05175790477917808
0.03,0.35,0.1115,0.0,0.0,0.0,0.0,0.16783738938053097,-0.3731794692083743,0.10960266738918911,0.1068558732156123,0.05175790477917808
0.03,0.35,0.11499999999999999,0.0,0.0,0.0,0.0,0.17082190265486727,-0.3868474916586387,0.1059305002857844,0.1032651580518398,0.05175790477917808
0.03,0.35,0.1185,0.0,0.0,0.0,0.0,0.17426769911504425,-0.4024347931443038,0.10183239339458164,0.09925870220226632,0.05175790477917808
0.03,0.35,0.122,0.0,0.0,0.0,0.0,0.17825221238938052,-0.42018621564501,0.09728852219558158,0.09481743579633899,0.05175790477917808
0.03,0.35,0.1255,0.0,0.0,0.0,0.0,0.18112168141592921,-0.4327154896868946,0.09418132378897734,0.09178126388394366,0.05175790477917808
0.03,0.35,0.129,0.0,0.0,0.0,0.0,0.18439601769911504,-0.4469151474581481,0.09071184380869578,0.08839139812681929,0.05175790477917808
0.03,0.35,0.1325,0.0,0.0,0.0,0.0,0.18887610619469025,-0.46593830963142585,0.0862216899866362,0.08400549706340385,0.05175790477917808
0.03,0.35,0.136,0.0,0.0,0.0,0.0,0.1918362831858407,-0.47827682498336216,0.08339875274071724,0.08124873188028248,0.05175790477917808
0.03,0.35,0.1395,0.0,0.0,0.0,0.0,0.19590486725663717,-0.49496039673339703,0.07967789609900405,0.07761576611994415,0.05175790477917808
0.03,0.35,0.14300000000000002,0.0,0.0,0.0,0.0,0.19813606194690267,-0.5040727936711498,0.07767169277584907,0.07565704818044977,0.05175790477917808
0.03,0.35,0.14650000000000002,0.0,0.0,0.0,0.0,0.20273672566371684,-0.522429285698349,0.07377020423990255,0.07184888655572123,0.05175790477917808
0.03,0.35,0.15000000000000002,0.0,0.0,0.0,0.0,0.20551216814159293,-0.5332903432916862,0.07153024604797413,0.06966293399710383,0.05175790477917808
0.03,0.35,0.15350000000000003,0.0,0.0,0.0,0.0,0.2094236725663717,-0.5484449221489757,0.06846438270565038,0.06667130019511129,0.05175790477917808
0.03,0.35,0.157,0.0,0.0,0.0,0.0,0.21350774336283188,-0.5639637451117178,0.06542161271347771,0.06370274677587046,0.05175790477917808
0.03,0.35,0.1605,0.0,0.0,0.0,0.0,0.2167599557522124,-0.576094996297317,0.06311018717152944,0.06144806896232066,0.05175790477917808
0.03,0.35,0.164,0.0,0.0,0.0,0.0,0.219608407079646,-0.5865575187399845,0.0611635124758314,0.05954943627030798,0.05175790477917808
0.03,0.35,0.1675,0.0,0.0,0.0,0.0,0.22388938053097346,-0.6021147620894369,0.058325361424958776,0.05678157396486734,0.05175790477917808
0.03,0.35,0.171,0.0,0.0,0.0,0.0,0.22707300884955753,-0.6134495240973025,0.05632082647985636,0.05482700643949867,0.05175790477917808
0.03,0.35,0.17450000000000002,0.0,0.0,0.0,0.0,0.23060398230088494,-0.6257926904724893,0.05419497313349141,0.0527544154012658,0.05175790477917808
0.03,0.35,0.17800000000000002,0.0,0.0,0.0,0.0,0.23401327433628316,-0.6375710884880371,0.052205335717637726,0.05081479560138311,0.05175790477917808
0.03,0.35,0.18150000000000002,0.0,0.0,0.0,0.0,0.23771128318584073,-0.6501452796557763,0.05013259616045021,0.04879438237292235,0.05175790477917808
0.03,0.35,0.18500000000000003,0.0,0.0,0.0,0.0,0.2408340707964602,-0.6605035368392815,0.04848021280657812,0.04718397665706138,0.05175790477917808
0.03,0.35,0.1885,0.0,0.0,0.0,0.0,0.24315265486725665,-0.6681944273610196,0.047258381649876044,0.04599317998488742,0.05175790477917808
0.03,0.35,0.192,0.0,0.0,0.0,0.0,0.2490033185840708,-0.6870334296168462,0.044381036739922955,0.0431894217005736,0.05175790477917808
0.03,0.35,0.1955,0.0,0.0,0.0,0.0,0.2516283185840708,-0.6953822045215887,0.04313347707130464,0.04197385158282865,0.05175790477917808
0.03,0.35,0.199,0.0,0.0,0.0,0.0,0.25480641592920356,-0.705298794736006,0.04168466216793818,0.04056233363365594,0.05175790477917808
0.03,0.35,0.2025,0.0,0.0,0.0,0.0,0.2576570796460177,-0.7140534077581927,0.0404319906808454,0.03934200718759029,0.05175790477917808
0.03,0.35,0.20600000000000002,0.0,0.0,0.0,0.0,0.26102544247787607,-0.7242938731753782,0.03899050242352295,0.03793781265913101,0.05175790477917808
0.03,0.35,0.20950000000000002,0.0,0.0,0.0,0.0,0.2662621681415929,-0.7397670833651827,0.036885099832892475,0.03588715172280125,0.05175790477917808
0.03,0.35,0.21300000000000002,0.0,0.0,0.0,0.0,0.2690940265486726,-0.748039213444372,0.03577866633801363,0.03480954494322573,0.05175790477917808
0.03,0.35,0.21650000000000003,0.0,0.0,0.0,0.0,0.2725486725663717,-0.7579066079027829,0.03449284038768603,0.033557335734299296,0.05175790477917808
0.03,0.35,0.22,0.0,0.0,0.0,0.0,0.2751117256637168,-0.7651170179214017,0.03356869364764997,0.032657403239837374,0.05175790477917808
0.03,0.4,0.01,1.0,1.0,0.0,0.0,0.06847709497206704,0.2117811216611734,0.33169647691448545,0.32478317853324873,0.05703284516337992
0.03,0.4,0.0135,1.0,1.0,0.0,0.0,0.07249832402234638,0.1818262111096969,0.3180609802138424,0.3112991343072137,0.05703284516337992
0.03,0.4,0.017,1.0,1.0,0.0,0.0,0.0760268156424581,0.15613646355303948,0.30641513494586686,0.29979202614538725,0.05703284516337992
0.03,0.4,0.0205,1.0,1.0,0.0,0.0,0.07934525139664805,0.13246983314774055,0.29573410816733936,0.2892459994202598,0.05703284516337992
0.03,0.4,0.024,1.0,1.0,0.0,0.0,0.08227709497206703,0.11187801939703328,0.28650054805591657,0.28013408744869617,0.05703284516337992
0.03,0.4,0.027500000000000004,1.0,1.0,0.0,0.0,0.08615530726256983,0.08518643700120868,0.2746356822735486,0.26843391152367846,0.05703284516337992
0.03,0.4,0.031,1.0,1.0,0.0,0.0,0.09006927374301675,0.05877597305413434,0.26303853665865984,0.2570056016726684,0.05703284516337992
0.03,0.4,0.0345,1.0,0.96,0.0,0.0,0.09340446927374302,0.036711582083741,0.25346380635946475,0.24757666869941924,0.05703284516337992
0.03,0.4,0.038,1.0,0.8,0.0,0.0,0.09667374301675977,0.01541676697378861,0.24433497298173923,0.23859159175714206,0.05703284516337992
0.03,0.4,0.0415,1.0,0.3,0.0,0.0,0.1004413407821229,-0.008581559725185631,0.23421931832296822,0.22864262400754154,0.05703284516337992
0.03,0.4,0.045000000000000005,0.97,0.1,0.0,0.0,0.10351284916201116,-0.027876666272352,0.22620223116048152,0.2207611601050068,0.05703284516337992
0.03,0.4,0.0485,0.74,0.0,0.0,0.0,0.10747709497206705,-0.05233330320730678,0.2162113527899187,0.21094499914574044,0.05703284516337992
0.03,0.4,0.052000000000000005,0.38,0.0,0.0,0.0,0.11069944134078213,-0.0718462117687483,0.2083960897084726,0.20327087373072428,0.05703284516337992
0.03,0.4,0.0555,0.08,0.0,0.0,0.0,0.11446927374301677,-0.09430442979487536,0.19957260837796564,0.19461096420549034,0.05703284516337992
0.03,0.4,0.059000000000000004,0.0,0.0,0.0,0.0,0.11799217877094971,-0.11497710692449971,0.1916001078324614,0.18678984670515383,0.05703284516337992
0.03,0.4,0.0625,0.0,0.0,0.0,0.0,0.12112513966480448,-0.13295938310317568,0.18483435216933303,0.1801567949174439,0.05703284516337992
0.03,0.4,0.066,0.0,0.0,0.0,0.0,0.12466145251396649,-0.1530332504681094,0.17741029182912244,0.17288050279219339,0.05703284516337992
0.03,0.4,0.0695,0.0,0.0,0.0,0.0,0.12805027932960894,-0.17192688411247953,0.17058507151167546,0.1661944215495222,0.05703284516337992
0.03,0.4,0.073,0.0,0.0,0.0,0.0,0.13163798882681563,-0.19167439771791778,0.16359208099678427,0.15934634325981734,0.05703284516337992
0.03,0.4,0.0765,0.0,0.0,0.0,0.0,0.13522346368715085,-0.21100904797464573,0.15693495592098844,0.15283056413425603,0.05703284516337992
0.03,0.4,0.08,0.0,0.0,0.0,0.0,0.13871396648044693,-0.22954593918102223,0.15069729986437064,0.1467276373181753,0.05703284516337992
0.03,0.4,0.08349999999999999,0.0,0.0,0.0,0.0,0.14288826815642458,-0.2513632342377712,0.14354217811698405,0.13972970968824086,0.05703284516337992
0.03,0.4,0.087,0.0,0.0,0.0,0.0,0.14492290502793295,-0.26181062301065855,0.14020499007393572,0.13646716721028498,0.05703284516337992
0.03,0.4,0.0905,0.0,0.0,0.0,0.0,0.14837206703910616,-0.2793545257665476,0.1346908807109317,0.13107752401808928,0.05703284516337992
0.03,0.4,0.094,0.0,0.0,0.0,0.0,0.15263351955307264,-0.3006106957234487,0.12821134278194618,0.12474686419166905,0.05703284516337992
0.03,0.4,0.0975,0.0,0.0,0.0,0.0,0.15590391061452513,-0.316688712016625,0.12343097455857344,0.12007773300109971,0.05703284516337992
0.03,0.4,0.10099999999999999,0.0,0.0,0.0,0.0,0.15947709497206705,-0.33390775480043233,0.11846736239773743,0.11523150072231271,0.05703284516337992
0.03,0.4,0.1045,0.0,0.0,0.0,0.0,0.16338659217877094,-0.35251574356924714,0.11322671511499031,0.11011597907194318,0.05703284516337992
0.03,0.4,0.108,0.0,0.0,0.0,0.0,0.16639441340782124,-0.36660118242308526,0.10936711334974557,0.10634964857607766,0.05703284516337992
0.03,0.4,0.1115,0.0,0.0,0.0,0.0,0.1699217877094972,-0.3828816354174357,0.10501140337459614,0.10210027672966339,0.05703284516337992
0.03,0.4,0.11499999999999999,0.0,0.0,0.0,0.0,0.17335195530726255,-0.39844358838845545,0.100964751236608,0.09815355771391544,0.05703284516337992
0.03,0.4,0.1185,0.0,0.0,0.0,0.0,0.17698212290502796,-0.4147017182534394,0.09683869356269392,0.09413021838946037,0.05703284516337992
0.03,0.4,0.122,0.0,0.0,0.0,0.0,0.1808078212290503,-0.4314907634121736,0.09271358492783614,0.09010907807335501,0.05703284516337992
0.03,0.4,0.1255,0.0,0.0,0.0,0.0,0.18458882681564245,-0.44784072288367244,0.08880191535540917,0.0862967983172724,0.05703284516337992
0.03,0.4,0.129,0.0,0.0,0.0,0.0,0.18786815642458102,-0.46179807535488815,0.0855527101699825,0.08313087040083932,0.05703284516337992
0.03,0.4,0.1325,0.0,0.0,0.0,0.0,0.19117988826815643,-0.4756825688753836,0.08240047814841187,0.08006005144716234,0.05703284516337992
0.03,0.4,0.136,0.0,0.0,0.0,0.0,0.1941798882681564,-0.48813418652247814,0.07962800244954539,0.07735952836906185,0.05703284516337992
0.03,0.4,0.1395,0.0,0.0,0.0,0.0,0.19786145251396647,-0.5030586370737443,0.0764221418810524,0.07423779838298868,0.05703284516337992
0.03,0.4,0.14300000000000002,0.0,0.0,0.0,0.0,0.20152513966480448,-0.5177930134159504,0.07331106077572853,0.07120862905602478,0.05703284516337992
0.03,0.4,0.14650000000000002,0.0,0.0,0.0,0.0,0.2056413407821229,-0.5339391828800367,0.07002949843137922,0.06801436723626879,0.05703284516337992
0.03,0.4,0.15000000000000002,0.0,0.0,0.0,0.0,0.20908603351955307,-0.5472492208101168,0.06739278459794469,0.06544821494849502,0.05703284516337992
0.03,0.4,0.15350000000000003,0.0,0.0,0.0,0.0,0.21252737430167598,-0.5603902034320611,0.0648448353019944,0.06296874323697596,0.05703284516337992
0.03,0.4,0.157,0.0,0.0,0.0,0.0,0.2155832402234637,-0.5718299138848267,0.06269111422082195,0.06087331387852693,0.05703284516337992
0.03,0.4,0.1605,0.0,0.0,0.0,0.0,0.2192871508379888,-0.5855054061069943,0.060175456990677584,0.05842606611495636,0.05703284516337992
0.03,0.4,0.164,0.0,0.0,0.0,0.0,0.2234469273743017,-0.6006588552169643,0.057452785737592424,0.055777755368916215,0.05703284516337992
0.03,0.4,0.1675,0.0,0.0,0.0,0.0,0.22643351955307264,-0.61133338073511,0.05558836666596204,0.05396455327932109,0.05703284516337992
0.03,0.4,0.171,0.0,0.0,0.0,0.0,0.22971284916201118,-0.6228792432404433,0.05361949989698177,0.052050010400306955,0.05703284516337992
0.03,0.4,0.17450000000000002,0.0,0.0,0.0,0.0,0.2332469273743017,-0.6350684287907589,0.051600474419308685,0.050087011173224213,0.05703284516337992
0.03,0.4,0.17800000000000002,0.0,0.0,0.0,0.0,0.2373608938547486,-0.6490872766304824,0.04932521876253318,0.047875079776718385,0.05703284516337992
0.03,0.4,0.18150000000000002,0.0,0.0,0.0,0.0,0.23991173184357542,-0.6576031518786885,0.04798316334123077,0.04657056599442676,0.05703284516337992
0.03,0.4,0.18500000000000003,0.0,0.0,0.0,0.0,0.24345474860335195,-0.6692936363055887,0.04617074514309136,0.04480898651871365,0.05703284516337992
0.03,0.4,0.1885,0.0,0.0,0.0,0.0,0.24728156424581005,-0.6816849437607505,0.044301746753994425,0.042992633407480725,0.05703284516337992
0.03,0.4,0.192,0.0,0.0,0.0,0.0,0.25042569832402234,-0.6917389859766417,0.042814027204680215,0.04154693155899328,0.05703284516337992
0.03,0.4,0.1955,0.0,0.0,0.0,0.0,0.25408826815642455,-0.7031972049565798,0.04116487905286943,0.03994457039385832,0.05703284516337992
0.03,0.4,0.199,0.0,0.0,0.0,0.0,0.2581240223463687,-0.7155963767877793,0.039424418926445284,0.03825365597397751,0.05703284516337992
0.03,0.4,0.2025,0.0,0.0,0.0,0.0,0.2616513966480447,-0.7263025249014217,0.03795038168644357,0.03682167179295923,0.05703284516337992
0.03,0.4,0.20600000000000002,0.0,0.0,0.0,0.0,0.2647899441340782,-0.735573389098908,0.036711286390189266,0.035618094463878994,0.05703284516337992
0.03,0.4,0.20950000000000002,0.0,0.0,0.0,0.0,0.26811620111731843,-0.7453098663586232,0.03543073912772906,0.034374305003788665,0.05703284516337992
0.03,0.4,0.21300000000000002,0.0,0.0,0.0,0.0,0.27197430167597764,-0.7564026099854092,0.03400250916042766,0.03298718821410184,0.05703284516337992
0.03,0.4,0.21650000000000003,0.0,0.0,0.0,0.0,0.2758513966480447,-0.7673172525599686,0.032631763620142994,0.03165602460562486,0.05703284516337992
0.03,0.4,0.22,0.0,0.0,0.0,0.0,0.27929608938547484,-0.7768221151956689,0.03146647038576977,0.030524474279856478,0.05703284516337992
