eta,attack,drift,shots,p_conventional_secure,p_uvif_stable,finite_key_margin_mean,uvif_score_mean,resource_force_mean,n_eff_mean
0.01,0.05,0.005,2000,1.0,0.0,0.5653991549749688,0.35788356918228414,1.2524579279982861,1971.0
0.0135,0.05,0.005,2000,1.0,0.0,0.5413779902311152,0.34930228471832175,1.2524579279982861,1971.0
0.017,0.05,0.005,2000,1.0,0.0,0.504191970892854,0.33576995366416346,1.2524579279982861,1971.0
0.0205,0.05,0.005,2000,1.0,0.0,0.4824256683699371,0.3277325331430534,1.2524579279982861,1971.0
0.024,0.05,0.005,2000,1.0,0.0,0.4386002291323889,0.31148000876140375,1.2524579279982861,1971.0
0.027500000000000004,0.05,0.005,2000,1.0,0.0,0.4139864050330841,0.30228216480597664,1.2524579279982861,1971.0
0.031,0.05,0.005,2000,1.0,0.0,0.37816226872553804,0.28887901554181744,1.2524579279982861,1971.0
0.0345,0.05,0.005,2000,1.0,0.0,0.35681015407531425,0.2808489961192423,1.2524579279982861,1971.0
0.038,0.05,0.005,2000,1.0,0.0,0.3223137354848092,0.26793734263122654,1.2524579279982861,1971.0
0.0415,0.05,0.005,2000,1.0,0.0,0.2940210812113977,0.25738755262326396,1.2524579279982861,1971.0
0.045000000000000005,0.05,0.005,2000,1.0,0.0,0.2685198914907033,0.24793510191494872,1.2524579279982861,1971.0
0.0485,0.05,0.005,2000,1.0,0.0,0.23659762416380453,0.23620458506225467,1.2524579279982861,1971.0
0.052000000000000005,0.05,0.005,2000,1.0,0.0,0.21057107586118615,0.22676921854172014,1.2524579279982861,1971.0
0.0555,0.05,0.005,2000,1.0,0.0,0.18613203973241693,0.21799895864385793,1.2524579279982861,1971.0
0.059000000000000004,0.05,0.005,2000,0.9875,0.0,0.1571409975337664,0.20782631416202296,1.2524579279982861,1971.0
0.0625,0.05,0.005,2000,1.0,0.0,0.12877689674600107,0.19787206357216766,1.2524579279982861,1971.0
0.066,0.05,0.005,2000,0.9875,0.0,0.10391811760681144,0.18943928574667085,1.2524579279982861,1971.0
0.0695,0.05,0.005,2000,0.975,0.0,0.09090131868281895,0.18508236662730446,1.2524579279982861,1971.0
0.073,0.05,0.005,2000,0.8625,0.0,0.057785224747944786,0.17421966427040073,1.2524579279982861,1971.0
0.0765,0.05,0.005,2000,0.825,0.0,0.037232936648436146,0.16758688076478462,1.2524579279982861,1971.0
0.08,0.05,0.005,2000,0.6,0.0,0.011445173007589205,0.15954527647255828,1.2524579279982861,1971.0
0.08349999999999999,0.05,0.005,2000,0.3625,0.0,-0.007196807540040856,0.15378509590496575,1.2524579279982861,1971.0
0.087,0.05,0.005,2000,0.2375,0.0,-0.02876977321922248,0.14735578013485723,1.2524579279982861,1971.0
0.0905,0.05,0.005,2000,0.1125,0.0,-0.04799828140571734,0.14166367326595183,1.2524579279982861,1971.0
0.094,0.05,0.005,2000,0.0875,0.0,-0.06821999067723976,0.13599761929157786,1.2524579279982861,1971.0
0.0975,0.05,0.005,2000,0.025,0.0,-0.09151631574187173,0.12942408232637576,1.2524579279982861,1971.0
0.10099999999999999,0.05,0.005,2000,0.0125,0.0,-0.1083420307186143,0.12482237344625288,1.2524579279982861,1971.0
0.1045,0.05,0.005,2000,0.0,0.0,-0.13642721525504636,0.1174812615490505,1.2524579279982861,1971.0
0.108,0.05,0.005,2000,0.0,0.0,-0.15026223231574432,0.11407842854240839,1.2524579279982861,1971.0
0.1115,0.05,0.005,2000,0.0,0.0,-0.1678383435706047,0.10955930499290296,1.2524579279982861,1971.0
0.11499999999999999,0.05,0.005,2000,0.0,0.0,-0.19484645379783308,0.10302529331608823,1.2524579279982861,1971.0
0.1185,0.05,0.005,2000,0.0,0.0,-0.2084829700982791,0.09990255554788652,1.2524579279982861,1971.0
0.122,0.05,0.005,2000,0.0,0.0,-0.22168744741228838,0.0968098560013028,1.2524579279982861,1971.0
0.1255,0.05,0.005,2000,0.0,0.0,-0.24449996300671453,0.09180091413980873,1.2524579279982861,1971.0
0.129,0.05,0.005,2000,0.0,0.0,-0.26484381285381314,0.08741023922787433,1.2524579279982861,1971.0
0.1325,0.05,0.005,2000,0.0,0.0,-0.2770494712296507,0.08487610377114527,1.2524579279982861,1971.0
0.136,0.05,0.005,2000,0.0,0.0,-0.29860741649593403,0.08047486250342695,1.2524579279982861,1971.0
0.1395,0.05,0.005,2000,0.0,0.0,-0.3094728875277926,0.07832571827311827,1.2524579279982861,1971.0
0.14300000000000002,0.05,0.005,2000,0.0,0.0,-0.325970808566724,0.07518209142139462,1.2524579279982861,1971.0
0.14650000000000002,0.05,0.005,2000,0.0,0.0,-0.34970186291066546,0.07074913031249057,1.2524579279982861,1971.0
0.15000000000000002,0.05,0.005,2000,0.0,0.0,-0.3657112684822996,0.0678734360765856,1.2524579279982861,1971.0
0.15350000000000003,0.05,0.005,2000,0.0,0.0,-0.3795845653582018,0.0655284432686083,1.2524579279982861,1971.0
0.157,0.05,0.005,2000,0.0,0.0,-0.3974314026446296,0.062460563408154826,1.2524579279982861,1971.0
0.1605,0.05,0.005,2000,0.0,0.0,-0.407549944326384,0.06081673519704468,1.2524579279982861,1971.0
0.164,0.05,0.005,2000,0.0,0.0,-0.43024830117532725,0.05720443830023425,1.2524579279982861,1971.0
0.1675,0.05,0.005,2000,0.0,0.0,-0.43961713794510365,0.05578208285846466,1.2524579279982861,1971.0
0.171,0.05,0.005,2000,0.0,0.0,-0.45413803488227467,0.05355502438319733,1.2524579279982861,1971.0
0.17450000000000002,0.05,0.005,2000,0.0,0.0,-0.4646982735925623,0.052049906671345944,1.2524579279982861,1971.0
0.17800000000000002,0.05,0.005,2000,0.0,0.0,-0.4862047816648868,0.0489153625543401,1.2524579279982861,1971.0
0.18150000000000002,0.05,0.005,2000,0.0,0.0,-0.5042895589529971,0.0464725518618482,1.2524579279982861,1971.0
0.18500000000000003,0.05,0.005,2000,0.0,0.0,-0.5232964796771103,0.04391715005166637,1.2524579279982861,1971.0
0.1885,0.05,0.005,2000,0.0,0.0,-0.5326150719881049,0.042815295309884774,1.2524579279982861,1971.0
0.192,0.05,0.005,2000,0.0,0.0,-0.5495598411297482,0.04066217002443125,1.2524579279982861,1971.0
0.1955,0.05,0.005,2000,0.0,0.0,-0.55626859849833,0.03982992619079346,1.2524579279982861,1971.0
0.199,0.05,0.005,2000,0.0,0.0,-0.5645018012943956,0.03886432811742692,1.2524579279982861,1971.0
0.2025,0.05,0.005,2000,0.0,0.0,-0.5834057716350368,0.03667741632545873,1.2524579279982861,1971.0
0.20600000000000002,0.05,0.005,2000,0.0,0.0,-0.5886508247707924,0.03608689550796142,1.2524579279982861,1971.0
0.20950000000000002,0.05,0.005,2000,0.0,0.0,-0.6128441822501138,0.03338936492206241,1.2524579279982861,1971.0
0.21300000000000002,0.05,0.005,2000,0.0,0.0,-0.6170056150159737,0.03299193424215443,1.2524579279982861,1971.0
0.21650000000000003,0.05,0.005,2000,0.0,0.0,-0.6335170285637939,0.031273864163385276,1.2524579279982861,1971.0
0.22,0.05,0.005,2000,0.0,0.0,-0.6434955491218397,0.03029529591426334,1.2524579279982861,1971.0
0.01,0.1,0.005,2000,1.0,0.0,0.5562136319255263,0.34854112281219607,1.2628141110071025,1953.0
0.0135,0.1,0.005,2000,1.0,0.0,0.5151809284455955,0.3338475235728159,1.2628141110071025,1953.0
0.017,0.1,0.005,2000,1.0,0.0,0.48449190374870366,0.32269079694497876,1.2628141110071025,1953.0
0.0205,0.1,0.005,2000,1.0,0.0,0.445976602282534,0.3085530214861719,1.2628141110071025,1953.0
0.024,0.1,0.005,2000,1.0,0.0,0.42296059520043494,0.30004855742080894,1.2628141110071025,1953.0
0.027500000000000004,0.1,0.005,2000,1.0,0.0,0.38020231064243737,0.2842119272176449,1.2628141110071025,1953.0
0.031,0.1,0.005,2000,1.0,0.0,0.35747675875519674,0.2757829577817583,1.2628141110071025,1953.0
0.0345,0.1,0.005,2000,1.0,0.0,0.32125374494614717,0.26238156961928183,1.2628141110071025,1953.0
0.038,0.1,0.005,2000,1.0,0.0,0.2986274194805282,0.254054348411833,1.2628141110071025,1953.0
0.0415,0.1,0.005,2000,1.0,0.0,0.27340584905958065,0.24482252850177488,1.2628141110071025,1953.0
0.045000000000000005,0.1,0.005,2000,1.0,0.0,0.2518707039451875,0.23700013310233742,1.2628141110071025,1953.0
0.0485,0.1,0.005,2000,1.0,0.0,0.21470141325312658,0.2236396243423279,1.2628141110071025,1953.0
0.052000000000000005,0.1,0.005,2000,1.0,0.0,0.1861196900251693,0.21351188973161034,1.2628141110071025,1953.0
0.0555,0.1,0.005,2000,1.0,0.0,0.17091923046981541,0.20821434162027871,1.2628141110071025,1953.0
0.059000000000000004,0.1,0.005,2000,1.0,0.0,0.14328678469890538,0.1986697328370997,1.2628141110071025,1953.0
0.0625,0.1,0.005,2000,1.0,0.0,0.12042293060939499,0.19090897242786115,1.2628141110071025,1953.0
0.066,0.1,0.005,2000,0.9875,0.0,0.08865583859370904,0.18042704837007095,1.2628141110071025,1953.0
0.0695,0.1,0.005,2000,0.95,0.0,0.06828449825290042,0.17378018697717912,1.2628141110071025,1953.0
0.073,0.1,0.005,2000,0.8875,0.0,0.04980196474680782,0.16787212751174765,1.2628141110071025,1953.0
0.0765,0.1,0.005,2000,0.625,0.0,0.01814927125066108,0.15802738211365272,1.2628141110071025,1953.0
0.08,0.1,0.005,2000,0.3875,0.0,-0.0014114697708933143,0.1521313074736506,1.2628141110071025,1953.0
0.08349999999999999,0.1,0.005,2000,0.35,0.0,-0.01852891270790999,0.14705734131644763,1.2628141110071025,1953.0
0.087,0.1,0.005,2000,0.1125,0.0,-0.04548280619319879,0.13929639382572148,1.2628141110071025,1953.0
0.0905,0.1,0.005,2000,0.05,0.0,-0.06946569853668039,0.13252811787531085,1.2628141110071025,1953.0
0.094,0.1,0.005,2000,0.025,0.0,-0.08298956800037835,0.12880988855851233,1.2628141110071025,1953.0
0.0975,0.1,0.005,2000,0.0,0.0,-0.10702177477357452,0.12238233748333305,1.2628141110071025,1953.0
0.10099999999999999,0.1,0.005,2000,0.0,0.0,-0.13236921441281801,0.11584784204194801,1.2628141110071025,1953.0
0.1045,0.1,0.005,2000,0.0,0.0,-0.1419125291118864,0.11337742219656104,1.2628141110071025,1953.0
0.108,0.1,0.005,2000,0.0,0.0,-0.1721947810229652,0.10595068571933816,1.2628141110071025,1953.0
0.1115,0.1,0.005,2000,0.0,0.0,-0.18504897064311324,0.10296132064030865,1.2628141110071025,1953.0
0.11499999999999999,0.1,0.005,2000,0.0,0.0,-0.2057200130106303,0.09813357542072695,1.2628141110071025,1953.0
0.1185,0.1,0.005,2000,0.0,0.0,-0.22369746655153527,0.09411209652963048,1.2628141110071025,1953.0
0.122,0.1,0.005,2000,0.0,0.0,-0.24528879161197578,0.08940981976914789,1.2628141110071025,1953.0
0.1255,0.1,0.005,2000,0.0,0.0,-0.2653552911341923,0.08525741583443079,1.2628141110071025,1953.0
0.129,0.1,0.005,2000,0.0,0.0,-0.2754296293297192,0.08313939483003252,1.2628141110071025,1953.0
0.1325,0.1,0.005,2000,0.0,0.0,-0.2930591192834525,0.07962905036857089,1.2628141110071025,1953.0
0.136,0.1,0.005,2000,0.0,0.0,-0.3162024960190716,0.07518178100966327,1.2628141110071025,1953.0
0.1395,0.1,0.005,2000,0.0,0.0,-0.3353933821304972,0.07160722955292895,1.2628141110071025,1953.0
0.14300000000000002,0.1,0.005,2000,0.0,0.0,-0.34973508448952184,0.06899721516687211,1.2628141110071025,1953.0
0.14650000000000002,0.1,0.005,2000,0.0,0.0,-0.3628890970554694,0.0667644083078571,1.2628141110071025,1953.0
0.15000000000000002,0.1,0.005,2000,0.0,0.0,-0.3798279795360607,0.0637976947191343,1.2628141110071025,1953.0
0.15350000000000003,0.1,0.005,2000,0.0,0.0,-0.39782170196749267,0.060907268518476054,1.2628141110071025,1953.0
0.157,0.1,0.005,2000,0.0,0.0,-0.4129483839148932,0.058484996776369334,1.2628141110071025,1953.0
0.1605,0.1,0.005,2000,0.0,0.0,-0.4293500801651137,0.05592852553589138,1.2628141110071025,1953.0
0.164,0.1,0.005,2000,0.0,0.0,-0.4451131612992139,0.05353445179551204,1.2628141110071025,1953.0
0.1675,0.1,0.005,2000,0.0,0.0,-0.45485841166823027,0.05213353949203893,1.2628141110071025,1953.0
0.171,0.1,0.005,2000,0.0,0.0,-0.47781615459705173,0.04885901398672904,1.2628141110071025,1953.0
0.17450000000000002,0.1,0.005,2000,0.0,0.0,-0.4928475866237843,0.04679401722815184,1.2628141110071025,1953.0
0.17800000000000002,0.1,0.005,2000,0.0,0.0,-0.4988762572348978,0.04602259180621547,1.2628141110071025,1953.0
0.18150000000000002,0.1,0.005,2000,0.0,0.0,-0.510538583528293,0.04447138015983641,1.2628141110071025,1953.0
0.18500000000000003,0.1,0.005,2000,0.0,0.0,-0.527164028956192,0.04241495386123302,1.2628141110071025,1953.0
0.1885,0.1,0.005,2000,0.0,0.0,-0.5426272713847604,0.040487690662911656,1.2628141110071025,1953.0
0.192,0.1,0.005,2000,0.0,0.0,-0.5588998708611902,0.0385442505721713,1.2628141110071025,1953.0
0.1955,0.1,0.005,2000,0.0,0.0,-0.5752437221577889,0.03666295929541733,1.2628141110071025,1953.0
0.199,0.1,0.005,2000,0.0,0.0,-0.5775050291352362,0.03641651654931799,1.2628141110071025,1953.0
0.2025,0.1,0.005,2000,0.0,0.0,-0.5907974766980553,0.03491459541258119,1.2628141110071025,1953.0
0.20600000000000002,0.1,0.005,2000,0.0,0.0,-0.6051252406658143,0.03342368339868305,1.2628141110071025,1953.0
0.20950000000000002,0.1,0.005,2000,0.0,0.0,-0.6166834379842498,0.03221761930472759,1.2628141110071025,1953.0
0.21300000000000002,0.1,0.005,2000,0.0,0.0,-0.6238133534647883,0.03146432728350417,1.2628141110071025,1953.0
0.21650000000000003,0.1,0.005,2000,0.0,0.0,-0.6424986937123537,0.029608297909913317,1.2628141110071025,1953.0
0.22,0.1,0.005,2000,0.0,0.0,-0.6569412774212223,0.028245680345838086,1.2628141110071025,1953.0
0.01,0.15,0.005,2000,1.0,0.0,0.5200779873480721,0.32969202077238685,1.273314464901578,1935.0
0.0135,0.15,0.005,2000,1.0,0.0,0.4906246738760004,0.31913938617697496,1.273314464901578,1935.0
0.017,0.15,0.005,2000,1.0,0.0,0.44900864408832974,0.30401349919938786,1.273314464901578,1935.0
0.0205,0.15,0.005,2000,1.0,0.0,0.42891617567624707,0.29665833009432957,1.273314464901578,1935.0
0.024,0.15,0.005,2000,1.0,0.0,0.39195326671381203,0.2831389743959326,1.273314464901578,1935.0
0.027500000000000004,0.15,0.005,2000,1.0,0.0,0.3663736595165821,0.2737549669053484,1.273314464901578,1935.0
0.031,0.15,0.005,2000,1.0,0.0,0.3261723474096888,0.2590735870729014,1.273314464901578,1935.0
0.0345,0.15,0.005,2000,1.0,0.0,0.2987002695753481,0.2490735816845918,1.273314464901578,1935.0
0.038,0.15,0.005,2000,1.0,0.0,0.27333210527580176,0.23993368999614115,1.273314464901578,1935.0
0.0415,0.15,0.005,2000,1.0,0.0,0.23927109520547862,0.2277398951225953,1.273314464901578,1935.0
0.045000000000000005,0.15,0.005,2000,1.0,0.0,0.22041380696793195,0.22110656887960795,1.273314464901578,1935.0
0.0485,0.15,0.005,2000,1.0,0.0,0.19671651646800742,0.21278225156834737,1.273314464901578,1935.0
0.052000000000000005,0.15,0.005,2000,1.0,0.0,0.17476050986879677,0.20522343856552636,1.273314464901578,1935.0
0.0555,0.15,0.005,2000,1.0,0.0,0.15432699044911752,0.19821490213447637,1.273314464901578,1935.0
0.059000000000000004,0.15,0.005,2000,1.0,0.0,0.11255956679733728,0.18427922496489352,1.273314464901578,1935.0
0.0625,0.15,0.005,2000,1.0,0.0,0.10201698700520093,0.18086136064832403,1.273314464901578,1935.0
0.066,0.15,0.005,2000,0.9375,0.0,0.07807928295737229,0.17317358137611308,1.273314464901578,1935.0
0.0695,0.15,0.005,2000,0.85,0.0,0.04669231090231233,0.16322681183885254,1.273314464901578,1935.0
0.073,0.15,0.005,2000,0.65,0.0,0.024015124098559115,0.15633858861497893,1.273314464901578,1935.0
0.0765,0.15,0.005,2000,0.4875,0.0,-0.001573920299906525,0.14870800747288498,1.273314464901578,1935.0
0.08,0.15,0.005,2000,0.25,0.0,-0.025931228976530468,0.14167392937248707,1.273314464901578,1935.0
0.08349999999999999,0.15,0.005,2000,0.175,0.0,-0.03132706834736339,0.1400636345984565,1.273314464901578,1935.0
0.087,0.15,0.005,2000,0.0875,0.0,-0.05233159056058893,0.13416543277073534,1.273314464901578,1935.0
0.0905,0.15,0.005,2000,0.0125,0.0,-0.08174592322930785,0.12616656761544634,1.273314464901578,1935.0
0.094,0.15,0.005,2000,0.0,0.0,-0.10365183847575295,0.12040421809616804,1.273314464901578,1935.0
0.0975,0.15,0.005,2000,0.0,0.0,-0.1261763533100726,0.11468320249415906,1.273314464901578,1935.0
0.10099999999999999,0.15,0.005,2000,0.0,0.0,-0.14331140125643504,0.11044637344111816,1.273314464901578,1935.0
0.1045,0.15,0.005,2000,0.0,0.0,-0.1666197145885215,0.10482985430119762,1.273314464901578,1935.0
0.108,0.15,0.005,2000,0.0,0.0,-0.18499731415607462,0.1004637170358142,1.273314464901578,1935.0
0.1115,0.15,0.005,2000,0.0,0.0,-0.20511010587294623,0.09596428443082361,1.273314464901578,1935.0
0.11499999999999999,0.15,0.005,2000,0.0,0.0,-0.2138331425938204,0.09393735755077424,1.273314464901578,1935.0
0.1185,0.15,0.005,2000,0.0,0.0,-0.23713929937457395,0.08902687250424043,1.273314464901578,1935.0
0.122,0.15,0.005,2000,0.0,0.0,-0.2574746791297094,0.08474871795303285,1.273314464901578,1935.0
0.1255,0.15,0.005,2000,0.0,0.0,-0.2658943727434366,0.08305559232122424,1.273314464901578,1935.0
0.129,0.15,0.005,2000,0.0,0.0,-0.2887206188815074,0.07863504925910869,1.273314464901578,1935.0
0.1325,0.15,0.005,2000,0.0,0.0,-0.3098784753174944,0.07456253931111675,1.273314464901578,1935.0
0.136,0.15,0.005,2000,0.0,0.0,-0.3247831860583231,0.07187311530816609,1.273314464901578,1935.0
0.1395,0.15,0.005,2000,0.0,0.0,-0.3434532402344984,0.06844820971387779,1.273314464901578,1935.0
0.14300000000000002,0.15,0.005,2000,0.0,0.0,-0.363288605979751,0.06505749372462818,1.273314464901578,1935.0
0.14650000000000002,0.15,0.005,2000,0.0,0.0,-0.37852198135351933,0.06251956105514847,1.273314464901578,1935.0
0.15000000000000002,0.15,0.005,2000,0.0,0.0,-0.38420526360926655,0.061582858673474836,1.273314464901578,1935.0
0.15350000000000003,0.15,0.005,2000,0.0,0.0,-0.4061558011985616,0.05810160460504401,1.273314464901578,1935.0
0.157,0.15,0.005,2000,0.0,0.0,-0.4246075433206025,0.05531168636859011,1.273314464901578,1935.0
0.1605,0.15,0.005,2000,0.0,0.0,-0.4408598891819585,0.05287540492979368,1.273314464901578,1935.0
0.164,0.15,0.005,2000,0.0,0.0,-0.45028117029328596,0.051511117371087066,1.273314464901578,1935.0
0.1675,0.15,0.005,2000,0.0,0.0,-0.48111993810016207,0.04723805060345308,1.273314464901578,1935.0
0.171,0.15,0.005,2000,0.0,0.0,-0.47891810656430633,0.047585555910677195,1.273314464901578,1935.0
0.17450000000000002,0.15,0.005,2000,0.0,0.0,-0.4938391960909033,0.04555674417712581,1.273314464901578,1935.0
0.17800000000000002,0.15,0.005,2000,0.0,0.0,-0.5122757682495582,0.043147555301929874,1.273314464901578,1935.0
0.18150000000000002,0.15,0.005,2000,0.0,0.0,-0.5266502105908477,0.041391286321047924,1.273314464901578,1935.0
0.18500000000000003,0.15,0.005,2000,0.0,0.0,-0.5346945066873785,0.040375451093333924,1.273314464901578,1935.0
0.1885,0.15,0.005,2000,0.0,0.0,-0.5493518429396822,0.038684778352469404,1.273314464901578,1935.0
0.192,0.15,0.005,2000,0.0,0.0,-0.566099971324304,0.03676882565613027,1.273314464901578,1935.0
0.1955,0.15,0.005,2000,0.0,0.0,-0.5830850306276054,0.034926825003285186,1.273314464901578,1935.0
0.199,0.15,0.005,2000,0.0,0.0,-0.5879339861763306,0.034378009824451564,1.273314464901578,1935.0
0.2025,0.15,0.005,2000,0.0,0.0,-0.602034379361194,0.032874607833739564,1.273314464901578,1935.0
0.20600000000000002,0.15,0.005,2000,0.0,0.0,-0.6164603246352747,0.03141704478017758,1.273314464901578,1935.0
0.20950000000000002,0.15,0.005,2000,0.0,0.0,-0.623980426928034,0.030690777101210702,1.273314464901578,1935.0
0.21300000000000002,0.15,0.005,2000,0.0,0.0,-0.6366807456305063,0.029423879062159857,1.273314464901578,1935.0
0.21650000000000003,0.15,0.005,2000,0.0,0.0,-0.6541273559523182,0.02775915078264085,1.273314464901578,1935.0
0.22,0.15,0.005,2000,0.0,0.0,-0.658919978634605,0.027371204702207514,1.273314464901578,1935.0
0.01,0.2,0.005,2000,1.0,0.0,0.488233331053564,0.31250334119545403,1.2839623660917725,1917.0
0.0135,0.2,0.005,2000,1.0,0.0,0.4687340215288499,0.30549829170716974,1.2839623660917725,1917.0
0.017,0.2,0.005,2000,1.0,0.0,0.4275241644716378,0.2906298788258549,1.2839623660917725,1917.0
0.0205,0.2,0.005,2000,1.0,0.0,0.4009817107515799,0.28104391406456286,1.2839623660917725,1917.0
0.024,0.2,0.005,2000,1.0,0.0,0.37268557927728896,0.270790772039258,1.2839623660917725,1917.0
0.027500000000000004,0.2,0.005,2000,1.0,0.0,0.3409625044509862,0.2593133770014629,1.2839623660917725,1917.0
0.031,0.2,0.005,2000,1.0,0.0,0.31390566914277873,0.24957932624424606,1.2839623660917725,1917.0
0.0345,0.2,0.005,2000,1.0,0.0,0.28098267488352324,0.23780042696883133,1.2839623660917725,1917.0
0.038,0.2,0.005,2000,1.0,0.0,0.2506847608076102,0.2270811206034768,1.2839623660917725,1917.0
0.0415,0.2,0.005,2000,1.0,0.0,0.22853879311448155,0.2193359126747098,1.2839623660917725,1917.0
0.045000000000000005,0.2,0.005,2000,1.0,0.0,0.20216055938359007,0.21029135620921552,1.2839623660917725,1917.0
0.0485,0.2,0.005,2000,1.0,0.0,0.17945432943405465,0.20250595598605475,1.2839623660917725,1917.0
0.052000000000000005,0.2,0.005,2000,1.0,0.0,0.1434296730135788,0.19038160174418908,1.2839623660917725,1917.0
0.0555,0.2,0.005,2000,1.0,0.0,0.12181370725501765,0.18335170741599074,1.2839623660917725,1917.0
0.059000000000000004,0.2,0.005,2000,0.9875,0.0,0.10497433299933616,0.17785488915845812,1.2839623660917725,1917.0
0.0625,0.2,0.005,2000,0.975,0.0,0.08225301011016697,0.17071082173980884,1.2839623660917725,1917.0
0.066,0.2,0.005,2000,0.875,0.0,0.051189293043562976,0.1610492417237063,1.2839623660917725,1917.0
0.0695,0.2,0.005,2000,0.7625,0.0,0.035010718294096604,0.15615692858988117,1.2839623660917725,1917.0
0.073,0.2,0.005,2000,0.5625,0.0,0.004280651296662066,0.14709315459058064,1.2839623660917725,1917.0
0.0765,0.2,0.005,2000,0.375,0.0,-0.01496430006372274,0.14152117138185769,1.2839623660917725,1917.0
0.08,0.2,0.005,2000,0.1625,0.0,-0.03412247431150604,0.13612150405657672,1.2839623660917725,1917.0
0.08349999999999999,0.2,0.005,2000,0.075,0.0,-0.05750807407773177,0.12971364351083955,1.2839623660917725,1917.0
0.087,0.2,0.005,2000,0.0125,0.0,-0.08649551478498785,0.12201562673727309,1.2839623660917725,1917.0
0.0905,0.2,0.005,2000,0.0125,0.0,-0.09995631129889264,0.11860318023343171,1.2839623660917725,1917.0
0.094,0.2,0.005,2000,0.0,0.0,-0.10723248197795798,0.11672688296236537,1.2839623660917725,1917.0
0.0975,0.2,0.005,2000,0.0,0.0,-0.1489628569680416,0.10644105534395343,1.2839623660917725,1917.0
0.10099999999999999,0.2,0.005,2000,0.0,0.0,-0.16231804024915597,0.10333955604780894,1.2839623660917725,1917.0
0.1045,0.2,0.005,2000,0.0,0.0,-0.17688998590463206,0.09990428704659138,1.2839623660917725,1917.0
0.108,0.2,0.005,2000,0.0,0.0,-0.20210663229197082,0.09438577112421603,1.2839623660917725,1917.0
0.1115,0.2,0.005,2000,0.0,0.0,-0.21207836895128787,0.09224031879836234,1.2839623660917725,1917.0
0.11499999999999999,0.2,0.005,2000,0.0,0.0,-0.2361727968629249,0.08711088027349714,1.2839623660917725,1917.0
0.1185,0.2,0.005,2000,0.0,0.0,-0.24437796769550707,0.08545096914912728,1.2839623660917725,1917.0
0.122,0.2,0.005,2000,0.0,0.0,-0.26733591522654077,0.08081512269806398,1.2839623660917725,1917.0
0.1255,0.2,0.005,2000,0.0,0.0,-0.2911096441598796,0.07623764389400584,1.2839623660917725,1917.0
0.129,0.2,0.005,2000,0.0,0.0,-0.3118337697974053,0.07237074967227905,1.2839623660917725,1917.0
0.1325,0.2,0.005,2000,0.0,0.0,-0.321819138760699,0.07060596901431257,1.2839623660917725,1917.0
0.136,0.2,0.005,2000,0.0,0.0,-0.32742305106971303,0.06957400914150366,1.2839623660917725,1917.0
0.1395,0.2,0.005,2000,0.0,0.0,-0.36036349554134056,0.06393108110417459,1.2839623660917725,1917.0
0.14300000000000002,0.2,0.005,2000,0.0,0.0,-0.3738849394946662,0.061717135178587124,1.2839623660917725,1917.0
0.14650000000000002,0.2,0.005,2000,0.0,0.0,-0.38988248259236935,0.05915635825594413,1.2839623660917725,1917.0
0.15000000000000002,0.2,0.005,2000,0.0,0.0,-0.40550112995510545,0.056804377801147665,1.2839623660917725,1917.0
0.15350000000000003,0.2,0.005,2000,0.0,0.0,-0.42600200360075613,0.053701781702072425,1.2839623660917725,1917.0
0.157,0.2,0.005,2000,0.0,0.0,-0.43411239168412746,0.05253566215088577,1.2839623660917725,1917.0
0.1605,0.2,0.005,2000,0.0,0.0,-0.4544119944361863,0.04969879182774335,1.2839623660917725,1917.0
0.164,0.2,0.005,2000,0.0,0.0,-0.47128912620693075,0.04732140544137685,1.2839623660917725,1917.0
0.1675,0.2,0.005,2000,0.0,0.0,-0.4817160697781929,0.046009392587805,1.2839623660917725,1917.0
0.171,0.2,0.005,2000,0.0,0.0,-0.49418897926174354,0.04434960554095591,1.2839623660917725,1917.0
0.17450000000000002,0.2,0.005,2000,0.0,0.0,-0.5078420004192084,0.04261252298231722,1.2839623660917725,1917.0
0.17800000000000002,0.2,0.005,2000,0.0,0.0,-0.5258718796904207,0.04045473015509772,1.2839623660917725,1917.0
0.18150000000000002,0.2,0.005,2000,0.0,0.0,-0.5362339058070272,0.039220724233327786,1.2839623660917725,1917.0
0.18500000000000003,0.2,0.005,2000,0.0,0.0,-0.5485009039616084,0.03782738683463264,1.2839623660917725,1917.0
0.1885,0.2,0.005,2000,0.0,0.0,-0.5648804132989588,0.036003496662711895,1.2839623660917725,1917.0
0.192,0.2,0.005,2000,0.0,0.0,-0.5733270065262939,0.03508134151146443,1.2839623660917725,1917.0
0.1955,0.2,0.005,2000,0.0,0.0,-0.588624937522259,0.033465247451356726,1.2839623660917725,1917.0
0.199,0.2,0.005,2000,0.0,0.0,-0.5961355299331375,0.03270272397804488,1.2839623660917725,1917.0
0.2025,0.2,0.005,2000,0.0,0.0,-0.6160276355797358,0.030655884110587995,1.2839623660917725,1917.0
0.20600000000000002,0.2,0.005,2000,0.0,0.0,-0.6334047348109737,0.028986351412075693,1.2839623660917725,1917.0
0.20950000000000002,0.2,0.005,2000,0.0,0.0,-0.6384207569051521,0.02851233305828168,1.2839623660917725,1917.0
0.21300000000000002,0.2,0.005,2000,0.0,0.0,-0.6437513149525984,0.02800240234831437,1.2839623660917725,1917.0
0.21650000000000003,0.2,0.005,2000,0.0,0.0,-0.6672036794882572,0.02592638765254095,1.2839623660917725,1917.0
0.22,0.2,0.005,2000,0.0,0.0,-0.6603572727207931,0.02649831263132465,1.2839623660917725,1917.0
0.01,0.25,0.005,2000,1.0,0.0,0.47004440466589037,0.30032147878010373,1.294761302738381,1899.0
0.0135,0.25,0.005,2000,1.0,0.0,0.4345590179257881,0.28767797756791086,1.294761302738381,1899.0
0.017,0.25,0.005,2000,1.0,0.0,0.41886104832752374,0.28204439120451463,1.294761302738381,1899.0
0.0205,0.25,0.005,2000,1.0,0.0,0.3693246507484036,0.2643384277096441,1.294761302738381,1899.0
0.024,0.25,0.005,2000,1.0,0.0,0.3382540555732056,0.2532463367143697,1.294761302738381,1899.0
0.027500000000000004,0.25,0.005,2000,1.0,0.0,0.31851144750033605,0.24623557719868994,1.294761302738381,1899.0
0.031,0.25,0.005,2000,1.0,0.0,0.2846371463797218,0.2342849300987913,1.294761302738381,1899.0
0.0345,0.25,0.005,2000,1.0,0.0,0.26313678210821495,0.22677788299183144,1.294761302738381,1899.0
0.038,0.25,0.005,2000,1.0,0.0,0.23483369007283997,0.21694481626772938,1.294761302738381,1899.0
0.0415,0.25,0.005,2000,1.0,0.0,0.20673078850966267,0.20736052858759946,1.294761302738381,1899.0
0.045000000000000005,0.25,0.005,2000,1.0,0.0,0.1844135132152555,0.1998871039531926,1.294761302738381,1899.0
0.0485,0.25,0.005,2000,1.0,0.0,0.14767769128857675,0.18771715655387508,1.294761302738381,1899.0
0.052000000000000005,0.25,0.005,2000,1.0,0.0,0.12911756298842839,0.18170848972171091,1.294761302738381,1899.0
0.0555,0.25,0.005,2000,1.0,0.0,0.11081752900488462,0.175854807663344,1.294761302738381,1899.0
0.059000000000000004,0.25,0.005,2000,0.9375,0.0,0.07230437470053698,0.16393080423518083,1.294761302738381,1899.0
0.0625,0.25,0.005,2000,0.9375,0.0,0.058543040036905004,0.15963544951435898,1.294761302738381,1899.0
0.066,0.25,0.005,2000,0.7,0.0,0.032258194871591345,0.1518226640048112,1.294761302738381,1899.0
0.0695,0.25,0.005,2000,0.525,0.0,0.008849419154039941,0.14505356186125723,1.294761302738381,1899.0
0.073,0.25,0.005,2000,0.45,0.0,0.00012151208641504127,0.14259585598418736,1.294761302738381,1899.0
0.0765,0.25,0.005,2000,0.1875,0.0,-0.03197046892420952,0.13360553282224616,1.294761302738381,1899.0
0.08,0.25,0.005,2000,0.1125,0.0,-0.051099726848935365,0.12852950672013677,1.294761302738381,1899.0
0.08349999999999999,0.25,0.005,2000,0.05,0.0,-0.06339654458896903,0.12516310856205856,1.294761302738381,1899.0
0.087,0.25,0.005,2000,0.0,0.0,-0.09771823829996691,0.11637073248582522,1.294761302738381,1899.0
0.0905,0.25,0.005,2000,0.0,0.0,-0.11449295911945896,0.11228701138028749,1.294761302738381,1899.0
0.094,0.25,0.005,2000,0.0,0.0,-0.14145367456376487,0.10574788013150464,1.294761302738381,1899.0
0.0975,0.25,0.005,2000,0.0,0.0,-0.15302805295741784,0.10316745242607553,1.294761302738381,1899.0
0.10099999999999999,0.25,0.005,2000,0.0,0.0,-0.1778720810733808,0.09745305584399236,1.294761302738381,1899.0
0.1045,0.25,0.005,2000,0.0,0.0,-0.19532456275579171,0.09361634866686849,1.294761302738381,1899.0
0.108,0.25,0.005,2000,0.0,0.0,-0.21470090960781194,0.08941613902191399,1.294761302738381,1899.0
0.1115,0.25,0.005,2000,0.0,0.0,-0.22439833166002546,0.08737026623416655,1.294761302738381,1899.0
0.11499999999999999,0.25,0.005,2000,0.0,0.0,-0.25191928937997804,0.08186049749255922,1.294761302738381,1899.0
0.1185,0.25,0.005,2000,0.0,0.0,-0.2751725647136093,0.07740226128857049,1.294761302738381,1899.0
0.122,0.25,0.005,2000,0.0,0.0,-0.28262599796950294,0.07598266799063505,1.294761302738381,1899.0
0.1255,0.25,0.005,2000,0.0,0.0,-0.30257416696892697,0.07238179977948513,1.294761302738381,1899.0
0.129,0.25,0.005,2000,0.0,0.0,-0.3257476727017183,0.06819208564991561,1.294761302738381,1899.0
0.1325,0.25,0.005,2000,0.0,0.0,-0.3374653188898781,0.06621256433742514,1.294761302738381,1899.0
0.136,0.25,0.005,2000,0.0,0.0,-0.3589919302283331,0.0625661820940289,1.294761302738381,1899.0
0.1395,0.25,0.005,2000,0.0,0.0,-0.3691846250493214,0.06093102099288452,1.294761302738381,1899.0
0.14300000000000002,0.25,0.005,2000,0.0,0.0,-0.3825401022917007,0.058886293437783864,1.294761302738381,1899.0
0.14650000000000002,0.25,0.005,2000,0.0,0.0,-0.4035713635674628,0.05569358053433332,1.294761302738381,1899.0
0.15000000000000002,0.25,0.005,2000,0.0,0.0,-0.4181988325528401,0.05347270562372808,1.294761302738381,1899.0
0.15350000000000003,0.25,0.005,2000,0.0,0.0,-0.4321411556131796,0.05146770654114328,1.294761302738381,1899.0
0.157,0.25,0.005,2000,0.0,0.0,-0.4462997299468466,0.04955905276128196,1.294761302738381,1899.0
0.1605,0.25,0.005,2000,0.0,0.0,-0.4545397493004696,0.048387981480917275,1.294761302738381,1899.0
0.164,0.25,0.005,2000,0.0,0.0,-0.48283286416023896,0.04467827325021404,1.294761302738381,1899.0
0.1675,0.25,0.005,2000,0.0,0.0,-0.49019842571683814,0.043790383392489175,1.294761302738381,1899.0
0.171,0.25,0.005,2000,0.0,0.0,-0.5030734765644539,0.04216614771285761,1.294761302738381,1899.0
0.17450000000000002,0.25,0.005,2000,0.0,0.0,-0.5092807707631151,0.04144716088140543,1.294761302738381,1899.0
0.17800000000000002,0.25,0.005,2000,0.0,0.0,-0.532262248592405,0.03873165110006944,1.294761302738381,1899.0
0.18150000000000002,0.25,0.005,2000,0.0,0.0,-0.5473806052149703,0.03700456420003447,1.294761302738381,1899.0
0.18500000000000003,0.25,0.005,2000,0.0,0.0,-0.5611267470655456,0.035473128958226165,1.294761302738381,1899.0
0.1885,0.25,0.005,2000,0.0,0.0,-0.5815043946214503,0.03334158424896745,1.294761302738381,1899.0
0.192,0.25,0.005,2000,0.0,0.0,-0.5857022475909276,0.03289848204120854,1.294761302738381,1899.0
0.1955,0.25,0.005,2000,0.0,0.0,-0.5982382115739237,0.03164754060760615,1.294761302738381,1899.0
0.199,0.25,0.005,2000,0.0,0.0,-0.6074826645470898,0.030732844278024984,1.294761302738381,1899.0
0.2025,0.25,0.005,2000,0.0,0.0,-0.6176703999167162,0.029720335542863647,1.294761302738381,1899.0
0.20600000000000002,0.25,0.005,2000,0.0,0.0,-0.6343786753467701,0.028191031205812112,1.294761302738381,1899.0
0.20950000000000002,0.25,0.005,2000,0.0,0.0,-0.6456585444639512,0.027159442963017304,1.294761302738381,1899.0
0.21300000000000002,0.25,0.005,2000,0.0,0.0,-0.6610987841032558,0.02578411000347832,1.294761302738381,1899.0
0.21650000000000003,0.25,0.005,2000,0.0,0.0,-0.6685296193216725,0.025131764799495748,1.294761302738381,1899.0
0.22,0.25,0.005,2000,0.0,0.0,-0.6831679308167474,0.02391694595371711,1.294761302738381,1899.0
0.01,0.3,0.005,2000,1.0,0.0,0.44984259089609485,0.28762315910189173,1.305714879553582,1881.0
0.0135,0.3,0.005,2000,1.0,0.0,0.39983276184811867,0.2699375310084417,1.305714879553582,1881.0
0.017,0.3,0.005,2000,1.0,0.0,0.3815578163569021,0.2634712850731731,1.305714879553582,1881.0
0.0205,0.3,0.005,2000,1.0,0.0,0.3520371528234,0.2530625125334206,1.305714879553582,1881.0
0.024,0.3,0.005,2000,1.0,0.0,0.3159673828890435,0.2404087500366651,1.305714879553582,1881.0
0.027500000000000004,0.3,0.005,2000,1.0,0.0,0.2924638738331732,0.23224092450398906,1.305714879553582,1881.0
0.031,0.3,0.005,2000,1.0,0.0,0.2668867398341114,0.22339483477814506,1.305714879553582,1881.0
0.0345,0.3,0.005,2000,1.0,0.0,0.2348495811402555,0.212495741340526,1.305714879553582,1881.0
0.038,0.3,0.005,2000,1.0,0.0,0.21538839198503576,0.20593658225559525,1.305714879553582,1881.0
0.0415,0.3,0.005,2000,1.0,0.0,0.18761892147249748,0.19666311182688895,1.305714879553582,1881.0
0.045000000000000005,0.3,0.005,2000,1.0,0.0,0.16521191573481545,0.18933711067084896,1.305714879553582,1881.0
0.0485,0.3,0.005,2000,1.0,0.0,0.1436556812533479,0.18241652526828425,1.305714879553582,1881.0
0.052000000000000005,0.3,0.005,2000,0.9625,0.0,0.10839032204337,0.17134603810557203,1.305714879553582,1881.0
0.0555,0.3,0.005,2000,0.9875,0.0,0.0850662709871814,0.16408321649001917,1.305714879553582,1881.0
0.059000000000000004,0.3,0.005,2000,0.9,0.0,0.061964055324910915,0.157201122698346,1.305714879553582,1881.0
0.0625,0.3,0.005,2000,0.725,0.0,0.029191391487399566,0.14758502703997928,1.305714879553582,1881.0
0.066,0.3,0.005,2000,0.675,0.0,0.019999694440136735,0.1450150652977494,1.305714879553582,1881.0
0.0695,0.3,0.005,2000,0.4125,0.0,-0.004054164489254647,0.13815677780085558,1.305714879553582,1881.0
0.073,0.3,0.005,2000,0.2375,0.0,-0.03049168157706684,0.13098942008093498,1.305714879553582,1881.0
0.0765,0.3,0.005,2000,0.15,0.0,-0.051328028408421066,0.12552258706959468,1.305714879553582,1881.0
0.08,0.3,0.005,2000,0.025,0.0,-0.06888620601884803,0.12085282315439998,1.305714879553582,1881.0
0.08349999999999999,0.3,0.005,2000,0.075,0.0,-0.08237098454370381,0.11755330642188602,1.305714879553582,1881.0
0.087,0.3,0.005,2000,0.0125,0.0,-0.10591773071237728,0.11166167795636861,1.305714879553582,1881.0
0.0905,0.3,0.005,2000,0.0,0.0,-0.13031850311989673,0.10583531225228895,1.305714879553582,1881.0
0.094,0.3,0.005,2000,0.0,0.0,-0.15126628477641518,0.10105906316071982,1.305714879553582,1881.0
0.0975,0.3,0.005,2000,0.0,0.0,-0.18023644835142294,0.09459801451403616,1.305714879553582,1881.0
0.10099999999999999,0.3,0.005,2000,0.0,0.0,-0.18387018935928348,0.09374737099198985,1.305714879553582,1881.0
0.1045,0.3,0.005,2000,0.0,0.0,-0.2084718595153534,0.0885450973512378,1.305714879553582,1881.0
0.108,0.3,0.005,2000,0.0,0.0,-0.2268519339056314,0.08480278409770445,1.305714879553582,1881.0
0.1115,0.3,0.005,2000,0.0,0.0,-0.24865534363342987,0.08058956599483577,1.305714879553582,1881.0
0.11499999999999999,0.3,0.005,2000,0.0,0.0,-0.2670944800704479,0.07700459364077619,1.305714879553582,1881.0
0.1185,0.3,0.005,2000,0.0,0.0,-0.2843632820006235,0.0737863617215923,1.305714879553582,1881.0
0.122,0.3,0.005,2000,0.0,0.0,-0.3011574537777383,0.07073547982955268,1.305714879553582,1881.0
0.1255,0.3,0.005,2000,0.0,0.0,-0.31726364404074003,0.06796766722229548,1.305714879553582,1881.0
0.129,0.3,0.005,2000,0.0,0.0,-0.33140953905486237,0.0656186214713552,1.305714879553582,1881.0
0.1325,0.3,0.005,2000,0.0,0.0,-0.34237604262130505,0.0637382051926697,1.305714879553582,1881.0
0.136,0.3,0.005,2000,0.0,0.0,-0.367852563043609,0.05971640594588211,1.305714879553582,1881.0
0.1395,0.3,0.005,2000,0.0,0.0,-0.37712447917458475,0.05820048397277665,1.305714879553582,1881.0
0.14300000000000002,0.3,0.005,2000,0.0,0.0,-0.3855729725869233,0.05689111577786636,1.305714879553582,1881.0
0.14650000000000002,0.3,0.005,2000,0.0,0.0,-0.4167067942102517,0.052339624842708,1.305714879553582,1881.0
0.15000000000000002,0.3,0.005,2000,0.0,0.0,-0.4341285612672895,0.050018152938068904,1.305714879553582,1881.0
0.15350000000000003,0.3,0.005,2000,0.0,0.0,-0.44590545803460824,0.0484109561135283,1.305714879553582,1881.0
0.157,0.3,0.005,2000,0.0,0.0,-0.4676273825635704,0.04549484617203616,1.305714879553582,1881.0
0.1605,0.3,0.005,2000,0.0,0.0,-0.4733782797195948,0.0447365939859918,1.305714879553582,1881.0
0.164,0.3,0.005,2000,0.0,0.0,-0.48951658649373686,0.0427277223740952,1.305714879553582,1881.0
0.1675,0.3,0.005,2000,0.0,0.0,-0.4984759792843141,0.04164695031904707,1.305714879553582,1881.0
0.171,0.3,0.005,2000,0.0,0.0,-0.5115282168761901,0.04010077051160737,1.305714879553582,1881.0
0.17450000000000002,0.3,0.005,2000,0.0,0.0,-0.5291716271860489,0.0381057761061514,1.305714879553582,1881.0
0.17800000000000002,0.3,0.005,2000,0.0,0.0,-0.543663621153342,0.03650359230815962,1.305714879553582,1881.0
0.18150000000000002,0.3,0.005,2000,0.0,0.0,-0.5613405110493002,0.03460309391010141,1.305714879553582,1881.0
0.18500000000000003,0.3,0.005,2000,0.0,0.0,-0.5639837026254437,0.0343077095111876,1.305714879553582,1881.0
0.1885,0.3,0.005,2000,0.0,0.0,-0.5804838054869823,0.032594963220023955,1.305714879553582,1881.0
0.192,0.3,0.005,2000,0.0,0.0,-0.5979952845892947,0.03086263787645462,1.305714879553582,1881.0
0.1955,0.3,0.005,2000,0.0,0.0,-0.6106700047051303,0.02964020935611515,1.305714879553582,1881.0
0.199,0.3,0.005,2000,0.0,0.0,-0.6240418500744038,0.028417947385926446,1.305714879553582,1881.0
0.2025,0.3,0.005,2000,0.0,0.0,-0.6362560292988505,0.02729239985639518,1.305714879553582,1881.0
0.20600000000000002,0.3,0.005,2000,0.0,0.0,-0.64559897055843,0.026447329528198792,1.305714879553582,1881.0
0.20950000000000002,0.3,0.005,2000,0.0,0.0,-0.6474040564828026,0.026298823458961514,1.305714879553582,1881.0
0.21300000000000002,0.3,0.005,2000,0.0,0.0,-0.6674245727237498,0.02459009510647135,1.305714879553582,1881.0
0.21650000000000003,0.3,0.005,2000,0.0,0.0,-0.6840690055633786,0.02323820810088025,1.305714879553582,1881.0
0.22,0.3,0.005,2000,0.0,0.0,-0.6969246443436832,0.02220767834810628,1.305714879553582,1881.0
0.01,0.35,0.005,2000,1.0,0.0,0.4178585089369465,0.27097148358528644,1.3168268228563864,1863.0
0.0135,0.35,0.005,2000,1.0,0.0,0.38747608818785856,0.2603450421708463,1.3168268228563864,1863.0
0.017,0.35,0.005,2000,1.0,0.0,0.3648744186162499,0.25247148289879495,1.3168268228563864,1863.0
0.0205,0.35,0.005,2000,1.0,0.0,0.33426624238844815,0.24185013386998416,1.3168268228563864,1863.0
0.024,0.35,0.005,2000,1.0,0.0,0.3009529735230374,0.23037582562976439,1.3168268228563864,1863.0
0.027500000000000004,0.35,0.005,2000,1.0,0.0,0.2687258500462399,0.2194116641532058,1.3168268228563864,1863.0
0.031,0.35,0.005,2000,1.0,0.0,0.2442830204288306,0.21115955861587388,1.3168268228563864,1863.0
0.0345,0.35,0.005,2000,1.0,0.0,0.21461094528356245,0.2012632712702221,1.3168268228563864,1863.0
0.038,0.35,0.005,2000,1.0,0.0,0.19393810714402873,0.194530983331259,1.3168268228563864,1863.0
0.0415,0.35,0.005,2000,1.0,0.0,0.17308995740586583,0.1878100351468474,1.3168268228563864,1863.0
0.045000000000000005,0.35,0.005,2000,1.0,0.0,0.14153672906124642,0.17778975367422817,1.3168268228563864,1863.0
0.0485,0.35,0.005,2000,1.0,0.0,0.12074954799624664,0.17134730911220664,1.3168268228563864,1863.0
0.052000000000000005,0.35,0.005,2000,1.0,0.0,0.09962050252393917,0.16486220447045263,1.3168268228563864,1863.0
0.0555,0.35,0.005,2000,0.925,0.0,0.06739225548181912,0.15522654410078673,1.3168268228563864,1863.0
0.059000000000000004,0.35,0.005,2000,0.9,0.0,0.054925073281720936,0.1515658787026962,1.3168268228563864,1863.0
0.0625,0.35,0.005,2000,0.6875,0.0,0.02891007048224925,0.14421830135080727,1.3168268228563864,1863.0
0.066,0.35,0.005,2000,0.3875,0.0,-0.014502036701930468,0.1322129886649488,1.3168268228563864,1863.0
0.0695,0.35,0.005,2000,0.2125,0.0,-0.0328694179720541,0.12734217661960812,1.3168268228563864,1863.0
0.073,0.35,0.005,2000,0.1875,0.0,-0.0482497321561013,0.12340534438779446,1.3168268228563864,1863.0
0.0765,0.35,0.005,2000,0.05,0.0,-0.05661827149257759,0.12110595198344261,1.3168268228563864,1863.0
0.08,0.35,0.005,2000,0.0125,0.0,-0.08597764175757154,0.11386452819430419,1.3168268228563864,1863.0
0.08349999999999999,0.35,0.005,2000,0.0,0.0,-0.10202109655910792,0.10997607429891039,1.3168268228563864,1863.0
0.087,0.35,0.005,2000,0.0,0.0,-0.13390088904867398,0.10250218623373278,1.3168268228563864,1863.0
0.0905,0.35,0.005,2000,0.0,0.0,-0.14691896028433896,0.0995771648988548,1.3168268228563864,1863.0
0.094,0.35,0.005,2000,0.0,0.0,-0.17468511842937398,0.09357031238148736,1.3168268228563864,1863.0
0.0975,0.35,0.005,2000,0.0,0.0,-0.19220646324679863,0.08975183317089289,1.3168268228563864,1863.0
0.10099999999999999,0.35,0.005,2000,0.0,0.0,-0.20630547890964906,0.08690718366539948,1.3168268228563864,1863.0
0.1045,0.35,0.005,2000,0.0,0.0,-0.23591324501998043,0.08098759311373577,1.3168268228563864,1863.0
0.108,0.35,0.005,2000,0.0,0.0,-0.24333539691258332,0.07956923925679409,1.3168268228563864,1863.0
0.1115,0.35,0.005,2000,0.0,0.0,-0.2700407539487281,0.0745287173426957,1.3168268228563864,1863.0
0.11499999999999999,0.35,0.005,2000,0.0,0.0,-0.2706429876766574,0.07439755906779508,1.3168268228563864,1863.0
0.1185,0.35,0.005,2000,0.0,0.0,-0.2989069695474868,0.06952822857509744,1.3168268228563864,1863.0
0.122,0.35,0.005,2000,0.0,0.0,-0.3142671570688253,0.06678431578471944,1.3168268228563864,1863.0
0.1255,0.35,0.005,2000,0.0,0.0,-0.33841512728210066,0.06281176836020974,1.3168268228563864,1863.0
0.129,0.35,0.005,2000,0.0,0.0,-0.34470326658247535,0.06178518671080495,1.3168268228563864,1863.0
0.1325,0.35,0.005,2000,0.0,0.0,-0.36269022720668975,0.05896383468202178,1.3168268228563864,1863.0
0.136,0.35,0.005,2000,0.0,0.0,-0.3840415605891688,0.05577545487600825,1.3168268228563864,1863.0
0.1395,0.35,0.005,2000,0.0,0.0,-0.39027087961297313,0.05481000291371816,1.3168268228563864,1863.0
0.14300000000000002,0.35,0.005,2000,0.0,0.0,-0.40865671583012214,0.05215236428393031,1.3168268228563864,1863.0
0.14650000000000002,0.35,0.005,2000,0.0,0.0,-0.42366584980717176,0.05009569404001453,1.3168268228563864,1863.0
0.15000000000000002,0.35,0.005,2000,0.0,0.0,-0.43755436902708206,0.048234974977583375,1.3168268228563864,1863.0
0.15350000000000003,0.35,0.005,2000,0.0,0.0,-0.45915047768416917,0.045425370972318635,1.3168268228563864,1863.0
0.157,0.35,0.005,2000,0.0,0.0,-0.46806891355083646,0.04431088052082488,1.3168268228563864,1863.0
0.1605,0.35,0.005,2000,0.0,0.0,-0.489928146266711,0.04160686936963663,1.3168268228563864,1863.0
0.164,0.35,0.005,2000,0.0,0.0,-0.5015688201933906,0.040255192858540505,1.3168268228563864,1863.0
0.1675,0.35,0.005,2000,0.0,0.0,-0.5143981305828731,0.03877836521930968,1.3168268228563864,1863.0
0.171,0.35,0.005,2000,0.0,0.0,-0.5279126909906792,0.0372283387253983,1.3168268228563864,1863.0
0.17450000000000002,0.35,0.005,2000,0.0,0.0,-0.5455350994926713,0.035331584112740455,1.3168268228563864,1863.0
0.17800000000000002,0.35,0.005,2000,0.0,0.0,-0.5517903338453441,0.034694940190499596,1.3168268228563864,1863.0
0.18150000000000002,0.35,0.005,2000,0.0,0.0,-0.5617497859094108,0.03363134006463588,1.3168268228563864,1863.0
0.18500000000000003,0.35,0.005,2000,0.0,0.0,-0.5804370371010164,0.031791100900194366,1.3168268228563864,1863.0
0.1885,0.35,0.005,2000,0.0,0.0,-0.5904736405878586,0.030791441864101356,1.3168268228563864,1863.0
0.192,0.35,0.005,2000,0.0,0.0,-0.6019219920932871,0.029705689613298048,1.3168268228563864,1863.0
0.1955,0.35,0.005,2000,0.0,0.0,-0.624346630320499,0.02764841911502235,1.3168268228563864,1863.0
0.199,0.35,0.005,2000,0.0,0.0,-0.6342976758054754,0.02678730219461904,1.3168268228563864,1863.0
0.2025,0.35,0.005,2000,0.0,0.0,-0.6483820934613638,0.025557488701312314,1.3168268228563864,1863.0
0.20600000000000002,0.35,0.005,2000,0.0,0.0,-0.6592632957673192,0.024637575679724612,1.3168268228563864,1863.0
0.20950000000000002,0.35,0.005,2000,0.0,0.0,-0.6600789653385648,0.02458012847695074,1.3168268228563864,1863.0
0.21300000000000002,0.35,0.005,2000,0.0,0.0,-0.6786861803270264,0.02309188357504626,1.3168268228563864,1863.0
0.21650000000000003,0.35,0.005,2000,0.0,0.0,-0.6874733064283207,0.022381515475045514,1.3168268228563864,1863.0
0.22,0.35,0.005,2000,0.0,0.0,-0.6965971698779674,0.02166316840499017,1.3168268228563864,1863.0
0.01,0.4,0.005,2000,1.0,0.0,0.392719253672687,0.2570013637369534,1.328100985898594,1845.0
0.0135,0.4,0.005,2000,1.0,0.0,0.36516869667073926,0.24752887329542114,1.328100985898594,1845.0
0.017,0.4,0.005,2000,1.0,0.0,0.34231856153887674,0.23969814391280098,1.328100985898594,1845.0
0.0205,0.4,0.005,2000,1.0,0.0,0.3045180214513791,0.22685703587955358,1.328100985898594,1845.0
0.024,0.4,0.005,2000,1.0,0.0,0.28134025147585995,0.21903823629323638,1.328100985898594,1845.0
0.027500000000000004,0.4,0.005,2000,1.0,0.0,0.24028572437909163,0.20537392964333842,1.328100985898594,1845.0
0.031,0.4,0.005,2000,1.0,0.0,0.21545095012656218,0.1972392291762403,1.328100985898594,1845.0
0.0345,0.4,0.005,2000,1.0,0.0,0.1933694668542666,0.19015338069658796,1.328100985898594,1845.0
0.038,0.4,0.005,2000,1.0,0.0,0.1710066513285915,0.18306597213238018,1.328100985898594,1845.0
0.0415,0.4,0.005,2000,1.0,0.0,0.14350073677952807,0.17448450967341572,1.328100985898594,1845.0
0.045000000000000005,0.4,0.005,2000,1.0,0.0,0.12319948906161896,0.1682906316194715,1.328100985898594,1845.0
0.0485,0.4,0.005,2000,0.9875,0.0,0.0963254237630565,0.16020052992486286,1.328100985898594,1845.0
0.052000000000000005,0.4,0.005,2000,0.9375,0.0,0.07214848877461855,0.15314612463430935,1.328100985898594,1845.0
0.0555,0.4,0.005,2000,0.875,0.0,0.052131928643743365,0.14740197252097229,1.328100985898594,1845.0
0.059000000000000004,0.4,0.005,2000,0.8125,0.0,0.034810817718566846,0.14245092150460933,1.328100985898594,1845.0
0.0625,0.4,0.005,2000,0.475,0.0,0.00017026854579223205,0.13304721852443477,1.328100985898594,1845.0
0.066,0.4,0.005,2000,0.35,0.0,-0.021757085791195247,0.1273709881954031,1.328100985898594,1845.0
0.0695,0.4,0.005,2000,0.2125,0.0,-0.03696532888449233,0.1233952004055415,1.328100985898594,1845.0
0.073,0.4,0.005,2000,0.15,0.0,-0.05183056664335302,0.11957559904269233,1.328100985898594,1845.0
0.0765,0.4,0.005,2000,0.0125,0.0,-0.08281025178862561,0.11198924220816231,1.328100985898594,1845.0
0.08,0.4,0.005,2000,0.0,0.0,-0.10501068677450712,0.1066930634409283,1.328100985898594,1845.0
0.08349999999999999,0.4,0.005,2000,0.0,0.0,-0.12269371391660837,0.1026694035398625,1.328100985898594,1845.0
0.087,0.4,0.005,2000,0.0,0.0,-0.14643762045726605,0.09732126355191555,1.328100985898594,1845.0
0.0905,0.4,0.005,2000,0.0,0.0,-0.156428298058082,0.09513136294882406,1.328100985898594,1845.0
0.094,0.4,0.005,2000,0.0,0.0,-0.18708175817507494,0.08861101644342999,1.328100985898594,1845.0
0.0975,0.4,0.005,2000,0.0,0.0,-0.1987042584212405,0.08648307672918734,1.328100985898594,1845.0
0.10099999999999999,0.4,0.005,2000,0.0,0.0,-0.22480839908742184,0.08116422360524145,1.328100985898594,1845.0
0.1045,0.4,0.005,2000,0.0,0.0,-0.2386385854445737,0.07854128155833348,1.328100985898594,1845.0
0.108,0.4,0.005,2000,0.0,0.0,-0.25951718977451693,0.07463845116504397,1.328100985898594,1845.0
0.1115,0.4,0.005,2000,0.0,0.0,-0.2706789174581193,0.07262195539572303,1.328100985898594,1845.0
0.11499999999999999,0.4,0.005,2000,0.0,0.0,-0.29277593109699995,0.06878715150896852,1.328100985898594,1845.0
0.1185,0.4,0.005,2000,0.0,0.0,-0.31259543262542955,0.06549776790193476,1.328100985898594,1845.0
0.122,0.4,0.005,2000,0.0,0.0,-0.3310244547284841,0.06243474178798142,1.328100985898594,1845.0
0.1255,0.4,0.005,2000,0.0,0.0,-0.3573311801049512,0.05834130787752419,1.328100985898594,1845.0
0.129,0.4,0.005,2000,0.0,0.0,-0.3601622650168492,0.05791335932631346,1.328100985898594,1845.0
0.1325,0.4,0.005,2000,0.0,0.0,-0.37369804838359955,0.05584180496167943,1.328100985898594,1845.0
0.136,0.4,0.005,2000,0.0,0.0,-0.39482606165824735,0.052816851641853846,1.328100985898594,1845.0
0.1395,0.4,0.005,2000,0.0,0.0,-0.41513970946994344,0.05001507472813586,1.328100985898594,1845.0
0.14300000000000002,0.4,0.005,2000,0.0,0.0,-0.4195701594370334,0.04938997797827593,1.328100985898594,1845.0
0.14650000000000002,0.4,0.005,2000,0.0,0.0,-0.4427973332330762,0.046365516393689035,1.328100985898594,1845.0
0.15000000000000002,0.4,0.005,2000,0.0,0.0,-0.46353540014900113,0.043729644183423774,1.328100985898594,1845.0
0.15350000000000003,0.4,0.005,2000,0.0,0.0,-0.46871952373878356,0.04307752393779901,1.328100985898594,1845.0
0.157,0.4,0.005,2000,0.0,0.0,-0.47913721247918506,0.04188308037916568,1.328100985898594,1845.0
0.1605,0.4,0.005,2000,0.0,0.0,-0.4952742864370482,0.03995184439742949,1.328100985898594,1845.0
0.164,0.4,0.005,2000,0.0,0.0,-0.5137212318056544,0.03783985703076034,1.328100985898594,1845.0
0.1675,0.4,0.005,2000,0.0,0.0,-0.522224875361733,0.03693272181136403,1.328100985898594,1845.0
0.171,0.4,0.005,2000,0.0,0.0,-0.5460085446306733,0.03442234836161071,1.328100985898594,1845.0
0.17450000000000002,0.4,0.005,2000,0.0,0.0,-0.5517180518740092,0.03379900070429961,1.328100985898594,1845.0
0.17800000000000002,0.4,0.005,2000,0.0,0.0,-0.5619403500012531,0.032755574464773216,1.328100985898594,1845.0
0.18150000000000002,0.4,0.005,2000,0.0,0.0,-0.5758567879647363,0.03142996628177125,1.328100985898594,1845.0
0.18500000000000003,0.4,0.005,2000,0.0,0.0,-0.5946647524181037,0.02962825908736979,1.328100985898594,1845.0
0.1885,0.4,0.005,2000,0.0,0.0,-0.6002170921060841,0.02911903230841083,1.328100985898594,1845.0
0.192,0.4,0.005,2000,0.0,0.0,-0.617871974580637,0.0275055945301934,1.328100985898594,1845.0
0.1955,0.4,0.005,2000,0.0,0.0,-0.627907232428147,0.026621328896219616,1.328100985898594,1845.0
0.199,0.4,0.005,2000,0.0,0.0,-0.6348566347011271,0.02603801611430286,1.328100985898594,1845.0
0.2025,0.4,0.005,2000,0.0,0.0,-0.6509259116867309,0.024702100134390004,1.328100985898594,1845.0
0.20600000000000002,0.4,0.005,2000,0.0,0.0,-0.6628308441322505,0.02373688631288005,1.328100985898594,1845.0
0.20950000000000002,0.4,0.005,2000,0.0,0.0,-0.6773233215983273,0.022579496786711725,1.328100985898594,1845.0
0.21300000000000002,0.4,0.005,2000,0.0,0.0,-0.6822815038127816,0.02220397160273016,1.328100985898594,1845.0
0.21650000000000003,0.4,0.005,2000,0.0,0.0,-0.6994782531867518,0.02093506084756416,1.328100985898594,1845.0
0.22,0.4,0.005,2000,0.0,0.0,-0.7087613232072426,0.02022203254634191,1.328100985898594,1845.0
0.01,0.05,0.01,2000,1.0,0.0,0.5217522674902726,0.3419371539512919,1.258769757263128,1960.0
0.0135,0.05,0.01,2000,1.0,0.0,0.48759974161907244,0.32949394520445574,1.258769757263128,1960.0
0.017,0.05,0.01,2000,1.0,0.0,0.45795434016271974,0.31858514088319934,1.258769757263128,1960.0
0.0205,0.05,0.01,2000,1.0,0.0,0.4257408088918928,0.306584247733798,1.258769757263128,1960.0
0.024,0.05,0.01,2000,1.0,0.0,0.39076582461162834,0.2935538528846847,1.258769757263128,1960.0
0.027500000000000004,0.05,0.01,2000,1.0,0.0,0.35602772952927675,0.28057581287100253,1.258769757263128,1960.0
0.031,0.05,0.01,2000,1.0,0.0,0.33373431556407585,0.2722447700869921,1.258769757263128,1960.0
0.0345,0.05,0.01,2000,1.0,0.0,0.3094117034026314,0.26316601561637787,1.258769757263128,1960.0
0.038,0.05,0.01,2000,1.0,0.0,0.27736832236492887,0.2513042741281651,1.258769757263128,1960.0
0.0415,0.05,0.01,2000,1.0,0.0,0.2490902494867287,0.24092266822336747,1.258769757263128,1960.0
0.045000000000000005,0.05,0.01,2000,1.0,0.0,0.2176143583813502,0.2294494043197624,1.258769757263128,1960.0
0.0485,0.05,0.01,2000,1.0,0.0,0.19299079582774942,0.22063385841627828,1.258769757263128,1960.0
0.052000000000000005,0.05,0.01,2000,1.0,0.0,0.17131008640548978,0.21297541123988345,1.258769757263128,1960.0
0.0555,0.05,0.01,2000,1.0,0.0,0.14936057736447914,0.20530598745868991,1.258769757263128,1960.0
0.059000000000000004,0.05,0.01,2000,1.0,0.0,0.12248743005608911,0.19605135259627066,1.258769757263128,1960.0
0.0625,0.05,0.01,2000,0.9875,0.0,0.09489648538916748,0.18668916116481088,1.258769757263128,1960.0
0.066,0.05,0.01,2000,0.9625,0.0,0.07048206114621382,0.17856447638924378,1.258769757263128,1960.0
0.0695,0.05,0.01,2000,0.8875,0.0,0.048965780830624896,0.17166708387772708,1.258769757263128,1960.0
0.073,0.05,0.01,2000,0.7875,0.0,0.034554673152701984,0.16707461751661673,1.258769757263128,1960.0
0.0765,0.05,0.01,2000,0.5625,0.0,0.007535680372640821,0.15860210349634554,1.258769757263128,1960.0
0.08,0.05,0.01,2000,0.275,0.0,-0.0177965437000596,0.15084694490548467,1.258769757263128,1960.0
0.08349999999999999,0.05,0.01,2000,0.2125,0.0,-0.03450473172808836,0.14597699429150227,1.258769757263128,1960.0
0.087,0.05,0.01,2000,0.1125,0.0,-0.057403084459733855,0.13949448592151864,1.258769757263128,1960.0
0.0905,0.05,0.01,2000,0.075,0.0,-0.07173396449643174,0.13535784788980468,1.258769757263128,1960.0
0.094,0.05,0.01,2000,0.025,0.0,-0.1079363402901999,0.12547011822522583,1.258769757263128,1960.0
0.0975,0.05,0.01,2000,0.0,0.0,-0.12366856430561753,0.12114599270714899,1.258769757263128,1960.0
0.10099999999999999,0.05,0.01,2000,0.0,0.0,-0.1394534606673225,0.11706025418241055,1.258769757263128,1960.0
0.1045,0.05,0.01,2000,0.0,0.0,-0.16535335393114745,0.11057546578006683,1.258769757263128,1960.0
0.108,0.05,0.01,2000,0.0,0.0,-0.17947996290813417,0.10708562587964643,1.258769757263128,1960.0
0.1115,0.05,0.01,2000,0.0,0.0,-0.20623133025367707,0.10087698885318144,1.258769757263128,1960.0
0.11499999999999999,0.05,0.01,2000,0.0,0.0,-0.22038599081702764,0.09755294916347783,1.258769757263128,1960.0
0.1185,0.05,0.01,2000,0.0,0.0,-0.23735431332366025,0.09369097258491077,1.258769757263128,1960.0
0.122,0.05,0.01,2000,0.0,0.0,-0.24934385258931463,0.09114854316343915,1.258769757263128,1960.0
0.1255,0.05,0.01,2000,0.0,0.0,-0.27422823475756386,0.08590796567748166,1.258769757263128,1960.0
0.129,0.05,0.01,2000,0.0,0.0,-0.2883238471495968,0.08286095189517353,1.258769757263128,1960.0
0.1325,0.05,0.01,2000,0.0,0.0,-0.31503979057017484,0.07765223368240598,1.258769757263128,1960.0
0.136,0.05,0.01,2000,0.0,0.0,-0.32890712281615997,0.07503852557755153,1.258769757263128,1960.0
0.1395,0.05,0.01,2000,0.0,0.0,-0.3414209277822969,0.07266123014929896,1.258769757263128,1960.0
0.14300000000000002,0.05,0.01,2000,0.0,0.0,-0.36497594141558154,0.06842666826769161,1.258769757263128,1960.0
0.14650000000000002,0.05,0.01,2000,0.0,0.0,-0.3728849840827901,0.0670339197428465,1.258769757263128,1960.0
0.15000000000000002,0.05,0.01,2000,0.0,0.0,-0.39520211314349757,0.06322426432112181,1.258769757263128,1960.0
0.15350000000000003,0.05,0.01,2000,0.0,0.0,-0.41059535562175214,0.06069611530522442,1.258769757263128,1960.0
0.157,0.05,0.01,2000,0.0,0.0,-0.41694238081279955,0.059679859560077,1.258769757263128,1960.0
0.1605,0.05,0.01,2000,0.0,0.0,-0.43330235232571984,0.05717198615619966,1.258769757263128,1960.0
0.164,0.05,0.01,2000,0.0,0.0,-0.4556002355803617,0.05373647785098157,1.258769757263128,1960.0
0.1675,0.05,0.01,2000,0.0,0.0,-0.4704878049837321,0.05162332006555463,1.258769757263128,1960.0
0.171,0.05,0.01,2000,0.0,0.0,-0.486651889131569,0.04924188127232054,1.258769757263128,1960.0
0.17450000000000002,0.05,0.01,2000,0.0,0.0,-0.501942951883026,0.047155102433916074,1.258769757263128,1960.0
0.17800000000000002,0.05,0.01,2000,0.0,0.0,-0.5101722846811138,0.04605664534596669,1.258769757263128,1960.0
0.18150000000000002,0.05,0.01,2000,0.0,0.0,-0.5320841717784589,0.04323748873245205,1.258769757263128,1960.0
0.18500000000000003,0.05,0.01,2000,0.0,0.0,-0.5385442928491935,0.04238916247898672,1.258769757263128,1960.0
0.1885,0.05,0.01,2000,0.0,0.0,-0.5511280612191847,0.04085697853866414,1.258769757263128,1960.0
0.192,0.05,0.01,2000,0.0,0.0,-0.5666413937208382,0.03899207133928145,1.258769757263128,1960.0
0.1955,0.05,0.01,2000,0.0,0.0,-0.5783623019537436,0.037595901990850875,1.258769757263128,1960.0
0.199,0.05,0.01,2000,0.0,0.0,-0.597562242241283,0.03543389988667899,1.258769757263128,1960.0
0.2025,0.05,0.01,2000,0.0,0.0,-0.6086601767806361,0.03422656171564179,1.258769757263128,1960.0
0.20600000000000002,0.05,0.01,2000,0.0,0.0,-0.618648640002562,0.03316291707203421,1.258769757263128,1960.0
0.20950000000000002,0.05,0.01,2000,0.0,0.0,-0.6344556393642724,0.031522449514504655,1.258769757263128,1960.0
0.21300000000000002,0.05,0.01,2000,0.0,0.0,-0.635002821230343,0.03144384401736385,1.258769757263128,1960.0
0.21650000000000003,0.05,0.01,2000,0.0,0.0,-0.6531895223083544,0.02963474779605964,1.258769757263128,1960.0
0.22,0.05,0.01,2000,0.0,0.0,-0.6629456116544917,0.02869848658097359,1.258769757263128,1960.0
0.01,0.1,0.01,2000,1.0,0.0,0.5046670238629606,0.3298013317515517,1.269213649488229,1942.0
0.0135,0.1,0.01,2000,1.0,0.0,0.47217525809988786,0.31797570805402553,1.269213649488229,1942.0
0.017,0.1,0.01,2000,1.0,0.0,0.4283650564705709,0.30195124743285606,1.269213649488229,1942.0
0.0205,0.1,0.01,2000,1.0,0.0,0.4102026764224383,0.2952477568602003,1.269213649488229,1942.0
0.024,0.1,0.01,2000,1.0,0.0,0.37347378463464015,0.281681955789964,1.269213649488229,1942.0
0.027500000000000004,0.1,0.01,2000,1.0,0.0,0.3437070245864793,0.27069345018289226,1.269213649488229,1942.0
0.031,0.1,0.01,2000,1.0,0.0,0.30363128654405824,0.2559317976011977,1.269213649488229,1942.0
0.0345,0.1,0.01,2000,1.0,0.0,0.28742044086989976,0.25001912171139234,1.269213649488229,1942.0
0.038,0.1,0.01,2000,1.0,0.0,0.25352455808028485,0.23769634223073313,1.269213649488229,1942.0
0.0415,0.1,0.01,2000,1.0,0.0,0.22935247234109743,0.22900655954168014,1.269213649488229,1942.0
0.045000000000000005,0.1,0.01,2000,1.0,0.0,0.1979065563803368,0.21783878988131455,1.269213649488229,1942.0
0.0485,0.1,0.01,2000,1.0,0.0,0.17307427896848981,0.20917873720951916,1.269213649488229,1942.0
0.052000000000000005,0.1,0.01,2000,1.0,0.0,0.15833001983980327,0.20405814305215225,1.269213649488229,1942.0
0.0555,0.1,0.01,2000,0.975,0.0,0.12323929898959354,0.19218647866507826,1.269213649488229,1942.0
0.059000000000000004,0.1,0.01,2000,0.9875,0.0,0.09632316181229483,0.1832318340770702,1.269213649488229,1942.0
0.0625,0.1,0.01,2000,0.9875,0.0,0.07329952494870152,0.17563923815878288,1.269213649488229,1942.0
0.066,0.1,0.01,2000,0.925,0.0,0.06104799262759849,0.1717503130611338,1.269213649488229,1942.0
0.0695,0.1,0.01,2000,0.7625,0.0,0.029653692650151726,0.1619168399113597,1.269213649488229,1942.0
0.073,0.1,0.01,2000,0.4875,0.0,0.006098946893319917,0.154778935849398,1.269213649488229,1942.0
0.0765,0.1,0.01,2000,0.3125,0.0,-0.01515091499557944,0.14836738344856631,1.269213649488229,1942.0
0.08,0.1,0.01,2000,0.2,0.0,-0.03556141408407506,0.14242459750397493,1.269213649488229,1942.0
0.08349999999999999,0.1,0.01,2000,0.0875,0.0,-0.06167999061016657,0.13503485691622144,1.269213649488229,1942.0
0.087,0.1,0.01,2000,0.0625,0.0,-0.07313402397176452,0.13188943806863346,1.269213649488229,1942.0
0.0905,0.1,0.01,2000,0.0,0.0,-0.09944312646822587,0.12474246888092473,1.269213649488229,1942.0
0.094,0.1,0.01,2000,0.0,0.0,-0.12554879500823274,0.11791770776100749,1.269213649488229,1942.0
0.0975,0.1,0.01,2000,0.0,0.0,-0.14221312034078135,0.1138009951879075,1.269213649488229,1942.0
0.10099999999999999,0.1,0.01,2000,0.0,0.0,-0.15007323634790698,0.11176840920417348,1.269213649488229,1942.0
0.1045,0.1,0.01,2000,0.0,0.0,-0.18333407980057573,0.1039134275527867,1.269213649488229,1942.0
0.108,0.1,0.01,2000,0.0,0.0,-0.20028967184962418,0.09977754784676604,1.269213649488229,1942.0
0.1115,0.1,0.01,2000,0.0,0.0,-0.21464371641333718,0.09647725785602357,1.269213649488229,1942.0
0.11499999999999999,0.1,0.01,2000,0.0,0.0,-0.23768846403247218,0.09152563714743465,1.269213649488229,1942.0
0.1185,0.1,0.01,2000,0.0,0.0,-0.2558503745177655,0.08758037355979904,1.269213649488229,1942.0
0.122,0.1,0.01,2000,0.0,0.0,-0.2767565271230709,0.08322570210205457,1.269213649488229,1942.0
0.1255,0.1,0.01,2000,0.0,0.0,-0.28906261131942595,0.08081592516889632,1.269213649488229,1942.0
0.129,0.1,0.01,2000,0.0,0.0,-0.3055146223717973,0.07758582121123733,1.269213649488229,1942.0
0.1325,0.1,0.01,2000,0.0,0.0,-0.32406500111570863,0.07407024905390011,1.269213649488229,1942.0
0.136,0.1,0.01,2000,0.0,0.0,-0.33518714161991603,0.07205448823717825,1.269213649488229,1942.0
0.1395,0.1,0.01,2000,0.0,0.0,-0.3686790074268572,0.06614094312913275,1.269213649488229,1942.0
0.14300000000000002,0.1,0.01,2000,0.0,0.0,-0.37938184704861716,0.06428192582433749,1.269213649488229,1942.0
0.14650000000000002,0.1,0.01,2000,0.0,0.0,-0.38450570143061386,0.06347485025981443,1.269213649488229,1942.0
0.15000000000000002,0.1,0.01,2000,0.0,0.0,-0.40869050695665915,0.05960571421027465,1.269213649488229,1942.0
0.15350000000000003,0.1,0.01,2000,0.0,0.0,-0.4232554328966433,0.05724655534709864,1.269213649488229,1942.0
0.157,0.1,0.01,2000,0.0,0.0,-0.4251654395945016,0.056958503438517695,1.269213649488229,1942.0
0.1605,0.1,0.01,2000,0.0,0.0,-0.45248931513510887,0.052903251636521945,1.269213649488229,1942.0
0.164,0.1,0.01,2000,0.0,0.0,-0.46656398623309475,0.050820023140651725,1.269213649488229,1942.0
0.1675,0.1,0.01,2000,0.0,0.0,-0.48167049463071476,0.04870909040655966,1.269213649488229,1942.0
0.171,0.1,0.01,2000,0.0,0.0,-0.49748024294253507,0.04656749037256649,1.269213649488229,1942.0
0.17450000000000002,0.1,0.01,2000,0.0,0.0,-0.5115307663169643,0.04475446966942255,1.269213649488229,1942.0
0.17800000000000002,0.1,0.01,2000,0.0,0.0,-0.5216802647557777,0.0434386267704223,1.269213649488229,1942.0
0.18150000000000002,0.1,0.01,2000,0.0,0.0,-0.5330178810573258,0.04199268851875001,1.269213649488229,1942.0
0.18500000000000003,0.1,0.01,2000,0.0,0.0,-0.5506243968949663,0.039898422775143175,1.269213649488229,1942.0
0.1885,0.1,0.01,2000,0.0,0.0,-0.5662910876137512,0.038052713456007504,1.269213649488229,1942.0
0.192,0.1,0.01,2000,0.0,0.0,-0.5797234643613185,0.03652890111048905,1.269213649488229,1942.0
0.1955,0.1,0.01,2000,0.0,0.0,-0.5964554039972898,0.034704070729011424,1.269213649488229,1942.0
0.199,0.1,0.01,2000,0.0,0.0,-0.6059952379850756,0.033651818497914654,1.269213649488229,1942.0
0.2025,0.1,0.01,2000,0.0,0.0,-0.6145691101444652,0.032739724512855964,1.269213649488229,1942.0
0.20600000000000002,0.1,0.01,2000,0.0,0.0,-0.6281532378783566,0.031368158461823094,1.269213649488229,1942.0
0.20950000000000002,0.1,0.01,2000,0.0,0.0,-0.6419450957730972,0.029999404992703028,1.269213649488229,1942.0
0.21300000000000002,0.1,0.01,2000,0.0,0.0,-0.649337775849901,0.029267135564958358,1.269213649488229,1942.0
0.21650000000000003,0.1,0.01,2000,0.0,0.0,-0.6590626275436138,0.02834820061415016,1.269213649488229,1942.0
0.22,0.1,0.01,2000,0.0,0.0,-0.6746505750121197,0.026942065225084022,1.269213649488229,1942.0
0.01,0.15,0.01,2000,1.0,0.0,0.4710108742376712,0.3118073892424775,1.2798037629377659,1924.0
0.0135,0.15,0.01,2000,1.0,0.0,0.44036810857627884,0.3006919132474378,1.2798037629377659,1924.0
0.017,0.15,0.01,2000,1.0,0.0,0.41424409403632173,0.29120748966189447,1.2798037629377659,1924.0
0.0205,0.15,0.01,2000,1.0,0.0,0.37005361424331196,0.2750676183094856,1.2798037629377659,1924.0
0.024,0.15,0.01,2000,1.0,0.0,0.34488937398764,0.2658851259346595,1.2798037629377659,1924.0
0.027500000000000004,0.15,0.01,2000,1.0,0.0,0.3162146833195576,0.2554738699506086,1.2798037629377659,1924.0
0.031,0.15,0.01,2000,1.0,0.0,0.2898929694287996,0.24595206057987246,1.2798037629377659,1924.0
0.0345,0.15,0.01,2000,1.0,0.0,0.2681869434225218,0.23816660182646796,1.2798037629377659,1924.0
0.038,0.15,0.01,2000,1.0,0.0,0.2393557527895199,0.22789070302920128,1.2798037629377659,1924.0
0.0415,0.15,0.01,2000,1.0,0.0,0.19967442075656025,0.21395756822818676,1.2798037629377659,1924.0
0.045000000000000005,0.15,0.01,2000,1.0,0.0,0.1855942286074201,0.20904571951079004,1.2798037629377659,1924.0
0.0485,0.15,0.01,2000,1.0,0.0,0.1552291696061358,0.19874556626756748,1.2798037629377659,1924.0
0.052000000000000005,0.15,0.01,2000,0.9875,0.0,0.13098752826024734,0.19067559339853019,1.2798037629377659,1924.0
0.0555,0.15,0.01,2000,1.0,0.0,0.1031042556295576,0.18142041003589607,1.2798037629377659,1924.0
0.059000000000000004,0.15,0.01,2000,0.9875,0.0,0.08733691020137004,0.17630636814220108,1.2798037629377659,1924.0
0.0625,0.15,0.01,2000,0.9,0.0,0.051796558364446646,0.16517985861319065,1.2798037629377659,1924.0
0.066,0.15,0.01,2000,0.725,0.0,0.029550998227400392,0.15829051708780237,1.2798037629377659,1924.0
0.0695,0.15,0.01,2000,0.4625,0.0,0.008204963189895132,0.1519304168142194,1.2798037629377659,1924.0
0.073,0.15,0.01,2000,0.3875,0.0,-0.011611283325073645,0.14606019089703667,1.2798037629377659,1924.0
0.0765,0.15,0.01,2000,0.225,0.0,-0.03373362401180049,0.13973656604767531,1.2798037629377659,1924.0
0.08,0.15,0.01,2000,0.1,0.0,-0.05539098057695695,0.13370618967649328,1.2798037629377659,1924.0
0.08349999999999999,0.15,0.01,2000,0.05,0.0,-0.07750459310187723,0.1276856755641229,1.2798037629377659,1924.0
0.087,0.15,0.01,2000,0.0125,0.0,-0.09050868655710184,0.12421393173687137,1.2798037629377659,1924.0
0.0905,0.15,0.01,2000,0.0,0.0,-0.12089723241825186,0.1163681835466864,1.2798037629377659,1924.0
0.094,0.15,0.01,2000,0.0,0.0,-0.14039708027455786,0.11149658837647936,1.2798037629377659,1924.0
0.0975,0.15,0.01,2000,0.0,0.0,-0.1500411359183588,0.10915133162711059,1.2798037629377659,1924.0
0.10099999999999999,0.15,0.01,2000,0.0,0.0,-0.17191119366747545,0.10395581432422296,1.2798037629377659,1924.0
0.1045,0.15,0.01,2000,0.0,0.0,-0.1940691123258365,0.09885058783737696,1.2798037629377659,1924.0
0.108,0.15,0.01,2000,0.0,0.0,-0.2151074335209346,0.09419704828835876,1.2798037629377659,1924.0
0.1115,0.15,0.01,2000,0.0,0.0,-0.23255622631931055,0.09040722121808424,1.2798037629377659,1924.0
0.11499999999999999,0.15,0.01,2000,0.0,0.0,-0.24925195616499574,0.08686495406234337,1.2798037629377659,1924.0
0.1185,0.15,0.01,2000,0.0,0.0,-0.25936646321620704,0.08479699068388821,1.2798037629377659,1924.0
0.122,0.15,0.01,2000,0.0,0.0,-0.28476057743707184,0.07979474027705472,1.2798037629377659,1924.0
0.1255,0.15,0.01,2000,0.0,0.0,-0.30066649657854694,0.0766302018011416,1.2798037629377659,1924.0
0.129,0.15,0.01,2000,0.0,0.0,-0.3240588163578101,0.0722867337733624,1.2798037629377659,1924.0
0.1325,0.15,0.01,2000,0.0,0.0,-0.34051671807378514,0.06938052198403315,1.2798037629377659,1924.0
0.136,0.15,0.01,2000,0.0,0.0,-0.3522154515904222,0.06728180465290289,1.2798037629377659,1924.0
0.1395,0.15,0.01,2000,0.0,0.0,-0.37196996490154915,0.0639627711761588,1.2798037629377659,1924.0
0.14300000000000002,0.15,0.01,2000,0.0,0.0,-0.38781621167024244,0.06136439741492442,1.2798037629377659,1924.0
0.14650000000000002,0.15,0.01,2000,0.0,0.0,-0.4074568217135782,0.05832689981375709,1.2798037629377659,1924.0
0.15000000000000002,0.15,0.01,2000,0.0,0.0,-0.41724366357479215,0.05675286437097168,1.2798037629377659,1924.0
0.15350000000000003,0.15,0.01,2000,0.0,0.0,-0.43073931662367304,0.05476661013122284,1.2798037629377659,1924.0
0.157,0.15,0.01,2000,0.0,0.0,-0.4528876381699116,0.05150339590160378,1.2798037629377659,1924.0
0.1605,0.15,0.01,2000,0.0,0.0,-0.46878967407696204,0.04931087668147446,1.2798037629377659,1924.0
0.164,0.15,0.01,2000,0.0,0.0,-0.4711273234412177,0.04895576360000821,1.2798037629377659,1924.0
0.1675,0.15,0.01,2000,0.0,0.0,-0.4948709466389607,0.045781922591902516,1.2798037629377659,1924.0
0.171,0.15,0.01,2000,0.0,0.0,-0.5075464145833173,0.04414680641014722,1.2798037629377659,1924.0
0.17450000000000002,0.15,0.01,2000,0.0,0.0,-0.5213428964247057,0.04243027925249207,1.2798037629377659,1924.0
0.17800000000000002,0.15,0.01,2000,0.0,0.0,-0.5394088309400222,0.040216335667914035,1.2798037629377659,1924.0
0.18150000000000002,0.15,0.01,2000,0.0,0.0,-0.5449665336615156,0.039539009255161364,1.2798037629377659,1924.0
0.18500000000000003,0.15,0.01,2000,0.0,0.0,-0.5674538448974225,0.03696344290866776,1.2798037629377659,1924.0
0.1885,0.15,0.01,2000,0.0,0.0,-0.5704657903642648,0.036614535884080035,1.2798037629377659,1924.0
0.192,0.15,0.01,2000,0.0,0.0,-0.5771168000503014,0.03589524558260313,1.2798037629377659,1924.0
0.1955,0.15,0.01,2000,0.0,0.0,-0.5982252519264654,0.03362824743650147,1.2798037629377659,1924.0
0.199,0.15,0.01,2000,0.0,0.0,-0.6216009343287446,0.031210410378710075,1.2798037629377659,1924.0
0.2025,0.15,0.01,2000,0.0,0.0,-0.6264781001904194,0.030733504676107193,1.2798037629377659,1924.0
0.20600000000000002,0.15,0.01,2000,0.0,0.0,-0.633759449070388,0.030008048349989457,1.2798037629377659,1924.0
0.20950000000000002,0.15,0.01,2000,0.0,0.0,-0.6511036136368847,0.02837704209347424,1.2798037629377659,1924.0
0.21300000000000002,0.15,0.01,2000,0.0,0.0,-0.6564518994313195,0.02787255677386973,1.2798037629377659,1924.0
0.21650000000000003,0.15,0.01,2000,0.0,0.0,-0.6702226875048407,0.02666852464296226,1.2798037629377659,1924.0
0.22,0.15,0.01,2000,0.0,0.0,-0.6880157901841034,0.025054255964896473,1.2798037629377659,1924.0
0.01,0.2,0.01,2000,1.0,0.0,0.45003130956103343,0.29861415580583034,1.2905435417568807,1906.0
0.0135,0.2,0.01,2000,1.0,0.0,0.41864242037330657,0.28731547858488765,1.2905435417568807,1906.0
0.017,0.2,0.01,2000,1.0,0.0,0.38696248835200464,0.2758881977930837,1.2905435417568807,1906.0
0.0205,0.2,0.01,2000,1.0,0.0,0.3597754964505452,0.26607725278815897,1.2905435417568807,1906.0
0.024,0.2,0.01,2000,1.0,0.0,0.31910930060650944,0.25147774888355306,1.2905435417568807,1906.0
0.027500000000000004,0.2,0.01,2000,1.0,0.0,0.2976028143061672,0.24377332102867624,1.2905435417568807,1906.0
0.031,0.2,0.01,2000,1.0,0.0,0.2631541433377925,0.23158186907077027,1.2905435417568807,1906.0
0.0345,0.2,0.01,2000,1.0,0.0,0.24209987759307255,0.22418928002166433,1.2905435417568807,1906.0
0.038,0.2,0.01,2000,1.0,0.0,0.2016991332927236,0.21022623862469608,1.2905435417568807,1906.0
0.0415,0.2,0.01,2000,1.0,0.0,0.18240567343150357,0.20365321600318165,1.2905435417568807,1906.0
0.045000000000000005,0.2,0.01,2000,1.0,0.0,0.16580759398072445,0.19807153862266777,1.2905435417568807,1906.0
0.0485,0.2,0.01,2000,1.0,0.0,0.13263102598821383,0.18702959781592504,1.2905435417568807,1906.0
0.052000000000000005,0.2,0.01,2000,1.0,0.0,0.11361871513234201,0.18087321042276208,1.2905435417568807,1906.0
0.0555,0.2,0.01,2000,0.975,0.0,0.0883578191642312,0.172853085377194,1.2905435417568807,1906.0
0.059000000000000004,0.2,0.01,2000,0.975,0.0,0.06939152208931561,0.1668622947154511,1.2905435417568807,1906.0
0.0625,0.2,0.01,2000,0.75,0.0,0.039215104475555124,0.15775740276505762,1.2905435417568807,1906.0
0.066,0.2,0.01,2000,0.675,0.0,0.01914898267683901,0.15173052399079395,1.2905435417568807,1906.0
0.0695,0.2,0.01,2000,0.4375,0.0,-0.00200367471537848,0.14561502131518128,1.2905435417568807,1906.0
0.073,0.2,0.01,2000,0.3625,0.0,-0.016060397919190693,0.1416035851338028,1.2905435417568807,1906.0
0.0765,0.2,0.01,2000,0.1375,0.0,-0.04915991399321915,0.13237233757798625,1.2905435417568807,1906.0
0.08,0.2,0.01,2000,0.0375,0.0,-0.07045072322847283,0.12659091695382968,1.2905435417568807,1906.0
0.08349999999999999,0.2,0.01,2000,0.0,0.0,-0.09607216012445849,0.1198357422588606,1.2905435417568807,1906.0
0.087,0.2,0.01,2000,0.025,0.0,-0.113665361108537,0.11555863233489534,1.2905435417568807,1906.0
0.0905,0.2,0.01,2000,0.0,0.0,-0.13228119648909367,0.11086931977149254,1.2905435417568807,1906.0
0.094,0.2,0.01,2000,0.0,0.0,-0.1511673595769656,0.106366865747987,1.2905435417568807,1906.0
0.0975,0.2,0.01,2000,0.0,0.0,-0.1767262317989591,0.10042201424497857,1.2905435417568807,1906.0
0.10099999999999999,0.2,0.01,2000,0.0,0.0,-0.19193426047021483,0.09698099515982425,1.2905435417568807,1906.0
0.1045,0.2,0.01,2000,0.0,0.0,-0.20564424188981878,0.09401357691550657,1.2905435417568807,1906.0
0.108,0.2,0.01,2000,0.0,0.0,-0.22831136426361526,0.08909748118166345,1.2905435417568807,1906.0
0.1115,0.2,0.01,2000,0.0,0.0,-0.24634486319064827,0.08535232737870942,1.2905435417568807,1906.0
0.11499999999999999,0.2,0.01,2000,0.0,0.0,-0.26785810274176464,0.08111231555797599,1.2905435417568807,1906.0
0.1185,0.2,0.01,2000,0.0,0.0,-0.28344630970515067,0.07808356076992143,1.2905435417568807,1906.0
0.122,0.2,0.01,2000,0.0,0.0,-0.30044223959786065,0.07489930851855012,1.2905435417568807,1906.0
0.1255,0.2,0.01,2000,0.0,0.0,-0.3169480424181136,0.07190138934250215,1.2905435417568807,1906.0
0.129,0.2,0.01,2000,0.0,0.0,-0.3381152404092813,0.06810933905500804,1.2905435417568807,1906.0
0.1325,0.2,0.01,2000,0.0,0.0,-0.34998459040211227,0.06608904493565344,1.2905435417568807,1906.0
0.136,0.2,0.01,2000,0.0,0.0,-0.36721341323307727,0.06319758292675744,1.2905435417568807,1906.0
0.1395,0.2,0.01,2000,0.0,0.0,-0.3806893745706707,0.060977566765223146,1.2905435417568807,1906.0
0.14300000000000002,0.2,0.01,2000,0.0,0.0,-0.39576089614325644,0.05867438199114712,1.2905435417568807,1906.0
0.14650000000000002,0.2,0.01,2000,0.0,0.0,-0.413716609773849,0.055894217893040166,1.2905435417568807,1906.0
0.15000000000000002,0.2,0.01,2000,0.0,0.0,-0.42491740080611357,0.054236110695082884,1.2905435417568807,1906.0
0.15350000000000003,0.2,0.01,2000,0.0,0.0,-0.4484937139996866,0.05081610926904358,1.2905435417568807,1906.0
0.157,0.2,0.01,2000,0.0,0.0,-0.46940845387423497,0.04792772066947341,1.2905435417568807,1906.0
0.1605,0.2,0.01,2000,0.0,0.0,-0.47618200231569857,0.047048834950704735,1.2905435417568807,1906.0
0.164,0.2,0.01,2000,0.0,0.0,-0.4789422282181908,0.04669984874650875,1.2905435417568807,1906.0
0.1675,0.2,0.01,2000,0.0,0.0,-0.5078433637096291,0.04298312373560864,1.2905435417568807,1906.0
0.171,0.2,0.01,2000,0.0,0.0,-0.516697224177632,0.041893048082093785,1.2905435417568807,1906.0
0.17450000000000002,0.2,0.01,2000,0.0,0.0,-0.5259646923636044,0.04080128831946521,1.2905435417568807,1906.0
0.17800000000000002,0.2,0.01,2000,0.0,0.0,-0.5545445955796955,0.03748995511076231,1.2905435417568807,1906.0
0.18150000000000002,0.2,0.01,2000,0.0,0.0,-0.5639748614330261,0.03641475577624327,1.2905435417568807,1906.0
0.18500000000000003,0.2,0.01,2000,0.0,0.0,-0.5700166510396583,0.035741171040526445,1.2905435417568807,1906.0
0.1885,0.2,0.01,2000,0.0,0.0,-0.5856881547273198,0.03409066420178038,1.2905435417568807,1906.0
0.192,0.2,0.01,2000,0.0,0.0,-0.5987634728084986,0.03271251153274501,1.2905435417568807,1906.0
0.1955,0.2,0.01,2000,0.0,0.0,-0.6119790284788879,0.03138543340219342,1.2905435417568807,1906.0
0.199,0.2,0.01,2000,0.0,0.0,-0.6194225459833425,0.030642207881399437,1.2905435417568807,1906.0
0.2025,0.2,0.01,2000,0.0,0.0,-0.6375330912458501,0.028930518339784737,1.2905435417568807,1906.0
0.20600000000000002,0.2,0.01,2000,0.0,0.0,-0.6505978874855842,0.02770215985403556,1.2905435417568807,1906.0
0.20950000000000002,0.2,0.01,2000,0.0,0.0,-0.6540092627747963,0.027400498907625314,1.2905435417568807,1906.0
0.21300000000000002,0.2,0.01,2000,0.0,0.0,-0.6739082708185943,0.02562730591076573,1.2905435417568807,1906.0
0.21650000000000003,0.2,0.01,2000,0.0,0.0,-0.6785579607655248,0.02523091773378819,1.2905435417568807,1906.0
0.22,0.2,0.01,2000,0.0,0.0,-0.6856533839014851,0.024660521478108658,1.2905435417568807,1906.0
0.01,0.25,0.01,2000,1.0,0.0,0.42172592493959427,0.282948101694844,1.3014365447458083,1888.0
0.0135,0.25,0.01,2000,1.0,0.0,0.38791469315142535,0.2709143864636153,1.3014365447458083,1888.0
0.017,0.25,0.01,2000,1.0,0.0,0.3509375585267917,0.2577377842168284,1.3014365447458083,1888.0
0.0205,0.25,0.01,2000,1.0,0.0,0.3296136063004356,0.25016879869554703,1.3014365447458083,1888.0
0.024,0.25,0.01,2000,1.0,0.0,0.29820159356689235,0.23908214936738012,1.3014365447458083,1888.0
0.027500000000000004,0.25,0.01,2000,1.0,0.0,0.27269623445865676,0.23016465118444626,1.3014365447458083,1888.0
0.031,0.25,0.01,2000,1.0,0.0,0.2460592036243856,0.22092997777347848,1.3014365447458083,1888.0
0.0345,0.25,0.01,2000,1.0,0.0,0.21473333338105957,0.21022854294366003,1.3014365447458083,1888.0
0.038,0.25,0.01,2000,1.0,0.0,0.20134121556219386,0.20565986195977143,1.3014365447458083,1888.0
0.0415,0.25,0.01,2000,1.0,0.0,0.168233687062048,0.1946629535000643,1.3014365447458083,1888.0
0.045000000000000005,0.25,0.01,2000,1.0,0.0,0.1449269216626103,0.18702773958715047,1.3014365447458083,1888.0
0.0485,0.25,0.01,2000,0.9875,0.0,0.11067097515555446,0.1760338905237983,1.3014365447458083,1888.0
0.052000000000000005,0.25,0.01,2000,0.9875,0.0,0.0934463839179537,0.17064907153548878,1.3014365447458083,1888.0
0.0555,0.25,0.01,2000,0.9,0.0,0.06614682607451376,0.16228235424429505,1.3014365447458083,1888.0
0.059000000000000004,0.25,0.01,2000,0.825,0.0,0.043855864363730505,0.15555915146478733,1.3014365447458083,1888.0
0.0625,0.25,0.01,2000,0.7,0.0,0.025962889672323845,0.1503382558554009,1.3014365447458083,1888.0
0.066,0.25,0.01,2000,0.475,0.0,-0.0023830480226981936,0.14216581963396607,1.3014365447458083,1888.0
0.0695,0.25,0.01,2000,0.25,0.0,-0.026520525328930806,0.13546170946715583,1.3014365447458083,1888.0
0.073,0.25,0.01,2000,0.125,0.0,-0.04376019188342307,0.13069872995787984,1.3014365447458083,1888.0
0.0765,0.25,0.01,2000,0.0375,0.0,-0.07604104031783165,0.12224341638821559,1.3014365447458083,1888.0
0.08,0.25,0.01,2000,0.0125,0.0,-0.07502727459390901,0.12243421591287904,1.3014365447458083,1888.0
0.08349999999999999,0.25,0.01,2000,0.025,0.0,-0.09670144619740592,0.11705657519450689,1.3014365447458083,1888.0
0.087,0.25,0.01,2000,0.0,0.0,-0.13631521264351446,0.10728659532441172,1.3014365447458083,1888.0
0.0905,0.25,0.01,2000,0.0,0.0,-0.1463983387565539,0.10493082183789786,1.3014365447458083,1888.0
0.094,0.25,0.01,2000,0.0,0.0,-0.17060646173167002,0.09943880440370083,1.3014365447458083,1888.0
0.0975,0.25,0.01,2000,0.0,0.0,-0.18790964911300662,0.09551955337933131,1.3014365447458083,1888.0
0.10099999999999999,0.25,0.01,2000,0.0,0.0,-0.21169834492222353,0.09037762242872299,1.3014365447458083,1888.0
0.1045,0.25,0.01,2000,0.0,0.0,-0.21479045221004017,0.08988340341668544,1.3014365447458083,1888.0
0.108,0.25,0.01,2000,0.0,0.0,-0.2475698608496622,0.08298998496893563,1.3014365447458083,1888.0
0.1115,0.25,0.01,2000,0.0,0.0,-0.25717975097421614,0.08118291688158716,1.3014365447458083,1888.0
0.11499999999999999,0.25,0.01,2000,0.0,0.0,-0.28034914969570224,0.07683845601520643,1.3014365447458083,1888.0
0.1185,0.25,0.01,2000,0.0,0.0,-0.297022301030246,0.07361841715927345,1.3014365447458083,1888.0
0.122,0.25,0.01,2000,0.0,0.0,-0.31788951263569304,0.0699041679498196,1.3014365447458083,1888.0
0.1255,0.25,0.01,2000,0.0,0.0,-0.33147648991406964,0.06761396828382643,1.3014365447458083,1888.0
0.129,0.25,0.01,2000,0.0,0.0,-0.3432160368809637,0.06562105928593558,1.3014365447458083,1888.0
0.1325,0.25,0.01,2000,0.0,0.0,-0.3652012907360379,0.06202147762870536,1.3014365447458083,1888.0
0.136,0.25,0.01,2000,0.0,0.0,-0.37972540364058277,0.059638782085621025,1.3014365447458083,1888.0
0.1395,0.25,0.01,2000,0.0,0.0,-0.39377556873192243,0.057528351448577375,1.3014365447458083,1888.0
0.14300000000000002,0.25,0.01,2000,0.0,0.0,-0.4176072633353468,0.05394638799884109,1.3014365447458083,1888.0
0.14650000000000002,0.25,0.01,2000,0.0,0.0,-0.42786541968913705,0.052414924761825854,1.3014365447458083,1888.0
0.15000000000000002,0.25,0.01,2000,0.0,0.0,-0.44840285476627084,0.049596154959929896,1.3014365447458083,1888.0
0.15350000000000003,0.25,0.01,2000,0.0,0.0,-0.46644048982148983,0.04715012361307763,1.3014365447458083,1888.0
0.157,0.25,0.01,2000,0.0,0.0,-0.47791358477249746,0.045684279140668624,1.3014365447458083,1888.0
0.1605,0.25,0.01,2000,0.0,0.0,-0.4950003223301537,0.043485072785288584,1.3014365447458083,1888.0
0.164,0.25,0.01,2000,0.0,0.0,-0.4956516386587889,0.04344120239513006,1.3014365447458083,1888.0
0.1675,0.25,0.01,2000,0.0,0.0,-0.5165658104051877,0.04088538705193587,1.3014365447458083,1888.0
0.171,0.25,0.01,2000,0.0,0.0,-0.5305819875880673,0.03925597901142717,1.3014365447458083,1888.0
0.17450000000000002,0.25,0.01,2000,0.0,0.0,-0.5436366095700393,0.037751772311168975,1.3014365447458083,1888.0
0.17800000000000002,0.25,0.01,2000,0.0,0.0,-0.5543547367276271,0.03658588700970981,1.3014365447458083,1888.0
0.18150000000000002,0.25,0.01,2000,0.0,0.0,-0.5721997516582746,0.03463692946257947,1.3014365447458083,1888.0
0.18500000000000003,0.25,0.01,2000,0.0,0.0,-0.5832329773384999,0.0334849788869991,1.3014365447458083,1888.0
0.1885,0.25,0.01,2000,0.0,0.0,-0.5957359672525583,0.032203705749012615,1.3014365447458083,1888.0
0.192,0.25,0.01,2000,0.0,0.0,-0.6151416772689625,0.030281899373126486,1.3014365447458083,1888.0
0.1955,0.25,0.01,2000,0.0,0.0,-0.6191977513595123,0.02993255858667001,1.3014365447458083,1888.0
0.199,0.25,0.01,2000,0.0,0.0,-0.6339790952834508,0.028538826579972386,1.3014365447458083,1888.0
0.2025,0.25,0.01,2000,0.0,0.0,-0.6457112379885261,0.027447608025341047,1.3014365447458083,1888.0
0.20600000000000002,0.25,0.01,2000,0.0,0.0,-0.6551833110463114,0.026591402322015338,1.3014365447458083,1888.0
0.20950000000000002,0.25,0.01,2000,0.0,0.0,-0.6700313684776005,0.025316047651618878,1.3014365447458083,1888.0
0.21300000000000002,0.25,0.01,2000,0.0,0.0,-0.6762178313447416,0.024805542905967044,1.3014365447458083,1888.0
0.21650000000000003,0.25,0.01,2000,0.0,0.0,-0.6941770888577578,0.023325660987842767,1.3014365447458083,1888.0
0.22,0.25,0.01,2000,0.0,0.0,-0.697963043822319,0.023039966300576305,1.3014365447458083,1888.0
0.01,0.3,0.01,2000,1.0,0.0,0.38628391230063464,0.265054883439045,1.3124864503144018,1870.0
0.0135,0.3,0.01,2000,1.0,0.0,0.3676883724389238,0.2585248578656674,1.3124864503144018,1870.0
0.017,0.3,0.01,2000,1.0,0.0,0.33859992123610183,0.24831377605525934,1.3124864503144018,1870.0
0.0205,0.3,0.01,2000,1.0,0.0,0.3094948611613604,0.23814991196957003,1.3124864503144018,1870.0
0.024,0.3,0.01,2000,1.0,0.0,0.2761413959396242,0.22664749203734313,1.3124864503144018,1870.0
0.027500000000000004,0.3,0.01,2000,1.0,0.0,0.25654218470899676,0.21991454973832392,1.3124864503144018,1870.0
0.031,0.3,0.01,2000,1.0,0.0,0.22032361990886568,0.20773435258741263,1.3124864503144018,1870.0
0.0345,0.3,0.01,2000,1.0,0.0,0.19987650377120433,0.2008288532479785,1.3124864503144018,1870.0
0.038,0.3,0.01,2000,1.0,0.0,0.18155248558708456,0.19483175612834444,1.3124864503144018,1870.0
0.0415,0.3,0.01,2000,1.0,0.0,0.156494516995703,0.18668103834943622,1.3124864503144018,1870.0
0.045000000000000005,0.3,0.01,2000,1.0,0.0,0.11558464615614865,0.17370984442069118,1.3124864503144018,1870.0
0.0485,0.3,0.01,2000,0.975,0.0,0.09834049185353125,0.16843450007131225,1.3124864503144018,1870.0
0.052000000000000005,0.3,0.01,2000,0.9375,0.0,0.07804379352394472,0.16229486379974922,1.3124864503144018,1870.0
0.0555,0.3,0.01,2000,0.85,0.0,0.049637614649811396,0.1537740112793047,1.3124864503144018,1870.0
0.059000000000000004,0.3,0.01,2000,0.7375,0.0,0.026622197762512057,0.1470475471539649,1.3124864503144018,1870.0
0.0625,0.3,0.01,2000,0.4625,0.0,-0.0008239496810935835,0.13946236159632708,1.3124864503144018,1870.0
0.066,0.3,0.01,2000,0.3,0.0,-0.019564933984733326,0.13418310325623403,1.3124864503144018,1870.0
0.0695,0.3,0.01,2000,0.1375,0.0,-0.03430277344419353,0.1301955220125139,1.3124864503144018,1870.0
0.073,0.3,0.01,2000,0.0875,0.0,-0.0560237283401284,0.12457449310391018,1.3124864503144018,1870.0
0.0765,0.3,0.01,2000,0.0125,0.0,-0.08269718416932235,0.11773228457885514,1.3124864503144018,1870.0
0.08,0.3,0.01,2000,0.0,0.0,-0.10343140860531967,0.11261642414250597,1.3124864503144018,1870.0
0.08349999999999999,0.3,0.01,2000,0.0,0.0,-0.1191472392654582,0.10884259142780799,1.3124864503144018,1870.0
0.087,0.3,0.01,2000,0.0,0.0,-0.14434781944019348,0.10293213700539583,1.3124864503144018,1870.0
0.0905,0.3,0.01,2000,0.0,0.0,-0.1650915257374226,0.09820050917068185,1.3124864503144018,1870.0
0.094,0.3,0.01,2000,0.0,0.0,-0.1845888892263861,0.0940049438727559,1.3124864503144018,1870.0
0.0975,0.3,0.01,2000,0.0,0.0,-0.20580003407361983,0.08950380753013445,1.3124864503144018,1870.0
0.10099999999999999,0.3,0.01,2000,0.0,0.0,-0.21936827514899235,0.08677662163768145,1.3124864503144018,1870.0
0.1045,0.3,0.01,2000,0.0,0.0,-0.2398160745596932,0.08259038090276112,1.3124864503144018,1870.0
0.108,0.3,0.01,2000,0.0,0.0,-0.25987793239139995,0.07874878868411714,1.3124864503144018,1870.0
0.1115,0.3,0.01,2000,0.0,0.0,-0.27260572019303425,0.07626531130704375,1.3124864503144018,1870.0
0.11499999999999999,0.3,0.01,2000,0.0,0.0,-0.29448890494651725,0.07238978960969153,1.3124864503144018,1870.0
0.1185,0.3,0.01,2000,0.0,0.0,-0.31838809974247495,0.06816061523661823,1.3124864503144018,1870.0
0.122,0.3,0.01,2000,0.0,0.0,-0.3318391585010675,0.06581295789158385,1.3124864503144018,1870.0
0.1255,0.3,0.01,2000,0.0,0.0,-0.3454740391125551,0.06361389078724146,1.3124864503144018,1870.0
0.129,0.3,0.01,2000,0.0,0.0,-0.35493464432342703,0.062114189904145155,1.3124864503144018,1870.0
0.1325,0.3,0.01,2000,0.0,0.0,-0.3727286820254967,0.059212637193735096,1.3124864503144018,1870.0
0.136,0.3,0.01,2000,0.0,0.0,-0.3893117650175285,0.05682035464986217,1.3124864503144018,1870.0
0.1395,0.3,0.01,2000,0.0,0.0,-0.40420418525497404,0.05447762951077799,1.3124864503144018,1870.0
0.14300000000000002,0.3,0.01,2000,0.0,0.0,-0.4203684733842124,0.0521938956839179,1.3124864503144018,1870.0
0.14650000000000002,0.3,0.01,2000,0.0,0.0,-0.4367358743591316,0.04992440125480276,1.3124864503144018,1870.0
0.15000000000000002,0.3,0.01,2000,0.0,0.0,-0.46510982609026136,0.04616706869727592,1.3124864503144018,1870.0
0.15350000000000003,0.3,0.01,2000,0.0,0.0,-0.4694608475938088,0.045696590489589274,1.3124864503144018,1870.0
0.157,0.3,0.01,2000,0.0,0.0,-0.48724556058385254,0.04336554748560358,1.3124864503144018,1870.0
0.1605,0.3,0.01,2000,0.0,0.0,-0.49461696629756213,0.04246614331200164,1.3124864503144018,1870.0
0.164,0.3,0.01,2000,0.0,0.0,-0.5102601722801935,0.040601246320684056,1.3124864503144018,1870.0
0.1675,0.3,0.01,2000,0.0,0.0,-0.5207049960402583,0.039328900784185016,1.3124864503144018,1870.0
0.171,0.3,0.01,2000,0.0,0.0,-0.5460947967575235,0.036531612083995094,1.3124864503144018,1870.0
0.17450000000000002,0.3,0.01,2000,0.0,0.0,-0.5474526777705814,0.036362341852875575,1.3124864503144018,1870.0
0.17800000000000002,0.3,0.01,2000,0.0,0.0,-0.5699492653854781,0.0340004202928902,1.3124864503144018,1870.0
0.18150000000000002,0.3,0.01,2000,0.0,0.0,-0.5820263358666278,0.032758242360466594,1.3124864503144018,1870.0
0.18500000000000003,0.3,0.01,2000,0.0,0.0,-0.590126989380607,0.03196908076719744,1.3124864503144018,1870.0
0.1885,0.3,0.01,2000,0.0,0.0,-0.6027161290771997,0.030719643809565524,1.3124864503144018,1870.0
0.192,0.3,0.01,2000,0.0,0.0,-0.6267985807815896,0.028400888866341113,1.3124864503144018,1870.0
0.1955,0.3,0.01,2000,0.0,0.0,-0.6330777372379834,0.027875721713048196,1.3124864503144018,1870.0
0.199,0.3,0.01,2000,0.0,0.0,-0.6420161430470266,0.02708970980149968,1.3124864503144018,1870.0
0.2025,0.3,0.01,2000,0.0,0.0,-0.6537538822123878,0.02602350603248791,1.3124864503144018,1870.0
0.20600000000000002,0.3,0.01,2000,0.0,0.0,-0.66407260685924,0.02516493797534043,1.3124864503144018,1870.0
0.20950000000000002,0.3,0.01,2000,0.0,0.0,-0.6775878068410617,0.024049374430827036,1.3124864503144018,1870.0
0.21300000000000002,0.3,0.01,2000,0.0,0.0,-0.6844342423893786,0.02348180125935518,1.3124864503144018,1870.0
0.21650000000000003,0.3,0.01,2000,0.0,0.0,-0.6985415229560388,0.022364379813545998,1.3124864503144018,1870.0
0.22,0.3,0.01,2000,0.0,0.0,-0.71026717339343,0.021466498437720295,1.3124864503144018,1870.0
0.01,0.35,0.01,2000,1.0,0.0,0.37719014104946247,0.2566776079829119,1.3236970617008657,1852.0
0.0135,0.35,0.01,2000,1.0,0.0,0.3522106886325824,0.24801767659314242,1.3236970617008657,1852.0
0.017,0.35,0.01,2000,1.0,0.0,0.31234081161525723,0.23427891278760185,1.3236970617008657,1852.0
0.0205,0.35,0.01,2000,1.0,0.0,0.2786154306948067,0.2227892603752978,1.3236970617008657,1852.0
0.024,0.35,0.01,2000,1.0,0.0,0.253588873734622,0.2143204927053081,1.3236970617008657,1852.0
0.027500000000000004,0.35,0.01,2000,1.0,0.0,0.22454920093474234,0.2046671044052415,1.3236970617008657,1852.0
0.031,0.35,0.01,2000,1.0,0.0,0.2062968602031237,0.19865972409998695,1.3236970617008657,1852.0
0.0345,0.35,0.01,2000,1.0,0.0,0.1714603505762642,0.18736402507383407,1.3236970617008657,1852.0
0.038,0.35,0.01,2000,1.0,0.0,0.15597852985277333,0.18246667780310397,1.3236970617008657,1852.0
0.0415,0.35,0.01,2000,1.0,0.0,0.12856481551889914,0.1738996663915595,1.3236970617008657,1852.0
0.045000000000000005,0.35,0.01,2000,0.9875,0.0,0.097488230449672,0.1644016795482913,1.3236970617008657,1852.0
0.0485,0.35,0.01,2000,0.9375,0.0,0.07094620054404377,0.15650454792898677,1.3236970617008657,1852.0
0.052000000000000005,0.35,0.01,2000,0.8375,0.0,0.046866327759325886,0.14959120741899187,1.3236970617008657,1852.0
0.0555,0.35,0.01,2000,0.7375,0.0,0.02816469153083311,0.1442017461720321,1.3236970617008657,1852.0
0.059000000000000004,0.35,0.01,2000,0.5625,0.0,0.01085400123466267,0.1393810575035543,1.3236970617008657,1852.0
0.0625,0.35,0.01,2000,0.3125,0.0,-0.015102080354623449,0.13235668228318692,1.3236970617008657,1852.0
0.066,0.35,0.01,2000,0.2,0.0,-0.03490740564039176,0.12707546262294483,1.3236970617008657,1852.0
0.0695,0.35,0.01,2000,0.125,0.0,-0.05497202170107194,0.12198653731206419,1.3236970617008657,1852.0
0.073,0.35,0.01,2000,0.025,0.0,-0.08016282413208559,0.11559597071235465,1.3236970617008657,1852.0
0.0765,0.35,0.01,2000,0.0,0.0,-0.10416934479715918,0.10978318830269802,1.3236970617008657,1852.0
0.08,0.35,0.01,2000,0.0,0.0,-0.11476051711416632,0.10726726762827665,1.3236970617008657,1852.0
0.08349999999999999,0.35,0.01,2000,0.0,0.0,-0.14289723018948525,0.10081164128412926,1.3236970617008657,1852.0
0.087,0.35,0.01,2000,0.0,0.0,-0.15325204255995423,0.09849060112216845,1.3236970617008657,1852.0
0.0905,0.35,0.01,2000,0.0,0.0,-0.1792918924445723,0.09285032100843464,1.3236970617008657,1852.0
0.094,0.35,0.01,2000,0.0,0.0,-0.19843758724559013,0.08880541604909882,1.3236970617008657,1852.0
0.0975,0.35,0.01,2000,0.0,0.0,-0.2153655013438213,0.08545509119174188,1.3236970617008657,1852.0
0.10099999999999999,0.35,0.01,2000,0.0,0.0,-0.2399026825076754,0.08046662934069149,1.3236970617008657,1852.0
0.1045,0.35,0.01,2000,0.0,0.0,-0.2588061067299018,0.07698396442866634,1.3236970617008657,1852.0
0.108,0.35,0.01,2000,0.0,0.0,-0.26670277417341914,0.07558799883356138,1.3236970617008657,1852.0
0.1115,0.35,0.01,2000,0.0,0.0,-0.2934618586044412,0.0706594305885556,1.3236970617008657,1852.0
0.11499999999999999,0.35,0.01,2000,0.0,0.0,-0.3086964977301873,0.06811754514374195,1.3236970617008657,1852.0
0.1185,0.35,0.01,2000,0.0,0.0,-0.32326865541139443,0.0656533898807377,1.3236970617008657,1852.0
0.122,0.35,0.01,2000,0.0,0.0,-0.3379400333833925,0.06321022083423736,1.3236970617008657,1852.0
0.1255,0.35,0.01,2000,0.0,0.0,-0.3589854008651974,0.05994879904716344,1.3236970617008657,1852.0
0.129,0.35,0.01,2000,0.0,0.0,-0.3623851093763601,0.05936412081775864,1.3236970617008657,1852.0
0.1325,0.35,0.01,2000,0.0,0.0,-0.3901686990631232,0.05516211968813023,1.3236970617008657,1852.0
0.136,0.35,0.01,2000,0.0,0.0,-0.4011255647740867,0.053573669870320494,1.3236970617008657,1852.0
0.1395,0.35,0.01,2000,0.0,0.0,-0.42305589157855683,0.050585649306531186,1.3236970617008657,1852.0
0.14300000000000002,0.35,0.01,2000,0.0,0.0,-0.43925027960092466,0.04835375523460561,1.3236970617008657,1852.0
0.14650000000000002,0.35,0.01,2000,0.0,0.0,-0.45802536985678727,0.04594249444007568,1.3236970617008657,1852.0
0.15000000000000002,0.35,0.01,2000,0.0,0.0,-0.47163877664035103,0.04419163050538159,1.3236970617008657,1852.0
0.15350000000000003,0.35,0.01,2000,0.0,0.0,-0.4813861337150612,0.043012588449191036,1.3236970617008657,1852.0
0.157,0.35,0.01,2000,0.0,0.0,-0.4882999185243902,0.042162010356987425,1.3236970617008657,1852.0
0.1605,0.35,0.01,2000,0.0,0.0,-0.5075856954546658,0.039845624788674754,1.3236970617008657,1852.0
0.164,0.35,0.01,2000,0.0,0.0,-0.5172596597714185,0.03876395048580758,1.3236970617008657,1852.0
0.1675,0.35,0.01,2000,0.0,0.0,-0.5478066658315928,0.035441980562222766,1.3236970617008657,1852.0
0.171,0.35,0.01,2000,0.0,0.0,-0.5520646999977302,0.03500886548644129,1.3236970617008657,1852.0
0.17450000000000002,0.35,0.01,2000,0.0,0.0,-0.5635188286959724,0.0337899357104038,1.3236970617008657,1852.0
0.17800000000000002,0.35,0.01,2000,0.0,0.0,-0.5772975426901977,0.032412453536194666,1.3236970617008657,1852.0
0.18150000000000002,0.35,0.01,2000,0.0,0.0,-0.5868983541313042,0.031456647022589504,1.3236970617008657,1852.0
0.18500000000000003,0.35,0.01,2000,0.0,0.0,-0.6098024695154034,0.029282900076129704,1.3236970617008657,1852.0
0.1885,0.35,0.01,2000,0.0,0.0,-0.6209522631803129,0.028283226553960723,1.3236970617008657,1852.0
0.192,0.35,0.01,2000,0.0,0.0,-0.6327710351019429,0.02719537393911503,1.3236970617008657,1852.0
0.1955,0.35,0.01,2000,0.0,0.0,-0.6407618654323913,0.026499573391920682,1.3236970617008657,1852.0
0.199,0.35,0.01,2000,0.0,0.0,-0.653808336403743,0.02541425270893487,1.3236970617008657,1852.0
0.2025,0.35,0.01,2000,0.0,0.0,-0.6679535903412571,0.02420529790785811,1.3236970617008657,1852.0
0.20600000000000002,0.35,0.01,2000,0.0,0.0,-0.6759344801432309,0.02357583606580168,1.3236970617008657,1852.0
0.20950000000000002,0.35,0.01,2000,0.0,0.0,-0.6853774789347055,0.02280600125022092,1.3236970617008657,1852.0
0.21300000000000002,0.35,0.01,2000,0.0,0.0,-0.6998451808946474,0.021704086894176206,1.3236970617008657,1852.0
0.21650000000000003,0.35,0.01,2000,0.0,0.0,-0.7100901077443391,0.020951357955807805,1.3236970617008657,1852.0
0.22,0.35,0.01,2000,0.0,0.0,-0.7250565710315617,0.019835046378320058,1.3236970617008657,1852.0
0.01,0.4,0.01,2000,1.0,0.0,0.35106560548270477,0.24263653595593512,1.3350723124715216,1834.0
0.0135,0.4,0.01,2000,1.0,0.0,0.31257024093842484,0.2295510773980333,1.3350723124715216,1834.0
0.017,0.4,0.01,2000,1.0,0.0,0.28695367530418825,0.22094772490312428,1.3350723124715216,1834.0
0.0205,0.4,0.01,2000,1.0,0.0,0.2616068114932175,0.2125113206348997,1.3350723124715216,1834.0
0.024,0.4,0.01,2000,1.0,0.0,0.22802703565379226,0.20149176701265134,1.3350723124715216,1834.0
0.027500000000000004,0.4,0.01,2000,1.0,0.0,0.20992383752610877,0.19560479558992436,1.3350723124715216,1834.0
0.031,0.4,0.01,2000,1.0,0.0,0.1924046831726988,0.18997496102615732,1.3350723124715216,1834.0
0.0345,0.4,0.01,2000,1.0,0.0,0.15494243855488019,0.1781944794776811,1.3350723124715216,1834.0
0.038,0.4,0.01,2000,0.9875,0.0,0.13323471143926396,0.17156045789565638,1.3350723124715216,1834.0
0.0415,0.4,0.01,2000,1.0,0.0,0.11508367750211339,0.16591640874373823,1.3350723124715216,1834.0
0.045000000000000005,0.4,0.01,2000,0.9625,0.0,0.07851902214052305,0.15516824798904177,1.3350723124715216,1834.0
0.0485,0.4,0.01,2000,0.875,0.0,0.05750168764089556,0.1492044984777825,1.3350723124715216,1834.0
0.052000000000000005,0.4,0.01,2000,0.7,0.0,0.027515418152462556,0.14076337439593173,1.3350723124715216,1834.0
0.0555,0.4,0.01,2000,0.55,0.0,0.009975075375970513,0.13603347709419583,1.3350723124715216,1834.0
0.059000000000000004,0.4,0.01,2000,0.3375,0.0,-0.013798243456096126,0.12962013447279175,1.3350723124715216,1834.0
0.0625,0.4,0.01,2000,0.2,0.0,-0.025062450502255352,0.12658875888364238,1.3350723124715216,1834.0
0.066,0.4,0.01,2000,0.1,0.0,-0.056551554558639805,0.11866114469484712,1.3350723124715216,1834.0
0.0695,0.4,0.01,2000,0.025,0.0,-0.07268140405883676,0.11462397744778637,1.3350723124715216,1834.0
0.073,0.4,0.01,2000,0.0125,0.0,-0.09893766269673598,0.10842742687891471,1.3350723124715216,1834.0
0.0765,0.4,0.01,2000,0.0,0.0,-0.1175618834673851,0.10409699669573702,1.3350723124715216,1834.0
0.08,0.4,0.01,2000,0.0,0.0,-0.13531150780678755,0.10013446653978808,1.3350723124715216,1834.0
0.08349999999999999,0.4,0.01,2000,0.0,0.0,-0.15953547387618308,0.09479384005306028,1.3350723124715216,1834.0
0.087,0.4,0.01,2000,0.0,0.0,-0.16848847813802922,0.09290167492963715,1.3350723124715216,1834.0
0.0905,0.4,0.01,2000,0.0,0.0,-0.18669152694354807,0.08907229478098319,1.3350723124715216,1834.0
0.094,0.4,0.01,2000,0.0,0.0,-0.21545964128819647,0.08335749234049475,1.3350723124715216,1834.0
0.0975,0.4,0.01,2000,0.0,0.0,-0.22411543532889353,0.08156803257013337,1.3350723124715216,1834.0
0.10099999999999999,0.4,0.01,2000,0.0,0.0,-0.2453263806863383,0.07756515279008731,1.3350723124715216,1834.0
0.1045,0.4,0.01,2000,0.0,0.0,-0.26536940550668286,0.07384949712852862,1.3350723124715216,1834.0
0.108,0.4,0.01,2000,0.0,0.0,-0.2871414858387423,0.070090296948037,1.3350723124715216,1834.0
0.1115,0.4,0.01,2000,0.0,0.0,-0.30314826822183516,0.06732992154214659,1.3350723124715216,1834.0
0.11499999999999999,0.4,0.01,2000,0.0,0.0,-0.3152752382784971,0.06535966144678744,1.3350723124715216,1834.0
0.1185,0.4,0.01,2000,0.0,0.0,-0.3371402148503951,0.06177841235188255,1.3350723124715216,1834.0
0.122,0.4,0.01,2000,0.0,0.0,-0.3524575062708304,0.05940603012867267,1.3350723124715216,1834.0
0.1255,0.4,0.01,2000,0.0,0.0,-0.36071991337890363,0.058147751640764446,1.3350723124715216,1834.0
0.129,0.4,0.01,2000,0.0,0.0,-0.3916028100116402,0.05364520603153015,1.3350723124715216,1834.0
0.1325,0.4,0.01,2000,0.0,0.0,-0.40663262181386994,0.05147029157382248,1.3350723124715216,1834.0
0.136,0.4,0.01,2000,0.0,0.0,-0.4189899484642403,0.04978963616540147,1.3350723124715216,1834.0
0.1395,0.4,0.01,2000,0.0,0.0,-0.4361097278700897,0.047521540559391985,1.3350723124715216,1834.0
0.14300000000000002,0.4,0.01,2000,0.0,0.0,-0.4452971919441202,0.046298605099225544,1.3350723124715216,1834.0
0.14650000000000002,0.4,0.01,2000,0.0,0.0,-0.46930695835420755,0.04336815169954456,1.3350723124715216,1834.0
0.15000000000000002,0.4,0.01,2000,0.0,0.0,-0.4804668895751053,0.04201880469768291,1.3350723124715216,1834.0
0.15350000000000003,0.4,0.01,2000,0.0,0.0,-0.49166990798912974,0.0406567693675612,1.3350723124715216,1834.0
0.157,0.4,0.01,2000,0.0,0.0,-0.4987288348466759,0.03985892097221997,1.3350723124715216,1834.0
0.1605,0.4,0.01,2000,0.0,0.0,-0.5230089562017969,0.03717200886086843,1.3350723124715216,1834.0
0.164,0.4,0.01,2000,0.0,0.0,-0.5289759932946101,0.03651594518380368,1.3350723124715216,1834.0
0.1675,0.4,0.01,2000,0.0,0.0,-0.5442320441298655,0.03494192434032858,1.3350723124715216,1834.0
0.171,0.4,0.01,2000,0.0,0.0,-0.5623507967785402,0.03304220420929184,1.3350723124715216,1834.0
0.17450000000000002,0.4,0.01,2000,0.0,0.0,-0.5709810201489561,0.032193031075944775,1.3350723124715216,1834.0
0.17800000000000002,0.4,0.01,2000,0.0,0.0,-0.5868486517721714,0.030648603347984395,1.3350723124715216,1834.0
0.18150000000000002,0.4,0.01,2000,0.0,0.0,-0.5977837376566602,0.029629356150371773,1.3350723124715216,1834.0
0.18500000000000003,0.4,0.01,2000,0.0,0.0,-0.6114955716388559,0.028374435691380262,1.3350723124715216,1834.0
0.1885,0.4,0.01,2000,0.0,0.0,-0.618711100808948,0.02773554831093219,1.3350723124715216,1834.0
0.192,0.4,0.01,2000,0.0,0.0,-0.6370647487523502,0.026174156999279396,1.3350723124715216,1834.0
0.1955,0.4,0.01,2000,0.0,0.0,-0.6505621891831537,0.024988415170384685,1.3350723124715216,1834.0
0.199,0.4,0.01,2000,0.0,0.0,-0.6594132612271001,0.02427183392799696,1.3350723124715216,1834.0
0.2025,0.4,0.01,2000,0.0,0.0,-0.6762826673176351,0.02291757964247102,1.3350723124715216,1834.0
0.20600000000000002,0.4,0.01,2000,0.0,0.0,-0.6918613418181341,0.021755679116023652,1.3350723124715216,1834.0
0.20950000000000002,0.4,0.01,2000,0.0,0.0,-0.6972740724445078,0.021351976964840324,1.3350723124715216,1834.0
0.21300000000000002,0.4,0.01,2000,0.0,0.0,-0.7099528602929538,0.020406342446583278,1.3350723124715216,1834.0
0.21650000000000003,0.4,0.01,2000,0.0,0.0,-0.7186615863644505,0.019779144386040195,1.3350723124715216,1834.0
0.22,0.4,0.01,2000,0.0,0.0,-0.7249551762235177,0.019356183688006245,1.3350723124715216,1834.0
0.01,0.05,0.02,2000,1.0,0.0,0.42695165541614133,0.3068222986955044,1.2715542521212733,1938.0
0.0135,0.05,0.02,2000,1.0,0.0,0.3967762568761187,0.2956144346513213,1.2715542521212733,1938.0
0.017,0.05,0.02,2000,1.0,0.0,0.36964316923655566,0.28557404342542575,1.2715542521212733,1938.0
0.0205,0.05,0.02,2000,1.0,0.0,0.3301916350772618,0.27091823856583974,1.2715542521212733,1938.0
0.024,0.05,0.02,2000,1.0,0.0,0.3008927847674803,0.2600939310198316,1.2715542521212733,1938.0
0.027500000000000004,0.05,0.02,2000,1.0,0.0,0.2736967953623825,0.2501081893186393,1.2715542521212733,1938.0
0.031,0.05,0.02,2000,1.0,0.0,0.25328344853747875,0.24266890286515258,1.2715542521212733,1938.0
0.0345,0.05,0.02,2000,1.0,0.0,0.2260114974523389,0.23277980462318792,1.2715542521212733,1938.0
0.038,0.05,0.02,2000,1.0,0.0,0.19141941950360278,0.22039953949613778,1.2715542521212733,1938.0
0.0415,0.05,0.02,2000,1.0,0.0,0.1707483690697203,0.21311963806196563,1.2715542521212733,1938.0
0.045000000000000005,0.05,0.02,2000,1.0,0.0,0.14466047929510556,0.20406087842677997,1.2715542521212733,1938.0
0.0485,0.05,0.02,2000,1.0,0.0,0.11098753303903279,0.19260087442464607,1.2715542521212733,1938.0
0.052000000000000005,0.05,0.02,2000,1.0,0.0,0.09605142922663717,0.18753257686709174,1.2715542521212733,1938.0
0.0555,0.05,0.02,2000,0.9375,0.0,0.07111856963444851,0.17938967743805337,1.2715542521212733,1938.0
0.059000000000000004,0.05,0.02,2000,0.825,0.0,0.04261940976477438,0.17021985926985678,1.2715542521212733,1938.0
0.0625,0.05,0.02,2000,0.675,0.0,0.022783108119834295,0.1639538688206057,1.2715542521212733,1938.0
0.066,0.05,0.02,2000,0.4625,0.0,-3.2660244763065e-05,0.15698322770180204,1.2715542521212733,1938.0
0.0695,0.05,0.02,2000,0.3875,0.0,-0.013178905644790514,0.15305670574632252,1.2715542521212733,1938.0
0.073,0.05,0.02,2000,0.175,0.0,-0.04333196803120254,0.14407901514087137,1.2715542521212733,1938.0
0.0765,0.05,0.02,2000,0.05,0.0,-0.07731721909151541,0.13446015671752737,1.2715542521212733,1938.0
0.08,0.05,0.02,2000,0.0375,0.0,-0.08657239380503415,0.13194348891092827,1.2715542521212733,1938.0
0.08349999999999999,0.05,0.02,2000,0.0125,0.0,-0.09985430411185553,0.12828310274244123,1.2715542521212733,1938.0
0.087,0.05,0.02,2000,0.0125,0.0,-0.13178602863725475,0.11992604032609355,1.2715542521212733,1938.0
0.0905,0.05,0.02,2000,0.0,0.0,-0.15537496256887878,0.11379515041520105,1.2715542521212733,1938.0
0.094,0.05,0.02,2000,0.0,0.0,-0.16916639870924924,0.11039715414949121,1.2715542521212733,1938.0
0.0975,0.05,0.02,2000,0.0,0.0,-0.18176931242398706,0.10735260037286147,1.2715542521212733,1938.0
0.10099999999999999,0.05,0.02,2000,0.0,0.0,-0.20782164177190818,0.10120548525533668,1.2715542521212733,1938.0
0.1045,0.05,0.02,2000,0.0,0.0,-0.22658156004659222,0.09688450693530867,1.2715542521212733,1938.0
0.108,0.05,0.02,2000,0.0,0.0,-0.2406259250719614,0.09377346791245995,1.2715542521212733,1938.0
0.1115,0.05,0.02,2000,0.0,0.0,-0.27318128990073365,0.0868623364875311,1.2715542521212733,1938.0
0.11499999999999999,0.05,0.02,2000,0.0,0.0,-0.27883113432220663,0.08565979877950616,1.2715542521212733,1938.0
0.1185,0.05,0.02,2000,0.0,0.0,-0.3006823339354926,0.08125330228673819,1.2715542521212733,1938.0
0.122,0.05,0.02,2000,0.0,0.0,-0.3172788306242487,0.07803371510837456,1.2715542521212733,1938.0
0.1255,0.05,0.02,2000,0.0,0.0,-0.32793379520306704,0.0759714705072009,1.2715542521212733,1938.0
0.129,0.05,0.02,2000,0.0,0.0,-0.3434143061260247,0.07308225598048983,1.2715542521212733,1938.0
0.1325,0.05,0.02,2000,0.0,0.0,-0.3702040649520491,0.06828487777489674,1.2715542521212733,1938.0
0.136,0.05,0.02,2000,0.0,0.0,-0.37751908686850016,0.0670507786615203,1.2715542521212733,1938.0
0.1395,0.05,0.02,2000,0.0,0.0,-0.3893979023436141,0.06498772414471081,1.2715542521212733,1938.0
0.14300000000000002,0.05,0.02,2000,0.0,0.0,-0.42060729509154965,0.05990301406174131,1.2715542521212733,1938.0
0.14650000000000002,0.05,0.02,2000,0.0,0.0,-0.4299653701662617,0.05840085887313542,1.2715542521212733,1938.0
0.15000000000000002,0.05,0.02,2000,0.0,0.0,-0.44424766262384036,0.05615352715377279,1.2715542521212733,1938.0
0.15350000000000003,0.05,0.02,2000,0.0,0.0,-0.46169766237378873,0.053548493890320216,1.2715542521212733,1938.0
0.157,0.05,0.02,2000,0.0,0.0,-0.4765315147215686,0.05144232319892058,1.2715542521212733,1938.0
0.1605,0.05,0.02,2000,0.0,0.0,-0.4982825614747778,0.048408206808222914,1.2715542521212733,1938.0
0.164,0.05,0.02,2000,0.0,0.0,-0.5021383548912255,0.047865134338536314,1.2715542521212733,1938.0
0.1675,0.05,0.02,2000,0.0,0.0,-0.5122512439930269,0.046527360068244025,1.2715542521212733,1938.0
0.171,0.05,0.02,2000,0.0,0.0,-0.5312717517302564,0.044054904750565387,1.2715542521212733,1938.0
0.17450000000000002,0.05,0.02,2000,0.0,0.0,-0.550394533580775,0.041668708413457704,1.2715542521212733,1938.0
0.17800000000000002,0.05,0.02,2000,0.0,0.0,-0.5706435482617267,0.039225372576818865,1.2715542521212733,1938.0
0.18150000000000002,0.05,0.02,2000,0.0,0.0,-0.5747927929383885,0.03873361119653507,1.2715542521212733,1938.0
0.18500000000000003,0.05,0.02,2000,0.0,0.0,-0.5800269330853884,0.03814045018402786,1.2715542521212733,1938.0
0.1885,0.05,0.02,2000,0.0,0.0,-0.6052181699542032,0.035328177511129134,1.2715542521212733,1938.0
0.192,0.05,0.02,2000,0.0,0.0,-0.6183381603740645,0.03389515607245194,1.2715542521212733,1938.0
0.1955,0.05,0.02,2000,0.0,0.0,-0.6235050232091826,0.033350328864481506,1.2715542521212733,1938.0
0.199,0.05,0.02,2000,0.0,0.0,-0.6387306384696833,0.03175085973489374,1.2715542521212733,1938.0
0.2025,0.05,0.02,2000,0.0,0.0,-0.6542081911613303,0.030236871189581193,1.2715542521212733,1938.0
0.20600000000000002,0.05,0.02,2000,0.0,0.0,-0.6677564133433627,0.028905051057938346,1.2715542521212733,1938.0
0.20950000000000002,0.05,0.02,2000,0.0,0.0,-0.6776151971947894,0.02797678816248821,1.2715542521212733,1938.0
0.21300000000000002,0.05,0.02,2000,0.0,0.0,-0.6886243272892351,0.02700403549177697,1.2715542521212733,1938.0
0.21650000000000003,0.05,0.02,2000,0.0,0.0,-0.6992889860033594,0.026005631964634124,1.2715542521212733,1938.0
0.22,0.05,0.02,2000,0.0,0.0,-0.7119396945437274,0.024885941445533487,1.2715542521212733,1938.0
0.01,0.1,0.02,2000,1.0,0.0,0.3969631160025505,0.2901682107439426,1.2821773229381923,1920.0
0.0135,0.1,0.02,2000,1.0,0.0,0.36868748591323025,0.27979917622794737,1.2821773229381923,1920.0
0.017,0.1,0.02,2000,1.0,0.0,0.336946542309796,0.2681922160522266,1.2821773229381923,1920.0
0.0205,0.1,0.02,2000,1.0,0.0,0.30407145877127706,0.25616195676939346,1.2821773229381923,1920.0
0.024,0.1,0.02,2000,1.0,0.0,0.2799856652355973,0.247418822661444,1.2821773229381923,1920.0
0.027500000000000004,0.1,0.02,2000,1.0,0.0,0.2501982477795489,0.23668771755998033,1.2821773229381923,1920.0
0.031,0.1,0.02,2000,1.0,0.0,0.22959325789688934,0.2293598759111962,1.2821773229381923,1920.0
0.0345,0.1,0.02,2000,1.0,0.0,0.20571890235924212,0.2208973673273502,1.2821773229381923,1920.0
0.038,0.1,0.02,2000,1.0,0.0,0.16518722344101608,0.2067707825883481,1.2821773229381923,1920.0
0.0415,0.1,0.02,2000,1.0,0.0,0.15627099248193294,0.20373906243722448,1.2821773229381923,1920.0
0.045000000000000005,0.1,0.02,2000,1.0,0.0,0.12858991702312855,0.19435427254965867,1.2821773229381923,1920.0
0.0485,0.1,0.02,2000,1.0,0.0,0.08975664816874085,0.1815307445317173,1.2821773229381923,1920.0
0.052000000000000005,0.1,0.02,2000,0.95,0.0,0.07802071325625683,0.17773253816450946,1.2821773229381923,1920.0
0.0555,0.1,0.02,2000,0.8625,0.0,0.0563588522495839,0.17085507639898778,1.2821773229381923,1920.0
0.059000000000000004,0.1,0.02,2000,0.675,0.0,0.028191164555113217,0.16203325458851348,1.2821773229381923,1920.0
0.0625,0.1,0.02,2000,0.5125,0.0,0.0017002723622866936,0.15400834976178307,1.2821773229381923,1920.0
0.066,0.1,0.02,2000,0.3,0.0,-0.015939810579821377,0.14880509368667033,1.2821773229381923,1920.0
0.0695,0.1,0.02,2000,0.1625,0.0,-0.04213706192931117,0.1411554406473289,1.2821773229381923,1920.0
0.073,0.1,0.02,2000,0.05,0.0,-0.06454329297429019,0.13494391944661227,1.2821773229381923,1920.0
0.0765,0.1,0.02,2000,0.025,0.0,-0.08079984134246983,0.13047544477139827,1.2821773229381923,1920.0
0.08,0.1,0.02,2000,0.0125,0.0,-0.10117117416946271,0.12503148982884843,1.2821773229381923,1920.0
0.08349999999999999,0.1,0.02,2000,0.0,0.0,-0.12783323360723473,0.11803416654591636,1.2821773229381923,1920.0
0.087,0.1,0.02,2000,0.0125,0.0,-0.13820564142360608,0.11552180820724456,1.2821773229381923,1920.0
0.0905,0.1,0.02,2000,0.0,0.0,-0.16364285591940048,0.10907567739400262,1.2821773229381923,1920.0
0.094,0.1,0.02,2000,0.0,0.0,-0.18382850646917706,0.10435306810151017,1.2821773229381923,1920.0
0.0975,0.1,0.02,2000,0.0,0.0,-0.19793857279606547,0.10109533935378215,1.2821773229381923,1920.0
0.10099999999999999,0.1,0.02,2000,0.0,0.0,-0.23138445817140907,0.09360771310226193,1.2821773229381923,1920.0
0.1045,0.1,0.02,2000,0.0,0.0,-0.24781970026433423,0.09003964951801707,1.2821773229381923,1920.0
0.108,0.1,0.02,2000,0.0,0.0,-0.2577401536168172,0.0879950800896036,1.2821773229381923,1920.0
0.1115,0.1,0.02,2000,0.0,0.0,-0.2760058226508449,0.0841904663617021,1.2821773229381923,1920.0
0.11499999999999999,0.1,0.02,2000,0.0,0.0,-0.30423386960591114,0.07861266246940282,1.2821773229381923,1920.0
0.1185,0.1,0.02,2000,0.0,0.0,-0.3097780272928016,0.0776369377776941,1.2821773229381923,1920.0
0.122,0.1,0.02,2000,0.0,0.0,-0.3345001904373611,0.07294473763838413,1.2821773229381923,1920.0
0.1255,0.1,0.02,2000,0.0,0.0,-0.34890258818022124,0.07032479368383404,1.2821773229381923,1920.0
0.129,0.1,0.02,2000,0.0,0.0,-0.35901120164408096,0.06861241048990233,1.2821773229381923,1920.0
0.1325,0.1,0.02,2000,0.0,0.0,-0.3881966330475487,0.06363226435327252,1.2821773229381923,1920.0
0.136,0.1,0.02,2000,0.0,0.0,-0.40023016260692595,0.0616683640368203,1.2821773229381923,1920.0
0.1395,0.1,0.02,2000,0.0,0.0,-0.41045447589003514,0.06000203933784408,1.2821773229381923,1920.0
0.14300000000000002,0.1,0.02,2000,0.0,0.0,-0.43141877896685354,0.05676853148974944,1.2821773229381923,1920.0
0.14650000000000002,0.1,0.02,2000,0.0,0.0,-0.4507191123412907,0.05385092744616289,1.2821773229381923,1920.0
0.15000000000000002,0.1,0.02,2000,0.0,0.0,-0.46115261250599604,0.05236793036613948,1.2821773229381923,1920.0
0.15350000000000003,0.1,0.02,2000,0.0,0.0,-0.47901398967589814,0.049811426609873734,1.2821773229381923,1920.0
0.157,0.1,0.02,2000,0.0,0.0,-0.49345358657849425,0.04784028850579739,1.2821773229381923,1920.0
0.1605,0.1,0.02,2000,0.0,0.0,-0.5030561366035611,0.04657838591784071,1.2821773229381923,1920.0
0.164,0.1,0.02,2000,0.0,0.0,-0.5155567672500944,0.04496328570285785,1.2821773229381923,1920.0
0.1675,0.1,0.02,2000,0.0,0.0,-0.5276008479717034,0.04338380849120148,1.2821773229381923,1920.0
0.171,0.1,0.02,2000,0.0,0.0,-0.5470771908976733,0.04102087227281697,1.2821773229381923,1920.0
0.17450000000000002,0.1,0.02,2000,0.0,0.0,-0.563515225595452,0.039043314651866244,1.2821773229381923,1920.0
0.17800000000000002,0.1,0.02,2000,0.0,0.0,-0.5703942971817584,0.03828146893228966,1.2821773229381923,1920.0
0.18150000000000002,0.1,0.02,2000,0.0,0.0,-0.5899112968624489,0.0360761167855259,1.2821773229381923,1920.0
0.18500000000000003,0.1,0.02,2000,0.0,0.0,-0.6011141880667199,0.03486011517537883,1.2821773229381923,1920.0
0.1885,0.1,0.02,2000,0.0,0.0,-0.6132152871881227,0.03356916847334627,1.2821773229381923,1920.0
0.192,0.1,0.02,2000,0.0,0.0,-0.6232192454363876,0.032524610263640216,1.2821773229381923,1920.0
0.1955,0.1,0.02,2000,0.0,0.0,-0.6415919852254874,0.03066994509418408,1.2821773229381923,1920.0
0.199,0.1,0.02,2000,0.0,0.0,-0.6506527205220218,0.029821401371391044,1.2821773229381923,1920.0
0.2025,0.1,0.02,2000,0.0,0.0,-0.6588528080801614,0.029037548216715524,1.2821773229381923,1920.0
0.20600000000000002,0.1,0.02,2000,0.0,0.0,-0.6704348450811894,0.027944879411267408,1.2821773229381923,1920.0
0.20950000000000002,0.1,0.02,2000,0.0,0.0,-0.6927007443006715,0.025919233720749824,1.2821773229381923,1920.0
0.21300000000000002,0.1,0.02,2000,0.0,0.0,-0.6927393557427689,0.025929211142310848,1.2821773229381923,1920.0
0.21650000000000003,0.1,0.02,2000,0.0,0.0,-0.7024427004708089,0.02507660914141414,1.2821773229381923,1920.0
0.22,0.1,0.02,2000,0.0,0.0,-0.7205116672217929,0.023554519133632646,1.2821773229381923,1920.0
0.01,0.15,0.02,2000,1.0,0.0,0.3810945469488328,0.27894962354947167,1.292950839890276,1902.0
0.0135,0.15,0.02,2000,1.0,0.0,0.34138662599239183,0.2645757235471723,1.292950839890276,1902.0
0.017,0.15,0.02,2000,1.0,0.0,0.31174690016500883,0.25387108397486574,1.292950839890276,1902.0
0.0205,0.15,0.02,2000,1.0,0.0,0.28859737461964646,0.24556242077621776,1.292950839890276,1902.0
0.024,0.15,0.02,2000,1.0,0.0,0.2518511324347628,0.23248111629975837,1.292950839890276,1902.0
0.027500000000000004,0.15,0.02,2000,1.0,0.0,0.2385165538524916,0.2277806195429119,1.292950839890276,1902.0
0.031,0.15,0.02,2000,1.0,0.0,0.2053023469662703,0.21619107020903477,1.292950839890276,1902.0
0.0345,0.15,0.02,2000,1.0,0.0,0.18140909563834975,0.2079626857946546,1.292950839890276,1902.0
0.038,0.15,0.02,2000,1.0,0.0,0.16084014353432213,0.20098695999735305,1.292950839890276,1902.0
0.0415,0.15,0.02,2000,1.0,0.0,0.13145368114511755,0.19112951254274563,1.292950839890276,1902.0
0.045000000000000005,0.15,0.02,2000,0.9875,0.0,0.10412123606134363,0.1822651056971957,1.292950839890276,1902.0
0.0485,0.15,0.02,2000,0.9625,0.0,0.07802032566987109,0.17390898588891862,1.292950839890276,1902.0
0.052000000000000005,0.15,0.02,2000,0.85,0.0,0.046229863999668455,0.16399261841541438,1.292950839890276,1902.0
0.0555,0.15,0.02,2000,0.8,0.0,0.0399424730347177,0.1620523432815023,1.292950839890276,1902.0
0.059000000000000004,0.15,0.02,2000,0.6,0.0,0.009530405704085922,0.1529783135013918,1.292950839890276,1902.0
0.0625,0.15,0.02,2000,0.4625,0.0,-0.003390676467472488,0.1491468169008765,1.292950839890276,1902.0
0.066,0.15,0.02,2000,0.25,0.0,-0.031122676512062263,0.1411202160008306,1.292950839890276,1902.0
0.0695,0.15,0.02,2000,0.1,0.0,-0.05432962364857963,0.13475610796745538,1.292950839890276,1902.0
0.073,0.15,0.02,2000,0.025,0.0,-0.08611649546510348,0.12607005106633234,1.292950839890276,1902.0
0.0765,0.15,0.02,2000,0.05,0.0,-0.09686372907594461,0.12330398861958891,1.292950839890276,1902.0
0.08,0.15,0.02,2000,0.0,0.0,-0.11936165929424988,0.11744575874798462,1.292950839890276,1902.0
0.08349999999999999,0.15,0.02,2000,0.0,0.0,-0.14846268376023536,0.11031964921875295,1.292950839890276,1902.0
0.087,0.15,0.02,2000,0.0,0.0,-0.14683881939944415,0.11069474965349824,1.292950839890276,1902.0
0.0905,0.15,0.02,2000,0.0,0.0,-0.18824422633555166,0.10093912465172653,1.292950839890276,1902.0
0.094,0.15,0.02,2000,0.0,0.0,-0.19846547311825957,0.09852031638324377,1.292950839890276,1902.0
0.0975,0.15,0.02,2000,0.0,0.0,-0.2117360573943871,0.09568252247824147,1.292950839890276,1902.0
0.10099999999999999,0.15,0.02,2000,0.0,0.0,-0.23560055511753006,0.09044731185478397,1.292950839890276,1902.0
0.1045,0.15,0.02,2000,0.0,0.0,-0.25283389060093403,0.08684647720823871,1.292950839890276,1902.0
0.108,0.15,0.02,2000,0.0,0.0,-0.2814445848916278,0.0811274197789441,1.292950839890276,1902.0
0.1115,0.15,0.02,2000,0.0,0.0,-0.2972130911143217,0.07808372575757741,1.292950839890276,1902.0
0.11499999999999999,0.15,0.02,2000,0.0,0.0,-0.3123091254085266,0.07526407183628656,1.292950839890276,1902.0
0.1185,0.15,0.02,2000,0.0,0.0,-0.32591238539807865,0.07274370571442583,1.292950839890276,1902.0
0.122,0.15,0.02,2000,0.0,0.0,-0.3446653880590985,0.06934654384915853,1.292950839890276,1902.0
0.1255,0.15,0.02,2000,0.0,0.0,-0.3551100626326607,0.0675392642983702,1.292950839890276,1902.0
0.129,0.15,0.02,2000,0.0,0.0,-0.3734859536108861,0.0645458878417016,1.292950839890276,1902.0
0.1325,0.15,0.02,2000,0.0,0.0,-0.4002041348345548,0.06013988998333716,1.292950839890276,1902.0
0.136,0.15,0.02,2000,0.0,0.0,-0.40202181143374405,0.05990597688166498,1.292950839890276,1902.0
0.1395,0.15,0.02,2000,0.0,0.0,-0.428116925334597,0.05590747495379931,1.292950839890276,1902.0
0.14300000000000002,0.15,0.02,2000,0.0,0.0,-0.4455431354172495,0.053240533786187726,1.292950839890276,1902.0
0.14650000000000002,0.15,0.02,2000,0.0,0.0,-0.4546003323321461,0.05196428123095757,1.292950839890276,1902.0
0.15000000000000002,0.15,0.02,2000,0.0,0.0,-0.47268480142170893,0.049464903073723594,1.292950839890276,1902.0
0.15350000000000003,0.15,0.02,2000,0.0,0.0,-0.4833549598910539,0.04799552395441008,1.292950839890276,1902.0
0.157,0.15,0.02,2000,0.0,0.0,-0.5030021994989777,0.04543747083291767,1.292950839890276,1902.0
0.1605,0.15,0.02,2000,0.0,0.0,-0.51214904880159,0.044260010263639495,1.292950839890276,1902.0
0.164,0.15,0.02,2000,0.0,0.0,-0.5298416983350859,0.04205596929981488,1.292950839890276,1902.0
0.1675,0.15,0.02,2000,0.0,0.0,-0.5458354958435636,0.04011270195897489,1.292950839890276,1902.0
0.171,0.15,0.02,2000,0.0,0.0,-0.5615730448708927,0.03829423712030846,1.292950839890276,1902.0
0.17450000000000002,0.15,0.02,2000,0.0,0.0,-0.5748173661794553,0.0368460999245625,1.292950839890276,1902.0
0.17800000000000002,0.15,0.02,2000,0.0,0.0,-0.585385456981407,0.03565886561862851,1.292950839890276,1902.0
0.18150000000000002,0.15,0.02,2000,0.0,0.0,-0.5936179340968217,0.034784428188595194,1.292950839890276,1902.0
0.18500000000000003,0.15,0.02,2000,0.0,0.0,-0.6091227134016902,0.03314346200692618,1.292950839890276,1902.0
0.1885,0.15,0.02,2000,0.0,0.0,-0.6224498703207928,0.03178145616995422,1.292950839890276,1902.0
0.192,0.15,0.02,2000,0.0,0.0,-0.6325920983006087,0.03081675494671108,1.292950839890276,1902.0
0.1955,0.15,0.02,2000,0.0,0.0,-0.6506806063016586,0.02904701491547257,1.292950839890276,1902.0
0.199,0.15,0.02,2000,0.0,0.0,-0.6564869030597672,0.028484932986668716,1.292950839890276,1902.0
0.2025,0.15,0.02,2000,0.0,0.0,-0.6702110553086393,0.027272258422698713,1.292950839890276,1902.0
0.20600000000000002,0.15,0.02,2000,0.0,0.0,-0.6913776567014029,0.02537023514056256,1.292950839890276,1902.0
0.20950000000000002,0.15,0.02,2000,0.0,0.0,-0.6908478344908119,0.02541819346804398,1.292950839890276,1902.0
0.21300000000000002,0.15,0.02,2000,0.0,0.0,-0.7080391496733327,0.023991001416268715,1.292950839890276,1902.0
0.21650000000000003,0.15,0.02,2000,0.0,0.0,-0.7138911969328193,0.02349681720689401,1.292950839890276,1902.0
0.22,0.15,0.02,2000,0.0,0.0,-0.7247879815721361,0.022613759247475336,1.292950839890276,1902.0
0.01,0.2,0.02,2000,1.0,0.0,0.355426764171046,0.2643977698673104,1.3038783879204574,1884.0
0.0135,0.2,0.02,2000,1.0,0.0,0.32827161814074435,0.25471175268943497,1.3038783879204574,1884.0
0.017,0.2,0.02,2000,1.0,0.0,0.29067857046793766,0.24136231714571857,1.3038783879204574,1884.0
0.0205,0.2,0.02,2000,1.0,0.0,0.26938709094931773,0.23390359100838515,1.3038783879204574,1884.0
0.024,0.2,0.02,2000,1.0,0.0,0.2310614316649619,0.22055811984129306,1.3038783879204574,1884.0
0.027500000000000004,0.2,0.02,2000,1.0,0.0,0.222975755181551,0.2177424923189518,1.3038783879204574,1884.0
0.031,0.2,0.02,2000,1.0,0.0,0.18361510230020558,0.2043761329663197,1.3038783879204574,1884.0
0.0345,0.2,0.02,2000,1.0,0.0,0.15875371583026546,0.19609130489841736,1.3038783879204574,1884.0
0.038,0.2,0.02,2000,1.0,0.0,0.13827263886931407,0.18933080893344362,1.3038783879204574,1884.0
0.0415,0.2,0.02,2000,1.0,0.0,0.10915167631237062,0.17986254625402437,1.3038783879204574,1884.0
0.045000000000000005,0.2,0.02,2000,0.9375,0.0,0.0745420095772907,0.16903500382774533,1.3038783879204574,1884.0
0.0485,0.2,0.02,2000,0.9125,0.0,0.05056961635962115,0.16156018996469668,1.3038783879204574,1884.0
0.052000000000000005,0.2,0.02,2000,0.825,0.0,0.05038146742249585,0.16155942752988162,1.3038783879204574,1884.0
0.0555,0.2,0.02,2000,0.675,0.0,0.017041272961124697,0.15165854528745332,1.3038783879204574,1884.0
0.059000000000000004,0.2,0.02,2000,0.4,0.0,-0.008518685995911776,0.14423303521505082,1.3038783879204574,1884.0
0.0625,0.2,0.02,2000,0.2375,0.0,-0.03020490491820026,0.13816563620933847,1.3038783879204574,1884.0
0.066,0.2,0.02,2000,0.0875,0.0,-0.04889369865529232,0.13297426314004726,1.3038783879204574,1884.0
0.0695,0.2,0.02,2000,0.025,0.0,-0.07937749168157571,0.12490494032815702,1.3038783879204574,1884.0
0.073,0.2,0.02,2000,0.05,0.0,-0.09476516798865395,0.12104396633097973,1.3038783879204574,1884.0
0.0765,0.2,0.02,2000,0.0,0.0,-0.11453293024840568,0.11591545930192323,1.3038783879204574,1884.0
0.08,0.2,0.02,2000,0.0,0.0,-0.1327727709652883,0.11144200796752442,1.3038783879204574,1884.0
0.08349999999999999,0.2,0.02,2000,0.0,0.0,-0.15375201672671357,0.10643789284247193,1.3038783879204574,1884.0
0.087,0.2,0.02,2000,0.0,0.0,-0.17102028477095604,0.10246450940084431,1.3038783879204574,1884.0
0.0905,0.2,0.02,2000,0.0,0.0,-0.1914256730463708,0.09786694991858971,1.3038783879204574,1884.0
0.094,0.2,0.02,2000,0.0,0.0,-0.21863693368198162,0.09194773132850118,1.3038783879204574,1884.0
0.0975,0.2,0.02,2000,0.0,0.0,-0.23444014836737717,0.08848980290451178,1.3038783879204574,1884.0
0.10099999999999999,0.2,0.02,2000,0.0,0.0,-0.2564342555731368,0.08406924309670935,1.3038783879204574,1884.0
0.1045,0.2,0.02,2000,0.0,0.0,-0.27357431109330627,0.08073923744335951,1.3038783879204574,1884.0
0.108,0.2,0.02,2000,0.0,0.0,-0.28522729881459147,0.07850949029008765,1.3038783879204574,1884.0
0.1115,0.2,0.02,2000,0.0,0.0,-0.3076827793332203,0.07426130061221743,1.3038783879204574,1884.0
0.11499999999999999,0.2,0.02,2000,0.0,0.0,-0.32382177582801464,0.07135607677588034,1.3038783879204574,1884.0
0.1185,0.2,0.02,2000,0.0,0.0,-0.34041606428702487,0.0683679833042522,1.3038783879204574,1884.0
0.122,0.2,0.02,2000,0.0,0.0,-0.3549557871499376,0.06591979324563953,1.3038783879204574,1884.0
0.1255,0.2,0.02,2000,0.0,0.0,-0.38029762374461196,0.06184842826192945,1.3038783879204574,1884.0
0.129,0.2,0.02,2000,0.0,0.0,-0.3990576173748404,0.058866220570486426,1.3038783879204574,1884.0
0.1325,0.2,0.02,2000,0.0,0.0,-0.4010547493732064,0.058551853593371436,1.3038783879204574,1884.0
0.136,0.2,0.02,2000,0.0,0.0,-0.4315076545231129,0.053979183405528895,1.3038783879204574,1884.0
0.1395,0.2,0.02,2000,0.0,0.0,-0.4439380539362835,0.0522454134230626,1.3038783879204574,1884.0
0.14300000000000002,0.2,0.02,2000,0.0,0.0,-0.45296616733106265,0.05090251260254149,1.3038783879204574,1884.0
0.14650000000000002,0.2,0.02,2000,0.0,0.0,-0.4637991767963895,0.04940295782008555,1.3038783879204574,1884.0
0.15000000000000002,0.2,0.02,2000,0.0,0.0,-0.4875723784049802,0.04628739943187018,1.3038783879204574,1884.0
0.15350000000000003,0.2,0.02,2000,0.0,0.0,-0.49214408660862274,0.045678859840730876,1.3038783879204574,1884.0
0.157,0.2,0.02,2000,0.0,0.0,-0.5201245649173538,0.042169734752027135,1.3038783879204574,1884.0
0.1605,0.2,0.02,2000,0.0,0.0,-0.5248408050328708,0.0415877680520451,1.3038783879204574,1884.0
0.164,0.2,0.02,2000,0.0,0.0,-0.5408716730642306,0.03970673930181119,1.3038783879204574,1884.0
0.1675,0.2,0.02,2000,0.0,0.0,-0.5562459644527864,0.03795815389545323,1.3038783879204574,1884.0
0.171,0.2,0.02,2000,0.0,0.0,-0.5677803341568136,0.036663990436771814,1.3038783879204574,1884.0
0.17450000000000002,0.2,0.02,2000,0.0,0.0,-0.5814245900175914,0.035248904685756775,1.3038783879204574,1884.0
0.17800000000000002,0.2,0.02,2000,0.0,0.0,-0.5954305436664944,0.03371855227633531,1.3038783879204574,1884.0
0.18150000000000002,0.2,0.02,2000,0.0,0.0,-0.6031234657015337,0.03292864248206867,1.3038783879204574,1884.0
0.18500000000000003,0.2,0.02,2000,0.0,0.0,-0.6182613148832885,0.031396760689950086,1.3038783879204574,1884.0
0.1885,0.2,0.02,2000,0.0,0.0,-0.6257941371335974,0.030654596129774857,1.3038783879204574,1884.0
0.192,0.2,0.02,2000,0.0,0.0,-0.6451801096895823,0.02881424757793628,1.3038783879204574,1884.0
0.1955,0.2,0.02,2000,0.0,0.0,-0.6544481425336754,0.02798047697066237,1.3038783879204574,1884.0
0.199,0.2,0.02,2000,0.0,0.0,-0.668196639059019,0.026757916068428523,1.3038783879204574,1884.0
0.2025,0.2,0.02,2000,0.0,0.0,-0.6850309603039286,0.025287837851957963,1.3038783879204574,1884.0
0.20600000000000002,0.2,0.02,2000,0.0,0.0,-0.6908957518672778,0.024778155966483764,1.3038783879204574,1884.0
0.20950000000000002,0.2,0.02,2000,0.0,0.0,-0.7053308651755834,0.023596059998266174,1.3038783879204574,1884.0
0.21300000000000002,0.2,0.02,2000,0.0,0.0,-0.7180992232568826,0.02257093132254283,1.3038783879204574,1884.0
0.21650000000000003,0.2,0.02,2000,0.0,0.0,-0.7229218589888253,0.022201088076667787,1.3038783879204574,1884.0
0.22,0.2,0.02,2000,0.0,0.0,-0.7400100475097866,0.020868256100095035,1.3038783879204574,1884.0
0.01,0.25,0.02,2000,1.0,0.0,0.3300222238034189,0.2502490724233699,1.3149636727175966,1866.0
0.0135,0.25,0.02,2000,1.0,0.0,0.301668310067084,0.24031531019853972,1.3149636727175966,1866.0
0.017,0.25,0.02,2000,1.0,0.0,0.26701727373202855,0.2282631979743332,1.3149636727175966,1866.0
0.0205,0.25,0.02,2000,1.0,0.0,0.23753624909551632,0.21816696179756284,1.3149636727175966,1866.0
0.024,0.25,0.02,2000,1.0,0.0,0.21396821721191372,0.21016800128584906,1.3149636727175966,1866.0
0.027500000000000004,0.25,0.02,2000,1.0,0.0,0.1910498051970813,0.2025107164258301,1.3149636727175966,1866.0
0.031,0.25,0.02,2000,1.0,0.0,0.15994851969964458,0.19221999356351754,1.3149636727175966,1866.0
0.0345,0.25,0.02,2000,1.0,0.0,0.14370396979604036,0.18696275546458355,1.3149636727175966,1866.0
0.038,0.25,0.02,2000,0.9875,0.0,0.10859696562523631,0.17578921845488046,1.3149636727175966,1866.0
0.0415,0.25,0.02,2000,0.975,0.0,0.08808063564633033,0.1693977018655773,1.3149636727175966,1866.0
0.045000000000000005,0.25,0.02,2000,0.925,0.0,0.07356491160361009,0.16499591627735036,1.3149636727175966,1866.0
0.0485,0.25,0.02,2000,0.8375,0.0,0.04639318346988562,0.15685545143351992,1.3149636727175966,1866.0
0.052000000000000005,0.25,0.02,2000,0.6,0.0,0.015757468359531186,0.14789396100423763,1.3149636727175966,1866.0
0.0555,0.25,0.02,2000,0.4625,0.0,-0.0020058159583456183,0.14285567933729176,1.3149636727175966,1866.0
0.059000000000000004,0.25,0.02,2000,0.2625,0.0,-0.025430524848400787,0.13638554473808878,1.3149636727175966,1866.0
0.0625,0.25,0.02,2000,0.0875,0.0,-0.05088640860165504,0.12936778037054278,1.3149636727175966,1866.0
0.066,0.25,0.02,2000,0.05,0.0,-0.06995870171248601,0.12441830905445901,1.3149636727175966,1866.0
0.0695,0.25,0.02,2000,0.0,0.0,-0.08853661446095915,0.11960112395767863,1.3149636727175966,1866.0
0.073,0.25,0.02,2000,0.0,0.0,-0.11854664640870476,0.11213803417627603,1.3149636727175966,1866.0
0.0765,0.25,0.02,2000,0.0,0.0,-0.13904647071322435,0.1073354433153944,1.3149636727175966,1866.0
0.08,0.25,0.02,2000,0.0,0.0,-0.14572218277403984,0.10584800176689242,1.3149636727175966,1866.0
0.08349999999999999,0.25,0.02,2000,0.0,0.0,-0.17499040118227974,0.09916024256754374,1.3149636727175966,1866.0
0.087,0.25,0.02,2000,0.0,0.0,-0.1965724746095885,0.09439218222507806,1.3149636727175966,1866.0
0.0905,0.25,0.02,2000,0.0,0.0,-0.2084939853717044,0.0917671053994348,1.3149636727175966,1866.0
0.094,0.25,0.02,2000,0.0,0.0,-0.23498835477497812,0.08632673406569476,1.3149636727175966,1866.0
0.0975,0.25,0.02,2000,0.0,0.0,-0.24492546134012255,0.0843219283880686,1.3149636727175966,1866.0
0.10099999999999999,0.25,0.02,2000,0.0,0.0,-0.265822857969144,0.0802045851100994,1.3149636727175966,1866.0
0.1045,0.25,0.02,2000,0.0,0.0,-0.27842318250510717,0.07781603231927317,1.3149636727175966,1866.0
0.108,0.25,0.02,2000,0.0,0.0,-0.29682990057408587,0.07442626817155842,1.3149636727175966,1866.0
0.1115,0.25,0.02,2000,0.0,0.0,-0.3226990409642768,0.06977452133633238,1.3149636727175966,1866.0
0.11499999999999999,0.25,0.02,2000,0.0,0.0,-0.34029633535453957,0.06678200651122176,1.3149636727175966,1866.0
0.1185,0.25,0.02,2000,0.0,0.0,-0.35627244229009164,0.06406705976764333,1.3149636727175966,1866.0
0.122,0.25,0.02,2000,0.0,0.0,-0.3686666306126357,0.06219718604033704,1.3149636727175966,1866.0
0.1255,0.25,0.02,2000,0.0,0.0,-0.38411027293467226,0.059598326607295915,1.3149636727175966,1866.0
0.129,0.25,0.02,2000,0.0,0.0,-0.40597607654468754,0.056368295200341076,1.3149636727175966,1866.0
0.1325,0.25,0.02,2000,0.0,0.0,-0.41418296007685784,0.055112385943969035,1.3149636727175966,1866.0
0.136,0.25,0.02,2000,0.0,0.0,-0.4262615898760549,0.05337210528418397,1.3149636727175966,1866.0
0.1395,0.25,0.02,2000,0.0,0.0,-0.4523470628110927,0.04973155387519921,1.3149636727175966,1866.0
0.14300000000000002,0.25,0.02,2000,0.0,0.0,-0.46086590706076525,0.04858276769312407,1.3149636727175966,1866.0
0.14650000000000002,0.25,0.02,2000,0.0,0.0,-0.4702188221367473,0.047367675851963345,1.3149636727175966,1866.0
0.15000000000000002,0.25,0.02,2000,0.0,0.0,-0.49793414773586253,0.043782283619725845,1.3149636727175966,1866.0
0.15350000000000003,0.25,0.02,2000,0.0,0.0,-0.5137470067350907,0.041894265192206306,1.3149636727175966,1866.0
0.157,0.25,0.02,2000,0.0,0.0,-0.5241395967694966,0.040654620997743675,1.3149636727175966,1866.0
0.1605,0.25,0.02,2000,0.0,0.0,-0.5415430363106101,0.03863921815934529,1.3149636727175966,1866.0
0.164,0.25,0.02,2000,0.0,0.0,-0.5466421394452915,0.038048293130887825,1.3149636727175966,1866.0
0.1675,0.25,0.02,2000,0.0,0.0,-0.561591969356234,0.036404168657013944,1.3149636727175966,1866.0
0.171,0.25,0.02,2000,0.0,0.0,-0.5737405337683095,0.03507152007584215,1.3149636727175966,1866.0
0.17450000000000002,0.25,0.02,2000,0.0,0.0,-0.5950403870093268,0.03293025103350415,1.3149636727175966,1866.0
0.17800000000000002,0.25,0.02,2000,0.0,0.0,-0.5996750197649007,0.03243365583721898,1.3149636727175966,1866.0
0.18150000000000002,0.25,0.02,2000,0.0,0.0,-0.6164508736676693,0.030803103442147643,1.3149636727175966,1866.0
0.18500000000000003,0.25,0.02,2000,0.0,0.0,-0.6273809206316894,0.02977806836837572,1.3149636727175966,1866.0
0.1885,0.25,0.02,2000,0.0,0.0,-0.6499857954927106,0.027657050373469605,1.3149636727175966,1866.0
0.192,0.25,0.02,2000,0.0,0.0,-0.6473836802969907,0.027886947322513084,1.3149636727175966,1866.0
0.1955,0.25,0.02,2000,0.0,0.0,-0.6737934606789178,0.02557224928110926,1.3149636727175966,1866.0
0.199,0.25,0.02,2000,0.0,0.0,-0.6804066241670486,0.025007434216007124,1.3149636727175966,1866.0
0.2025,0.25,0.02,2000,0.0,0.0,-0.6899732067583312,0.02423551233121251,1.3149636727175966,1866.0
0.20600000000000002,0.25,0.02,2000,0.0,0.0,-0.69928522332324,0.023487854880343793,1.3149636727175966,1866.0
0.20950000000000002,0.25,0.02,2000,0.0,0.0,-0.7035275372906163,0.02313319474693141,1.3149636727175966,1866.0
0.21300000000000002,0.25,0.02,2000,0.0,0.0,-0.7230056077787582,0.021610984549694935,1.3149636727175966,1866.0
0.21650000000000003,0.25,0.02,2000,0.0,0.0,-0.7364960440435808,0.020626947327170877,1.3149636727175966,1866.0
0.22,0.25,0.02,2000,0.0,0.0,-0.7447731318284724,0.019992910154111553,1.3149636727175966,1866.0
0.01,0.3,0.02,2000,1.0,0.0,0.30847856633755694,0.237799723093656,1.3262105259961776,1848.0
0.0135,0.3,0.02,2000,1.0,0.0,0.2713468541542492,0.22506432705353455,1.3262105259961776,1848.0
0.017,0.3,0.02,2000,1.0,0.0,0.24686408196084733,0.21673776650755724,1.3262105259961776,1848.0
0.0205,0.3,0.02,2000,1.0,0.0,0.2202229565412733,0.20784032004978795,1.3262105259961776,1848.0
0.024,0.3,0.02,2000,1.0,0.0,0.19951689998843855,0.2009338149243865,1.3262105259961776,1848.0
0.027500000000000004,0.3,0.02,2000,1.0,0.0,0.17026641217890595,0.19139934066100742,1.3262105259961776,1848.0
0.031,0.3,0.02,2000,1.0,0.0,0.14814066913059762,0.18437701648317487,1.3262105259961776,1848.0
0.0345,0.3,0.02,2000,1.0,0.0,0.11726660817156438,0.17458204457442847,1.3262105259961776,1848.0
0.038,0.3,0.02,2000,0.9625,0.0,0.08510714265379625,0.16480949717415655,1.3262105259961776,1848.0
0.0415,0.3,0.02,2000,0.8875,0.0,0.05981451689739736,0.15720232281650803,1.3262105259961776,1848.0
0.045000000000000005,0.3,0.02,2000,0.8,0.0,0.04455229854165142,0.1527830349086862,1.3262105259961776,1848.0
0.0485,0.3,0.02,2000,0.6,0.0,0.016999642342393415,0.14493009414200936,1.3262105259961776,1848.0
0.052000000000000005,0.3,0.02,2000,0.5125,0.0,0.003216663504334953,0.1409290580001125,1.3262105259961776,1848.0
0.0555,0.3,0.02,2000,0.2125,0.0,-0.025373202837021807,0.13324854689998258,1.3262105259961776,1848.0
0.059000000000000004,0.3,0.02,2000,0.15,0.0,-0.04737493235874422,0.12735230719200358,1.3262105259961776,1848.0
0.0625,0.3,0.02,2000,0.05,0.0,-0.07055560895121897,0.1214208748669265,1.3262105259961776,1848.0
0.066,0.3,0.02,2000,0.0125,0.0,-0.09127751905658063,0.11618091572251651,1.3262105259961776,1848.0
0.0695,0.3,0.02,2000,0.0125,0.0,-0.11393530322378567,0.11068637983355438,1.3262105259961776,1848.0
0.073,0.3,0.02,2000,0.0,0.0,-0.12213942731516376,0.10879766005897787,1.3262105259961776,1848.0
0.0765,0.3,0.02,2000,0.0,0.0,-0.15519599095363232,0.10112060436963222,1.3262105259961776,1848.0
0.08,0.3,0.02,2000,0.0,0.0,-0.1677842316800247,0.09834023397005039,1.3262105259961776,1848.0
0.08349999999999999,0.3,0.02,2000,0.0,0.0,-0.19464578015278028,0.09247485162741649,1.3262105259961776,1848.0
0.087,0.3,0.02,2000,0.0,0.0,-0.202923420468096,0.0907893299093618,1.3262105259961776,1848.0
0.0905,0.3,0.02,2000,0.0,0.0,-0.23092514083760202,0.08507916749677633,1.3262105259961776,1848.0
0.094,0.3,0.02,2000,0.0,0.0,-0.24981003676662486,0.08139842181377996,1.3262105259961776,1848.0
0.0975,0.3,0.02,2000,0.0,0.0,-0.2693602146303181,0.07758864696030351,1.3262105259961776,1848.0
0.10099999999999999,0.3,0.02,2000,0.0,0.0,-0.2863606514386239,0.0745480500360044,1.3262105259961776,1848.0
0.1045,0.3,0.02,2000,0.0,0.0,-0.30272352822357523,0.07147679204095908,1.3262105259961776,1848.0
0.108,0.3,0.02,2000,0.0,0.0,-0.31030265234804,0.07019160942061528,1.3262105259961776,1848.0
0.1115,0.3,0.02,2000,0.0,0.0,-0.33987154013819376,0.06513100542538763,1.3262105259961776,1848.0
0.11499999999999999,0.3,0.02,2000,0.0,0.0,-0.3541275130021564,0.06288169374271775,1.3262105259961776,1848.0
0.1185,0.3,0.02,2000,0.0,0.0,-0.3650435214294942,0.061141962484350845,1.3262105259961776,1848.0
0.122,0.3,0.02,2000,0.0,0.0,-0.38235539685498166,0.05839042656405102,1.3262105259961776,1848.0
0.1255,0.3,0.02,2000,0.0,0.0,-0.40037972135273503,0.05579156330543413,1.3262105259961776,1848.0
0.129,0.3,0.02,2000,0.0,0.0,-0.4165574234699559,0.05343538741589189,1.3262105259961776,1848.0
0.1325,0.3,0.02,2000,0.0,0.0,-0.4403221956499932,0.050172734375909266,1.3262105259961776,1848.0
0.136,0.3,0.02,2000,0.0,0.0,-0.4491640109368184,0.04888143613004957,1.3262105259961776,1848.0
0.1395,0.3,0.02,2000,0.0,0.0,-0.4667907344885654,0.0466210204632649,1.3262105259961776,1848.0
0.14300000000000002,0.3,0.02,2000,0.0,0.0,-0.4878944866554596,0.04395894663072551,1.3262105259961776,1848.0
0.14650000000000002,0.3,0.02,2000,0.0,0.0,-0.4931868845087184,0.04327300904922048,1.3262105259961776,1848.0
0.15000000000000002,0.3,0.02,2000,0.0,0.0,-0.5154372011119762,0.04061542398394041,1.3262105259961776,1848.0
0.15350000000000003,0.3,0.02,2000,0.0,0.0,-0.5241863436667318,0.03962777107151999,1.3262105259961776,1848.0
0.157,0.3,0.02,2000,0.0,0.0,-0.5363128372444301,0.038231736308955586,1.3262105259961776,1848.0
0.1605,0.3,0.02,2000,0.0,0.0,-0.5507576306524108,0.03665881220774174,1.3262105259961776,1848.0
0.164,0.3,0.02,2000,0.0,0.0,-0.5621678665341634,0.035414789289836615,1.3262105259961776,1848.0
0.1675,0.3,0.02,2000,0.0,0.0,-0.5762609535273183,0.03395066662035773,1.3262105259961776,1848.0
0.171,0.3,0.02,2000,0.0,0.0,-0.5871450791988047,0.032860782863346163,1.3262105259961776,1848.0
0.17450000000000002,0.3,0.02,2000,0.0,0.0,-0.606199078034354,0.031003670621264245,1.3262105259961776,1848.0
0.17800000000000002,0.3,0.02,2000,0.0,0.0,-0.6164844360285384,0.029992476543552034,1.3262105259961776,1848.0
0.18150000000000002,0.3,0.02,2000,0.0,0.0,-0.621136344557487,0.02957058505908573,1.3262105259961776,1848.0
0.18500000000000003,0.3,0.02,2000,0.0,0.0,-0.6415794234470392,0.02769618514842449,1.3262105259961776,1848.0
0.1885,0.3,0.02,2000,0.0,0.0,-0.6547485304015014,0.02654116867481334,1.3262105259961776,1848.0
0.192,0.3,0.02,2000,0.0,0.0,-0.6626722650384573,0.02585442567847509,1.3262105259961776,1848.0
0.1955,0.3,0.02,2000,0.0,0.0,-0.6794614552043903,0.024464172530722656,1.3262105259961776,1848.0
0.199,0.3,0.02,2000,0.0,0.0,-0.687851087600585,0.02380087696306519,1.3262105259961776,1848.0
0.2025,0.3,0.02,2000,0.0,0.0,-0.6975636894817024,0.023031007476588025,1.3262105259961776,1848.0
0.20600000000000002,0.3,0.02,2000,0.0,0.0,-0.7094002562983328,0.022093261638002414,1.3262105259961776,1848.0
0.20950000000000002,0.3,0.02,2000,0.0,0.0,-0.7225907970307078,0.02110573135465833,1.3262105259961776,1848.0
0.21300000000000002,0.3,0.02,2000,0.0,0.0,-0.7365787589440439,0.020090008529383137,1.3262105259961776,1848.0
0.21650000000000003,0.3,0.02,2000,0.0,0.0,-0.7452039863900298,0.019468859381031246,1.3262105259961776,1848.0
0.22,0.3,0.02,2000,0.0,0.0,-0.7526679453527524,0.018921827193888324,1.3262105259961776,1848.0
0.01,0.35,0.02,2000,1.0,0.0,0.2828754550366446,0.22422903707069747,1.3376229110609221,1830.0
0.0135,0.35,0.02,2000,1.0,0.0,0.25495678889228823,0.21488647375352224,1.3376229110609221,1830.0
0.017,0.35,0.02,2000,1.0,0.0,0.24158964647252393,0.2104329526665488,1.3376229110609221,1830.0
0.0205,0.35,0.02,2000,1.0,0.0,0.1984377979753341,0.19632632471711559,1.3376229110609221,1830.0
0.024,0.35,0.02,2000,1.0,0.0,0.17125207859729677,0.18755955445415923,1.3376229110609221,1830.0
0.027500000000000004,0.35,0.02,2000,1.0,0.0,0.14648278305814494,0.17973786185403545,1.3376229110609221,1830.0
0.031,0.35,0.02,2000,0.9875,0.0,0.12371801451166693,0.1727902696789036,1.3376229110609221,1830.0
0.0345,0.35,0.02,2000,1.0,0.0,0.10577885954370914,0.16725372345017825,1.3376229110609221,1830.0
0.038,0.35,0.02,2000,0.95,0.0,0.07826462643262588,0.15905954622610707,1.3376229110609221,1830.0
0.0415,0.35,0.02,2000,0.9,0.0,0.05966294945235715,0.15363681220142844,1.3376229110609221,1830.0
0.045000000000000005,0.35,0.02,2000,0.775,0.0,0.025127279951013697,0.14378557378167528,1.3376229110609221,1830.0
0.0485,0.35,0.02,2000,0.475,0.0,-0.0008287959851460281,0.13671045110877228,1.3376229110609221,1830.0
0.052000000000000005,0.35,0.02,2000,0.2625,0.0,-0.026629705785657855,0.1297740099573495,1.3376229110609221,1830.0
0.0555,0.35,0.02,2000,0.1375,0.0,-0.037520703333613944,0.12690012303162385,1.3376229110609221,1830.0
0.059000000000000004,0.35,0.02,2000,0.1375,0.0,-0.05955829482684425,0.12136250708370011,1.3376229110609221,1830.0
0.0625,0.35,0.02,2000,0.0375,0.0,-0.08901403208117284,0.11406397722198384,1.3376229110609221,1830.0
0.066,0.35,0.02,2000,0.0125,0.0,-0.10622609080405532,0.10995634941359848,1.3376229110609221,1830.0
0.0695,0.35,0.02,2000,0.0,0.0,-0.13196527414856157,0.1039058683981668,1.3376229110609221,1830.0
0.073,0.35,0.02,2000,0.0125,0.0,-0.14234474687835874,0.10156710482057962,1.3376229110609221,1830.0
0.0765,0.35,0.02,2000,0.0,0.0,-0.17196569741066842,0.09501894671361252,1.3376229110609221,1830.0
0.08,0.35,0.02,2000,0.0,0.0,-0.18992498000893432,0.09129800542978198,1.3376229110609221,1830.0
0.08349999999999999,0.35,0.02,2000,0.0,0.0,-0.2031550724184787,0.08849133172675117,1.3376229110609221,1830.0
0.087,0.35,0.02,2000,0.0,0.0,-0.22518113257935268,0.08408346100569151,1.3376229110609221,1830.0
0.0905,0.35,0.02,2000,0.0,0.0,-0.2500046987976111,0.07928560343364088,1.3376229110609221,1830.0
0.094,0.35,0.02,2000,0.0,0.0,-0.2524538916817689,0.07876322363773994,1.3376229110609221,1830.0
0.0975,0.35,0.02,2000,0.0,0.0,-0.2812364330090241,0.07352002761690406,1.3376229110609221,1830.0
0.10099999999999999,0.35,0.02,2000,0.0,0.0,-0.2998199232603257,0.07033588297959889,1.3376229110609221,1830.0
0.1045,0.35,0.02,2000,0.0,0.0,-0.3181223572616104,0.06711354832392773,1.3376229110609221,1830.0
0.108,0.35,0.02,2000,0.0,0.0,-0.3406937431086569,0.06347521316122964,1.3376229110609221,1830.0
0.1115,0.35,0.02,2000,0.0,0.0,-0.3492488363261722,0.06209725763600241,1.3376229110609221,1830.0
0.11499999999999999,0.35,0.02,2000,0.0,0.0,-0.36638495187175835,0.05942616339923477,1.3376229110609221,1830.0
0.1185,0.35,0.02,2000,0.0,0.0,-0.37981715994425624,0.05736483262376901,1.3376229110609221,1830.0
0.122,0.35,0.02,2000,0.0,0.0,-0.39832268196642556,0.054656163028787966,1.3376229110609221,1830.0
0.1255,0.35,0.02,2000,0.0,0.0,-0.41921094963559113,0.051706027760189774,1.3376229110609221,1830.0
0.129,0.35,0.02,2000,0.0,0.0,-0.4314840273574673,0.050010594392556264,1.3376229110609221,1830.0
0.1325,0.35,0.02,2000,0.0,0.0,-0.44103795997680606,0.04873547465160317,1.3376229110609221,1830.0
0.136,0.35,0.02,2000,0.0,0.0,-0.46355844923574985,0.04581429158848217,1.3376229110609221,1830.0
0.1395,0.35,0.02,2000,0.0,0.0,-0.4681963220928839,0.045253993707702674,1.3376229110609221,1830.0
0.14300000000000002,0.35,0.02,2000,0.0,0.0,-0.4918633033044049,0.042358198064976905,1.3376229110609221,1830.0
0.14650000000000002,0.35,0.02,2000,0.0,0.0,-0.5010166768303824,0.04125371310388771,1.3376229110609221,1830.0
0.15000000000000002,0.35,0.02,2000,0.0,0.0,-0.5145088063770522,0.03968134934835874,1.3376229110609221,1830.0
0.15350000000000003,0.35,0.02,2000,0.0,0.0,-0.5299919867455619,0.037991640010528446,1.3376229110609221,1830.0
0.157,0.35,0.02,2000,0.0,0.0,-0.5488928507900294,0.035911332360725225,1.3376229110609221,1830.0
0.1605,0.35,0.02,2000,0.0,0.0,-0.5590261687061501,0.03486785352861424,1.3376229110609221,1830.0
0.164,0.35,0.02,2000,0.0,0.0,-0.573839035618256,0.03333268879476215,1.3376229110609221,1830.0
0.1675,0.35,0.02,2000,0.0,0.0,-0.5800947488088253,0.032701275894338695,1.3376229110609221,1830.0
0.171,0.35,0.02,2000,0.0,0.0,-0.6018618434030609,0.030583675920005948,1.3376229110609221,1830.0
0.17450000000000002,0.35,0.02,2000,0.0,0.0,-0.6163917867707157,0.029255551083609343,1.3376229110609221,1830.0
0.17800000000000002,0.35,0.02,2000,0.0,0.0,-0.6270425104480605,0.02830342077311613,1.3376229110609221,1830.0
0.18150000000000002,0.35,0.02,2000,0.0,0.0,-0.6443462024850697,0.02673689452996003,1.3376229110609221,1830.0
0.18500000000000003,0.35,0.02,2000,0.0,0.0,-0.6582400543150004,0.025580257128469452,1.3376229110609221,1830.0
0.1885,0.35,0.02,2000,0.0,0.0,-0.6650914486349493,0.025024526043955442,1.3376229110609221,1830.0
0.192,0.35,0.02,2000,0.0,0.0,-0.6757120928879949,0.024131895715477913,1.3376229110609221,1830.0
0.1955,0.35,0.02,2000,0.0,0.0,-0.685723997713575,0.023356030522211572,1.3376229110609221,1830.0
0.199,0.35,0.02,2000,0.0,0.0,-0.701445111460024,0.022134222013747464,1.3376229110609221,1830.0
0.2025,0.35,0.02,2000,0.0,0.0,-0.7050392419192638,0.02183956869560852,1.3376229110609221,1830.0
0.20600000000000002,0.35,0.02,2000,0.0,0.0,-0.7222045744427991,0.020563291450138237,1.3376229110609221,1830.0
0.20950000000000002,0.35,0.02,2000,0.0,0.0,-0.7257829605219313,0.020332694377321686,1.3376229110609221,1830.0
0.21300000000000002,0.35,0.02,2000,0.0,0.0,-0.737411640187934,0.019509333592361525,1.3376229110609221,1830.0
0.21650000000000003,0.35,0.02,2000,0.0,0.0,-0.748573799540929,0.018718440985286872,1.3376229110609221,1830.0
0.22,0.35,0.02,2000,0.0,0.0,-0.7580682839447457,0.01807413955969759,1.3376229110609221,1830.0
0.01,0.4,0.02,2000,1.0,0.0,0.26438960609202483,0.21344619335663567,1.349204928674698,1812.0
0.0135,0.4,0.02,2000,1.0,0.0,0.2284688619577045,0.20171254773147246,1.349204928674698,1812.0
0.017,0.4,0.02,2000,1.0,0.0,0.1985777351918571,0.19209806614241515,1.349204928674698,1812.0
0.0205,0.4,0.02,2000,1.0,0.0,0.18665506768392287,0.18833113342600974,1.349204928674698,1812.0
0.024,0.4,0.02,2000,1.0,0.0,0.15720243153763444,0.17911294377787335,1.349204928674698,1812.0
0.027500000000000004,0.4,0.02,2000,1.0,0.0,0.12032493938304852,0.16785057565594624,1.349204928674698,1812.0
0.031,0.4,0.02,2000,1.0,0.0,0.10058780841585262,0.16196656968421122,1.349204928674698,1812.0
0.0345,0.4,0.02,2000,0.975,0.0,0.09387838194949208,0.16007683464194697,1.349204928674698,1812.0
0.038,0.4,0.02,2000,0.8375,0.0,0.05068096886003739,0.14760993275860743,1.349204928674698,1812.0
0.0415,0.4,0.02,2000,0.7375,0.0,0.03390879901722891,0.142937679297232,1.349204928674698,1812.0
0.045000000000000005,0.4,0.02,2000,0.5,0.0,0.007963383548554857,0.1358974899725464,1.349204928674698,1812.0
0.0485,0.4,0.02,2000,0.2875,0.0,-0.02120563460136431,0.1281085693290224,1.349204928674698,1812.0
0.052000000000000005,0.4,0.02,2000,0.125,0.0,-0.04555189995686269,0.12191351591034645,1.349204928674698,1812.0
0.0555,0.4,0.02,2000,0.1,0.0,-0.05742571110916548,0.11900783416137668,1.349204928674698,1812.0
0.059000000000000004,0.4,0.02,2000,0.0375,0.0,-0.07837802416595198,0.1139049578073967,1.349204928674698,1812.0
0.0625,0.4,0.02,2000,0.0,0.0,-0.10311361096836968,0.10800733976498397,1.349204928674698,1812.0
0.066,0.4,0.02,2000,0.0,0.0,-0.11430887417343442,0.10541832731959962,1.349204928674698,1812.0
0.0695,0.4,0.02,2000,0.0,0.0,-0.13726017530269216,0.10023648885057024,1.349204928674698,1812.0
0.073,0.4,0.02,2000,0.0,0.0,-0.15926094726624548,0.09538724800243245,1.349204928674698,1812.0
0.0765,0.4,0.02,2000,0.0,0.0,-0.17784954875773615,0.09158850985733229,1.349204928674698,1812.0
0.08,0.4,0.02,2000,0.0,0.0,-0.19948085344963154,0.08709247201076306,1.349204928674698,1812.0
0.08349999999999999,0.4,0.02,2000,0.0,0.0,-0.22176198788513454,0.0826835699844394,1.349204928674698,1812.0
0.087,0.4,0.02,2000,0.0,0.0,-0.23485033047392356,0.08017787971243134,1.349204928674698,1812.0
0.0905,0.4,0.02,2000,0.0,0.0,-0.25883915029554777,0.07576054327314416,1.349204928674698,1812.0
0.094,0.4,0.02,2000,0.0,0.0,-0.2751254604920586,0.07288806741392224,1.349204928674698,1812.0
0.0975,0.4,0.02,2000,0.0,0.0,-0.2928107521531433,0.06978678727190357,1.349204928674698,1812.0
0.10099999999999999,0.4,0.02,2000,0.0,0.0,-0.31346495655143014,0.06621227007623812,1.349204928674698,1812.0
0.1045,0.4,0.02,2000,0.0,0.0,-0.3271214373750331,0.06399273424937706,1.349204928674698,1812.0
0.108,0.4,0.02,2000,0.0,0.0,-0.34836928203111883,0.060688573416901356,1.349204928674698,1812.0
0.1115,0.4,0.02,2000,0.0,0.0,-0.3596729241041676,0.05892710703066299,1.349204928674698,1812.0
0.11499999999999999,0.4,0.02,2000,0.0,0.0,-0.3810993751086215,0.055728877848392824,1.349204928674698,1812.0
0.1185,0.4,0.02,2000,0.0,0.0,-0.3956195319509018,0.05366551108520499,1.349204928674698,1812.0
0.122,0.4,0.02,2000,0.0,0.0,-0.41174513991599104,0.0514473996892524,1.349204928674698,1812.0
0.1255,0.4,0.02,2000,0.0,0.0,-0.4208084976248497,0.050265512921623956,1.349204928674698,1812.0
0.129,0.4,0.02,2000,0.0,0.0,-0.43850927639845916,0.04785123950653751,1.349204928674698,1812.0
0.1325,0.4,0.02,2000,0.0,0.0,-0.45827232916777055,0.045342457490627354,1.349204928674698,1812.0
0.136,0.4,0.02,2000,0.0,0.0,-0.47347840141676933,0.043484660785877635,1.349204928674698,1812.0
0.1395,0.4,0.02,2000,0.0,0.0,-0.48352114297818866,0.04227182468065296,1.349204928674698,1812.0
0.14300000000000002,0.4,0.02,2000,0.0,0.0,-0.49829342222523126,0.040561445568962205,1.349204928674698,1812.0
0.14650000000000002,0.4,0.02,2000,0.0,0.0,-0.5100442541600524,0.03916629243296342,1.349204928674698,1812.0
0.15000000000000002,0.4,0.02,2000,0.0,0.0,-0.5293513902993762,0.03702885703930562,1.349204928674698,1812.0
0.15350000000000003,0.4,0.02,2000,0.0,0.0,-0.5470376468777995,0.03521400626845705,1.349204928674698,1812.0
0.157,0.4,0.02,2000,0.0,0.0,-0.5565662407043165,0.034237841122714,1.349204928674698,1812.0
0.1605,0.4,0.02,2000,0.0,0.0,-0.5771158498619183,0.0321349988428968,1.349204928674698,1812.0
0.164,0.4,0.02,2000,0.0,0.0,-0.582894481285558,0.03161159439731145,1.349204928674698,1812.0
0.1675,0.4,0.02,2000,0.0,0.0,-0.5893781833763005,0.030990842929078423,1.349204928674698,1812.0
0.171,0.4,0.02,2000,0.0,0.0,-0.6081406122612605,0.02927778457807557,1.349204928674698,1812.0
0.17450000000000002,0.4,0.02,2000,0.0,0.0,-0.6269667043247867,0.02757483318145725,1.349204928674698,1812.0
0.17800000000000002,0.4,0.02,2000,0.0,0.0,-0.6331343497769095,0.027014964719540117,1.349204928674698,1812.0
0.18150000000000002,0.4,0.02,2000,0.0,0.0,-0.6477733335202425,0.025818616473000378,1.349204928674698,1812.0
0.18500000000000003,0.4,0.02,2000,0.0,0.0,-0.6629005065223826,0.024500111376950028,1.349204928674698,1812.0
0.1885,0.4,0.02,2000,0.0,0.0,-0.6697719488253024,0.02398964647706549,1.349204928674698,1812.0
0.192,0.4,0.02,2000,0.0,0.0,-0.6808854515047302,0.02312131497799951,1.349204928674698,1812.0
0.1955,0.4,0.02,2000,0.0,0.0,-0.6915284571300468,0.022296603153181865,1.349204928674698,1812.0
0.199,0.4,0.02,2000,0.0,0.0,-0.7064470052928069,0.021195655510055315,1.349204928674698,1812.0
0.2025,0.4,0.02,2000,0.0,0.0,-0.7221017023232829,0.020061347552504397,1.349204928674698,1812.0
0.20600000000000002,0.4,0.02,2000,0.0,0.0,-0.7261055397119665,0.019785391092505523,1.349204928674698,1812.0
0.20950000000000002,0.4,0.02,2000,0.0,0.0,-0.7417764944531565,0.018710599240339344,1.349204928674698,1812.0
0.21300000000000002,0.4,0.02,2000,0.0,0.0,-0.748143657450088,0.01827799901947886,1.349204928674698,1812.0
0.21650000000000003,0.4,0.02,2000,0.0,0.0,-0.760095874133848,0.01749565923000123,1.349204928674698,1812.0
0.22,0.4,0.02,2000,0.0,0.0,-0.7692739891009375,0.016882772876426404,1.349204928674698,1812.0
0.01,0.05,0.03,2000,1.0,0.0,0.33288119362022844,0.2718753819995537,1.2845583119247692,1916.0
0.0135,0.05,0.03,2000,1.0,0.0,0.30710557517132775,0.26241772307332256,1.2845583119247692,1916.0
0.017,0.05,0.03,2000,1.0,0.0,0.27707902335124596,0.2514568969177772,1.2845583119247692,1916.0
0.0205,0.05,0.03,2000,1.0,0.0,0.2481903246780271,0.24095955809217928,1.2845583119247692,1916.0
0.024,0.05,0.03,2000,1.0,0.0,0.21138921432761673,0.22778932633511478,1.2845583119247692,1916.0
0.027500000000000004,0.05,0.03,2000,1.0,0.0,0.18745851626430965,0.21931621262392537,1.2845583119247692,1916.0
0.031,0.05,0.03,2000,1.0,0.0,0.17165727604198028,0.21381077296476966,1.2845583119247692,1916.0
0.0345,0.05,0.03,2000,1.0,0.0,0.14098804375679425,0.20323916649710014,1.2845583119247692,1916.0
0.038,0.05,0.03,2000,1.0,0.0,0.11567663471166074,0.19458318010015133,1.2845583119247692,1916.0
0.0415,0.05,0.03,2000,0.975,0.0,0.08329180426097697,0.18386280153050094,1.2845583119247692,1916.0
0.045000000000000005,0.05,0.03,2000,0.9125,0.0,0.06383825685457445,0.17754232887643578,1.2845583119247692,1916.0
0.0485,0.05,0.03,2000,0.7375,0.0,0.041635634228169675,0.17049902772522038,1.2845583119247692,1916.0
0.052000000000000005,0.05,0.03,2000,0.6375,0.0,0.018697322497584642,0.16329693917553997,1.2845583119247692,1916.0
0.0555,0.05,0.03,2000,0.4125,0.0,-0.01242408798677266,0.15384696611904267,1.2845583119247692,1916.0
0.059000000000000004,0.05,0.03,2000,0.25,0.0,-0.030422338660818248,0.1485181485779558,1.2845583119247692,1916.0
0.0625,0.05,0.03,2000,0.0625,0.0,-0.05421223406707095,0.14156044425751355,1.2845583119247692,1916.0
0.066,0.05,0.03,2000,0.0375,0.0,-0.0673782402285372,0.13790056361772773,1.2845583119247692,1916.0
0.0695,0.05,0.03,2000,0.0,0.0,-0.09684238878471672,0.1297625830847487,1.2845583119247692,1916.0
0.073,0.05,0.03,2000,0.0125,0.0,-0.11493014478108272,0.12492982214637254,1.2845583119247692,1916.0
0.0765,0.05,0.03,2000,0.0,0.0,-0.13412437184433212,0.11998748599326432,1.2845583119247692,1916.0
0.08,0.05,0.03,2000,0.0,0.0,-0.15582266176231782,0.11444736833735755,1.2845583119247692,1916.0
0.08349999999999999,0.05,0.03,2000,0.0,0.0,-0.17735927877773722,0.109136398050461,1.2845583119247692,1916.0
0.087,0.05,0.03,2000,0.0,0.0,-0.18911469009954254,0.10641088568814946,1.2845583119247692,1916.0
0.0905,0.05,0.03,2000,0.0,0.0,-0.21218710883039887,0.10099515143718918,1.2845583119247692,1916.0
0.094,0.05,0.03,2000,0.0,0.0,-0.230164710908154,0.09686975764108771,1.2845583119247692,1916.0
0.0975,0.05,0.03,2000,0.0,0.0,-0.25065111616812336,0.09242414202710603,1.2845583119247692,1916.0
0.10099999999999999,0.05,0.03,2000,0.0,0.0,-0.2680877054058029,0.08867724540051877,1.2845583119247692,1916.0
0.1045,0.05,0.03,2000,0.0,0.0,-0.2859252743474353,0.08501058927522008,1.2845583119247692,1916.0
0.108,0.05,0.03,2000,0.0,0.0,-0.30392687509165256,0.08145066023401877,1.2845583119247692,1916.0
0.1115,0.05,0.03,2000,0.0,0.0,-0.3255518124679176,0.07735113721129253,1.2845583119247692,1916.0
0.11499999999999999,0.05,0.03,2000,0.0,0.0,-0.33679188611669086,0.07503643239858555,1.2845583119247692,1916.0
0.1185,0.05,0.03,2000,0.0,0.0,-0.3659416843317912,0.06988308397385186,1.2845583119247692,1916.0
0.122,0.05,0.03,2000,0.0,0.0,-0.35946991550861984,0.07101257820096286,1.2845583119247692,1916.0
0.1255,0.05,0.03,2000,0.0,0.0,-0.3837316670560283,0.06669911558358813,1.2845583119247692,1916.0
0.129,0.05,0.03,2000,0.0,0.0,-0.40458535363947146,0.06327450127377378,1.2845583119247692,1916.0
0.1325,0.05,0.03,2000,0.0,0.0,-0.4171622358333362,0.0612189206935674,1.2845583119247692,1916.0
0.136,0.05,0.03,2000,0.0,0.0,-0.44314510676709506,0.05707708837692651,1.2845583119247692,1916.0
0.1395,0.05,0.03,2000,0.0,0.0,-0.4532700019934553,0.05558688171734851,1.2845583119247692,1916.0
0.14300000000000002,0.05,0.03,2000,0.0,0.0,-0.4720300265830014,0.05283654163308334,1.2845583119247692,1916.0
0.14650000000000002,0.05,0.03,2000,0.0,0.0,-0.4828451346081287,0.05136035164747936,1.2845583119247692,1916.0
0.15000000000000002,0.05,0.03,2000,0.0,0.0,-0.498906623921925,0.04909425546362458,1.2845583119247692,1916.0
0.15350000000000003,0.05,0.03,2000,0.0,0.0,-0.5148821050698793,0.04686752323301473,1.2845583119247692,1916.0
0.157,0.05,0.03,2000,0.0,0.0,-0.5323066272321768,0.044674145119284456,1.2845583119247692,1916.0
0.1605,0.05,0.03,2000,0.0,0.0,-0.5467568239464777,0.042845433200999775,1.2845583119247692,1916.0
0.164,0.05,0.03,2000,0.0,0.0,-0.5526176633296651,0.042084595877785215,1.2845583119247692,1916.0
0.1675,0.05,0.03,2000,0.0,0.0,-0.5778689164130593,0.039057418397461116,1.2845583119247692,1916.0
0.171,0.05,0.03,2000,0.0,0.0,-0.5806442922230264,0.03875502770707955,1.2845583119247692,1916.0
0.17450000000000002,0.05,0.03,2000,0.0,0.0,-0.5978613162602859,0.03678489978762976,1.2845583119247692,1916.0
0.17800000000000002,0.05,0.03,2000,0.0,0.0,-0.6129163697790451,0.035193539017966416,1.2845583119247692,1916.0
0.18150000000000002,0.05,0.03,2000,0.0,0.0,-0.6140872808251995,0.03503735529668128,1.2845583119247692,1916.0
0.18500000000000003,0.05,0.03,2000,0.0,0.0,-0.6357315745463767,0.03276377490573591,1.2845583119247692,1916.0
0.1885,0.05,0.03,2000,0.0,0.0,-0.645396670564932,0.03176479850305593,1.2845583119247692,1916.0
0.192,0.05,0.03,2000,0.0,0.0,-0.6668586055076725,0.029653592780808584,1.2845583119247692,1916.0
0.1955,0.05,0.03,2000,0.0,0.0,-0.6757653962217591,0.028820957433923787,1.2845583119247692,1916.0
0.199,0.05,0.03,2000,0.0,0.0,-0.6851165977196229,0.02794276632602456,1.2845583119247692,1916.0
0.2025,0.05,0.03,2000,0.0,0.0,-0.6917326429566597,0.027323114021746253,1.2845583119247692,1916.0
0.20600000000000002,0.05,0.03,2000,0.0,0.0,-0.7039093926236328,0.026222378230196818,1.2845583119247692,1916.0
0.20950000000000002,0.05,0.03,2000,0.0,0.0,-0.7244005732131062,0.024435615861043543,1.2845583119247692,1916.0
0.21300000000000002,0.05,0.03,2000,0.0,0.0,-0.7357865398713817,0.02352356349157121,1.2845583119247692,1916.0
0.21650000000000003,0.05,0.03,2000,0.0,0.0,-0.7342505734704737,0.023643239662726728,1.2845583119247692,1916.0
0.22,0.05,0.03,2000,0.0,0.0,-0.7472890058259865,0.02257170879261307,1.2845583119247692,1916.0
0.01,0.1,0.03,2000,1.0,0.0,0.31322485967088287,0.259492746107012,1.2953657440244426,1898.0
0.0135,0.1,0.03,2000,1.0,0.0,0.27610966067546566,0.24609716208414123,1.2953657440244426,1898.0
0.017,0.1,0.03,2000,1.0,0.0,0.25645097560370633,0.23905577120806512,1.2953657440244426,1898.0
0.0205,0.1,0.03,2000,1.0,0.0,0.228897744403674,0.2292871979338637,1.2953657440244426,1898.0
0.024,0.1,0.03,2000,1.0,0.0,0.19627855656852003,0.21782300986882935,1.2953657440244426,1898.0
0.027500000000000004,0.1,0.03,2000,1.0,0.0,0.15803401094127406,0.20466469675114016,1.2953657440244426,1898.0
0.031,0.1,0.03,2000,1.0,0.0,0.14141381529357017,0.1990675326885713,1.2953657440244426,1898.0
0.0345,0.1,0.03,2000,0.9875,0.0,0.121548248711095,0.19239417876195444,1.2953657440244426,1898.0
0.038,0.1,0.03,2000,0.9875,0.0,0.09634742021790038,0.18415019555784068,1.2953657440244426,1898.0
0.0415,0.1,0.03,2000,0.9875,0.0,0.07643968763468219,0.1776462734115623,1.2953657440244426,1898.0
0.045000000000000005,0.1,0.03,2000,0.725,0.0,0.0373286838129903,0.16546970971324249,1.2953657440244426,1898.0
0.0485,0.1,0.03,2000,0.6625,0.0,0.024608120396389977,0.16147605829819658,1.2953657440244426,1898.0
0.052000000000000005,0.1,0.03,2000,0.475,0.0,0.0006218367230769805,0.15420581592566202,1.2953657440244426,1898.0
0.0555,0.1,0.03,2000,0.2375,0.0,-0.02825560429663656,0.14583514814427542,1.2953657440244426,1898.0
0.059000000000000004,0.1,0.03,2000,0.125,0.0,-0.04140949786634813,0.14206165290554781,1.2953657440244426,1898.0
0.0625,0.1,0.03,2000,0.0625,0.0,-0.06256741915635591,0.1360892659207173,1.2953657440244426,1898.0
0.066,0.1,0.03,2000,0.025,0.0,-0.08583987542514197,0.1297893875691508,1.2953657440244426,1898.0
0.0695,0.1,0.03,2000,0.0125,0.0,-0.11098621959320784,0.12314617220088091,1.2953657440244426,1898.0
0.073,0.1,0.03,2000,0.0,0.0,-0.1259906623821041,0.1192293882697352,1.2953657440244426,1898.0
0.0765,0.1,0.03,2000,0.0,0.0,-0.15306829120082205,0.11239484260599757,1.2953657440244426,1898.0
0.08,0.1,0.03,2000,0.0,0.0,-0.16720611496333576,0.1090020571960636,1.2953657440244426,1898.0
0.08349999999999999,0.1,0.03,2000,0.0,0.0,-0.1923417157957121,0.10308023472527597,1.2953657440244426,1898.0
0.087,0.1,0.03,2000,0.0,0.0,-0.2078930731815726,0.09945484320566418,1.2953657440244426,1898.0
0.0905,0.1,0.03,2000,0.0,0.0,-0.22997645990252735,0.09466861831965015,1.2953657440244426,1898.0
0.094,0.1,0.03,2000,0.0,0.0,-0.25169291104935926,0.09010307488321559,1.2953657440244426,1898.0
0.0975,0.1,0.03,2000,0.0,0.0,-0.26436794095542027,0.08734435851221745,1.2953657440244426,1898.0
0.10099999999999999,0.1,0.03,2000,0.0,0.0,-0.2928169702262084,0.08167809139349287,1.2953657440244426,1898.0
0.1045,0.1,0.03,2000,0.0,0.0,-0.3020545188047542,0.07976302387323404,1.2953657440244426,1898.0
0.108,0.1,0.03,2000,0.0,0.0,-0.32434970707659694,0.07557925285735516,1.2953657440244426,1898.0
0.1115,0.1,0.03,2000,0.0,0.0,-0.33898636067238064,0.07291237749225003,1.2953657440244426,1898.0
0.11499999999999999,0.1,0.03,2000,0.0,0.0,-0.35067473797494,0.07081230461632351,1.2953657440244426,1898.0
0.1185,0.1,0.03,2000,0.0,0.0,-0.3822640950162096,0.06537677452749482,1.2953657440244426,1898.0
0.122,0.1,0.03,2000,0.0,0.0,-0.38626934708340777,0.06470798904776874,1.2953657440244426,1898.0
0.1255,0.1,0.03,2000,0.0,0.0,-0.4083425580993296,0.061150620015454626,1.2953657440244426,1898.0
0.129,0.1,0.03,2000,0.0,0.0,-0.42382155622109446,0.0586387978425887,1.2953657440244426,1898.0
0.1325,0.1,0.03,2000,0.0,0.0,-0.43155739415988437,0.05746125693989686,1.2953657440244426,1898.0
0.136,0.1,0.03,2000,0.0,0.0,-0.45214942144089,0.05436447145035463,1.2953657440244426,1898.0
0.1395,0.1,0.03,2000,0.0,0.0,-0.4674254430134871,0.05219826422793507,1.2953657440244426,1898.0
0.14300000000000002,0.1,0.03,2000,0.0,0.0,-0.481837016782635,0.050252808421682046,1.2953657440244426,1898.0
0.14650000000000002,0.1,0.03,2000,0.0,0.0,-0.4959991446906093,0.04823259741549205,1.2953657440244426,1898.0
0.15000000000000002,0.1,0.03,2000,0.0,0.0,-0.5154667683555422,0.04565362152710428,1.2953657440244426,1898.0
0.15350000000000003,0.1,0.03,2000,0.0,0.0,-0.5293369125206413,0.04387982949742701,1.2953657440244426,1898.0
0.157,0.1,0.03,2000,0.0,0.0,-0.5347801899724429,0.043215119075156405,1.2953657440244426,1898.0
0.1605,0.1,0.03,2000,0.0,0.0,-0.5616250532611238,0.039989833204069826,1.2953657440244426,1898.0
0.164,0.1,0.03,2000,0.0,0.0,-0.5709423264004325,0.038915094353277516,1.2953657440244426,1898.0
0.1675,0.1,0.03,2000,0.0,0.0,-0.5832565292997275,0.037528104610151033,1.2953657440244426,1898.0
0.171,0.1,0.03,2000,0.0,0.0,-0.6010034901166555,0.03554111965331229,1.2953657440244426,1898.0
0.17450000000000002,0.1,0.03,2000,0.0,0.0,-0.6122535826893042,0.03434828505314038,1.2953657440244426,1898.0
0.17800000000000002,0.1,0.03,2000,0.0,0.0,-0.6187478383910021,0.03362409272065443,1.2953657440244426,1898.0
0.18150000000000002,0.1,0.03,2000,0.0,0.0,-0.6336803090003793,0.03215365045210391,1.2953657440244426,1898.0
0.18500000000000003,0.1,0.03,2000,0.0,0.0,-0.6451074903413957,0.031020422326143816,1.2953657440244426,1898.0
0.1885,0.1,0.03,2000,0.0,0.0,-0.6562741124012843,0.029899614124390145,1.2953657440244426,1898.0
0.192,0.1,0.03,2000,0.0,0.0,-0.6761356013053071,0.028048155548419374,1.2953657440244426,1898.0
0.1955,0.1,0.03,2000,0.0,0.0,-0.6772843681771494,0.027937580869604822,1.2953657440244426,1898.0
0.199,0.1,0.03,2000,0.0,0.0,-0.6919800211029072,0.02661019963954018,1.2953657440244426,1898.0
0.2025,0.1,0.03,2000,0.0,0.0,-0.7030545750957512,0.025633227314865926,1.2953657440244426,1898.0
0.20600000000000002,0.1,0.03,2000,0.0,0.0,-0.710339880719577,0.025024655398381314,1.2953657440244426,1898.0
0.20950000000000002,0.1,0.03,2000,0.0,0.0,-0.7242811530816049,0.02386401849351773,1.2953657440244426,1898.0
0.21300000000000002,0.1,0.03,2000,0.0,0.0,-0.741850865769581,0.022435925722686274,1.2953657440244426,1898.0
0.21650000000000003,0.1,0.03,2000,0.0,0.0,-0.7398107613269275,0.02258873236523177,1.2953657440244426,1898.0
0.22,0.1,0.03,2000,0.0,0.0,-0.7617594049684339,0.020882688664241013,1.2953657440244426,1898.0
0.01,0.15,0.03,2000,1.0,0.0,0.2812678260008112,0.24298606882376345,1.3063280200722127,1880.0
0.0135,0.15,0.03,2000,1.0,0.0,0.26162911126736704,0.23604266770529597,1.3063280200722127,1880.0
0.017,0.15,0.03,2000,1.0,0.0,0.230115274911385,0.22497463915456958,1.3063280200722127,1880.0
0.0205,0.15,0.03,2000,1.0,0.0,0.1959299679621256,0.21318553694038905,1.3063280200722127,1880.0
0.024,0.15,0.03,2000,1.0,0.0,0.1762863093881303,0.20650925731170394,1.3063280200722127,1880.0
0.027500000000000004,0.15,0.03,2000,1.0,0.0,0.1480166275603953,0.19703154232103945,1.3063280200722127,1880.0
0.031,0.15,0.03,2000,0.9875,0.0,0.12122708097564186,0.18818658681104322,1.3063280200722127,1880.0
0.0345,0.15,0.03,2000,1.0,0.0,0.10471607220833934,0.18278417719663675,1.3063280200722127,1880.0
0.038,0.15,0.03,2000,0.95,0.0,0.0696947791857627,0.1716823812410327,1.3063280200722127,1880.0
0.0415,0.15,0.03,2000,0.8375,0.0,0.05379232975593605,0.16676152959766108,1.3063280200722127,1880.0
0.045000000000000005,0.15,0.03,2000,0.7,0.0,0.0275165527914591,0.15884060926622062,1.3063280200722127,1880.0
0.0485,0.15,0.03,2000,0.6375,0.0,0.01287209312964702,0.15440038067442668,1.3063280200722127,1880.0
0.052000000000000005,0.15,0.03,2000,0.3,0.0,-0.021438799743626787,0.14451584009143642,1.3063280200722127,1880.0
0.0555,0.15,0.03,2000,0.175,0.0,-0.039603193588062253,0.13929436378543167,1.3063280200722127,1880.0
0.059000000000000004,0.15,0.03,2000,0.075,0.0,-0.06929752294630284,0.13121519593130274,1.3063280200722127,1880.0
0.0625,0.15,0.03,2000,0.025,0.0,-0.07316889013565495,0.13010612895019863,1.3063280200722127,1880.0
0.066,0.15,0.03,2000,0.0,0.0,-0.10314265632820925,0.12225887927644692,1.3063280200722127,1880.0
0.0695,0.15,0.03,2000,0.0,0.0,-0.1176288781721426,0.11861216468878473,1.3063280200722127,1880.0
0.073,0.15,0.03,2000,0.0,0.0,-0.15053482283466663,0.11042636662996215,1.3063280200722127,1880.0
0.0765,0.15,0.03,2000,0.0,0.0,-0.158416546329989,0.10862805526167456,1.3063280200722127,1880.0
0.08,0.15,0.03,2000,0.0,0.0,-0.19066227806576783,0.10109259036769269,1.3063280200722127,1880.0
0.08349999999999999,0.15,0.03,2000,0.0,0.0,-0.20052157653752078,0.09888588638309405,1.3063280200722127,1880.0
0.087,0.15,0.03,2000,0.0,0.0,-0.22484110142016536,0.0934926563959703,1.3063280200722127,1880.0
0.0905,0.15,0.03,2000,0.0,0.0,-0.2480538420786739,0.08869985530370174,1.3063280200722127,1880.0
0.094,0.15,0.03,2000,0.0,0.0,-0.27114446286089955,0.08387476067193092,1.3063280200722127,1880.0
0.0975,0.15,0.03,2000,0.0,0.0,-0.2935662594208517,0.07951348789856363,1.3063280200722127,1880.0
0.10099999999999999,0.15,0.03,2000,0.0,0.0,-0.2968827567062205,0.07886820361983214,1.3063280200722127,1880.0
0.1045,0.15,0.03,2000,0.0,0.0,-0.31269266955117053,0.07584505434005348,1.3063280200722127,1880.0
0.108,0.15,0.03,2000,0.0,0.0,-0.3314992494553931,0.07244609830031845,1.3063280200722127,1880.0
0.1115,0.15,0.03,2000,0.0,0.0,-0.35936151409408074,0.06755439013128779,1.3063280200722127,1880.0
0.11499999999999999,0.15,0.03,2000,0.0,0.0,-0.36669471768135314,0.06634749451970698,1.3063280200722127,1880.0
0.1185,0.15,0.03,2000,0.0,0.0,-0.38380852600553517,0.06348913770666871,1.3063280200722127,1880.0
0.122,0.15,0.03,2000,0.0,0.0,-0.39932438956538147,0.06099044014093159,1.3063280200722127,1880.0
0.1255,0.15,0.03,2000,0.0,0.0,-0.4110646844954601,0.05918426163817887,1.3063280200722127,1880.0
0.129,0.15,0.03,2000,0.0,0.0,-0.4267003514845703,0.05687235513940381,1.3063280200722127,1880.0
0.1325,0.15,0.03,2000,0.0,0.0,-0.4512822084618257,0.053175577280407636,1.3063280200722127,1880.0
0.136,0.15,0.03,2000,0.0,0.0,-0.4663763229034389,0.051100691910950145,1.3063280200722127,1880.0
0.1395,0.15,0.03,2000,0.0,0.0,-0.4851444610931207,0.04847489709350318,1.3063280200722127,1880.0
0.14300000000000002,0.15,0.03,2000,0.0,0.0,-0.49771941275707077,0.046785719205520625,1.3063280200722127,1880.0
0.14650000000000002,0.15,0.03,2000,0.0,0.0,-0.5091467818510663,0.04534991154563418,1.3063280200722127,1880.0
0.15000000000000002,0.15,0.03,2000,0.0,0.0,-0.5252129522306603,0.043332663603677296,1.3063280200722127,1880.0
0.15350000000000003,0.15,0.03,2000,0.0,0.0,-0.5405175014806514,0.04145040313314428,1.3063280200722127,1880.0
0.157,0.15,0.03,2000,0.0,0.0,-0.5523568746180783,0.04004381376555553,1.3063280200722127,1880.0
0.1605,0.15,0.03,2000,0.0,0.0,-0.5706720599007086,0.037958271401005855,1.3063280200722127,1880.0
0.164,0.15,0.03,2000,0.0,0.0,-0.5843126978068511,0.036486330965557034,1.3063280200722127,1880.0
0.1675,0.15,0.03,2000,0.0,0.0,-0.5824582727840104,0.03665285134824581,1.3063280200722127,1880.0
0.171,0.15,0.03,2000,0.0,0.0,-0.6061036474555572,0.034115697232458574,1.3063280200722127,1880.0
0.17450000000000002,0.15,0.03,2000,0.0,0.0,-0.6227658342747466,0.0324185479243634,1.3063280200722127,1880.0
0.17800000000000002,0.15,0.03,2000,0.0,0.0,-0.6390209245618153,0.03081544196515872,1.3063280200722127,1880.0
0.18150000000000002,0.15,0.03,2000,0.0,0.0,-0.6401265295383597,0.03067429353990604,1.3063280200722127,1880.0
0.18500000000000003,0.15,0.03,2000,0.0,0.0,-0.6577860764478464,0.029024467526290544,1.3063280200722127,1880.0
0.1885,0.15,0.03,2000,0.0,0.0,-0.6674107792592262,0.02815570558420392,1.3063280200722127,1880.0
0.192,0.15,0.03,2000,0.0,0.0,-0.6798224477411322,0.0270295386794845,1.3063280200722127,1880.0
0.1955,0.15,0.03,2000,0.0,0.0,-0.6931411772886952,0.02581943334164897,1.3063280200722127,1880.0
0.199,0.15,0.03,2000,0.0,0.0,-0.70156210903207,0.02511696333711736,1.3063280200722127,1880.0
0.2025,0.15,0.03,2000,0.0,0.0,-0.7154956305886578,0.023967194093564473,1.3063280200722127,1880.0
0.20600000000000002,0.15,0.03,2000,0.0,0.0,-0.7261799706307986,0.023085237352620906,1.3063280200722127,1880.0
0.20950000000000002,0.15,0.03,2000,0.0,0.0,-0.7337873690286516,0.022502496916641433,1.3063280200722127,1880.0
0.21300000000000002,0.15,0.03,2000,0.0,0.0,-0.7437644479591444,0.02171272761454504,1.3063280200722127,1880.0
0.21650000000000003,0.15,0.03,2000,0.0,0.0,-0.7581002240399037,0.02060888073687027,1.3063280200722127,1880.0
0.22,0.15,0.03,2000,0.0,0.0,-0.7712001174241421,0.01966632856041608,1.3063280200722127,1880.0
0.01,0.2,0.03,2000,1.0,0.0,0.2631583113151771,0.2317624027677046,1.3174488732966074,1862.0
0.0135,0.2,0.03,2000,1.0,0.0,0.23818328258012195,0.22313613069630805,1.3174488732966074,1862.0
0.017,0.2,0.03,2000,1.0,0.0,0.2054703975090944,0.21192574606317072,1.3174488732966074,1862.0
0.0205,0.2,0.03,2000,1.0,0.0,0.18265043629511996,0.20424273096338785,1.3174488732966074,1862.0
0.024,0.2,0.03,2000,1.0,0.0,0.15425037638284123,0.1948033105077233,1.3174488732966074,1862.0
0.027500000000000004,0.2,0.03,2000,1.0,0.0,0.1307049679522386,0.18716437784629303,1.3174488732966074,1862.0
0.031,0.2,0.03,2000,0.9875,0.0,0.10674579500876298,0.17952013780053078,1.3174488732966074,1862.0
0.0345,0.2,0.03,2000,1.0,0.0,0.07615782359843301,0.16989776813010946,1.3174488732966074,1862.0
0.038,0.2,0.03,2000,0.9,0.0,0.05529117944526516,0.1634763654799269,1.3174488732966074,1862.0
0.0415,0.2,0.03,2000,0.725,0.0,0.026836630379927662,0.15498697016041713,1.3174488732966074,1862.0
0.045000000000000005,0.2,0.03,2000,0.6375,0.0,0.01480582482683343,0.15149075192293351,1.3174488732966074,1862.0
0.0485,0.2,0.03,2000,0.3875,0.0,-0.00903108400341961,0.1447350589686412,1.3174488732966074,1862.0
0.052000000000000005,0.2,0.03,2000,0.1625,0.0,-0.04269888642458451,0.13528333601642623,1.3174488732966074,1862.0
0.0555,0.2,0.03,2000,0.0375,0.0,-0.05926281373950447,0.13075270531838923,1.3174488732966074,1862.0
0.059000000000000004,0.2,0.03,2000,0.025,0.0,-0.08656840772583448,0.12370688967276693,1.3174488732966074,1862.0
0.0625,0.2,0.03,2000,0.0,0.0,-0.10088365443509076,0.11997661472266294,1.3174488732966074,1862.0
0.066,0.2,0.03,2000,0.0125,0.0,-0.12463575160263443,0.11405024821886663,1.3174488732966074,1862.0
0.0695,0.2,0.03,2000,0.0,0.0,-0.13769665067490514,0.1109448380522385,1.3174488732966074,1862.0
0.073,0.2,0.03,2000,0.0,0.0,-0.1687456333781608,0.10357502311921718,1.3174488732966074,1862.0
0.0765,0.2,0.03,2000,0.0,0.0,-0.17445775239084016,0.10237165927168342,1.3174488732966074,1862.0
0.08,0.2,0.03,2000,0.0,0.0,-0.20801317109069953,0.09481475530550856,1.3174488732966074,1862.0
0.08349999999999999,0.2,0.03,2000,0.0,0.0,-0.21759442631374873,0.09277027172322024,1.3174488732966074,1862.0
0.087,0.2,0.03,2000,0.0,0.0,-0.23761320991735238,0.08861689687658937,1.3174488732966074,1862.0
0.0905,0.2,0.03,2000,0.0,0.0,-0.2563261760923464,0.08484130560168153,1.3174488732966074,1862.0
0.094,0.2,0.03,2000,0.0,0.0,-0.2798116337361593,0.08018777491131442,1.3174488732966074,1862.0
0.0975,0.2,0.03,2000,0.0,0.0,-0.3042166465286723,0.07553286195916675,1.3174488732966074,1862.0
0.10099999999999999,0.2,0.03,2000,0.0,0.0,-0.3149191891448915,0.07363986849406788,1.3174488732966074,1862.0
0.1045,0.2,0.03,2000,0.0,0.0,-0.3252614126500137,0.07182921710574527,1.3174488732966074,1862.0
0.108,0.2,0.03,2000,0.0,0.0,-0.34890455838223466,0.06767259302155555,1.3174488732966074,1862.0
0.1115,0.2,0.03,2000,0.0,0.0,-0.36771253338395604,0.06451568678329604,1.3174488732966074,1862.0
0.11499999999999999,0.2,0.03,2000,0.0,0.0,-0.37936603218944553,0.06264619305133257,1.3174488732966074,1862.0
0.1185,0.2,0.03,2000,0.0,0.0,-0.39944283249802787,0.059521319175340294,1.3174488732966074,1862.0
0.122,0.2,0.03,2000,0.0,0.0,-0.41672929906841655,0.0568101066929317,1.3174488732966074,1862.0
0.1255,0.2,0.03,2000,0.0,0.0,-0.4356468490523439,0.05407547437191802,1.3174488732966074,1862.0
0.129,0.2,0.03,2000,0.0,0.0,-0.437250006994576,0.05384259593054175,1.3174488732966074,1862.0
0.1325,0.2,0.03,2000,0.0,0.0,-0.4595434948054489,0.05068959211313127,1.3174488732966074,1862.0
0.136,0.2,0.03,2000,0.0,0.0,-0.4784894714337032,0.048171321999355664,1.3174488732966074,1862.0
0.1395,0.2,0.03,2000,0.0,0.0,-0.4921758270553216,0.04632932314175403,1.3174488732966074,1862.0
0.14300000000000002,0.2,0.03,2000,0.0,0.0,-0.5102416029191943,0.044036434445798724,1.3174488732966074,1862.0
0.14650000000000002,0.2,0.03,2000,0.0,0.0,-0.521945472702683,0.042592895892693494,1.3174488732966074,1862.0
0.15000000000000002,0.2,0.03,2000,0.0,0.0,-0.5442795778174115,0.0399419898427399,1.3174488732966074,1862.0
0.15350000000000003,0.2,0.03,2000,0.0,0.0,-0.5525788709772412,0.03903002162676098,1.3174488732966074,1862.0
0.157,0.2,0.03,2000,0.0,0.0,-0.5662123364338603,0.03746837334609988,1.3174488732966074,1862.0
0.1605,0.2,0.03,2000,0.0,0.0,-0.5727095457250779,0.03678188015994881,1.3174488732966074,1862.0
0.164,0.2,0.03,2000,0.0,0.0,-0.5930586372802663,0.03462961854354989,1.3174488732966074,1862.0
0.1675,0.2,0.03,2000,0.0,0.0,-0.6006171392629882,0.03379690237836667,1.3174488732966074,1862.0
0.171,0.2,0.03,2000,0.0,0.0,-0.6149329268835659,0.032378044954425665,1.3174488732966074,1862.0
0.17450000000000002,0.2,0.03,2000,0.0,0.0,-0.6298685292898011,0.03087864508871816,1.3174488732966074,1862.0
0.17800000000000002,0.2,0.03,2000,0.0,0.0,-0.6384866102939895,0.030087964762370866,1.3174488732966074,1862.0
0.18150000000000002,0.2,0.03,2000,0.0,0.0,-0.6492988611808989,0.02906607056308429,1.3174488732966074,1862.0
0.18500000000000003,0.2,0.03,2000,0.0,0.0,-0.6705627332951375,0.027129898892584575,1.3174488732966074,1862.0
0.1885,0.2,0.03,2000,0.0,0.0,-0.6740068122082654,0.02684871570044073,1.3174488732966074,1862.0
0.192,0.2,0.03,2000,0.0,0.0,-0.6906558531879137,0.02538551139874335,1.3174488732966074,1862.0
0.1955,0.2,0.03,2000,0.0,0.0,-0.7006529186085932,0.024575693204394476,1.3174488732966074,1862.0
0.199,0.2,0.03,2000,0.0,0.0,-0.7104257093998025,0.023774322360501386,1.3174488732966074,1862.0
0.2025,0.2,0.03,2000,0.0,0.0,-0.7235091080515678,0.022712255083704485,1.3174488732966074,1862.0
0.20600000000000002,0.2,0.03,2000,0.0,0.0,-0.7342490419965738,0.02189008383112335,1.3174488732966074,1862.0
0.20950000000000002,0.2,0.03,2000,0.0,0.0,-0.7488339857813507,0.02078614627421843,1.3174488732966074,1862.0
0.21300000000000002,0.2,0.03,2000,0.0,0.0,-0.7498374290335483,0.02071699453204385,1.3174488732966074,1862.0
0.21650000000000003,0.2,0.03,2000,0.0,0.0,-0.763524136197733,0.01970500209922473,1.3174488732966074,1862.0
0.22,0.2,0.03,2000,0.0,0.0,-0.7749342111105142,0.018892249144070738,1.3174488732966074,1862.0
0.01,0.25,0.03,2000,1.0,0.0,0.2459172520218321,0.22109969862621207,1.3287321641631118,1844.0
0.0135,0.25,0.03,2000,1.0,0.0,0.21297633220252327,0.2099678849117173,1.3287321641631118,1844.0
0.017,0.25,0.03,2000,1.0,0.0,0.18541068476205896,0.20082645657715217,1.3287321641631118,1844.0
0.0205,0.25,0.03,2000,1.0,0.0,0.16553367486403076,0.19427455560759238,1.3287321641631118,1844.0
0.024,0.25,0.03,2000,1.0,0.0,0.13094953544652382,0.1831928029327204,1.3287321641631118,1844.0
0.027500000000000004,0.25,0.03,2000,1.0,0.0,0.11339647957950434,0.17762335309358485,1.3287321641631118,1844.0
0.031,0.25,0.03,2000,0.975,0.0,0.08444000001650773,0.16866470305015407,1.3287321641631118,1844.0
0.0345,0.25,0.03,2000,0.925,0.0,0.06643021038876896,0.16321731004352427,1.3287321641631118,1844.0
0.038,0.25,0.03,2000,0.775,0.0,0.039489634153420404,0.15518411122267034,1.3287321641631118,1844.0
0.0415,0.25,0.03,2000,0.5625,0.0,0.012362739654649532,0.1473912883462959,1.3287321641631118,1844.0
0.045000000000000005,0.25,0.03,2000,0.425,0.0,-0.005134048758935796,0.14234107759939235,1.3287321641631118,1844.0
0.0485,0.25,0.03,2000,0.2375,0.0,-0.029073328926856316,0.13584637465331353,1.3287321641631118,1844.0
0.052000000000000005,0.25,0.03,2000,0.0875,0.0,-0.05462795590213595,0.1290379153292069,1.3287321641631118,1844.0
0.0555,0.25,0.03,2000,0.05,0.0,-0.0664713166565969,0.1259164511516777,1.3287321641631118,1844.0
0.059000000000000004,0.25,0.03,2000,0.05,0.0,-0.09084904688386508,0.11975555370928141,1.3287321641631118,1844.0
0.0625,0.25,0.03,2000,0.0125,0.0,-0.10710092962287188,0.11559393895394243,1.3287321641631118,1844.0
0.066,0.25,0.03,2000,0.0,0.0,-0.13250778070736474,0.10946644534421472,1.3287321641631118,1844.0
0.0695,0.25,0.03,2000,0.0,0.0,-0.14780641000219594,0.10596721617310563,1.3287321641631118,1844.0
0.073,0.25,0.03,2000,0.0,0.0,-0.18017336959214644,0.09866306399250255,1.3287321641631118,1844.0
0.0765,0.25,0.03,2000,0.0,0.0,-0.20237549686003597,0.09374477762395324,1.3287321641631118,1844.0
0.08,0.25,0.03,2000,0.0,0.0,-0.22534877702401435,0.08888639668591733,1.3287321641631118,1844.0
0.08349999999999999,0.25,0.03,2000,0.0,0.0,-0.24322868046588358,0.08539730299046502,1.3287321641631118,1844.0
0.087,0.25,0.03,2000,0.0,0.0,-0.2530493949747616,0.08335111156304417,1.3287321641631118,1844.0
0.0905,0.25,0.03,2000,0.0,0.0,-0.2709574470134045,0.07988760886694227,1.3287321641631118,1844.0
0.094,0.25,0.03,2000,0.0,0.0,-0.2908393059907569,0.0761798010096485,1.3287321641631118,1844.0
0.0975,0.25,0.03,2000,0.0,0.0,-0.30983231183506676,0.0727261316819679,1.3287321641631118,1844.0
0.10099999999999999,0.25,0.03,2000,0.0,0.0,-0.3312706813236888,0.06898619793102992,1.3287321641631118,1844.0
0.1045,0.25,0.03,2000,0.0,0.0,-0.34686110366349726,0.06628635733102914,1.3287321641631118,1844.0
0.108,0.25,0.03,2000,0.0,0.0,-0.36541102857772717,0.06326557414601423,1.3287321641631118,1844.0
0.1115,0.25,0.03,2000,0.0,0.0,-0.38179250194991887,0.060692361826500854,1.3287321641631118,1844.0
0.11499999999999999,0.25,0.03,2000,0.0,0.0,-0.39577312960299493,0.05852782746061671,1.3287321641631118,1844.0
0.1185,0.25,0.03,2000,0.0,0.0,-0.4112447747562274,0.05621064921985752,1.3287321641631118,1844.0
0.122,0.25,0.03,2000,0.0,0.0,-0.428596493519488,0.0537167265898217,1.3287321641631118,1844.0
0.1255,0.25,0.03,2000,0.0,0.0,-0.4469431088091559,0.05115022945383829,1.3287321641631118,1844.0
0.129,0.25,0.03,2000,0.0,0.0,-0.45772300330827775,0.04967703589694069,1.3287321641631118,1844.0
0.1325,0.25,0.03,2000,0.0,0.0,-0.4639428317545667,0.048813997408934454,1.3287321641631118,1844.0
0.136,0.25,0.03,2000,0.0,0.0,-0.4928364581004686,0.045065588577978294,1.3287321641631118,1844.0
0.1395,0.25,0.03,2000,0.0,0.0,-0.5023717265189938,0.043938265341352076,1.3287321641631118,1844.0
0.14300000000000002,0.25,0.03,2000,0.0,0.0,-0.5198251921192936,0.041784188549059006,1.3287321641631118,1844.0
0.14650000000000002,0.25,0.03,2000,0.0,0.0,-0.5381563484841785,0.039680146701383645,1.3287321641631118,1844.0
0.15000000000000002,0.25,0.03,2000,0.0,0.0,-0.5521975832040427,0.03806048819974374,1.3287321641631118,1844.0
0.15350000000000003,0.25,0.03,2000,0.0,0.0,-0.5601085460410392,0.03720461738357668,1.3287321641631118,1844.0
0.157,0.25,0.03,2000,0.0,0.0,-0.5712836786864092,0.035991099470724916,1.3287321641631118,1844.0
0.1605,0.25,0.03,2000,0.0,0.0,-0.5823066770855858,0.034847596291499375,1.3287321641631118,1844.0
0.164,0.25,0.03,2000,0.0,0.0,-0.6015014723335435,0.032873579365918434,1.3287321641631118,1844.0
0.1675,0.25,0.03,2000,0.0,0.0,-0.616741757632158,0.031356630246358215,1.3287321641631118,1844.0
0.171,0.25,0.03,2000,0.0,0.0,-0.6248282225729976,0.030605930164377005,1.3287321641631118,1844.0
0.17450000000000002,0.25,0.03,2000,0.0,0.0,-0.6421466092561855,0.028943932237760917,1.3287321641631118,1844.0
0.17800000000000002,0.25,0.03,2000,0.0,0.0,-0.6453354226456278,0.028706974769835848,1.3287321641631118,1844.0
0.18150000000000002,0.25,0.03,2000,0.0,0.0,-0.6601231785282887,0.02734969681509019,1.3287321641631118,1844.0
0.18500000000000003,0.25,0.03,2000,0.0,0.0,-0.6749526410248747,0.026072063901850084,1.3287321641631118,1844.0
0.1885,0.25,0.03,2000,0.0,0.0,-0.6865607753209867,0.02508684546911315,1.3287321641631118,1844.0
0.192,0.25,0.03,2000,0.0,0.0,-0.6915602443757584,0.024674312072553783,1.3287321641631118,1844.0
0.1955,0.25,0.03,2000,0.0,0.0,-0.7088486897363274,0.02328245966094012,1.3287321641631118,1844.0
0.199,0.25,0.03,2000,0.0,0.0,-0.7219535335477872,0.022269262711160608,1.3287321641631118,1844.0
0.2025,0.25,0.03,2000,0.0,0.0,-0.7340332518931298,0.021355646281299275,1.3287321641631118,1844.0
0.20600000000000002,0.25,0.03,2000,0.0,0.0,-0.7410132509861537,0.020829189563744716,1.3287321641631118,1844.0
0.20950000000000002,0.25,0.03,2000,0.0,0.0,-0.7577631755211899,0.019599386470607626,1.3287321641631118,1844.0
0.21300000000000002,0.25,0.03,2000,0.0,0.0,-0.7634366841712066,0.0192169578816958,1.3287321641631118,1844.0
0.21650000000000003,0.25,0.03,2000,0.0,0.0,-0.7731374862536717,0.01855332242779811,1.3287321641631118,1844.0
0.22,0.25,0.03,2000,0.0,0.0,-0.7833530259595598,0.01785986559468879,1.3287321641631118,1844.0
0.01,0.3,0.03,2000,1.0,0.0,0.21540471029702993,0.2063724961025241,1.3401818860045454,1826.0
0.0135,0.3,0.03,2000,1.0,0.0,0.18622801674151881,0.1967790246303846,1.3401818860045454,1826.0
0.017,0.3,0.03,2000,1.0,0.0,0.16327247491998986,0.18937213004300105,1.3401818860045454,1826.0
0.0205,0.3,0.03,2000,1.0,0.0,0.1430958174088609,0.1830255508713569,1.3401818860045454,1826.0
0.024,0.3,0.03,2000,1.0,0.0,0.12762003879862954,0.17812501152583576,1.3401818860045454,1826.0
0.027500000000000004,0.3,0.03,2000,0.9875,0.0,0.09187724068430184,0.16714714530167618,1.3401818860045454,1826.0
0.031,0.3,0.03,2000,0.875,0.0,0.06869092016347957,0.16024187620930286,1.3401818860045454,1826.0
0.0345,0.3,0.03,2000,0.8625,0.0,0.05231118564791124,0.15540728189486366,1.3401818860045454,1826.0
0.038,0.3,0.03,2000,0.6,0.0,0.01421662166897641,0.14459241070654402,1.3401818860045454,1826.0
0.0415,0.3,0.03,2000,0.4,0.0,-0.0075583996655272144,0.13849223454445742,1.3401818860045454,1826.0
0.045000000000000005,0.3,0.03,2000,0.2,0.0,-0.025307792558938603,0.13369274497668485,1.3401818860045454,1826.0
0.0485,0.3,0.03,2000,0.125,0.0,-0.046944258053515604,0.1279767956015873,1.3401818860045454,1826.0
0.052000000000000005,0.3,0.03,2000,0.05,0.0,-0.0675572977677876,0.12267641575004418,1.3401818860045454,1826.0
0.0555,0.3,0.03,2000,0.025,0.0,-0.09763676345683024,0.1152370975702115,1.3401818860045454,1826.0
0.059000000000000004,0.3,0.03,2000,0.0,0.0,-0.10793246691502227,0.11274124413352768,1.3401818860045454,1826.0
0.0625,0.3,0.03,2000,0.0125,0.0,-0.12440157931446202,0.10888689232187884,1.3401818860045454,1826.0
0.066,0.3,0.03,2000,0.0,0.0,-0.1529524446717853,0.10222482438796673,1.3401818860045454,1826.0
0.0695,0.3,0.03,2000,0.0,0.0,-0.18032742640597327,0.09611398784735013,1.3401818860045454,1826.0
0.073,0.3,0.03,2000,0.0,0.0,-0.18902170862250284,0.09440118096917796,1.3401818860045454,1826.0
0.0765,0.3,0.03,2000,0.0,0.0,-0.2052646572098175,0.09086703134843377,1.3401818860045454,1826.0
0.08,0.3,0.03,2000,0.0,0.0,-0.23022331180877192,0.08582893243576853,1.3401818860045454,1826.0
0.08349999999999999,0.3,0.03,2000,0.0,0.0,-0.25612808171487944,0.08073369664194122,1.3401818860045454,1826.0
0.087,0.3,0.03,2000,0.0,0.0,-0.26940393368322624,0.07820365647697794,1.3401818860045454,1826.0
0.0905,0.3,0.03,2000,0.0,0.0,-0.29603258626984613,0.07335345794048871,1.3401818860045454,1826.0
0.094,0.3,0.03,2000,0.0,0.0,-0.3113497982396697,0.07067334914733295,1.3401818860045454,1826.0
0.0975,0.3,0.03,2000,0.0,0.0,-0.32316905477954627,0.0686668204826997,1.3401818860045454,1826.0
0.10099999999999999,0.3,0.03,2000,0.0,0.0,-0.34372220579407786,0.0653094977858835,1.3401818860045454,1826.0
0.1045,0.3,0.03,2000,0.0,0.0,-0.3603916618600958,0.0625505224156643,1.3401818860045454,1826.0
0.108,0.3,0.03,2000,0.0,0.0,-0.3782401713309306,0.05971678708577649,1.3401818860045454,1826.0
0.1115,0.3,0.03,2000,0.0,0.0,-0.3868818187490199,0.05844932836218205,1.3401818860045454,1826.0
0.11499999999999999,0.3,0.03,2000,0.0,0.0,-0.41159574097897417,0.05475276896993173,1.3401818860045454,1826.0
0.1185,0.3,0.03,2000,0.0,0.0,-0.4274634170486292,0.05249744335416793,1.3401818860045454,1826.0
0.122,0.3,0.03,2000,0.0,0.0,-0.43906689037298224,0.05098626208249082,1.3401818860045454,1826.0
0.1255,0.3,0.03,2000,0.0,0.0,-0.4560475339748029,0.048652566228044966,1.3401818860045454,1826.0
0.129,0.3,0.03,2000,0.0,0.0,-0.46268420017439327,0.04779927533647137,1.3401818860045454,1826.0
0.1325,0.3,0.03,2000,0.0,0.0,-0.48187958949453025,0.045285960122067426,1.3401818860045454,1826.0
0.136,0.3,0.03,2000,0.0,0.0,-0.4983795975263573,0.0432568737409853,1.3401818860045454,1826.0
0.1395,0.3,0.03,2000,0.0,0.0,-0.5153263375096374,0.041268075626693476,1.3401818860045454,1826.0
0.14300000000000002,0.3,0.03,2000,0.0,0.0,-0.5293862342141257,0.03963011014463354,1.3401818860045454,1826.0
0.14650000000000002,0.3,0.03,2000,0.0,0.0,-0.5397751284500831,0.038501754434133686,1.3401818860045454,1826.0
0.15000000000000002,0.3,0.03,2000,0.0,0.0,-0.5538369983168365,0.036927913330964415,1.3401818860045454,1826.0
0.15350000000000003,0.3,0.03,2000,0.0,0.0,-0.5738072960465423,0.034839578452074436,1.3401818860045454,1826.0
0.157,0.3,0.03,2000,0.0,0.0,-0.5859318384265337,0.03362144502483074,1.3401818860045454,1826.0
0.1605,0.3,0.03,2000,0.0,0.0,-0.5908018612829168,0.03309171939112813,1.3401818860045454,1826.0
0.164,0.3,0.03,2000,0.0,0.0,-0.6186821874211724,0.03040359053741013,1.3401818860045454,1826.0
0.1675,0.3,0.03,2000,0.0,0.0,-0.6224131069738768,0.03002548025889685,1.3401818860045454,1826.0
0.171,0.3,0.03,2000,0.0,0.0,-0.6274061430016077,0.029545106993363674,1.3401818860045454,1826.0
0.17450000000000002,0.3,0.03,2000,0.0,0.0,-0.6508429757576619,0.02746907149009024,1.3401818860045454,1826.0
0.17800000000000002,0.3,0.03,2000,0.0,0.0,-0.6576183138725509,0.026861022908349224,1.3401818860045454,1826.0
0.18150000000000002,0.3,0.03,2000,0.0,0.0,-0.6737883632637971,0.025481149531847425,1.3401818860045454,1826.0
0.18500000000000003,0.3,0.03,2000,0.0,0.0,-0.6825312985110453,0.024760019235785555,1.3401818860045454,1826.0
0.1885,0.3,0.03,2000,0.0,0.0,-0.6922163277424226,0.02400874662779202,1.3401818860045454,1826.0
0.192,0.3,0.03,2000,0.0,0.0,-0.7093043844495983,0.022648292620349997,1.3401818860045454,1826.0
0.1955,0.3,0.03,2000,0.0,0.0,-0.7218095034492112,0.021703326134557638,1.3401818860045454,1826.0
0.199,0.3,0.03,2000,0.0,0.0,-0.7208027114108873,0.021771034271582217,1.3401818860045454,1826.0
0.2025,0.3,0.03,2000,0.0,0.0,-0.7453924075538712,0.01997297104363486,1.3401818860045454,1826.0
0.20600000000000002,0.3,0.03,2000,0.0,0.0,-0.7503217688563831,0.019622891908669095,1.3401818860045454,1826.0
0.20950000000000002,0.3,0.03,2000,0.0,0.0,-0.7645073337799241,0.018661239455769512,1.3401818860045454,1826.0
0.21300000000000002,0.3,0.03,2000,0.0,0.0,-0.7731983001272538,0.018071964963663617,1.3401818860045454,1826.0
0.21650000000000003,0.3,0.03,2000,0.0,0.0,-0.7859694887544919,0.01721592124598894,1.3401818860045454,1826.0
0.22,0.3,0.03,2000,0.0,0.0,-0.7909160453856139,0.0169017663081765,1.3401818860045454,1826.0
0.01,0.35,0.03,2000,1.0,0.0,0.1984228406009793,0.1964415312036323,1.3518021709589936,1808.0
0.0135,0.35,0.03,2000,0.9875,0.0,0.16968075333883276,0.1873301018724682,1.3518021709589936,1808.0
0.017,0.35,0.03,2000,1.0,0.0,0.14414558968866556,0.1792578401334035,1.3518021709589936,1808.0
0.0205,0.35,0.03,2000,0.9875,0.0,0.12829500904079683,0.1744735694955028,1.3518021709589936,1808.0
0.024,0.35,0.03,2000,1.0,0.0,0.09345729911897034,0.1639030457068266,1.3518021709589936,1808.0
0.027500000000000004,0.35,0.03,2000,0.925,0.0,0.0822608556645553,0.1606700069979033,1.3518021709589936,1808.0
0.031,0.35,0.03,2000,0.825,0.0,0.04241268239211724,0.14905961007923815,1.3518021709589936,1808.0
0.0345,0.35,0.03,2000,0.7875,0.0,0.03363463344897308,0.14657428457189345,1.3518021709589936,1808.0
0.038,0.35,0.03,2000,0.3375,0.0,-0.013163528682241219,0.13390572719672486,1.3518021709589936,1808.0
0.0415,0.35,0.03,2000,0.35,0.0,-0.022361849695533776,0.1313755350012889,1.3518021709589936,1808.0
0.045000000000000005,0.35,0.03,2000,0.125,0.0,-0.04349268600729507,0.12588186381673147,1.3518021709589936,1808.0
0.0485,0.35,0.03,2000,0.0625,0.0,-0.07787614525797647,0.11725505423675249,1.3518021709589936,1808.0
0.052000000000000005,0.35,0.03,2000,0.0125,0.0,-0.08068240005848282,0.11656491659873258,1.3518021709589936,1808.0
0.0555,0.35,0.03,2000,0.0125,0.0,-0.10447136193296495,0.11090902720278302,1.3518021709589936,1808.0
0.059000000000000004,0.35,0.03,2000,0.0,0.0,-0.13389890830381238,0.10404613130528965,1.3518021709589936,1808.0
0.0625,0.35,0.03,2000,0.0,0.0,-0.1480220532891044,0.10086253707504662,1.3518021709589936,1808.0
0.066,0.35,0.03,2000,0.0,0.0,-0.16662224234561046,0.09679878211133328,1.3518021709589936,1808.0
0.0695,0.35,0.03,2000,0.0,0.0,-0.18774367792834812,0.09218744317535328,1.3518021709589936,1808.0
0.073,0.35,0.03,2000,0.0,0.0,-0.21740699400447056,0.08626957514054687,1.3518021709589936,1808.0
0.0765,0.35,0.03,2000,0.0,0.0,-0.2279272263771551,0.08413364398951714,1.3518021709589936,1808.0
0.08,0.35,0.03,2000,0.0,0.0,-0.24951122044703977,0.08012580951227029,1.3518021709589936,1808.0
0.08349999999999999,0.35,0.03,2000,0.0,0.0,-0.26264832949249667,0.07753937397857857,1.3518021709589936,1808.0
0.087,0.35,0.03,2000,0.0,0.0,-0.28752724325195467,0.07306717415221187,1.3518021709589936,1808.0
0.0905,0.35,0.03,2000,0.0,0.0,-0.2977002370811117,0.0712334678588243,1.3518021709589936,1808.0
0.094,0.35,0.03,2000,0.0,0.0,-0.32583334899619815,0.06654025491214181,1.3518021709589936,1808.0
0.0975,0.35,0.03,2000,0.0,0.0,-0.33454899069927374,0.06508401485870237,1.3518021709589936,1808.0
0.10099999999999999,0.35,0.03,2000,0.0,0.0,-0.3573736907323336,0.06142351093849772,1.3518021709589936,1808.0
0.1045,0.35,0.03,2000,0.0,0.0,-0.3783331846969059,0.05824792301904395,1.3518021709589936,1808.0
0.108,0.35,0.03,2000,0.0,0.0,-0.3889023344247249,0.056624087432530154,1.3518021709589936,1808.0
0.1115,0.35,0.03,2000,0.0,0.0,-0.4012246375034019,0.05486183524819162,1.3518021709589936,1808.0
0.11499999999999999,0.35,0.03,2000,0.0,0.0,-0.41815859072825673,0.05253854821154058,1.3518021709589936,1808.0
0.1185,0.35,0.03,2000,0.0,0.0,-0.4350914612869091,0.05020503899338073,1.3518021709589936,1808.0
0.122,0.35,0.03,2000,0.0,0.0,-0.44942513216460833,0.04824061651945101,1.3518021709589936,1808.0
0.1255,0.35,0.03,2000,0.0,0.0,-0.4682485716552579,0.04588768469170636,1.3518021709589936,1808.0
0.129,0.35,0.03,2000,0.0,0.0,-0.4896255575832564,0.043251774231544096,1.3518021709589936,1808.0
0.1325,0.35,0.03,2000,0.0,0.0,-0.4946480115219738,0.042628936201776525,1.3518021709589936,1808.0
0.136,0.35,0.03,2000,0.0,0.0,-0.5102929313450207,0.04081710375847994,1.3518021709589936,1808.0
0.1395,0.35,0.03,2000,0.0,0.0,-0.5357003941394609,0.037962162370568375,1.3518021709589936,1808.0
0.14300000000000002,0.35,0.03,2000,0.0,0.0,-0.5432955138502686,0.037117205167202634,1.3518021709589936,1808.0
0.14650000000000002,0.35,0.03,2000,0.0,0.0,-0.5525834682492039,0.03613899010517992,1.3518021709589936,1808.0
0.15000000000000002,0.35,0.03,2000,0.0,0.0,-0.5677123865862119,0.034601739584136544,1.3518021709589936,1808.0
0.15350000000000003,0.35,0.03,2000,0.0,0.0,-0.5882411534018986,0.03250143341410746,1.3518021709589936,1808.0
0.157,0.35,0.03,2000,0.0,0.0,-0.5989899886799004,0.031449215923336604,1.3518021709589936,1808.0
0.1605,0.35,0.03,2000,0.0,0.0,-0.6118978724165854,0.030222195057198874,1.3518021709589936,1808.0
0.164,0.35,0.03,2000,0.0,0.0,-0.6193373235207138,0.029539609294603253,1.3518021709589936,1808.0
0.1675,0.35,0.03,2000,0.0,0.0,-0.6329646467811305,0.02830562122696857,1.3518021709589936,1808.0
0.171,0.35,0.03,2000,0.0,0.0,-0.6521424740890587,0.026630023408625036,1.3518021709589936,1808.0
0.17450000000000002,0.35,0.03,2000,0.0,0.0,-0.6578171928963062,0.026144580373007525,1.3518021709589936,1808.0
0.17800000000000002,0.35,0.03,2000,0.0,0.0,-0.6708236077290074,0.025104624799281862,1.3518021709589936,1808.0
0.18150000000000002,0.35,0.03,2000,0.0,0.0,-0.6841767533389127,0.02399849482533259,1.3518021709589936,1808.0
0.18500000000000003,0.35,0.03,2000,0.0,0.0,-0.6978361091240339,0.022944509584839273,1.3518021709589936,1808.0
0.1885,0.35,0.03,2000,0.0,0.0,-0.7086271666628778,0.022112539532436137,1.3518021709589936,1808.0
0.192,0.35,0.03,2000,0.0,0.0,-0.721825951118422,0.021151400612727404,1.3518021709589936,1808.0
0.1955,0.35,0.03,2000,0.0,0.0,-0.7302583194176613,0.02052259182551768,1.3518021709589936,1808.0
0.199,0.35,0.03,2000,0.0,0.0,-0.7398986506324225,0.019832349508130016,1.3518021709589936,1808.0
0.2025,0.35,0.03,2000,0.0,0.0,-0.7539012459203033,0.01887798118004222,1.3518021709589936,1808.0
0.20600000000000002,0.35,0.03,2000,0.0,0.0,-0.7570454512403115,0.01866522595243869,1.3518021709589936,1808.0
0.20950000000000002,0.35,0.03,2000,0.0,0.0,-0.7686388862076827,0.01790979072667179,1.3518021709589936,1808.0
0.21300000000000002,0.35,0.03,2000,0.0,0.0,-0.7815093500812305,0.01708128226708963,1.3518021709589936,1808.0
0.21650000000000003,0.35,0.03,2000,0.0,0.0,-0.7916110657872389,0.016434237214967385,1.3518021709589936,1808.0
0.22,0.35,0.03,2000,0.0,0.0,-0.8017620985150803,0.01579795682861495,1.3518021709589936,1808.0
0.01,0.4,0.03,2000,1.0,0.0,0.17553548502359104,0.18502241322546348,1.363597296235327,1790.0
0.0135,0.4,0.03,2000,1.0,0.0,0.14669726529322497,0.17613518099153969,1.363597296235327,1790.0
0.017,0.4,0.03,2000,1.0,0.0,0.12311009199699259,0.16893563179869894,1.363597296235327,1790.0
0.0205,0.4,0.03,2000,0.9875,0.0,0.09953253491764184,0.16198598708927348,1.363597296235327,1790.0
0.024,0.4,0.03,2000,0.9875,0.0,0.08243197656613874,0.15697231218017865,1.363597296235327,1790.0
0.027500000000000004,0.4,0.03,2000,0.8375,0.0,0.04262279726015087,0.14569861591328648,1.363597296235327,1790.0
0.031,0.4,0.03,2000,0.775,0.0,0.03241670726494235,0.14291564748289481,1.363597296235327,1790.0
0.0345,0.4,0.03,2000,0.55,0.0,0.008062418330783926,0.13631758552803908,1.363597296235327,1790.0
0.038,0.4,0.03,2000,0.3875,0.0,-0.01737287835037151,0.1296343735977356,1.363597296235327,1790.0
0.0415,0.4,0.03,2000,0.225,0.0,-0.032101493777210464,0.1257527319585162,1.363597296235327,1790.0
0.045000000000000005,0.4,0.03,2000,0.1,0.0,-0.05976664162231386,0.11898975561176406,1.363597296235327,1790.0
0.0485,0.4,0.03,2000,0.0375,0.0,-0.08109802531837293,0.11375187533583424,1.363597296235327,1790.0
0.052000000000000005,0.4,0.03,2000,0.0,0.0,-0.11131769030692722,0.10658621727482023,1.363597296235327,1790.0
0.0555,0.4,0.03,2000,0.0,0.0,-0.12710459685914013,0.10315073584808172,1.363597296235327,1790.0
0.059000000000000004,0.4,0.03,2000,0.0,0.0,-0.14863580771026003,0.09831298461405939,1.363597296235327,1790.0
0.0625,0.4,0.03,2000,0.0,0.0,-0.1593172147417033,0.09605675231088853,1.363597296235327,1790.0
0.066,0.4,0.03,2000,0.0,0.0,-0.18303539319727033,0.09103532762827168,1.363597296235327,1790.0
0.0695,0.4,0.03,2000,0.0,0.0,-0.2099171665225601,0.08561013601833442,1.363597296235327,1790.0
0.073,0.4,0.03,2000,0.0,0.0,-0.22721924753765332,0.08224850375397388,1.363597296235327,1790.0
0.0765,0.4,0.03,2000,0.0,0.0,-0.25185146388532315,0.0776712920490914,1.363597296235327,1790.0
0.08,0.4,0.03,2000,0.0,0.0,-0.2588593343554977,0.07628620854810905,1.363597296235327,1790.0
0.08349999999999999,0.4,0.03,2000,0.0,0.0,-0.2792978898955363,0.07264419911466609,1.363597296235327,1790.0
0.087,0.4,0.03,2000,0.0,0.0,-0.30903330239967103,0.06765156591101348,1.363597296235327,1790.0
0.0905,0.4,0.03,2000,0.0,0.0,-0.32324201204410724,0.06527943099830932,1.363597296235327,1790.0
0.094,0.4,0.03,2000,0.0,0.0,-0.3286259317913892,0.0644489183770525,1.363597296235327,1790.0
0.0975,0.4,0.03,2000,0.0,0.0,-0.3624642469499361,0.05908531604058918,1.363597296235327,1790.0
0.10099999999999999,0.4,0.03,2000,0.0,0.0,-0.3807710975931255,0.05644884777910242,1.363597296235327,1790.0
0.1045,0.4,0.03,2000,0.0,0.0,-0.3784283371053402,0.05673780479239772,1.363597296235327,1790.0
0.108,0.4,0.03,2000,0.0,0.0,-0.39739048486181333,0.0540217015388839,1.363597296235327,1790.0
0.1115,0.4,0.03,2000,0.0,0.0,-0.4114730748091361,0.05212021164073825,1.363597296235327,1790.0
0.11499999999999999,0.4,0.03,2000,0.0,0.0,-0.4317984083851577,0.049364231388155454,1.363597296235327,1790.0
0.1185,0.4,0.03,2000,0.0,0.0,-0.44451723591294157,0.047676445785556465,1.363597296235327,1790.0
0.122,0.4,0.03,2000,0.0,0.0,-0.4680754529154882,0.04466853737332728,1.363597296235327,1790.0
0.1255,0.4,0.03,2000,0.0,0.0,-0.4775901659781736,0.04359861411817946,1.363597296235327,1790.0
0.129,0.4,0.03,2000,0.0,0.0,-0.49276565593751515,0.041713537801957835,1.363597296235327,1790.0
0.1325,0.4,0.03,2000,0.0,0.0,-0.5052126565498012,0.040335392728426206,1.363597296235327,1790.0
0.136,0.4,0.03,2000,0.0,0.0,-0.5283913668286792,0.03772856034057249,1.363597296235327,1790.0
0.1395,0.4,0.03,2000,0.0,0.0,-0.5251196492713975,0.03810913498980802,1.363597296235327,1790.0
0.14300000000000002,0.4,0.03,2000,0.0,0.0,-0.5543810997690706,0.035017011686264046,1.363597296235327,1790.0
0.14650000000000002,0.4,0.03,2000,0.0,0.0,-0.5634171104374934,0.03409323072337509,1.363597296235327,1790.0
0.15000000000000002,0.4,0.03,2000,0.0,0.0,-0.5770726674653759,0.032769388293133965,1.363597296235327,1790.0
0.15350000000000003,0.4,0.03,2000,0.0,0.0,-0.5881590736730131,0.03165098567361293,1.363597296235327,1790.0
0.157,0.4,0.03,2000,0.0,0.0,-0.6030153187723238,0.030260996448293536,1.363597296235327,1790.0
0.1605,0.4,0.03,2000,0.0,0.0,-0.6189542155538589,0.028841214793584223,1.363597296235327,1790.0
0.164,0.4,0.03,2000,0.0,0.0,-0.6374253305846953,0.02721030809605012,1.363597296235327,1790.0
0.1675,0.4,0.03,2000,0.0,0.0,-0.6468824509804474,0.02638820129551923,1.363597296235327,1790.0
0.171,0.4,0.03,2000,0.0,0.0,-0.6534897712905195,0.025857510556151247,1.363597296235327,1790.0
0.17450000000000002,0.4,0.03,2000,0.0,0.0,-0.6706360298210787,0.0244449160724123,1.363597296235327,1790.0
0.17800000000000002,0.4,0.03,2000,0.0,0.0,-0.6817809696660246,0.023581398982165575,1.363597296235327,1790.0
0.18150000000000002,0.4,0.03,2000,0.0,0.0,-0.687566283681886,0.0231230992667597,1.363597296235327,1790.0
0.18500000000000003,0.4,0.03,2000,0.0,0.0,-0.7036876891860159,0.021905666428633175,1.363597296235327,1790.0
0.1885,0.4,0.03,2000,0.0,0.0,-0.7089048035883447,0.021525595756666932,1.363597296235327,1790.0
0.192,0.4,0.03,2000,0.0,0.0,-0.7226286855957413,0.02054017589535666,1.363597296235327,1790.0
0.1955,0.4,0.03,2000,0.0,0.0,-0.7355457827119389,0.019625452965483896,1.363597296235327,1790.0
0.199,0.4,0.03,2000,0.0,0.0,-0.7538970637894815,0.018403019964546734,1.363597296235327,1790.0
0.2025,0.4,0.03,2000,0.0,0.0,-0.7675485106909549,0.017499792055082244,1.363597296235327,1790.0
0.20600000000000002,0.4,0.03,2000,0.0,0.0,-0.7653595677135513,0.01764489016431504,1.363597296235327,1790.0
0.20950000000000002,0.4,0.03,2000,0.0,0.0,-0.7808491745061331,0.016651969804011936,1.363597296235327,1790.0
0.21300000000000002,0.4,0.03,2000,0.0,0.0,-0.7920471280390426,0.01598558957249795,1.363597296235327,1790.0
0.21650000000000003,0.4,0.03,2000,0.0,0.0,-0.80549066594975,0.015157792399966665,1.363597296235327,1790.0
0.22,0.4,0.03,2000,0.0,0.0,-0.8083393598714735,0.015001004786608863,1.363597296235327,1790.0
0.01,0.05,0.005,5000,1.0,0.0,0.5976399217080014,0.4753156232343515,0.4245072057454743,4928.0
0.0135,0.05,0.005,5000,1.0,0.0,0.5649492258878928,0.4627368099434488,0.4245072057454743,4928.0
0.017,0.05,0.005,5000,1.0,0.0,0.5308978353601057,0.44925127538867826,0.4245072057454743,4928.0
0.0205,0.05,0.005,5000,1.0,0.0,0.4957701670670123,0.4349997743357914,0.4245072057454743,4928.0
0.024,0.05,0.005,5000,1.0,0.0,0.46904168944644536,0.4238695457343812,0.4245072057454743,4928.0
0.027500000000000004,0.05,0.005,5000,1.0,0.0,0.43662085665111966,0.4101600902814383,0.4245072057454743,4928.0
0.031,0.05,0.005,5000,1.0,0.0,0.40306043476841547,0.39574129762046195,0.4245072057454743,4928.0
0.0345,0.05,0.005,5000,1.0,0.0,0.3714129799719818,0.38194579143870777,0.4245072057454743,4928.0
0.038,0.05,0.005,5000,1.0,0.0,0.34158158521707505,0.36879361604676203,0.4245072057454743,4928.0
0.0415,0.05,0.005,5000,1.0,0.0,0.3147887739963822,0.3569077565754896,0.4245072057454743,4928.0
0.045000000000000005,0.05,0.005,5000,1.0,0.0,0.284588780287594,0.34342447968248824,0.4245072057454743,4928.0
0.0485,0.05,0.005,5000,1.0,0.0,0.2635088261596071,0.334001396266529,0.4245072057454743,4928.0
0.052000000000000005,0.05,0.005,5000,1.0,0.0,0.22891048766177785,0.3185425017571283,0.4245072057454743,4928.0
0.0555,0.05,0.005,5000,1.0,0.0,0.20679784841339127,0.3086880465006191,0.4245072057454743,4928.0
0.059000000000000004,0.05,0.005,5000,1.0,0.0,0.18356526901565592,0.29835934720192714,0.4245072057454743,4928.0
0.0625,0.05,0.005,5000,1.0,0.0,0.15551027238350318,0.28596448913045386,0.4245072057454743,4928.0
0.066,0.05,0.005,5000,1.0,0.0,0.12773296698545164,0.27379876975532447,0.4245072057454743,4928.0
0.0695,0.05,0.005,5000,1.0,0.0,0.10662549077721369,0.2646361052917505,0.4245072057454743,4928.0
0.073,0.05,0.005,5000,1.0,0.0,0.08301582602052826,0.2545160530124416,0.4245072057454743,4928.0
0.0765,0.05,0.005,5000,0.975,0.0,0.06311674600139708,0.2460704938765899,0.4245072057454743,4928.0
0.08,0.05,0.005,5000,0.9375,0.0,0.04037289210001714,0.23654268252945684,0.4245072057454743,4928.0
0.08349999999999999,0.05,0.005,5000,0.5875,0.0,0.012404970355575654,0.2250361868385779,0.4245072057454743,4928.0
0.087,0.05,0.005,5000,0.4125,0.0,-0.0057918495957784855,0.21766780457301635,0.4245072057454743,4928.0
0.0905,0.05,0.005,5000,0.0375,0.0,-0.034380643671619374,0.2063133355877028,0.4245072057454743,4928.0
0.094,0.05,0.005,5000,0.0125,0.0,-0.0523507193348202,0.19933576760649102,0.4245072057454743,4928.0
0.0975,0.05,0.005,5000,0.0,0.0,-0.06986250866317423,0.19265090075752683,0.4245072057454743,4928.0
0.10099999999999999,0.05,0.005,5000,0.0,0.0,-0.08567582784750179,0.18670599736033672,0.4245072057454743,4928.0
0.1045,0.05,0.005,5000,0.0,0.0,-0.11033838803085047,0.1776213578189654,0.4245072057454743,4928.0
0.108,0.05,0.005,5000,0.0,0.0,-0.1268873829085866,0.17168868339983998,0.4245072057454743,4928.0
0.1115,0.05,0.005,5000,0.0,0.0,-0.15054635548067657,0.16335826925434124,0.4245072057454743,4928.0
0.11499999999999999,0.05,0.005,5000,0.0,0.0,-0.16867453849846226,0.1571529608907948,0.4245072057454743,4928.0
0.1185,0.05,0.005,5000,0.0,0.0,-0.1838505958903614,0.15204984383613787,0.4245072057454743,4928.0
0.122,0.05,0.005,5000,0.0,0.0,-0.2024643458577433,0.14593741200686527,0.4245072057454743,4928.0
0.1255,0.05,0.005,5000,0.0,0.0,-0.22934877673986817,0.1373897452168722,0.4245072057454743,4928.0
0.129,0.05,0.005,5000,0.0,0.0,-0.2433639443038155,0.1330302657804458,0.4245072057454743,4928.0
0.1325,0.05,0.005,5000,0.0,0.0,-0.2616960610112956,0.1275012184990349,0.4245072057454743,4928.0
0.136,0.05,0.005,5000,0.0,0.0,-0.27826880771901863,0.12266013890772368,0.4245072057454743,4928.0
0.1395,0.05,0.005,5000,0.0,0.0,-0.29520325417071897,0.11777217052501973,0.4245072057454743,4928.0
0.14300000000000002,0.05,0.005,5000,0.0,0.0,-0.3157976366584829,0.11204131925276961,0.4245072057454743,4928.0
0.14650000000000002,0.05,0.005,5000,0.0,0.0,-0.3244573949392769,0.10970235957004344,0.4245072057454743,4928.0
0.15000000000000002,0.05,0.005,5000,0.0,0.0,-0.34413227591612294,0.10445900397120877,0.4245072057454743,4928.0
0.15350000000000003,0.05,0.005,5000,0.0,0.0,-0.35926453863104624,0.1005390299302095,0.4245072057454743,4928.0
0.157,0.05,0.005,5000,0.0,0.0,-0.37534745310131423,0.09652208583808168,0.4245072057454743,4928.0
0.1605,0.05,0.005,5000,0.0,0.0,-0.3945879786723574,0.09181217488717178,0.4245072057454743,4928.0
0.164,0.05,0.005,5000,0.0,0.0,-0.4052247523455432,0.08929889401720133,0.4245072057454743,4928.0
0.1675,0.05,0.005,5000,0.0,0.0,-0.4253253117509182,0.08465202412045107,0.4245072057454743,4928.0
0.171,0.05,0.005,5000,0.0,0.0,-0.4419836269135284,0.08089700536625768,0.4245072057454743,4928.0
0.17450000000000002,0.05,0.005,5000,0.0,0.0,-0.457095145037806,0.07764169366861624,0.4245072057454743,4928.0
0.17800000000000002,0.05,0.005,5000,0.0,0.0,-0.4698785983202603,0.07494063077199495,0.4245072057454743,4928.0
0.18150000000000002,0.05,0.005,5000,0.0,0.0,-0.4821992254006305,0.07237187400430967,0.4245072057454743,4928.0
0.18500000000000003,0.05,0.005,5000,0.0,0.0,-0.4921129187985719,0.0703761970744144,0.4245072057454743,4928.0
0.1885,0.05,0.005,5000,0.0,0.0,-0.5101657755393004,0.06682198770657666,0.4245072057454743,4928.0
0.192,0.05,0.005,5000,0.0,0.0,-0.5201354197045267,0.06493147521186922,0.4245072057454743,4928.0
0.1955,0.05,0.005,5000,0.0,0.0,-0.5353755410354635,0.06210323582083407,0.4245072057454743,4928.0
0.199,0.05,0.005,5000,0.0,0.0,-0.5448198919770546,0.06035165868200908,0.4245072057454743,4928.0
0.2025,0.05,0.005,5000,0.0,0.0,-0.5632896520291755,0.057069240544391574,0.4245072057454743,4928.0
0.20600000000000002,0.05,0.005,5000,0.0,0.0,-0.5765871775486806,0.054802853856334675,0.4245072057454743,4928.0
0.20950000000000002,0.05,0.005,5000,0.0,0.0,-0.5897086622864004,0.05261563147534666,0.4245072057454743,4928.0
0.21300000000000002,0.05,0.005,5000,0.0,0.0,-0.6031423594597964,0.05041780117514907,0.4245072057454743,4928.0
0.21650000000000003,0.05,0.005,5000,0.0,0.0,-0.6118862755824672,0.04902867816163683,0.4245072057454743,4928.0
0.22,0.05,0.005,5000,0.0,0.0,-0.622566295657941,0.047372949243011234,0.4245072057454743,4928.0
0.01,0.1,0.005,5000,1.0,0.0,0.5696247741673466,0.4584631877849722,0.4312025866090474,4882.0
0.0135,0.1,0.005,5000,1.0,0.0,0.5368444994141562,0.445557383420793,0.4312025866090474,4882.0
0.017,0.1,0.005,5000,1.0,0.0,0.5017997375761946,0.4313952198859733,0.4312025866090474,4882.0
0.0205,0.1,0.005,5000,1.0,0.0,0.4732981245409281,0.419670329891654,0.4312025866090474,4882.0
0.024,0.1,0.005,5000,1.0,0.0,0.4353794799307108,0.40370608774868055,0.4312025866090474,4882.0
0.027500000000000004,0.1,0.005,5000,1.0,0.0,0.4081570368206899,0.3920635163878281,0.4312025866090474,4882.0
0.031,0.1,0.005,5000,1.0,0.0,0.379413945923179,0.37963048091135343,0.4312025866090474,4882.0
0.0345,0.1,0.005,5000,1.0,0.0,0.3487923729040213,0.366240400366951,0.4312025866090474,4882.0
0.038,0.1,0.005,5000,1.0,0.0,0.31902085144785824,0.35315216086820506,0.4312025866090474,4882.0
0.0415,0.1,0.005,5000,1.0,0.0,0.29255108450530026,0.3414476588514363,0.4312025866090474,4882.0
0.045000000000000005,0.1,0.005,5000,1.0,0.0,0.2725777627952203,0.33258965960466513,0.4312025866090474,4882.0
0.0485,0.1,0.005,5000,1.0,0.0,0.2346934870963952,0.3157889206086131,0.4312025866090474,4882.0
0.052000000000000005,0.1,0.005,5000,1.0,0.0,0.2130029298125941,0.3062039285655683,0.4312025866090474,4882.0
0.0555,0.1,0.005,5000,1.0,0.0,0.18823401019389513,0.29529042862689553,0.4312025866090474,4882.0
0.059000000000000004,0.1,0.005,5000,1.0,0.0,0.15317743115028826,0.27995754930511896,0.4312025866090474,4882.0
0.0625,0.1,0.005,5000,1.0,0.0,0.13820972283920513,0.2734601133048836,0.4312025866090474,4882.0
0.066,0.1,0.005,5000,1.0,0.0,0.11010034442065475,0.26137844200780114,0.4312025866090474,4882.0
0.0695,0.1,0.005,5000,1.0,0.0,0.08707608840221522,0.25159953430954207,0.4312025866090474,4882.0
0.073,0.1,0.005,5000,1.0,0.0,0.05693282125746045,0.23897394778520406,0.4312025866090474,4882.0
0.0765,0.1,0.005,5000,0.925,0.0,0.04470262443141765,0.23393316641878376,0.4312025866090474,4882.0
0.08,0.1,0.005,5000,0.75,0.0,0.019531753995342342,0.22365328698362444,0.4312025866090474,4882.0
0.08349999999999999,0.1,0.005,5000,0.5125,0.0,0.0031487628633147585,0.21708971206746863,0.4312025866090474,4882.0
0.087,0.1,0.005,5000,0.2125,0.0,-0.01734571097494404,0.2089787931186733,0.4312025866090474,4882.0
0.0905,0.1,0.005,5000,0.05,0.0,-0.04485252354291112,0.1983211823097722,0.4312025866090474,4882.0
0.094,0.1,0.005,5000,0.0125,0.0,-0.06319828265267188,0.19139346254738682,0.4312025866090474,4882.0
0.0975,0.1,0.005,5000,0.0,0.0,-0.08511507487645509,0.1832152950765892,0.4312025866090474,4882.0
0.10099999999999999,0.1,0.005,5000,0.0,0.0,-0.10535091481910148,0.17583325573319794,0.4312025866090474,4882.0
0.1045,0.1,0.005,5000,0.0,0.0,-0.12735968879108234,0.1680597982874963,0.4312025866090474,4882.0
0.108,0.1,0.005,5000,0.0,0.0,-0.15031724867604873,0.16014450239787736,0.4312025866090474,4882.0
0.1115,0.1,0.005,5000,0.0,0.0,-0.15969718846139486,0.15692798426784393,0.4312025866090474,4882.0
0.11499999999999999,0.1,0.005,5000,0.0,0.0,-0.18447177327273073,0.14875075651586317,0.4312025866090474,4882.0
0.1185,0.1,0.005,5000,0.0,0.0,-0.20330626422439185,0.14265674098583683,0.4312025866090474,4882.0
0.122,0.1,0.005,5000,0.0,0.0,-0.21786685560670893,0.13803751914307,0.4312025866090474,4882.0
0.1255,0.1,0.005,5000,0.0,0.0,-0.24281547077747626,0.1304328942262294,0.4312025866090474,4882.0
0.129,0.1,0.005,5000,0.0,0.0,-0.2608527314568062,0.12505103923543043,0.4312025866090474,4882.0
0.1325,0.1,0.005,5000,0.0,0.0,-0.2759999012429328,0.12066994877887374,0.4312025866090474,4882.0
0.136,0.1,0.005,5000,0.0,0.0,-0.29229042216770934,0.1160590650393016,0.4312025866090474,4882.0
0.1395,0.1,0.005,5000,0.0,0.0,-0.3085162015146774,0.11161467894843928,0.4312025866090474,4882.0
0.14300000000000002,0.1,0.005,5000,0.0,0.0,-0.32942286798765447,0.10600875279951191,0.4312025866090474,4882.0
0.14650000000000002,0.1,0.005,5000,0.0,0.0,-0.33744333544988925,0.10389932085558493,0.4312025866090474,4882.0
0.15000000000000002,0.1,0.005,5000,0.0,0.0,-0.3573306854211863,0.09886281759989635,0.4312025866090474,4882.0
0.15350000000000003,0.1,0.005,5000,0.0,0.0,-0.37344544793457857,0.09485637069072968,0.4312025866090474,4882.0
0.157,0.1,0.005,5000,0.0,0.0,-0.38788469046613855,0.09139187748297853,0.4312025866090474,4882.0
0.1605,0.1,0.005,5000,0.0,0.0,-0.39955548958540527,0.08865932895683479,0.4312025866090474,4882.0
0.164,0.1,0.005,5000,0.0,0.0,-0.4190073723340223,0.08418060916567724,0.4312025866090474,4882.0
0.1675,0.1,0.005,5000,0.0,0.0,-0.4342813070355366,0.08080336694469725,0.4312025866090474,4882.0
0.171,0.1,0.005,5000,0.0,0.0,-0.44799765045581647,0.07785644312209229,0.4312025866090474,4882.0
0.17450000000000002,0.1,0.005,5000,0.0,0.0,-0.4680439169966366,0.07364889102137226,0.4312025866090474,4882.0
0.17800000000000002,0.1,0.005,5000,0.0,0.0,-0.48247407250110863,0.07070702581010649,0.4312025866090474,4882.0
0.18150000000000002,0.1,0.005,5000,0.0,0.0,-0.49085010045638544,0.06903804601746201,0.4312025866090474,4882.0
0.18500000000000003,0.1,0.005,5000,0.0,0.0,-0.5050488813756223,0.06630574448774389,0.4312025866090474,4882.0
0.1885,0.1,0.005,5000,0.0,0.0,-0.5205848581813715,0.06335973490721566,0.4312025866090474,4882.0
0.192,0.1,0.005,5000,0.0,0.0,-0.5302942070436927,0.0615926527871139,0.4312025866090474,4882.0
0.1955,0.1,0.005,5000,0.0,0.0,-0.5479109891223215,0.058436574513845874,0.4312025866090474,4882.0
0.199,0.1,0.005,5000,0.0,0.0,-0.5596629896505048,0.05641283486286987,0.4312025866090474,4882.0
0.2025,0.1,0.005,5000,0.0,0.0,-0.5757969128824725,0.053674524415218694,0.4312025866090474,4882.0
0.20600000000000002,0.1,0.005,5000,0.0,0.0,-0.5857138758686725,0.05205018014605223,0.4312025866090474,4882.0
0.20950000000000002,0.1,0.005,5000,0.0,0.0,-0.5918505825932855,0.0510616847332107,0.4312025866090474,4882.0
0.21300000000000002,0.1,0.005,5000,0.0,0.0,-0.6107749303470558,0.04809011741272538,0.4312025866090474,4882.0
0.21650000000000003,0.1,0.005,5000,0.0,0.0,-0.6233114171996827,0.04616076499624731,0.4312025866090474,4882.0
0.22,0.1,0.005,5000,0.0,0.0,-0.6322596946337867,0.0448461272522539,0.4312025866090474,4882.0
0.01,0.15,0.005,5000,1.0,0.0,0.5416728749878496,0.4413677321824955,0.4376960117634727,4838.0
0.0135,0.15,0.005,5000,1.0,0.0,0.5112913813003551,0.429249750385395,0.4376960117634727,4838.0
0.017,0.15,0.005,5000,1.0,0.0,0.4759284690933219,0.41476524214893384,0.4376960117634727,4838.0
0.0205,0.15,0.005,5000,1.0,0.0,0.44473724389750247,0.4017414208486948,0.4376960117634727,4838.0
0.024,0.15,0.005,5000,1.0,0.0,0.41234936009908185,0.38804295093206187,0.4376960117634727,4838.0
0.027500000000000004,0.15,0.005,5000,1.0,0.0,0.3830273923009329,0.37544874029496783,0.4376960117634727,4838.0
0.031,0.15,0.005,5000,1.0,0.0,0.35809782008845137,0.36464452879049664,0.4376960117634727,4838.0
0.0345,0.15,0.005,5000,1.0,0.0,0.32468521997610555,0.35002927111654547,0.4376960117634727,4838.0
0.038,0.15,0.005,5000,1.0,0.0,0.29183154447927145,0.3356464409661038,0.4376960117634727,4838.0
0.0415,0.15,0.005,5000,1.0,0.0,0.27124674312532143,0.3265802715493735,0.4376960117634727,4838.0
0.045000000000000005,0.15,0.005,5000,1.0,0.0,0.2482802737349596,0.316496961734276,0.4376960117634727,4838.0
0.0485,0.15,0.005,5000,1.0,0.0,0.21887402501228292,0.30360314775552566,0.4376960117634727,4838.0
0.052000000000000005,0.15,0.005,5000,1.0,0.0,0.19108180992920754,0.2914648958141664,0.4376960117634727,4838.0
0.0555,0.15,0.005,5000,1.0,0.0,0.16750545705616154,0.28123560542588705,0.4376960117634727,4838.0
0.059000000000000004,0.15,0.005,5000,1.0,0.0,0.14961288309571225,0.2735249073855931,0.4376960117634727,4838.0
0.0625,0.15,0.005,5000,1.0,0.0,0.11673390520774914,0.2594911651609634,0.4376960117634727,4838.0
0.066,0.15,0.005,5000,1.0,0.0,0.0967391914133849,0.2510628668831555,0.4376960117634727,4838.0
0.0695,0.15,0.005,5000,1.0,0.0,0.07128303155654316,0.24046749184282917,0.4376960117634727,4838.0
0.073,0.15,0.005,5000,0.9625,0.0,0.05181337004884275,0.2324702266416076,0.4376960117634727,4838.0
0.0765,0.15,0.005,5000,0.7875,0.0,0.021906368248762017,0.2203872498952419,0.4376960117634727,4838.0
0.08,0.15,0.005,5000,0.5,0.0,0.001222328537828945,0.21220524583541564,0.4376960117634727,4838.0
0.08349999999999999,0.15,0.005,5000,0.125,0.0,-0.02087623280942726,0.20358513546747906,0.4376960117634727,4838.0
0.087,0.15,0.005,5000,0.05,0.0,-0.04318701494364106,0.19508038835952077,0.4376960117634727,4838.0
0.0905,0.15,0.005,5000,0.0125,0.0,-0.060744878137383586,0.18852034746643725,0.4376960117634727,4838.0
0.094,0.15,0.005,5000,0.0,0.0,-0.08412978948966685,0.17994203299814399,0.4376960117634727,4838.0
0.0975,0.15,0.005,5000,0.0,0.0,-0.10647135634065594,0.17196228517263198,0.4376960117634727,4838.0
0.10099999999999999,0.15,0.005,5000,0.0,0.0,-0.11962281788983682,0.16731087530957453,0.4376960117634727,4838.0
0.1045,0.15,0.005,5000,0.0,0.0,-0.14148691694489854,0.15981991661802858,0.4376960117634727,4838.0
0.108,0.15,0.005,5000,0.0,0.0,-0.162737520523596,0.15269612577828787,0.4376960117634727,4838.0
0.1115,0.15,0.005,5000,0.0,0.0,-0.18092379120619603,0.14680468461557478,0.4376960117634727,4838.0
0.11499999999999999,0.15,0.005,5000,0.0,0.0,-0.19654289336119307,0.14185368609620957,0.4376960117634727,4838.0
0.1185,0.15,0.005,5000,0.0,0.0,-0.21647846628264933,0.13561999991014878,0.4376960117634727,4838.0
0.122,0.15,0.005,5000,0.0,0.0,-0.23942389629964503,0.12867806228111142,0.4376960117634727,4838.0
0.1255,0.15,0.005,5000,0.0,0.0,-0.25547261667085486,0.1239761252709689,0.4376960117634727,4838.0
0.129,0.15,0.005,5000,0.0,0.0,-0.2680570002488419,0.12033535142917037,0.4376960117634727,4838.0
0.1325,0.15,0.005,5000,0.0,0.0,-0.29021331892678853,0.1141549717261259,0.4376960117634727,4838.0
0.136,0.15,0.005,5000,0.0,0.0,-0.30519218373771084,0.11008331247614736,0.4376960117634727,4838.0
0.1395,0.15,0.005,5000,0.0,0.0,-0.31695806964464956,0.10695630394309572,0.4376960117634727,4838.0
0.14300000000000002,0.15,0.005,5000,0.0,0.0,-0.3350086735501042,0.10228487837444669,0.4376960117634727,4838.0
0.14650000000000002,0.15,0.005,5000,0.0,0.0,-0.36054558102689926,0.09592617635751496,0.4376960117634727,4838.0
0.15000000000000002,0.15,0.005,5000,0.0,0.0,-0.37493779488212675,0.09243549494283462,0.4376960117634727,4838.0
0.15350000000000003,0.15,0.005,5000,0.0,0.0,-0.3893635405102957,0.08905785911974143,0.4376960117634727,4838.0
0.157,0.15,0.005,5000,0.0,0.0,-0.3998684926831336,0.0866030282478342,0.4376960117634727,4838.0
0.1605,0.15,0.005,5000,0.0,0.0,-0.41609602656944766,0.08297263607796102,0.4376960117634727,4838.0
0.164,0.15,0.005,5000,0.0,0.0,-0.4337003864596878,0.07911533142551389,0.4376960117634727,4838.0
0.1675,0.15,0.005,5000,0.0,0.0,-0.4458178239518782,0.07656361046713331,0.4376960117634727,4838.0
0.171,0.15,0.005,5000,0.0,0.0,-0.4620077443819751,0.07323405946004749,0.4376960117634727,4838.0
0.17450000000000002,0.15,0.005,5000,0.0,0.0,-0.47756437465667856,0.07010465141547376,0.4376960117634727,4838.0
0.17800000000000002,0.15,0.005,5000,0.0,0.0,-0.4881924138825619,0.06800960181653959,0.4376960117634727,4838.0
0.18150000000000002,0.15,0.005,5000,0.0,0.0,-0.5013492622074522,0.06552928599327221,0.4376960117634727,4838.0
0.18500000000000003,0.15,0.005,5000,0.0,0.0,-0.520057204323688,0.06203847520622319,0.4376960117634727,4838.0
0.1885,0.15,0.005,5000,0.0,0.0,-0.5326804600542564,0.059766234562412965,0.4376960117634727,4838.0
0.192,0.15,0.005,5000,0.0,0.0,-0.5433904706520067,0.05789252977038849,0.4376960117634727,4838.0
0.1955,0.15,0.005,5000,0.0,0.0,-0.5544894249378955,0.05599787299079095,0.4376960117634727,4838.0
0.199,0.15,0.005,5000,0.0,0.0,-0.5719284076960416,0.053091876992450306,0.4376960117634727,4838.0
0.2025,0.15,0.005,5000,0.0,0.0,-0.5798927449404336,0.051798300050655756,0.4376960117634727,4838.0
0.20600000000000002,0.15,0.005,5000,0.0,0.0,-0.5941920673674437,0.04952212506318573,0.4376960117634727,4838.0
0.20950000000000002,0.15,0.005,5000,0.0,0.0,-0.6048134503083383,0.047896291426991595,0.4376960117634727,4838.0
0.21300000000000002,0.15,0.005,5000,0.0,0.0,-0.6173409513469323,0.04599242576255973,0.4376960117634727,4838.0
0.21650000000000003,0.15,0.005,5000,0.0,0.0,-0.6272251727616722,0.04454354121252268,0.4376960117634727,4838.0
0.22,0.15,0.005,5000,0.0,0.0,-0.6400768937890742,0.042710752136645894,0.4376960117634727,4838.0
0.01,0.2,0.005,5000,1.0,0.0,0.5121330673365924,0.42347499815145984,0.444579991642469,4792.0
0.0135,0.2,0.005,5000,1.0,0.0,0.48165842099614686,0.4111421799694778,0.444579991642469,4792.0
0.017,0.2,0.005,5000,1.0,0.0,0.45246489678303503,0.3990391328103916,0.444579991642469,4792.0
0.0205,0.2,0.005,5000,1.0,0.0,0.416704978341096,0.3840192753626439,0.444579991642469,4792.0
0.024,0.2,0.005,5000,1.0,0.0,0.3864113116014069,0.37111376241076544,0.444579991642469,4792.0
0.027500000000000004,0.2,0.005,5000,1.0,0.0,0.3572651012856091,0.35857233753204104,0.444579991642469,4792.0
0.031,0.2,0.005,5000,1.0,0.0,0.3333658692193377,0.3482280885069599,0.444579991642469,4792.0
0.0345,0.2,0.005,5000,1.0,0.0,0.3015178015872556,0.3343779786952401,0.444579991642469,4792.0
0.038,0.2,0.005,5000,1.0,0.0,0.26918436368881943,0.3202864093483151,0.444579991642469,4792.0
0.0415,0.2,0.005,5000,1.0,0.0,0.2531023074630885,0.3132883104008196,0.444579991642469,4792.0
0.045000000000000005,0.2,0.005,5000,1.0,0.0,0.2227628829966622,0.3000971116986914,0.444579991642469,4792.0
0.0485,0.2,0.005,5000,1.0,0.0,0.20061547322103568,0.29050708681142473,0.444579991642469,4792.0
0.052000000000000005,0.2,0.005,5000,1.0,0.0,0.17125256654293525,0.2778814613474876,0.444579991642469,4792.0
0.0555,0.2,0.005,5000,1.0,0.0,0.1526247592413484,0.26992738859208,0.444579991642469,4792.0
0.059000000000000004,0.2,0.005,5000,1.0,0.0,0.123821841013002,0.2577657281776629,0.444579991642469,4792.0
0.0625,0.2,0.005,5000,1.0,0.0,0.10139526005858827,0.24838905429264502,0.444579991642469,4792.0
0.066,0.2,0.005,5000,1.0,0.0,0.07468853812604845,0.23739473168060168,0.444579991642469,4792.0
0.0695,0.2,0.005,5000,0.925,0.0,0.05064832606507709,0.22764641372651195,0.444579991642469,4792.0
0.073,0.2,0.005,5000,0.8375,0.0,0.02795340290678682,0.2185640246597181,0.444579991642469,4792.0
0.0765,0.2,0.005,5000,0.5375,0.0,0.0046570746845197115,0.20946204050608735,0.444579991642469,4792.0
0.08,0.2,0.005,5000,0.2125,0.0,-0.018081237318895372,0.20068826850100216,0.444579991642469,4792.0
0.08349999999999999,0.2,0.005,5000,0.025,0.0,-0.040922052365257436,0.19208461162336193,0.444579991642469,4792.0
0.087,0.2,0.005,5000,0.0,0.0,-0.05418789240864058,0.1871595863577749,0.444579991642469,4792.0
0.0905,0.2,0.005,5000,0.0,0.0,-0.08095063689268821,0.17746295286190997,0.444579991642469,4792.0
0.094,0.2,0.005,5000,0.0,0.0,-0.0981067776065226,0.17144314756050236,0.444579991642469,4792.0
0.0975,0.2,0.005,5000,0.0,0.0,-0.11724894405666979,0.16474514609865337,0.444579991642469,4792.0
0.10099999999999999,0.2,0.005,5000,0.0,0.0,-0.14099261750130668,0.15673543607469917,0.444579991642469,4792.0
0.1045,0.2,0.005,5000,0.0,0.0,-0.15967039121870114,0.15057581094028652,0.444579991642469,4792.0
0.108,0.2,0.005,5000,0.0,0.0,-0.17864334163857784,0.1444683250971806,0.444579991642469,4792.0
0.1115,0.2,0.005,5000,0.0,0.0,-0.191533663538937,0.14037356206621204,0.444579991642469,4792.0
0.11499999999999999,0.2,0.005,5000,0.0,0.0,-0.22147111344017775,0.13123165382661156,0.444579991642469,4792.0
0.1185,0.2,0.005,5000,0.0,0.0,-0.230615953692966,0.1285337464795167,0.444579991642469,4792.0
0.122,0.2,0.005,5000,0.0,0.0,-0.24632881138130588,0.1239394305023441,0.444579991642469,4792.0
0.1255,0.2,0.005,5000,0.0,0.0,-0.26961662166428263,0.11734753207421474,0.444579991642469,4792.0
0.129,0.2,0.005,5000,0.0,0.0,-0.2817395640399666,0.1139869945688805,0.444579991642469,4792.0
0.1325,0.2,0.005,5000,0.0,0.0,-0.30057232607375717,0.10890881805710036,0.444579991642469,4792.0
0.136,0.2,0.005,5000,0.0,0.0,-0.31538663343761975,0.10503918887084285,0.444579991642469,4792.0
0.1395,0.2,0.005,5000,0.0,0.0,-0.34052619745150225,0.09868809854547408,0.444579991642469,4792.0
0.14300000000000002,0.2,0.005,5000,0.0,0.0,-0.3534670091705032,0.09550861090910609,0.444579991642469,4792.0
0.14650000000000002,0.2,0.005,5000,0.0,0.0,-0.36760159430059325,0.09214030030167483,0.444579991642469,4792.0
0.15000000000000002,0.2,0.005,5000,0.0,0.0,-0.3873941100311793,0.08752281408447989,0.444579991642469,4792.0
0.15350000000000003,0.2,0.005,5000,0.0,0.0,-0.3962150746604367,0.0855206141821668,0.444579991642469,4792.0
0.157,0.2,0.005,5000,0.0,0.0,-0.4146545234728206,0.08145307572390778,0.444579991642469,4792.0
0.1605,0.2,0.005,5000,0.0,0.0,-0.425887138632527,0.07901631491826806,0.444579991642469,4792.0
0.164,0.2,0.005,5000,0.0,0.0,-0.44546032273451647,0.07490706779647212,0.444579991642469,4792.0
0.1675,0.2,0.005,5000,0.0,0.0,-0.45697706270604854,0.07257811030948191,0.444579991642469,4792.0
0.171,0.2,0.005,5000,0.0,0.0,-0.4711025377139073,0.06978345878578382,0.444579991642469,4792.0
0.17450000000000002,0.2,0.005,5000,0.0,0.0,-0.4898584180772346,0.06616374195829211,0.444579991642469,4792.0
0.17800000000000002,0.2,0.005,5000,0.0,0.0,-0.5006686133182356,0.06417346481405625,0.444579991642469,4792.0
0.18150000000000002,0.2,0.005,5000,0.0,0.0,-0.513668352705937,0.061778474266456884,0.444579991642469,4792.0
0.18500000000000003,0.2,0.005,5000,0.0,0.0,-0.5235995299133495,0.06000168413864937,0.444579991642469,4792.0
0.1885,0.2,0.005,5000,0.0,0.0,-0.5434402207033787,0.05657863581751157,0.444579991642469,4792.0
0.192,0.2,0.005,5000,0.0,0.0,-0.5552672446916299,0.05458353097319142,0.444579991642469,4792.0
0.1955,0.2,0.005,5000,0.0,0.0,-0.5707442835945032,0.05206610435496837,0.444579991642469,4792.0
0.199,0.2,0.005,5000,0.0,0.0,-0.5773431514645246,0.05101307923089404,0.444579991642469,4792.0
0.2025,0.2,0.005,5000,0.0,0.0,-0.5886114846403647,0.049249975670553565,0.444579991642469,4792.0
0.20600000000000002,0.2,0.005,5000,0.0,0.0,-0.6046130385888627,0.0468098817679099,0.444579991642469,4792.0
0.20950000000000002,0.2,0.005,5000,0.0,0.0,-0.6191757925214696,0.04466726698200775,0.444579991642469,4792.0
0.21300000000000002,0.2,0.005,5000,0.0,0.0,-0.6275046439279478,0.043498462015501595,0.444579991642469,4792.0
0.21650000000000003,0.2,0.005,5000,0.0,0.0,-0.6407762580749023,0.04161429755277187,0.444579991642469,4792.0
0.22,0.2,0.005,5000,0.0,0.0,-0.6524532815321912,0.040007882932251895,0.444579991642469,4792.0
0.01,0.25,0.005,5000,1.0,0.0,0.4914994067908208,0.40919373214718535,0.4512580604003551,4748.0
0.0135,0.25,0.005,5000,1.0,0.0,0.46011403589984284,0.3963480025896654,0.4512580604003551,4748.0
0.017,0.25,0.005,5000,1.0,0.0,0.43329104765372684,0.38515359299475627,0.4512580604003551,4748.0
0.0205,0.25,0.005,5000,1.0,0.0,0.39568227200671147,0.369342577304191,0.4512580604003551,4748.0
0.024,0.25,0.005,5000,1.0,0.0,0.37068225901386936,0.3586946831257361,0.4512580604003551,4748.0
0.027500000000000004,0.25,0.005,5000,1.0,0.0,0.33852677370445405,0.34487472704791566,0.4512580604003551,4748.0
0.031,0.25,0.005,5000,1.0,0.0,0.3065043449194822,0.33107010168390644,0.4512580604003551,4748.0
0.0345,0.25,0.005,5000,1.0,0.0,0.2809939502867119,0.32006655786539584,0.4512580604003551,4748.0
0.038,0.25,0.005,5000,1.0,0.0,0.2539531389903914,0.30838265751546756,0.4512580604003551,4748.0
0.0415,0.25,0.005,5000,1.0,0.0,0.23220247891590384,0.2990124862911879,0.4512580604003551,4748.0
0.045000000000000005,0.25,0.005,5000,1.0,0.0,0.2000129971055041,0.28521272208458126,0.4512580604003551,4748.0
0.0485,0.25,0.005,5000,1.0,0.0,0.17723774374677548,0.27551517145023025,0.4512580604003551,4748.0
0.052000000000000005,0.25,0.005,5000,1.0,0.0,0.1504750719040832,0.26421215615150845,0.4512580604003551,4748.0
0.0555,0.25,0.005,5000,1.0,0.0,0.1264104148853205,0.25416035311382523,0.4512580604003551,4748.0
0.059000000000000004,0.25,0.005,5000,1.0,0.0,0.10303742134420264,0.24450067626487754,0.4512580604003551,4748.0
0.0625,0.25,0.005,5000,1.0,0.0,0.08129902309228816,0.23563883960290166,0.4512580604003551,4748.0
0.066,0.25,0.005,5000,0.9875,0.0,0.06273543751491283,0.22817916442759759,0.4512580604003551,4748.0
0.0695,0.25,0.005,5000,0.85,0.0,0.03144138346731281,0.21577470590381811,0.4512580604003551,4748.0
0.073,0.25,0.005,5000,0.6125,0.0,0.007555999096209129,0.20653685372491695,0.4512580604003551,4748.0
0.0765,0.25,0.005,5000,0.25,0.0,-0.016610357289541976,0.19732732104196665,0.4512580604003551,4748.0
0.08,0.25,0.005,5000,0.1125,0.0,-0.03460403789703963,0.19067704453387724,0.4512580604003551,4748.0
0.08349999999999999,0.25,0.005,5000,0.0125,0.0,-0.05256516116629488,0.18407942949203923,0.4512580604003551,4748.0
0.087,0.25,0.005,5000,0.0,0.0,-0.07478917551361143,0.1760913384591231,0.4512580604003551,4748.0
0.0905,0.25,0.005,5000,0.0,0.0,-0.08776222003239606,0.17154940584199957,0.4512580604003551,4748.0
0.094,0.25,0.005,5000,0.0,0.0,-0.11499942825364018,0.16216873244312713,0.4512580604003551,4748.0
0.0975,0.25,0.005,5000,0.0,0.0,-0.1339249335455285,0.1558481910298291,0.4512580604003551,4748.0
0.10099999999999999,0.25,0.005,5000,0.0,0.0,-0.15593162975533065,0.14869245014207588,0.4512580604003551,4748.0
0.1045,0.25,0.005,5000,0.0,0.0,-0.17615970575462936,0.14222120645939515,0.4512580604003551,4748.0
0.108,0.25,0.005,5000,0.0,0.0,-0.1923422386537201,0.13722548252211686,0.4512580604003551,4748.0
0.1115,0.25,0.005,5000,0.0,0.0,-0.2130087660998174,0.13096574419744286,0.4512580604003551,4748.0
0.11499999999999999,0.25,0.005,5000,0.0,0.0,-0.23278668733439228,0.1251899591679372,0.4512580604003551,4748.0
0.1185,0.25,0.005,5000,0.0,0.0,-0.24825005438090794,0.12080611271131055,0.4512580604003551,4748.0
0.122,0.25,0.005,5000,0.0,0.0,-0.26564552751499126,0.11593397835867592,0.4512580604003551,4748.0
0.1255,0.25,0.005,5000,0.0,0.0,-0.27723181744602476,0.11277681836768834,0.4512580604003551,4748.0
0.129,0.25,0.005,5000,0.0,0.0,-0.2993277052135716,0.10692571757223082,0.4512580604003551,4748.0
0.1325,0.25,0.005,5000,0.0,0.0,-0.3160528414151349,0.10259215309813699,0.4512580604003551,4748.0
0.136,0.25,0.005,5000,0.0,0.0,-0.33270966449718464,0.09846116652458316,0.4512580604003551,4748.0
0.1395,0.25,0.005,5000,0.0,0.0,-0.3511387542543664,0.09398710819373472,0.4512580604003551,4748.0
0.14300000000000002,0.25,0.005,5000,0.0,0.0,-0.3624524012419312,0.09127719737881237,0.4512580604003551,4748.0
0.14650000000000002,0.25,0.005,5000,0.0,0.0,-0.3818815229581231,0.08683791675897035,0.4512580604003551,4748.0
0.15000000000000002,0.25,0.005,5000,0.0,0.0,-0.3924707227003293,0.08448180272721462,0.4512580604003551,4748.0
0.15350000000000003,0.25,0.005,5000,0.0,0.0,-0.4120828361162873,0.08018049751682708,0.4512580604003551,4748.0
0.157,0.25,0.005,5000,0.0,0.0,-0.42611607247182554,0.07722023903671357,0.4512580604003551,4748.0
0.1605,0.25,0.005,5000,0.0,0.0,-0.4425512989806535,0.0738333479358992,0.4512580604003551,4748.0
0.164,0.25,0.005,5000,0.0,0.0,-0.4561493660892344,0.07113992323611491,0.4512580604003551,4748.0
0.1675,0.25,0.005,5000,0.0,0.0,-0.4627230384488049,0.0698398176422507,0.4512580604003551,4748.0
0.171,0.25,0.005,5000,0.0,0.0,-0.4839198049453014,0.06578726628928337,0.4512580604003551,4748.0
0.17450000000000002,0.25,0.005,5000,0.0,0.0,-0.4936351421125318,0.06399452703685418,0.4512580604003551,4748.0
0.17800000000000002,0.25,0.005,5000,0.0,0.0,-0.5121595813958743,0.06064887919807756,0.4512580604003551,4748.0
0.18150000000000002,0.25,0.005,5000,0.0,0.0,-0.5235611590066959,0.058668842219103276,0.4512580604003551,4748.0
0.18500000000000003,0.25,0.005,5000,0.0,0.0,-0.5329419459904292,0.057068529506355034,0.4512580604003551,4748.0
0.1885,0.25,0.005,5000,0.0,0.0,-0.5524759188868076,0.0537955634349182,0.4512580604003551,4748.0
0.192,0.25,0.005,5000,0.0,0.0,-0.5647565791970999,0.05182658640608191,0.4512580604003551,4748.0
0.1955,0.25,0.005,5000,0.0,0.0,-0.5775205625117723,0.04981535268398605,0.4512580604003551,4748.0
0.199,0.25,0.005,5000,0.0,0.0,-0.5863256086357126,0.04848487581006924,0.4512580604003551,4748.0
0.2025,0.25,0.005,5000,0.0,0.0,-0.6009757168230939,0.04627987036295001,0.4512580604003551,4748.0
0.20600000000000002,0.25,0.005,5000,0.0,0.0,-0.6099680610216544,0.04495245328971019,0.4512580604003551,4748.0
0.20950000000000002,0.25,0.005,5000,0.0,0.0,-0.6257835341976685,0.042722719337555545,0.4512580604003551,4748.0
0.21300000000000002,0.25,0.005,5000,0.0,0.0,-0.6411727959857851,0.04058901412778553,0.4512580604003551,4748.0
0.21650000000000003,0.25,0.005,5000,0.0,0.0,-0.6446883797071725,0.04011565886610298,0.4512580604003551,4748.0
0.22,0.25,0.005,5000,0.0,0.0,-0.662359252989764,0.03779437456853276,0.4512580604003551,4748.0
0.01,0.3,0.005,5000,1.0,0.0,0.4610227658960608,0.3908185819436577,0.458339662946301,4702.0
0.0135,0.3,0.005,5000,1.0,0.0,0.4361611857244645,0.3805215098693492,0.458339662946301,4702.0
0.017,0.3,0.005,5000,1.0,0.0,0.39742497099819224,0.36431454382350914,0.458339662946301,4702.0
0.0205,0.3,0.005,5000,1.0,0.0,0.36995500127650144,0.3526958571013031,0.458339662946301,4702.0
0.024,0.3,0.005,5000,1.0,0.0,0.34481219597099744,0.3419734399577357,0.458339662946301,4702.0
0.027500000000000004,0.3,0.005,5000,1.0,0.0,0.3167450850672204,0.3299880114947449,0.458339662946301,4702.0
0.031,0.3,0.005,5000,1.0,0.0,0.2843477683257704,0.3161401399513303,0.458339662946301,4702.0
0.0345,0.3,0.005,5000,1.0,0.0,0.2586600263013447,0.3051420421506778,0.458339662946301,4702.0
0.038,0.3,0.005,5000,1.0,0.0,0.2319280241631208,0.29373102713859145,0.458339662946301,4702.0
0.0415,0.3,0.005,5000,1.0,0.0,0.20543561482373923,0.2824866541510656,0.458339662946301,4702.0
0.045000000000000005,0.3,0.005,5000,1.0,0.0,0.18382409349759182,0.2733642112078762,0.458339662946301,4702.0
0.0485,0.3,0.005,5000,1.0,0.0,0.15593041226151266,0.26169503149750695,0.458339662946301,4702.0
0.052000000000000005,0.3,0.005,5000,1.0,0.0,0.13175768630693957,0.25169811845591594,0.458339662946301,4702.0
0.0555,0.3,0.005,5000,1.0,0.0,0.10618379953678769,0.2412455270400899,0.458339662946301,4702.0
0.059000000000000004,0.3,0.005,5000,1.0,0.0,0.08829731928105179,0.23400817064721657,0.458339662946301,4702.0
0.0625,0.3,0.005,5000,1.0,0.0,0.06093597050583899,0.22310900064524103,0.458339662946301,4702.0
0.066,0.3,0.005,5000,0.9125,0.0,0.03700179713022509,0.2137623978416229,0.458339662946301,4702.0
0.0695,0.3,0.005,5000,0.7,0.0,0.014393041538407092,0.2050936556798197,0.458339662946301,4702.0
0.073,0.3,0.005,5000,0.4125,0.0,-0.0065070234328523545,0.1972219209545306,0.458339662946301,4702.0
0.0765,0.3,0.005,5000,0.1875,0.0,-0.020470157616814387,0.19202421661491145,0.458339662946301,4702.0
0.08,0.3,0.005,5000,0.0375,0.0,-0.05170987901991224,0.1807020413471656,0.458339662946301,4702.0
0.08349999999999999,0.3,0.005,5000,0.0,0.0,-0.06376003001171746,0.1763852203068738,0.458339662946301,4702.0
0.087,0.3,0.005,5000,0.0,0.0,-0.09111128482890654,0.16691302999000768,0.458339662946301,4702.0
0.0905,0.3,0.005,5000,0.0,0.0,-0.10584807505285809,0.16192437556661093,0.458339662946301,4702.0
0.094,0.3,0.005,5000,0.0,0.0,-0.12960330569333545,0.15402840732735576,0.458339662946301,4702.0
0.0975,0.3,0.005,5000,0.0,0.0,-0.15129850822712818,0.14701838336661593,0.458339662946301,4702.0
0.10099999999999999,0.3,0.005,5000,0.0,0.0,-0.17011558119441322,0.14108869458605017,0.458339662946301,4702.0
0.1045,0.3,0.005,5000,0.0,0.0,-0.18741097215521302,0.13582360443679853,0.458339662946301,4702.0
0.108,0.3,0.005,5000,0.0,0.0,-0.20101245960634037,0.13174579370459785,0.458339662946301,4702.0
0.1115,0.3,0.005,5000,0.0,0.0,-0.2282862883258318,0.12379227634786591,0.458339662946301,4702.0
0.11499999999999999,0.3,0.005,5000,0.0,0.0,-0.2406492907700258,0.12029125760610312,0.458339662946301,4702.0
0.1185,0.3,0.005,5000,0.0,0.0,-0.2633141799949496,0.11406333752496463,0.458339662946301,4702.0
0.122,0.3,0.005,5000,0.0,0.0,-0.2801853244162015,0.10957033714506462,0.458339662946301,4702.0
0.1255,0.3,0.005,5000,0.0,0.0,-0.29972457497182053,0.10451251293877299,0.458339662946301,4702.0
0.129,0.3,0.005,5000,0.0,0.0,-0.3128003022892659,0.10118015414801133,0.458339662946301,4702.0
0.1325,0.3,0.005,5000,0.0,0.0,-0.32933132957243993,0.0971119743458085,0.458339662946301,4702.0
0.136,0.3,0.005,5000,0.0,0.0,-0.34552777473876406,0.09324291115207568,0.458339662946301,4702.0
0.1395,0.3,0.005,5000,0.0,0.0,-0.3604155378441521,0.08976081304776162,0.458339662946301,4702.0
0.14300000000000002,0.3,0.005,5000,0.0,0.0,-0.37314496861748764,0.08683580302412713,0.458339662946301,4702.0
0.14650000000000002,0.3,0.005,5000,0.0,0.0,-0.3955015653656937,0.08193361781767818,0.458339662946301,4702.0
0.15000000000000002,0.3,0.005,5000,0.0,0.0,-0.41242227252933555,0.07836804945951434,0.458339662946301,4702.0
0.15350000000000003,0.3,0.005,5000,0.0,0.0,-0.41934442422149126,0.0768723077140721,0.458339662946301,4702.0
0.157,0.3,0.005,5000,0.0,0.0,-0.4378355395560911,0.07311387748059286,0.458339662946301,4702.0
0.1605,0.3,0.005,5000,0.0,0.0,-0.4496696987976347,0.07077221416516163,0.458339662946301,4702.0
0.164,0.3,0.005,5000,0.0,0.0,-0.4687963191699602,0.06708508454575077,0.458339662946301,4702.0
0.1675,0.3,0.005,5000,0.0,0.0,-0.4810218498585563,0.06482077725182048,0.458339662946301,4702.0
0.171,0.3,0.005,5000,0.0,0.0,-0.493191748468311,0.06263030462873302,0.458339662946301,4702.0
0.17450000000000002,0.3,0.005,5000,0.0,0.0,-0.5086226900501643,0.05986710932032115,0.458339662946301,4702.0
0.17800000000000002,0.3,0.005,5000,0.0,0.0,-0.515919198618464,0.058623871442609235,0.458339662946301,4702.0
0.18150000000000002,0.3,0.005,5000,0.0,0.0,-0.5347546524994573,0.05542521288594267,0.458339662946301,4702.0
0.18500000000000003,0.3,0.005,5000,0.0,0.0,-0.5445705320803448,0.05382932150758533,0.458339662946301,4702.0
0.1885,0.3,0.005,5000,0.0,0.0,-0.5613043672924263,0.05116639098984292,0.458339662946301,4702.0
0.192,0.3,0.005,5000,0.0,0.0,-0.5767930280167926,0.048780699898574295,0.458339662946301,4702.0
0.1955,0.3,0.005,5000,0.0,0.0,-0.5877073746239957,0.047124093894569195,0.458339662946301,4702.0
0.199,0.3,0.005,5000,0.0,0.0,-0.5985847777906071,0.0455564882380874,0.458339662946301,4702.0
0.2025,0.3,0.005,5000,0.0,0.0,-0.6124994647777159,0.04356009962174208,0.458339662946301,4702.0
0.20600000000000002,0.3,0.005,5000,0.0,0.0,-0.6246318821478043,0.041889232218810656,0.458339662946301,4702.0
0.20950000000000002,0.3,0.005,5000,0.0,0.0,-0.6333614373132657,0.04070787136656874,0.458339662946301,4702.0
0.21300000000000002,0.3,0.005,5000,0.0,0.0,-0.6478791609250447,0.03876227503586577,0.458339662946301,4702.0
0.21650000000000003,0.3,0.005,5000,0.0,0.0,-0.6589815106506423,0.03734370520764029,0.458339662946301,4702.0
0.22,0.3,0.005,5000,0.0,0.0,-0.6679143556704196,0.036221211365994294,0.458339662946301,4702.0
0.01,0.35,0.005,5000,1.0,0.0,0.44275452531655757,0.3774392790361337,0.4652112950409234,4658.0
0.0135,0.35,0.005,5000,1.0,0.0,0.40531186253444956,0.36191094012222774,0.4652112950409234,4658.0
0.017,0.35,0.005,5000,1.0,0.0,0.37825090294475705,0.3505740651222777,0.4652112950409234,4658.0
0.0205,0.35,0.005,5000,1.0,0.0,0.3482521501587238,0.33790523505775727,0.4652112950409234,4658.0
0.024,0.35,0.005,5000,1.0,0.0,0.32408751633917693,0.3276758157268785,0.4652112950409234,4658.0
0.027500000000000004,0.35,0.005,5000,1.0,0.0,0.29348941964979935,0.314691932934604,0.4652112950409234,4658.0
0.031,0.35,0.005,5000,1.0,0.0,0.2689510314218606,0.30428953625594424,0.4652112950409234,4658.0
0.0345,0.35,0.005,5000,1.0,0.0,0.23719845224667657,0.2908667195506068,0.4652112950409234,4658.0
0.038,0.35,0.005,5000,1.0,0.0,0.21227020485122328,0.2803753608040361,0.4652112950409234,4658.0
0.0415,0.35,0.005,5000,1.0,0.0,0.18513032011554653,0.26903647376752654,0.4652112950409234,4658.0
0.045000000000000005,0.35,0.005,5000,1.0,0.0,0.16075111072214013,0.2589460786966951,0.4652112950409234,4658.0
0.0485,0.35,0.005,5000,1.0,0.0,0.13946509077272545,0.25022005048323415,0.4652112950409234,4658.0
0.052000000000000005,0.35,0.005,5000,1.0,0.0,0.11620253177150242,0.24077600089917733,0.4652112950409234,4658.0
0.0555,0.35,0.005,5000,1.0,0.0,0.09111086217903257,0.23073739586858713,0.4652112950409234,4658.0
0.059000000000000004,0.35,0.005,5000,0.9875,0.0,0.06679134636099367,0.22117394636782714,0.4652112950409234,4658.0
0.0625,0.35,0.005,5000,0.9125,0.0,0.04524529911994141,0.21281968847975077,0.4652112950409234,4658.0
0.066,0.35,0.005,5000,0.75,0.0,0.025458743659056465,0.20526628686872325,0.4652112950409234,4658.0
0.0695,0.35,0.005,5000,0.5,0.0,0.0005773807702255199,0.19596451473182452,0.4652112950409234,4658.0
0.073,0.35,0.005,5000,0.2375,0.0,-0.020112014203017115,0.1883864717538532,0.4652112950409234,4658.0
0.0765,0.35,0.005,5000,0.0375,0.0,-0.04066066878853828,0.18099160460451658,0.4652112950409234,4658.0
0.08,0.35,0.005,5000,0.0,0.0,-0.06638654684636694,0.17199856182278356,0.4652112950409234,4658.0
0.08349999999999999,0.35,0.005,5000,0.0,0.0,-0.08523511716657317,0.16549990821695615,0.4652112950409234,4658.0
0.087,0.35,0.005,5000,0.0,0.0,-0.10783085040380555,0.15791204706257028,0.4652112950409234,4658.0
0.0905,0.35,0.005,5000,0.0,0.0,-0.12764162448238334,0.1514794072836379,0.4652112950409234,4658.0
0.094,0.35,0.005,5000,0.0,0.0,-0.14893286600970995,0.1447391345988255,0.4652112950409234,4658.0
0.0975,0.35,0.005,5000,0.0,0.0,-0.1632519990863691,0.14030451486466491,0.4652112950409234,4658.0
0.10099999999999999,0.35,0.005,5000,0.0,0.0,-0.1818815451697932,0.13464151921061918,0.4652112950409234,4658.0
0.1045,0.35,0.005,5000,0.0,0.0,-0.20235775872775638,0.12856845325623698,0.4652112950409234,4658.0
0.108,0.35,0.005,5000,0.0,0.0,-0.22232388820789054,0.12282007213574397,0.4652112950409234,4658.0
0.1115,0.35,0.005,5000,0.0,0.0,-0.2369286422067935,0.11874931428719404,0.4652112950409234,4658.0
0.11499999999999999,0.35,0.005,5000,0.0,0.0,-0.2618589118370501,0.1119997758335363,0.4652112950409234,4658.0
0.1185,0.35,0.005,5000,0.0,0.0,-0.2735001435648357,0.10889293383727457,0.4652112950409234,4658.0
0.122,0.35,0.005,5000,0.0,0.0,-0.2972189282967027,0.10282320383492238,0.4652112950409234,4658.0
0.1255,0.35,0.005,5000,0.0,0.0,-0.3103420283206165,0.09955270606416988,0.4652112950409234,4658.0
0.129,0.35,0.005,5000,0.0,0.0,-0.31871440128869655,0.0975181784273611,0.4652112950409234,4658.0
0.1325,0.35,0.005,5000,0.0,0.0,-0.33993674828021503,0.09247781350624225,0.4652112950409234,4658.0
0.136,0.35,0.005,5000,0.0,0.0,-0.35582502793783843,0.08880968367373906,0.4652112950409234,4658.0
0.1395,0.35,0.005,5000,0.0,0.0,-0.3739631266452469,0.08474336046324124,0.4652112950409234,4658.0
0.14300000000000002,0.35,0.005,5000,0.0,0.0,-0.3961124976052354,0.07997841211334981,0.4652112950409234,4658.0
0.14650000000000002,0.35,0.005,5000,0.0,0.0,-0.40843946125679664,0.07736792667785516,0.4652112950409234,4658.0
0.15000000000000002,0.35,0.005,5000,0.0,0.0,-0.4184632432834384,0.0753494887392132,0.4652112950409234,4658.0
0.15350000000000003,0.35,0.005,5000,0.0,0.0,-0.4356112819043448,0.07189162545052771,0.4652112950409234,4658.0
0.157,0.35,0.005,5000,0.0,0.0,-0.44629249513490593,0.06981140152245582,0.4652112950409234,4658.0
0.1605,0.35,0.005,5000,0.0,0.0,-0.4569168286042434,0.06779131010071629,0.4652112950409234,4658.0
0.164,0.35,0.005,5000,0.0,0.0,-0.47731642592235185,0.06402799395156647,0.4652112950409234,4658.0
0.1675,0.35,0.005,5000,0.0,0.0,-0.49808978087669803,0.060337782664283066,0.4652112950409234,4658.0
0.171,0.35,0.005,5000,0.0,0.0,-0.5080141485677423,0.05863502466729131,0.4652112950409234,4658.0
0.17450000000000002,0.35,0.005,5000,0.0,0.0,-0.5197884300601181,0.05661597419708873,0.4652112950409234,4658.0
0.17800000000000002,0.35,0.005,5000,0.0,0.0,-0.5306084821572761,0.05484334648057869,0.4652112950409234,4658.0
0.18150000000000002,0.35,0.005,5000,0.0,0.0,-0.5484149611971247,0.051990897269484526,0.4652112950409234,4658.0
0.18500000000000003,0.35,0.005,5000,0.0,0.0,-0.5605344922845388,0.050124663933314204,0.4652112950409234,4658.0
0.1885,0.35,0.005,5000,0.0,0.0,-0.5702406163692708,0.048632856281660496,0.4652112950409234,4658.0
0.192,0.35,0.005,5000,0.0,0.0,-0.5840294489275716,0.04659297502030118,0.4652112950409234,4658.0
0.1955,0.35,0.005,5000,0.0,0.0,-0.5971007703639555,0.0447089810621782,0.4652112950409234,4658.0
0.199,0.35,0.005,5000,0.0,0.0,-0.6063366216412795,0.043433488812231615,0.4652112950409234,4658.0
0.2025,0.35,0.005,5000,0.0,0.0,-0.6221720585455064,0.0412359902645119,0.4652112950409234,4658.0
0.20600000000000002,0.35,0.005,5000,0.0,0.0,-0.6316548142659073,0.0399811629408026,0.4652112950409234,4658.0
0.20950000000000002,0.35,0.005,5000,0.0,0.0,-0.6408737729228988,0.038776365513809606,0.4652112950409234,4658.0
0.21300000000000002,0.35,0.005,5000,0.0,0.0,-0.6556879818942244,0.03689587765938056,0.4652112950409234,4658.0
0.21650000000000003,0.35,0.005,5000,0.0,0.0,-0.6627330038337231,0.03601382083570584,0.4652112950409234,4658.0
0.22,0.35,0.005,5000,0.0,0.0,-0.6732575998184066,0.034741228886638074,0.4652112950409234,4658.0
0.01,0.4,0.005,5000,1.0,0.0,0.4122886956551729,0.35906320161465677,0.47234054817142235,4613.0
0.0135,0.4,0.005,5000,1.0,0.0,0.3848188391185624,0.34769192866808646,0.47234054817142235,4613.0
0.017,0.4,0.005,5000,1.0,0.0,0.3593033741458302,0.3369975813146015,0.47234054817142235,4613.0
0.0205,0.4,0.005,5000,1.0,0.0,0.3279345545920482,0.32383935067936875,0.47234054817142235,4613.0
0.024,0.4,0.005,5000,1.0,0.0,0.3019969331216984,0.31294604125795633,0.47234054817142235,4613.0
0.027500000000000004,0.4,0.005,5000,1.0,0.0,0.27650510540029805,0.30222935612629714,0.47234054817142235,4613.0
0.031,0.4,0.005,5000,1.0,0.0,0.24114482844221036,0.28742247739822746,0.47234054817142235,4613.0
0.0345,0.4,0.005,5000,1.0,0.0,0.21780434855695754,0.2776940200357231,0.47234054817142235,4613.0
0.038,0.4,0.005,5000,1.0,0.0,0.19317192983066697,0.2675063355366117,0.47234054817142235,4613.0
0.0415,0.4,0.005,5000,1.0,0.0,0.1702535780118941,0.2581037386260475,0.47234054817142235,4613.0
0.045000000000000005,0.4,0.005,5000,1.0,0.0,0.1407286452431918,0.24611254605476107,0.47234054817142235,4613.0
0.0485,0.4,0.005,5000,1.0,0.0,0.11814282485376022,0.23705596572286436,0.47234054817142235,4613.0
0.052000000000000005,0.4,0.005,5000,0.9875,0.0,0.09477664445648236,0.22782711998216384,0.47234054817142235,4613.0
0.0555,0.4,0.005,5000,1.0,0.0,0.07315659122506975,0.21938463802903446,0.47234054817142235,4613.0
0.059000000000000004,0.4,0.005,5000,0.9125,0.0,0.040989749552796106,0.20708948260834897,0.47234054817142235,4613.0
0.0625,0.4,0.005,5000,0.75,0.0,0.021319052758810367,0.19971460447866712,0.47234054817142235,4613.0
0.066,0.4,0.005,5000,0.475,0.0,0.0020009163641128563,0.19260385913461095,0.47234054817142235,4613.0
0.0695,0.4,0.005,5000,0.1875,0.0,-0.019195304457322974,0.18493829160746503,0.47234054817142235,4613.0
0.073,0.4,0.005,5000,0.0875,0.0,-0.039965986507840195,0.17757611226734177,0.47234054817142235,4613.0
0.0765,0.4,0.005,5000,0.0125,0.0,-0.058385950819891605,0.17118225723685107,0.47234054817142235,4613.0
0.08,0.4,0.005,5000,0.0,0.0,-0.08118895189921838,0.1634803508483927,0.47234054817142235,4613.0
0.08349999999999999,0.4,0.005,5000,0.0,0.0,-0.10171855289678852,0.15664924227269408,0.47234054817142235,4613.0
0.087,0.4,0.005,5000,0.0,0.0,-0.1275491515827087,0.1483532378057909,0.47234054817142235,4613.0
0.0905,0.4,0.005,5000,0.0,0.0,-0.1465868392266992,0.14239307983179866,0.47234054817142235,4613.0
0.094,0.4,0.005,5000,0.0,0.0,-0.1647005909882911,0.13686887153802724,0.47234054817142235,4613.0
0.0975,0.4,0.005,5000,0.0,0.0,-0.17906495352168986,0.1326071177552771,0.47234054817142235,4613.0
0.10099999999999999,0.4,0.005,5000,0.0,0.0,-0.19395537403635474,0.1282270283680723,0.47234054817142235,4613.0
0.1045,0.4,0.005,5000,0.0,0.0,-0.2133243853241938,0.12273099010481361,0.47234054817142235,4613.0
0.108,0.4,0.005,5000,0.0,0.0,-0.2390738027218265,0.11562596519539267,0.47234054817142235,4613.0
0.1115,0.4,0.005,5000,0.0,0.0,-0.2521506859481475,0.11213161698553802,0.47234054817142235,4613.0
0.11499999999999999,0.4,0.005,5000,0.0,0.0,-0.2707665352319465,0.10724067031983406,0.47234054817142235,4613.0
0.1185,0.4,0.005,5000,0.0,0.0,-0.2884426294797768,0.10274014207929824,0.47234054817142235,4613.0
0.122,0.4,0.005,5000,0.0,0.0,-0.3035360565844321,0.09905558094902196,0.47234054817142235,4613.0
0.1255,0.4,0.005,5000,0.0,0.0,-0.32354630463902445,0.0942263939670407,0.47234054817142235,4613.0
0.129,0.4,0.005,5000,0.0,0.0,-0.3332365823637326,0.09201215409349117,0.47234054817142235,4613.0
0.1325,0.4,0.005,5000,0.0,0.0,-0.35616202893093285,0.08678820174574071,0.47234054817142235,4613.0
0.136,0.4,0.005,5000,0.0,0.0,-0.3673904641014491,0.08427453724021365,0.47234054817142235,4613.0
0.1395,0.4,0.005,5000,0.0,0.0,-0.38392717892904205,0.08070789611964496,0.47234054817142235,4613.0
0.14300000000000002,0.4,0.005,5000,0.0,0.0,-0.4064893418349135,0.07603802151041728,0.47234054817142235,4613.0
0.14650000000000002,0.4,0.005,5000,0.0,0.0,-0.415602592010009,0.07417886389180571,0.47234054817142235,4613.0
0.15000000000000002,0.4,0.005,5000,0.0,0.0,-0.43161797486668707,0.07104400843141659,0.47234054817142235,4613.0
0.15350000000000003,0.4,0.005,5000,0.0,0.0,-0.44753119598632163,0.06800321682624107,0.47234054817142235,4613.0
0.157,0.4,0.005,5000,0.0,0.0,-0.4560006797307377,0.0664214891435243,0.47234054817142235,4613.0
0.1605,0.4,0.005,5000,0.0,0.0,-0.4762216075746656,0.06273857650763821,0.47234054817142235,4613.0
0.164,0.4,0.005,5000,0.0,0.0,-0.49266012716774127,0.05987552276894916,0.47234054817142235,4613.0
0.1675,0.4,0.005,5000,0.0,0.0,-0.5080349060794239,0.057267660286811184,0.47234054817142235,4613.0
0.171,0.4,0.005,5000,0.0,0.0,-0.5169185424795011,0.0558241294974358,0.47234054817142235,4613.0
0.17450000000000002,0.4,0.005,5000,0.0,0.0,-0.5318930015759603,0.05337801336655938,0.47234054817142235,4613.0
0.17800000000000002,0.4,0.005,5000,0.0,0.0,-0.5407188044707886,0.05201505203983088,0.47234054817142235,4613.0
0.18150000000000002,0.4,0.005,5000,0.0,0.0,-0.5549001693985277,0.049792470377841305,0.47234054817142235,4613.0
0.18500000000000003,0.4,0.005,5000,0.0,0.0,-0.5648798442625672,0.04832024093795145,0.47234054817142235,4613.0
0.1885,0.4,0.005,5000,0.0,0.0,-0.5838124553864393,0.04553849028892824,0.47234054817142235,4613.0
0.192,0.4,0.005,5000,0.0,0.0,-0.5976020558592919,0.04360682221585564,0.47234054817142235,4613.0
0.1955,0.4,0.005,5000,0.0,0.0,-0.6080683761825344,0.04216973624617659,0.47234054817142235,4613.0
0.199,0.4,0.005,5000,0.0,0.0,-0.6175712798000002,0.04089256527065836,0.47234054817142235,4613.0
0.2025,0.4,0.005,5000,0.0,0.0,-0.6299313858641931,0.039282867583054465,0.47234054817142235,4613.0
0.20600000000000002,0.4,0.005,5000,0.0,0.0,-0.6402938499588674,0.03794901989747457,0.47234054817142235,4613.0
0.20950000000000002,0.4,0.005,5000,0.0,0.0,-0.6524206577302716,0.036438896919147847,0.47234054817142235,4613.0
0.21300000000000002,0.4,0.005,5000,0.0,0.0,-0.6621838999164378,0.03522916727273949,0.47234054817142235,4613.0
0.21650000000000003,0.4,0.005,5000,0.0,0.0,-0.6764862098112083,0.03354712428686661,0.47234054817142235,4613.0
0.22,0.4,0.005,5000,0.0,0.0,-0.6863300947271698,0.03240028188532511,0.47234054817142235,4613.0
0.01,0.05,0.01,5000,1.0,0.0,0.5479355140182776,0.45605477831670116,0.4285714285714287,4900.0
0.0135,0.05,0.01,5000,1.0,0.0,0.5122419234945457,0.441805309323753,0.4285714285714287,4900.0
0.017,0.05,0.01,5000,1.0,0.0,0.48196212443036235,0.42937112331797733,0.4285714285714287,4900.0
0.0205,0.05,0.01,5000,1.0,0.0,0.45173764559159596,0.41674228405548047,0.4285714285714287,4900.0
0.024,0.05,0.01,5000,1.0,0.0,0.41632363660709715,0.4016675518606979,0.4285714285714287,4900.0
0.027500000000000004,0.05,0.01,5000,1.0,0.0,0.3887214734607216,0.389779685147743,0.4285714285714287,4900.0
0.031,0.05,0.01,5000,1.0,0.0,0.355717646224477,0.37534794013189593,0.4285714285714287,4900.0
0.0345,0.05,0.01,5000,1.0,0.0,0.32572546556760323,0.3620993708877945,0.4285714285714287,4900.0
0.038,0.05,0.01,5000,1.0,0.0,0.2909858989468513,0.346687233827856,0.4285714285714287,4900.0
0.0415,0.05,0.01,5000,1.0,0.0,0.2734082649524966,0.33886771226363,0.4285714285714287,4900.0
0.045000000000000005,0.05,0.01,5000,1.0,0.0,0.24853157439665124,0.3277508659570131,0.4285714285714287,4900.0
0.0485,0.05,0.01,5000,1.0,0.0,0.22291862936392864,0.31633936216652236,0.4285714285714287,4900.0
0.052000000000000005,0.05,0.01,5000,1.0,0.0,0.195816084024004,0.3043053425367237,0.4285714285714287,4900.0
0.0555,0.05,0.01,5000,1.0,0.0,0.1671525746135661,0.29162890080696846,0.4285714285714287,4900.0
0.059000000000000004,0.05,0.01,5000,1.0,0.0,0.14218846036445906,0.28066695644404416,0.4285714285714287,4900.0
0.0625,0.05,0.01,5000,1.0,0.0,0.11625509864909497,0.2693921547432946,0.4285714285714287,4900.0
0.066,0.05,0.01,5000,1.0,0.0,0.09344964947972015,0.25956853460985996,0.4285714285714287,4900.0
0.0695,0.05,0.01,5000,1.0,0.0,0.0645455626684164,0.24730181462060852,0.4285714285714287,4900.0
0.073,0.05,0.01,5000,0.975,0.0,0.048775556552557206,0.24067902176393466,0.4285714285714287,4900.0
0.0765,0.05,0.01,5000,0.825,0.0,0.025160223293462403,0.23090573630847522,0.4285714285714287,4900.0
0.08,0.05,0.01,5000,0.575,0.0,0.003685154237494326,0.22214018242435304,0.4285714285714287,4900.0
0.08349999999999999,0.05,0.01,5000,0.1875,0.0,-0.02038537150256078,0.21251946357662313,0.4285714285714287,4900.0
0.087,0.05,0.01,5000,0.05,0.0,-0.04063847117360312,0.20455546757088316,0.4285714285714287,4900.0
0.0905,0.05,0.01,5000,0.0125,0.0,-0.06266748090741878,0.19606548648191083,0.4285714285714287,4900.0
0.094,0.05,0.01,5000,0.0,0.0,-0.08282506101451956,0.18845367524372833,0.4285714285714287,4900.0
0.0975,0.05,0.01,5000,0.0,0.0,-0.09870553446781896,0.18257805519759368,0.4285714285714287,4900.0
0.10099999999999999,0.05,0.01,5000,0.0,0.0,-0.12411727158143175,0.1733884039828802,0.4285714285714287,4900.0
0.1045,0.05,0.01,5000,0.0,0.0,-0.14528377400037557,0.16593048111541925,0.4285714285714287,4900.0
0.108,0.05,0.01,5000,0.0,0.0,-0.1649378574369886,0.15913652908879386,0.4285714285714287,4900.0
0.1115,0.05,0.01,5000,0.0,0.0,-0.18030660229641918,0.1539430400435961,0.4285714285714287,4900.0
0.11499999999999999,0.05,0.01,5000,0.0,0.0,-0.20252463077038288,0.14662907887849214,0.4285714285714287,4900.0
0.1185,0.05,0.01,5000,0.0,0.0,-0.22130995428524117,0.14064597497896014,0.4285714285714287,4900.0
0.122,0.05,0.01,5000,0.0,0.0,-0.23771541350040923,0.13552669513681923,0.4285714285714287,4900.0
0.1255,0.05,0.01,5000,0.0,0.0,-0.2504839093151673,0.13156945484962604,0.4285714285714287,4900.0
0.129,0.05,0.01,5000,0.0,0.0,-0.27441501734735324,0.12447157514468292,0.4285714285714287,4900.0
0.1325,0.05,0.01,5000,0.0,0.0,-0.28853635968023095,0.12040930177459423,0.4285714285714287,4900.0
0.136,0.05,0.01,5000,0.0,0.0,-0.30588492626402203,0.11550932968655218,0.4285714285714287,4900.0
0.1395,0.05,0.01,5000,0.0,0.0,-0.3233514682359659,0.11070277317394876,0.4285714285714287,4900.0
0.14300000000000002,0.05,0.01,5000,0.0,0.0,-0.33681680995614044,0.1070779204763654,0.4285714285714287,4900.0
0.14650000000000002,0.05,0.01,5000,0.0,0.0,-0.3542840912613242,0.10251180802212545,0.4285714285714287,4900.0
0.15000000000000002,0.05,0.01,5000,0.0,0.0,-0.3722681208049965,0.09796639550555504,0.4285714285714287,4900.0
0.15350000000000003,0.05,0.01,5000,0.0,0.0,-0.3871272343310459,0.09431629747137664,0.4285714285714287,4900.0
0.157,0.05,0.01,5000,0.0,0.0,-0.3994464042599083,0.09133774352078536,0.4285714285714287,4900.0
0.1605,0.05,0.01,5000,0.0,0.0,-0.41872706142985694,0.08682189047798974,0.4285714285714287,4900.0
0.164,0.05,0.01,5000,0.0,0.0,-0.4310496075276976,0.08402303595342746,0.4285714285714287,4900.0
0.1675,0.05,0.01,5000,0.0,0.0,-0.4508533185062443,0.07963200185466127,0.4285714285714287,4900.0
0.171,0.05,0.01,5000,0.0,0.0,-0.46796874631181185,0.07597517581904747,0.4285714285714287,4900.0
0.17450000000000002,0.05,0.01,5000,0.0,0.0,-0.47810926501322176,0.07386703905142757,0.4285714285714287,4900.0
0.17800000000000002,0.05,0.01,5000,0.0,0.0,-0.49303942629326086,0.07083228520965829,0.4285714285714287,4900.0
0.18150000000000002,0.05,0.01,5000,0.0,0.0,-0.5016962046350671,0.06913993164420415,0.4285714285714287,4900.0
0.18500000000000003,0.05,0.01,5000,0.0,0.0,-0.5233402467860362,0.0649288917526715,0.4285714285714287,4900.0
0.1885,0.05,0.01,5000,0.0,0.0,-0.5316190901721677,0.06338079062593524,0.4285714285714287,4900.0
0.192,0.05,0.01,5000,0.0,0.0,-0.5459597316420804,0.060764736750129056,0.4285714285714287,4900.0
0.1955,0.05,0.01,5000,0.0,0.0,-0.5584811380057456,0.05851905780836756,0.4285714285714287,4900.0
0.199,0.05,0.01,5000,0.0,0.0,-0.5733282871514611,0.055934387730999055,0.4285714285714287,4900.0
0.2025,0.05,0.01,5000,0.0,0.0,-0.5862055073659205,0.05379401507021249,0.4285714285714287,4900.0
0.20600000000000002,0.05,0.01,5000,0.0,0.0,-0.6002075549237799,0.05149687016669391,0.4285714285714287,4900.0
0.20950000000000002,0.05,0.01,5000,0.0,0.0,-0.6123160907640471,0.04955504049056793,0.4285714285714287,4900.0
0.21300000000000002,0.05,0.01,5000,0.0,0.0,-0.6189534070217853,0.048509080764324045,0.4285714285714287,4900.0
0.21650000000000003,0.05,0.01,5000,0.0,0.0,-0.6322371792741259,0.04646947850216159,0.4285714285714287,4900.0
0.22,0.05,0.01,5000,0.0,0.0,-0.6393327779386451,0.04539159680369714,0.4285714285714287,4900.0
0.01,0.1,0.01,5000,1.0,0.0,0.5220708074267808,0.43966842485387014,0.4351767259851571,4855.0
0.0135,0.1,0.01,5000,1.0,0.0,0.48371006623101104,0.42409831287003613,0.4351767259851571,4855.0
0.017,0.1,0.01,5000,1.0,0.0,0.4560017821216178,0.4125917933301464,0.4351767259851571,4855.0
0.0205,0.1,0.01,5000,1.0,0.0,0.42517216707808225,0.39959645551856127,0.4351767259851571,4855.0
0.024,0.1,0.01,5000,1.0,0.0,0.3898108904345964,0.38438908501348956,0.4351767259851571,4855.0
0.027500000000000004,0.1,0.01,5000,1.0,0.0,0.36191036110633085,0.37233228164570786,0.4351767259851571,4855.0
0.031,0.1,0.01,5000,1.0,0.0,0.3314906242433925,0.3589871261414975,0.4351767259851571,4855.0
0.0345,0.1,0.01,5000,1.0,0.0,0.30569376831011674,0.3476364441665602,0.4351767259851571,4855.0
0.038,0.1,0.01,5000,1.0,0.0,0.27883075615509023,0.33578432657637886,0.4351767259851571,4855.0
0.0415,0.1,0.01,5000,1.0,0.0,0.24581317867160926,0.32116623781190906,0.4351767259851571,4855.0
0.045000000000000005,0.1,0.01,5000,1.0,0.0,0.2163647963431119,0.30816949448547654,0.4351767259851571,4855.0
0.0485,0.1,0.01,5000,1.0,0.0,0.20094159247021293,0.3013767405074514,0.4351767259851571,4855.0
0.052000000000000005,0.1,0.01,5000,1.0,0.0,0.17213522504745765,0.2887664696970999,0.4351767259851571,4855.0
0.0555,0.1,0.01,5000,1.0,0.0,0.1477145186101706,0.27813852223095015,0.4351767259851571,4855.0
0.059000000000000004,0.1,0.01,5000,1.0,0.0,0.12194888819713445,0.26703729721249514,0.4351767259851571,4855.0
0.0625,0.1,0.01,5000,1.0,0.0,0.10356646665604545,0.2591795417816436,0.4351767259851571,4855.0
0.066,0.1,0.01,5000,1.0,0.0,0.07571008896801804,0.24742181330961488,0.4351767259851571,4855.0
0.0695,0.1,0.01,5000,0.975,0.0,0.05228524948713088,0.23768040365907894,0.4351767259851571,4855.0
0.073,0.1,0.01,5000,0.8375,0.0,0.03131633719923251,0.22908893707803815,0.4351767259851571,4855.0
0.0765,0.1,0.01,5000,0.5125,0.0,0.006260654618364414,0.21896514104551615,0.4351767259851571,4855.0
0.08,0.1,0.01,5000,0.2375,0.0,-0.01271507971637168,0.21144919111553376,0.4351767259851571,4855.0
0.08349999999999999,0.1,0.01,5000,0.075,0.0,-0.036842320786575455,0.20205974708425609,0.4351767259851571,4855.0
0.087,0.1,0.01,5000,0.0125,0.0,-0.0641063173473598,0.1917413891177837,0.4351767259851571,4855.0
0.0905,0.1,0.01,5000,0.0,0.0,-0.07491101272045493,0.1876815751522649,0.4351767259851571,4855.0
0.094,0.1,0.01,5000,0.0,0.0,-0.09948960194794172,0.17867102368742568,0.4351767259851571,4855.0
0.0975,0.1,0.01,5000,0.0,0.0,-0.12349874863177127,0.17008846060199254,0.4351767259851571,4855.0
0.10099999999999999,0.1,0.01,5000,0.0,0.0,-0.1368865554883527,0.16546634340392039,0.4351767259851571,4855.0
0.1045,0.1,0.01,5000,0.0,0.0,-0.1539837291474108,0.15958558100426748,0.4351767259851571,4855.0
0.108,0.1,0.01,5000,0.0,0.0,-0.17563426153338116,0.15235131202554614,0.4351767259851571,4855.0
0.1115,0.1,0.01,5000,0.0,0.0,-0.19357302763275028,0.14649016796552053,0.4351767259851571,4855.0
0.11499999999999999,0.1,0.01,5000,0.0,0.0,-0.2133425205696864,0.14019508828552701,0.4351767259851571,4855.0
0.1185,0.1,0.01,5000,0.0,0.0,-0.23455491410125395,0.13363680465910424,0.4351767259851571,4855.0
0.122,0.1,0.01,5000,0.0,0.0,-0.2533044200271212,0.12805768576689996,0.4351767259851571,4855.0
0.1255,0.1,0.01,5000,0.0,0.0,-0.2712067076171268,0.1227383707965,0.4351767259851571,4855.0
0.129,0.1,0.01,5000,0.0,0.0,-0.28614566508004347,0.11851154988942078,0.4351767259851571,4855.0
0.1325,0.1,0.01,5000,0.0,0.0,-0.3025536460961619,0.11393054912340861,0.4351767259851571,4855.0
0.136,0.1,0.01,5000,0.0,0.0,-0.319987897360822,0.10923163915555274,0.4351767259851571,4855.0
0.1395,0.1,0.01,5000,0.0,0.0,-0.33728735389236675,0.10467178192323949,0.4351767259851571,4855.0
0.14300000000000002,0.1,0.01,5000,0.0,0.0,-0.3531218074736506,0.10059275493861008,0.4351767259851571,4855.0
0.14650000000000002,0.1,0.01,5000,0.0,0.0,-0.36876758911053403,0.09668723475089706,0.4351767259851571,4855.0
0.15000000000000002,0.1,0.01,5000,0.0,0.0,-0.3856860062626525,0.09259562613759806,0.4351767259851571,4855.0
0.15350000000000003,0.1,0.01,5000,0.0,0.0,-0.4065102935805919,0.0877205345577958,0.4351767259851571,4855.0
0.157,0.1,0.01,5000,0.0,0.0,-0.4112110902153411,0.08663456128850837,0.4351767259851571,4855.0
0.1605,0.1,0.01,5000,0.0,0.0,-0.431235050324973,0.08214268996150022,0.4351767259851571,4855.0
0.164,0.1,0.01,5000,0.0,0.0,-0.44678724759717153,0.07874089562785332,0.4351767259851571,4855.0
0.1675,0.1,0.01,5000,0.0,0.0,-0.45709475909450986,0.07656077651010652,0.4351767259851571,4855.0
0.171,0.1,0.01,5000,0.0,0.0,-0.477988784097216,0.07226781791881942,0.4351767259851571,4855.0
0.17450000000000002,0.1,0.01,5000,0.0,0.0,-0.49293004160038256,0.0692747643958949,0.4351767259851571,4855.0
0.17800000000000002,0.1,0.01,5000,0.0,0.0,-0.5052259054250928,0.06690313153865238,0.4351767259851571,4855.0
0.18150000000000002,0.1,0.01,5000,0.0,0.0,-0.515220695490326,0.06500433992561387,0.4351767259851571,4855.0
0.18500000000000003,0.1,0.01,5000,0.0,0.0,-0.5294081163615714,0.062366105834035714,0.4351767259851571,4855.0
0.1885,0.1,0.01,5000,0.0,0.0,-0.5411901579122691,0.06023018270135927,0.4351767259851571,4855.0
0.192,0.1,0.01,5000,0.0,0.0,-0.5561402729864492,0.057633492774542126,0.4351767259851571,4855.0
0.1955,0.1,0.01,5000,0.0,0.0,-0.5703901561209541,0.055199845100438016,0.4351767259851571,4855.0
0.199,0.1,0.01,5000,0.0,0.0,-0.5811432644992821,0.05337815976895516,0.4351767259851571,4855.0
0.2025,0.1,0.01,5000,0.0,0.0,-0.5921100855912985,0.05159449475794696,0.4351767259851571,4855.0
0.20600000000000002,0.1,0.01,5000,0.0,0.0,-0.6061650467766639,0.04937934962166211,0.4351767259851571,4855.0
0.20950000000000002,0.1,0.01,5000,0.0,0.0,-0.6185003575806144,0.04747969100556858,0.4351767259851571,4855.0
0.21300000000000002,0.1,0.01,5000,0.0,0.0,-0.631036905541446,0.04557370061691909,0.4351767259851571,4855.0
0.21650000000000003,0.1,0.01,5000,0.0,0.0,-0.6458777925081525,0.04340497781630039,0.4351767259851571,4855.0
0.22,0.1,0.01,5000,0.0,0.0,-0.6534323531008043,0.04232676220962177,0.4351767259851571,4855.0
0.01,0.15,0.01,5000,1.0,0.0,0.49643425252076556,0.42327903724384297,0.44187450182118126,4810.0
0.0135,0.15,0.01,5000,1.0,0.0,0.457708133142504,0.40733235145884433,0.44187450182118126,4810.0
0.017,0.15,0.01,5000,1.0,0.0,0.43289737134952616,0.3969609391833943,0.44187450182118126,4810.0
0.0205,0.15,0.01,5000,1.0,0.0,0.4018927783236263,0.3837627854370053,0.44187450182118126,4810.0
0.024,0.15,0.01,5000,1.0,0.0,0.3692035622193465,0.3697156731447001,0.44187450182118126,4810.0
0.027500000000000004,0.15,0.01,5000,1.0,0.0,0.33507536189410775,0.35492584730702087,0.44187450182118126,4810.0
0.031,0.15,0.01,5000,1.0,0.0,0.31122805869908815,0.34449511422902296,0.44187450182118126,4810.0
0.0345,0.15,0.01,5000,1.0,0.0,0.28305817812574097,0.3321715385533538,0.44187450182118126,4810.0
0.038,0.15,0.01,5000,1.0,0.0,0.262199166035973,0.3230025568049749,0.44187450182118126,4810.0
0.0415,0.15,0.01,5000,1.0,0.0,0.22855593945664726,0.3082869380657365,0.44187450182118126,4810.0
0.045000000000000005,0.15,0.01,5000,1.0,0.0,0.20308128807290365,0.29716586184666743,0.44187450182118126,4810.0
0.0485,0.15,0.01,5000,1.0,0.0,0.1729178863836308,0.28408160591357834,0.44187450182118126,4810.0
0.052000000000000005,0.15,0.01,5000,1.0,0.0,0.15211082843251975,0.27512862182628633,0.44187450182118126,4810.0
0.0555,0.15,0.01,5000,1.0,0.0,0.1299255611796964,0.26565665729180427,0.44187450182118126,4810.0
0.059000000000000004,0.15,0.01,5000,1.0,0.0,0.10749367385568323,0.2561522540733622,0.44187450182118126,4810.0
0.0625,0.15,0.01,5000,1.0,0.0,0.0797726973622215,0.24457013474459116,0.44187450182118126,4810.0
0.066,0.15,0.01,5000,0.9625,0.0,0.05525919649456649,0.23447617990229794,0.44187450182118126,4810.0
0.0695,0.15,0.01,5000,0.8375,0.0,0.033120262801704166,0.2255155800834964,0.44187450182118126,4810.0
0.073,0.15,0.01,5000,0.6125,0.0,0.009150584810095935,0.21594430758407243,0.44187450182118126,4810.0
0.0765,0.15,0.01,5000,0.3625,0.0,-0.009864952529929997,0.20850149913483076,0.44187450182118126,4810.0
0.08,0.15,0.01,5000,0.125,0.0,-0.03485380861584701,0.19890241661372934,0.44187450182118126,4810.0
0.08349999999999999,0.15,0.01,5000,0.05,0.0,-0.05360309446358881,0.19187085907355966,0.44187450182118126,4810.0
0.087,0.15,0.01,5000,0.0,0.0,-0.07883973547642553,0.18251321276148774,0.44187450182118126,4810.0
0.0905,0.15,0.01,5000,0.0,0.0,-0.09332096837372786,0.17732422940513387,0.44187450182118126,4810.0
0.094,0.15,0.01,5000,0.0,0.0,-0.11692391547097218,0.1689956376798765,0.44187450182118126,4810.0
0.0975,0.15,0.01,5000,0.0,0.0,-0.12958612265473377,0.16458056640395974,0.44187450182118126,4810.0
0.10099999999999999,0.15,0.01,5000,0.0,0.0,-0.15246779647808015,0.1568113030433958,0.44187450182118126,4810.0
0.1045,0.15,0.01,5000,0.0,0.0,-0.16810768588172587,0.1516315965514253,0.44187450182118126,4810.0
0.108,0.15,0.01,5000,0.0,0.0,-0.18943845178946117,0.14473724551879152,0.44187450182118126,4810.0
0.1115,0.15,0.01,5000,0.0,0.0,-0.21288037283724964,0.13742098153702714,0.44187450182118126,4810.0
0.11499999999999999,0.15,0.01,5000,0.0,0.0,-0.22817957245069823,0.13272916775552465,0.44187450182118126,4810.0
0.1185,0.15,0.01,5000,0.0,0.0,-0.24723320361581838,0.12708562454733224,0.44187450182118126,4810.0
0.122,0.15,0.01,5000,0.0,0.0,-0.2665616702582735,0.12151243777311453,0.44187450182118126,4810.0
0.1255,0.15,0.01,5000,0.0,0.0,-0.284262048698718,0.11652591968485945,0.44187450182118126,4810.0
0.129,0.15,0.01,5000,0.0,0.0,-0.3003145878213985,0.11214347803409637,0.44187450182118126,4810.0
0.1325,0.15,0.01,5000,0.0,0.0,-0.3199540618771594,0.1068637394873267,0.44187450182118126,4810.0
0.136,0.15,0.01,5000,0.0,0.0,-0.3410385247202741,0.10145735240693188,0.44187450182118126,4810.0
0.1395,0.15,0.01,5000,0.0,0.0,-0.3506156990808774,0.09902091185980612,0.44187450182118126,4810.0
0.14300000000000002,0.15,0.01,5000,0.0,0.0,-0.36636819261535447,0.09514644107205268,0.44187450182118126,4810.0
0.14650000000000002,0.15,0.01,5000,0.0,0.0,-0.3854986348259155,0.09060838405244633,0.44187450182118126,4810.0
0.15000000000000002,0.15,0.01,5000,0.0,0.0,-0.39542858764280464,0.08831382340318418,0.44187450182118126,4810.0
0.15350000000000003,0.15,0.01,5000,0.0,0.0,-0.4145560682843362,0.08398745964272476,0.44187450182118126,4810.0
0.157,0.15,0.01,5000,0.0,0.0,-0.425739585540606,0.08151246779578132,0.44187450182118126,4810.0
0.1605,0.15,0.01,5000,0.0,0.0,-0.44407460434377627,0.07757806309990609,0.44187450182118126,4810.0
0.164,0.15,0.01,5000,0.0,0.0,-0.45352915990225895,0.07555788230021845,0.44187450182118126,4810.0
0.1675,0.15,0.01,5000,0.0,0.0,-0.47093166343451376,0.07203870766761336,0.44187450182118126,4810.0
0.171,0.15,0.01,5000,0.0,0.0,-0.48260932923133437,0.06974765462602482,0.44187450182118126,4810.0
0.17450000000000002,0.15,0.01,5000,0.0,0.0,-0.49755200890442824,0.06684637155351311,0.44187450182118126,4810.0
0.17800000000000002,0.15,0.01,5000,0.0,0.0,-0.5141170010168377,0.0637370880340811,0.44187450182118126,4810.0
0.18150000000000002,0.15,0.01,5000,0.0,0.0,-0.5267278658340337,0.061445496886568064,0.44187450182118126,4810.0
0.18500000000000003,0.15,0.01,5000,0.0,0.0,-0.539172430560148,0.059238932047488355,0.44187450182118126,4810.0
0.1885,0.15,0.01,5000,0.0,0.0,-0.5561491595685878,0.05630963242943175,0.44187450182118126,4810.0
0.192,0.15,0.01,5000,0.0,0.0,-0.5632094143786968,0.055113343578440735,0.44187450182118126,4810.0
0.1955,0.15,0.01,5000,0.0,0.0,-0.5802349870908886,0.052323071650695184,0.44187450182118126,4810.0
0.199,0.15,0.01,5000,0.0,0.0,-0.5920226023939454,0.05043599947096352,0.44187450182118126,4810.0
0.2025,0.15,0.01,5000,0.0,0.0,-0.6043984580848116,0.04852328966663445,0.44187450182118126,4810.0
0.20600000000000002,0.15,0.01,5000,0.0,0.0,-0.6156557181669431,0.04681842462880066,0.44187450182118126,4810.0
0.20950000000000002,0.15,0.01,5000,0.0,0.0,-0.6340962895561557,0.04407961183946504,0.44187450182118126,4810.0
0.21300000000000002,0.15,0.01,5000,0.0,0.0,-0.6422577599426084,0.04294346170594941,0.44187450182118126,4810.0
0.21650000000000003,0.15,0.01,5000,0.0,0.0,-0.6506491838821727,0.04174359748003393,0.44187450182118126,4810.0
0.22,0.15,0.01,5000,0.0,0.0,-0.6649292977642156,0.039776178396983705,0.44187450182118126,4810.0
0.01,0.2,0.01,5000,1.0,0.0,0.4697341436736492,0.40637029321449275,0.4486669343481484,4765.0
0.0135,0.2,0.01,5000,1.0,0.0,0.4330022649059562,0.39111275443754334,0.4486669343481484,4765.0
0.017,0.2,0.01,5000,1.0,0.0,0.4041596736447447,0.37889080345995274,0.4486669343481484,4765.0
0.0205,0.2,0.01,5000,1.0,0.0,0.376566157036491,0.3671660389315662,0.4486669343481484,4765.0
0.024,0.2,0.01,5000,1.0,0.0,0.34405391359410586,0.3531677104414838,0.4486669343481484,4765.0
0.027500000000000004,0.2,0.01,5000,1.0,0.0,0.31263252019143567,0.3395673899894592,0.4486669343481484,4765.0
0.031,0.2,0.01,5000,1.0,0.0,0.2914605861081081,0.33035858584614364,0.4486669343481484,4765.0
0.0345,0.2,0.01,5000,1.0,0.0,0.25963307603236563,0.31653275736904984,0.4486669343481484,4765.0
0.038,0.2,0.01,5000,1.0,0.0,0.23555491960155103,0.3060904177365302,0.4486669343481484,4765.0
0.0415,0.2,0.01,5000,1.0,0.0,0.2060210923934105,0.29332167174435125,0.4486669343481484,4765.0
0.045000000000000005,0.2,0.01,5000,1.0,0.0,0.18453337530794559,0.28408097929581283,0.4486669343481484,4765.0
0.0485,0.2,0.01,5000,1.0,0.0,0.15764637829192146,0.2725921261904037,0.4486669343481484,4765.0
0.052000000000000005,0.2,0.01,5000,1.0,0.0,0.131850177508534,0.26167646161127694,0.4486669343481484,4765.0
0.0555,0.2,0.01,5000,1.0,0.0,0.10504831920398798,0.25048284143691296,0.4486669343481484,4765.0
0.059000000000000004,0.2,0.01,5000,1.0,0.0,0.08431623193265561,0.24190125184728045,0.4486669343481484,4765.0
0.0625,0.2,0.01,5000,0.975,0.0,0.06317146511160375,0.2333013660344196,0.4486669343481484,4765.0
0.066,0.2,0.01,5000,0.8875,0.0,0.036842771975014246,0.22270664987044525,0.4486669343481484,4765.0
0.0695,0.2,0.01,5000,0.6625,0.0,0.013452639905444846,0.2135085067971282,0.4486669343481484,4765.0
0.073,0.2,0.01,5000,0.425,0.0,-0.004587907057834623,0.20649260883021628,0.4486669343481484,4765.0
0.0765,0.2,0.01,5000,0.225,0.0,-0.026514785122800272,0.19817295872731883,0.4486669343481484,4765.0
0.08,0.2,0.01,5000,0.075,0.0,-0.04503539972836541,0.19121926666040792,0.4486669343481484,4765.0
0.08349999999999999,0.2,0.01,5000,0.0,0.0,-0.06929423194346848,0.1823511954489819,0.4486669343481484,4765.0
0.087,0.2,0.01,5000,0.0,0.0,-0.09121226163569918,0.17449364363996617,0.4486669343481484,4765.0
0.0905,0.2,0.01,5000,0.0,0.0,-0.109321218096266,0.168152963818941,0.4486669343481484,4765.0
0.094,0.2,0.01,5000,0.0,0.0,-0.13044321140948273,0.16093560710995766,0.4486669343481484,4765.0
0.0975,0.2,0.01,5000,0.0,0.0,-0.15191951203440796,0.15378861460091495,0.4486669343481484,4765.0
0.10099999999999999,0.2,0.01,5000,0.0,0.0,-0.16320825975237815,0.15008748526134763,0.4486669343481484,4765.0
0.1045,0.2,0.01,5000,0.0,0.0,-0.18690791102207943,0.14252380211817825,0.4486669343481484,4765.0
0.108,0.2,0.01,5000,0.0,0.0,-0.2077355628416156,0.1360902949663257,0.4486669343481484,4765.0
0.1115,0.2,0.01,5000,0.0,0.0,-0.22821452707520012,0.1299173891223993,0.4486669343481484,4765.0
0.11499999999999999,0.2,0.01,5000,0.0,0.0,-0.24245837042492546,0.12573147127375303,0.4486669343481484,4765.0
0.1185,0.2,0.01,5000,0.0,0.0,-0.25854617608585556,0.12112946726593359,0.4486669343481484,4765.0
0.122,0.2,0.01,5000,0.0,0.0,-0.28205988460144815,0.11457786856707738,0.4486669343481484,4765.0
0.1255,0.2,0.01,5000,0.0,0.0,-0.29659889225705144,0.11066350591390202,0.4486669343481484,4765.0
0.129,0.2,0.01,5000,0.0,0.0,-0.30678198807115403,0.1079963111928262,0.4486669343481484,4765.0
0.1325,0.2,0.01,5000,0.0,0.0,-0.3327923416922928,0.10125880519429051,0.4486669343481484,4765.0
0.136,0.2,0.01,5000,0.0,0.0,-0.3393859221893908,0.09963275160850779,0.4486669343481484,4765.0
0.1395,0.2,0.01,5000,0.0,0.0,-0.36542423999017276,0.09329975876066998,0.4486669343481484,4765.0
0.14300000000000002,0.2,0.01,5000,0.0,0.0,-0.38130388264510695,0.08957854662052611,0.4486669343481484,4765.0
0.14650000000000002,0.2,0.01,5000,0.0,0.0,-0.3923068660509611,0.08704312361192346,0.4486669343481484,4765.0
0.15000000000000002,0.2,0.01,5000,0.0,0.0,-0.41282173350777035,0.08247780814427645,0.4486669343481484,4765.0
0.15350000000000003,0.2,0.01,5000,0.0,0.0,-0.4258492038012701,0.07963969245428804,0.4486669343481484,4765.0
0.157,0.2,0.01,5000,0.0,0.0,-0.4366459965635575,0.07737959620511461,0.4486669343481484,4765.0
0.1605,0.2,0.01,5000,0.0,0.0,-0.4537120826051946,0.07384998032929169,0.4486669343481484,4765.0
0.164,0.2,0.01,5000,0.0,0.0,-0.4692601835614928,0.070762088297428,0.4486669343481484,4765.0
0.1675,0.2,0.01,5000,0.0,0.0,-0.48304017795754106,0.06807898739027811,0.4486669343481484,4765.0
0.171,0.2,0.01,5000,0.0,0.0,-0.49465717437256307,0.06587467045084623,0.4486669343481484,4765.0
0.17450000000000002,0.2,0.01,5000,0.0,0.0,-0.5124722365225048,0.06259218563360473,0.4486669343481484,4765.0
0.17800000000000002,0.2,0.01,5000,0.0,0.0,-0.5269923292147585,0.06000293438281923,0.4486669343481484,4765.0
0.18150000000000002,0.2,0.01,5000,0.0,0.0,-0.5408603814817978,0.057597954620479744,0.4486669343481484,4765.0
0.18500000000000003,0.2,0.01,5000,0.0,0.0,-0.5503979040448386,0.05595913602557834,0.4486669343481484,4765.0
0.1885,0.2,0.01,5000,0.0,0.0,-0.5679725833049926,0.053082442366285766,0.4486669343481484,4765.0
0.192,0.2,0.01,5000,0.0,0.0,-0.5752575261934763,0.05192156201818221,0.4486669343481484,4765.0
0.1955,0.2,0.01,5000,0.0,0.0,-0.590783402075849,0.04948245807929253,0.4486669343481484,4765.0
0.199,0.2,0.01,5000,0.0,0.0,-0.6021683371298876,0.047742407890729026,0.4486669343481484,4765.0
0.2025,0.2,0.01,5000,0.0,0.0,-0.6186329816586589,0.04528940195889922,0.4486669343481484,4765.0
0.20600000000000002,0.2,0.01,5000,0.0,0.0,-0.6274992189989562,0.0440104552088445,0.4486669343481484,4765.0
0.20950000000000002,0.2,0.01,5000,0.0,0.0,-0.6412574332908075,0.042078306408819474,0.4486669343481484,4765.0
0.21300000000000002,0.2,0.01,5000,0.0,0.0,-0.6481784222306441,0.04111062734150574,0.4486669343481484,4765.0
0.21650000000000003,0.2,0.01,5000,0.0,0.0,-0.6606627832135304,0.03944316379970082,0.4486669343481484,4765.0
0.22,0.2,0.01,5000,0.0,0.0,-0.6727348946343245,0.037838812196668424,0.4486669343481484,4765.0
0.01,0.25,0.01,5000,1.0,0.0,0.4416730330258109,0.3888064262485865,0.45555627434895485,4720.0
0.0135,0.25,0.01,5000,1.0,0.0,0.4122610690121274,0.37654972735143416,0.45555627434895485,4720.0
0.017,0.25,0.01,5000,1.0,0.0,0.37573083697527504,0.3610709251597185,0.45555627434895485,4720.0
0.0205,0.25,0.01,5000,1.0,0.0,0.350518727396659,0.3503058445551709,0.45555627434895485,4720.0
0.024,0.25,0.01,5000,1.0,0.0,0.32044054297935326,0.3374066998156674,0.45555627434895485,4720.0
0.027500000000000004,0.25,0.01,5000,1.0,0.0,0.2982217106972698,0.32784516189211876,0.45555627434895485,4720.0
0.031,0.25,0.01,5000,1.0,0.0,0.271772932249046,0.3164481214448968,0.45555627434895485,4720.0
0.0345,0.25,0.01,5000,1.0,0.0,0.24257901471764268,0.3038917209171797,0.45555627434895485,4720.0
0.038,0.25,0.01,5000,1.0,0.0,0.2158627651377806,0.29243328803820495,0.45555627434895485,4720.0
0.0415,0.25,0.01,5000,1.0,0.0,0.185732512918433,0.27959709807312,0.45555627434895485,4720.0
0.045000000000000005,0.25,0.01,5000,1.0,0.0,0.17066258547936217,0.27320556745769664,0.45555627434895485,4720.0
0.0485,0.25,0.01,5000,1.0,0.0,0.13864359448150906,0.25977240786076006,0.45555627434895485,4720.0
0.052000000000000005,0.25,0.01,5000,1.0,0.0,0.11026824135526762,0.24802633455315318,0.45555627434895485,4720.0
0.0555,0.25,0.01,5000,1.0,0.0,0.09105035936056396,0.24016808865422828,0.45555627434895485,4720.0
0.059000000000000004,0.25,0.01,5000,1.0,0.0,0.06577999097791395,0.2299392223623368,0.45555627434895485,4720.0
0.0625,0.25,0.01,5000,0.925,0.0,0.041967735161019565,0.2205131126512118,0.45555627434895485,4720.0
0.066,0.25,0.01,5000,0.7125,0.0,0.019043475620630742,0.21154184161703843,0.45555627434895485,4720.0
0.0695,0.25,0.01,5000,0.4375,0.0,-0.0024667612992991163,0.20333839112941837,0.45555627434895485,4720.0
0.073,0.25,0.01,5000,0.2625,0.0,-0.01524029377107614,0.19845897939124982,0.45555627434895485,4720.0
0.0765,0.25,0.01,5000,0.0375,0.0,-0.04628714603730076,0.18699271699581668,0.45555627434895485,4720.0
0.08,0.25,0.01,5000,0.0125,0.0,-0.06698484836454076,0.17951648578814466,0.45555627434895485,4720.0
0.08349999999999999,0.25,0.01,5000,0.0,0.0,-0.09179485581919683,0.1707888940844287,0.45555627434895485,4720.0
0.087,0.25,0.01,5000,0.0,0.0,-0.10821985125334828,0.16513391216927822,0.45555627434895485,4720.0
0.0905,0.25,0.01,5000,0.0,0.0,-0.12411988243965348,0.15977303923519262,0.45555627434895485,4720.0
0.094,0.25,0.01,5000,0.0,0.0,-0.14874426101633167,0.1516460102656012,0.45555627434895485,4720.0
0.0975,0.25,0.01,5000,0.0,0.0,-0.16914941468154548,0.14511104184166573,0.45555627434895485,4720.0
0.10099999999999999,0.25,0.01,5000,0.0,0.0,-0.1839780690832469,0.1404313744890357,0.45555627434895485,4720.0
0.1045,0.25,0.01,5000,0.0,0.0,-0.20576528613271367,0.1338508383778648,0.45555627434895485,4720.0
0.108,0.25,0.01,5000,0.0,0.0,-0.22107262582696113,0.12928709272465608,0.45555627434895485,4720.0
0.1115,0.25,0.01,5000,0.0,0.0,-0.2338693791713217,0.12554372817829387,0.45555627434895485,4720.0
0.11499999999999999,0.25,0.01,5000,0.0,0.0,-0.25770529714305795,0.11880137106070365,0.45555627434895485,4720.0
0.1185,0.25,0.01,5000,0.0,0.0,-0.2714250195220428,0.11500755082178012,0.45555627434895485,4720.0
0.122,0.25,0.01,5000,0.0,0.0,-0.2934087683968035,0.10912288201076983,0.45555627434895485,4720.0
0.1255,0.25,0.01,5000,0.0,0.0,-0.3102776700136034,0.10475117700382967,0.45555627434895485,4720.0
0.129,0.25,0.01,5000,0.0,0.0,-0.3270134692418647,0.10051294680961198,0.45555627434895485,4720.0
0.1325,0.25,0.01,5000,0.0,0.0,-0.34221123962530936,0.09679691949655515,0.45555627434895485,4720.0
0.136,0.25,0.01,5000,0.0,0.0,-0.36225813983523153,0.09199951334298248,0.45555627434895485,4720.0
0.1395,0.25,0.01,5000,0.0,0.0,-0.37262921916974984,0.08956031675252095,0.45555627434895485,4720.0
0.14300000000000002,0.25,0.01,5000,0.0,0.0,-0.3943309579457417,0.0846480424383365,0.45555627434895485,4720.0
0.14650000000000002,0.25,0.01,5000,0.0,0.0,-0.4072536463121016,0.08183957766226686,0.45555627434895485,4720.0
0.15000000000000002,0.25,0.01,5000,0.0,0.0,-0.42391720283335077,0.07828325058924886,0.45555627434895485,4720.0
0.15350000000000003,0.25,0.01,5000,0.0,0.0,-0.434775474080749,0.07603467865434853,0.45555627434895485,4720.0
0.157,0.25,0.01,5000,0.0,0.0,-0.4500730206344585,0.07293028500276708,0.45555627434895485,4720.0
0.1605,0.25,0.01,5000,0.0,0.0,-0.4660428612235636,0.06977491460790337,0.45555627434895485,4720.0
0.164,0.25,0.01,5000,0.0,0.0,-0.47930551229665797,0.06725423568469222,0.45555627434895485,4720.0
0.1675,0.25,0.01,5000,0.0,0.0,-0.49348979572047114,0.06459871526004538,0.45555627434895485,4720.0
0.171,0.25,0.01,5000,0.0,0.0,-0.5117591012133824,0.0613025331781031,0.45555627434895485,4720.0
0.17450000000000002,0.25,0.01,5000,0.0,0.0,-0.5191072521154759,0.06000080219433999,0.45555627434895485,4720.0
0.17800000000000002,0.25,0.01,5000,0.0,0.0,-0.5374836229882985,0.05685241500484635,0.45555627434895485,4720.0
0.18150000000000002,0.25,0.01,5000,0.0,0.0,-0.5450177007193623,0.055586234455920445,0.45555627434895485,4720.0
0.18500000000000003,0.25,0.01,5000,0.0,0.0,-0.5601376218062141,0.05313346603747179,0.45555627434895485,4720.0
0.1885,0.25,0.01,5000,0.0,0.0,-0.5734721377851215,0.050985435131058646,0.45555627434895485,4720.0
0.192,0.25,0.01,5000,0.0,0.0,-0.5851863277846814,0.04917849731182995,0.45555627434895485,4720.0
0.1955,0.25,0.01,5000,0.0,0.0,-0.6004551503315018,0.04689026271225094,0.45555627434895485,4720.0
0.199,0.25,0.01,5000,0.0,0.0,-0.6108421723780019,0.04538147130358762,0.45555627434895485,4720.0
0.2025,0.25,0.01,5000,0.0,0.0,-0.6286639265538844,0.042832780157073425,0.45555627434895485,4720.0
0.20600000000000002,0.25,0.01,5000,0.0,0.0,-0.633227538877568,0.04221279434934884,0.45555627434895485,4720.0
0.20950000000000002,0.25,0.01,5000,0.0,0.0,-0.6463427596479093,0.040405989914697064,0.45555627434895485,4720.0
0.21300000000000002,0.25,0.01,5000,0.0,0.0,-0.660117988101724,0.03858682055482841,0.45555627434895485,4720.0
0.21650000000000003,0.25,0.01,5000,0.0,0.0,-0.6691243259993801,0.03743732017423353,0.45555627434895485,4720.0
0.22,0.25,0.01,5000,0.0,0.0,-0.6798054888982771,0.03608505979468965,0.45555627434895485,4720.0
0.01,0.3,0.01,5000,1.0,0.0,0.4178832881905585,0.37308066911603155,0.46254484825426123,4675.0
0.0135,0.3,0.01,5000,1.0,0.0,0.39119915683018336,0.36189854435605845,0.46254484825426123,4675.0
0.017,0.3,0.01,5000,1.0,0.0,0.35688580149385984,0.3474188204304624,0.46254484825426123,4675.0
0.0205,0.3,0.01,5000,1.0,0.0,0.33000593732846184,0.3359920356147571,0.46254484825426123,4675.0
0.024,0.3,0.01,5000,1.0,0.0,0.30500921969793443,0.3253116340313958,0.46254484825426123,4675.0
0.027500000000000004,0.3,0.01,5000,1.0,0.0,0.26886315908674485,0.3098718661731568,0.46254484825426123,4675.0
0.031,0.3,0.01,5000,1.0,0.0,0.2546396889983324,0.3038135909832854,0.46254484825426123,4675.0
0.0345,0.3,0.01,5000,1.0,0.0,0.2231381105476356,0.290424129804651,0.46254484825426123,4675.0
0.038,0.3,0.01,5000,1.0,0.0,0.19702607449566048,0.2793894663091188,0.46254484825426123,4675.0
0.0415,0.3,0.01,5000,1.0,0.0,0.16926874123084648,0.26774828399499195,0.46254484825426123,4675.0
0.045000000000000005,0.3,0.01,5000,1.0,0.0,0.14268974904273257,0.25670884898601676,0.46254484825426123,4675.0
0.0485,0.3,0.01,5000,1.0,0.0,0.12213808505721499,0.24826808183649404,0.46254484825426123,4675.0
0.052000000000000005,0.3,0.01,5000,1.0,0.0,0.09304689860681338,0.23649372422191517,0.46254484825426123,4675.0
0.0555,0.3,0.01,5000,1.0,0.0,0.06282251105548656,0.22444184473374248,0.46254484825426123,4675.0
0.059000000000000004,0.3,0.01,5000,0.95,0.0,0.04700028898291301,0.21823600757242753,0.46254484825426123,4675.0
0.0625,0.3,0.01,5000,0.7625,0.0,0.024057727760444535,0.2093838857483902,0.46254484825426123,4675.0
0.066,0.3,0.01,5000,0.4625,0.0,0.0012479167799473675,0.20072386772383877,0.46254484825426123,4675.0
0.0695,0.3,0.01,5000,0.2125,0.0,-0.013722939657063268,0.19511190030175068,0.46254484825426123,4675.0
0.073,0.3,0.01,5000,0.0625,0.0,-0.04237747099861418,0.1846749473369671,0.46254484825426123,4675.0
0.0765,0.3,0.01,5000,0.025,0.0,-0.059322699499378725,0.178609553349295,0.46254484825426123,4675.0
0.08,0.3,0.01,5000,0.0125,0.0,-0.08281741335737518,0.17041913031680767,0.46254484825426123,4675.0
0.08349999999999999,0.3,0.01,5000,0.0,0.0,-0.10097210036636113,0.16418139486747396,0.46254484825426123,4675.0
0.087,0.3,0.01,5000,0.0,0.0,-0.11762025276171188,0.15861894739940324,0.46254484825426123,4675.0
0.0905,0.3,0.01,5000,0.0,0.0,-0.14136646758642984,0.1508658877430134,0.46254484825426123,4675.0
0.094,0.3,0.01,5000,0.0,0.0,-0.15949309154163954,0.14510003575639824,0.46254484825426123,4675.0
0.0975,0.3,0.01,5000,0.0,0.0,-0.17962096636332636,0.13884050185467445,0.46254484825426123,4675.0
0.10099999999999999,0.3,0.01,5000,0.0,0.0,-0.19848365482326913,0.13318031395996324,0.46254484825426123,4675.0
0.1045,0.3,0.01,5000,0.0,0.0,-0.22038714300029785,0.12673188657600817,0.46254484825426123,4675.0
0.108,0.3,0.01,5000,0.0,0.0,-0.2403712943243189,0.12102757354057099,0.46254484825426123,4675.0
0.1115,0.3,0.01,5000,0.0,0.0,-0.24788671218363648,0.1189147054161249,0.46254484825426123,4675.0
0.11499999999999999,0.3,0.01,5000,0.0,0.0,-0.27738958380424766,0.11092182666966721,0.46254484825426123,4675.0
0.1185,0.3,0.01,5000,0.0,0.0,-0.2882489470387303,0.10807583429536323,0.46254484825426123,4675.0
0.122,0.3,0.01,5000,0.0,0.0,-0.3047720684455356,0.10384445336261972,0.46254484825426123,4675.0
0.1255,0.3,0.01,5000,0.0,0.0,-0.32277557516199795,0.0993325897751264,0.46254484825426123,4675.0
0.129,0.3,0.01,5000,0.0,0.0,-0.3428944502835204,0.09449194024451732,0.46254484825426123,4675.0
0.1325,0.3,0.01,5000,0.0,0.0,-0.353847032581395,0.09192205173824249,0.46254484825426123,4675.0
0.136,0.3,0.01,5000,0.0,0.0,-0.3742620018010149,0.08725122507753347,0.46254484825426123,4675.0
0.1395,0.3,0.01,5000,0.0,0.0,-0.39021189382043053,0.08367409859644889,0.46254484825426123,4675.0
0.14300000000000002,0.3,0.01,5000,0.0,0.0,-0.3998649375915523,0.08159526640550456,0.46254484825426123,4675.0
0.14650000000000002,0.3,0.01,5000,0.0,0.0,-0.4196113476887442,0.07741625106972336,0.46254484825426123,4675.0
0.15000000000000002,0.3,0.01,5000,0.0,0.0,-0.4359379979806727,0.07411578997789649,0.46254484825426123,4675.0
0.15350000000000003,0.3,0.01,5000,0.0,0.0,-0.44231752827464244,0.07281888106356277,0.46254484825426123,4675.0
0.157,0.3,0.01,5000,0.0,0.0,-0.4642959077791774,0.06856177144762743,0.46254484825426123,4675.0
0.1605,0.3,0.01,5000,0.0,0.0,-0.4745455643329944,0.0666031035494774,0.46254484825426123,4675.0
0.164,0.3,0.01,5000,0.0,0.0,-0.4935881955222598,0.06314467341454758,0.46254484825426123,4675.0
0.1675,0.3,0.01,5000,0.0,0.0,-0.5052189330403642,0.06103302443378704,0.46254484825426123,4675.0
0.171,0.3,0.01,5000,0.0,0.0,-0.5187099812036526,0.058706452216431115,0.46254484825426123,4675.0
0.17450000000000002,0.3,0.01,5000,0.0,0.0,-0.5371229327343856,0.055620460152736154,0.46254484825426123,4675.0
0.17800000000000002,0.3,0.01,5000,0.0,0.0,-0.5386961894928458,0.05533993606426616,0.46254484825426123,4675.0
0.18150000000000002,0.3,0.01,5000,0.0,0.0,-0.5570292079457178,0.05238834954341245,0.46254484825426123,4675.0
0.18500000000000003,0.3,0.01,5000,0.0,0.0,-0.5738820031809135,0.04977484728756233,0.46254484825426123,4675.0
0.1885,0.3,0.01,5000,0.0,0.0,-0.5871002369183739,0.04776875865020312,0.46254484825426123,4675.0
0.192,0.3,0.01,5000,0.0,0.0,-0.5981434835364263,0.04613890547233458,0.46254484825426123,4675.0
0.1955,0.3,0.01,5000,0.0,0.0,-0.609885691738935,0.04444533332490593,0.46254484825426123,4675.0
0.199,0.3,0.01,5000,0.0,0.0,-0.6248195607567995,0.042375844626179965,0.46254484825426123,4675.0
0.2025,0.3,0.01,5000,0.0,0.0,-0.6319425139951736,0.041409631752282086,0.46254484825426123,4675.0
0.20600000000000002,0.3,0.01,5000,0.0,0.0,-0.6455772752263987,0.039578120197119725,0.46254484825426123,4675.0
0.20950000000000002,0.3,0.01,5000,0.0,0.0,-0.65102436019522,0.03886832674895145,0.46254484825426123,4675.0
0.21300000000000002,0.3,0.01,5000,0.0,0.0,-0.6671381907266839,0.03680877011414999,0.46254484825426123,4675.0
0.21650000000000003,0.3,0.01,5000,0.0,0.0,-0.6836872297711053,0.03477780709720945,0.46254484825426123,4675.0
0.22,0.3,0.01,5000,0.0,0.0,-0.6882179540543485,0.03422636466925315,0.46254484825426123,4675.0
0.01,0.35,0.01,5000,1.0,0.0,0.3871679788006789,0.3545147784903544,0.4696350614431103,4630.0
0.0135,0.35,0.01,5000,1.0,0.0,0.36072108854302287,0.3434299533556551,0.4696350614431103,4630.0
0.017,0.35,0.01,5000,1.0,0.0,0.33784492880337824,0.3337733508774484,0.4696350614431103,4630.0
0.0205,0.35,0.01,5000,1.0,0.0,0.30403732404593437,0.3194766645979875,0.4696350614431103,4630.0
0.024,0.35,0.01,5000,1.0,0.0,0.27797221127150873,0.3084567816782878,0.4696350614431103,4630.0
0.027500000000000004,0.35,0.01,5000,1.0,0.0,0.25141587313283,0.2972425393436907,0.4696350614431103,4630.0
0.031,0.35,0.01,5000,1.0,0.0,0.22923262802286923,0.28790686409269844,0.4696350614431103,4630.0
0.0345,0.35,0.01,5000,1.0,0.0,0.19774090835286517,0.27473018805590677,0.4696350614431103,4630.0
0.038,0.35,0.01,5000,1.0,0.0,0.17075410454707893,0.2635318283343426,0.4696350614431103,4630.0
0.0415,0.35,0.01,5000,1.0,0.0,0.1490757007001319,0.2546280269350826,0.4696350614431103,4630.0
0.045000000000000005,0.35,0.01,5000,1.0,0.0,0.12540953628177925,0.24499894678650946,0.4696350614431103,4630.0
0.0485,0.35,0.01,5000,1.0,0.0,0.09955542564086449,0.234623128519082,0.4696350614431103,4630.0
0.052000000000000005,0.35,0.01,5000,0.9875,0.0,0.07448570103070278,0.2247222095483333,0.4696350614431103,4630.0
0.0555,0.35,0.01,5000,0.975,0.0,0.050599485555805554,0.21541664804740224,0.4696350614431103,4630.0
0.059000000000000004,0.35,0.01,5000,0.825,0.0,0.028792456036822213,0.20710948268494,0.4696350614431103,4630.0
0.0625,0.35,0.01,5000,0.575,0.0,0.0059962790282730325,0.19855028519527837,0.4696350614431103,4630.0
0.066,0.35,0.01,5000,0.25,0.0,-0.015288921703198089,0.1907293101575543,0.4696350614431103,4630.0
0.0695,0.35,0.01,5000,0.05,0.0,-0.03776936260969162,0.18258886835876353,0.4696350614431103,4630.0
0.073,0.35,0.01,5000,0.0125,0.0,-0.0582212735118664,0.17539058648076122,0.4696350614431103,4630.0
0.0765,0.35,0.01,5000,0.0125,0.0,-0.07395604123694262,0.16994466180727646,0.4696350614431103,4630.0
0.08,0.35,0.01,5000,0.0,0.0,-0.09476959625322504,0.1629009792566008,0.4696350614431103,4630.0
0.08349999999999999,0.35,0.01,5000,0.0,0.0,-0.11696265038434786,0.1555884041230844,0.4696350614431103,4630.0
0.087,0.35,0.01,5000,0.0,0.0,-0.13649781012220438,0.14929523150090213,0.4696350614431103,4630.0
0.0905,0.35,0.01,5000,0.0,0.0,-0.16048008154616272,0.14177272892201026,0.4696350614431103,4630.0
0.094,0.35,0.01,5000,0.0,0.0,-0.17955041317567538,0.13591035204997093,0.4696350614431103,4630.0
0.0975,0.35,0.01,5000,0.0,0.0,-0.19347230269768811,0.13177907977031753,0.4696350614431103,4630.0
0.10099999999999999,0.35,0.01,5000,0.0,0.0,-0.21018599656394468,0.12693100279983607,0.4696350614431103,4630.0
0.1045,0.35,0.01,5000,0.0,0.0,-0.23706811597566793,0.1193588712751438,0.4696350614431103,4630.0
0.108,0.35,0.01,5000,0.0,0.0,-0.25845756341972037,0.11349652176202744,0.4696350614431103,4630.0
0.1115,0.35,0.01,5000,0.0,0.0,-0.270883379693288,0.11023701103830644,0.4696350614431103,4630.0
0.11499999999999999,0.35,0.01,5000,0.0,0.0,-0.29059001063601214,0.10510663027309645,0.4696350614431103,4630.0
0.1185,0.35,0.01,5000,0.0,0.0,-0.3050416053103441,0.10149465802478956,0.4696350614431103,4630.0
0.122,0.35,0.01,5000,0.0,0.0,-0.3197576491539101,0.09789786992508358,0.4696350614431103,4630.0
0.1255,0.35,0.01,5000,0.0,0.0,-0.33205131397998444,0.09496405189769327,0.4696350614431103,4630.0
0.129,0.35,0.01,5000,0.0,0.0,-0.35399401195798824,0.08981761386444578,0.4696350614431103,4630.0
0.1325,0.35,0.01,5000,0.0,0.0,-0.36923979819869784,0.08637378847766577,0.4696350614431103,4630.0
0.136,0.35,0.01,5000,0.0,0.0,-0.3820869399213359,0.08356518065964551,0.4696350614431103,4630.0
0.1395,0.35,0.01,5000,0.0,0.0,-0.3998736045523027,0.07975756730721047,0.4696350614431103,4630.0
0.14300000000000002,0.35,0.01,5000,0.0,0.0,-0.41392945242723267,0.07687021704240157,0.4696350614431103,4630.0
0.14650000000000002,0.35,0.01,5000,0.0,0.0,-0.4285465765454406,0.07389043447891337,0.4696350614431103,4630.0
0.15000000000000002,0.35,0.01,5000,0.0,0.0,-0.44601665233928767,0.07048525911487438,0.4696350614431103,4630.0
0.15350000000000003,0.35,0.01,5000,0.0,0.0,-0.46091162182990414,0.06759736025908722,0.4696350614431103,4630.0
0.157,0.35,0.01,5000,0.0,0.0,-0.4773742461403788,0.06456798078284169,0.4696350614431103,4630.0
0.1605,0.35,0.01,5000,0.0,0.0,-0.4901114434785862,0.06230544363483461,0.4696350614431103,4630.0
0.164,0.35,0.01,5000,0.0,0.0,-0.502248631309275,0.06016913879387399,0.4696350614431103,4630.0
0.1675,0.35,0.01,5000,0.0,0.0,-0.5167381707931203,0.057681519693868685,0.4696350614431103,4630.0
0.171,0.35,0.01,5000,0.0,0.0,-0.5318173888198718,0.05518298602113762,0.4696350614431103,4630.0
0.17450000000000002,0.35,0.01,5000,0.0,0.0,-0.5435725763449092,0.053299377351413116,0.4696350614431103,4630.0
0.17800000000000002,0.35,0.01,5000,0.0,0.0,-0.5597137418350234,0.05075238224739764,0.4696350614431103,4630.0
0.18150000000000002,0.35,0.01,5000,0.0,0.0,-0.5707448600044899,0.049086817591388984,0.4696350614431103,4630.0
0.18500000000000003,0.35,0.01,5000,0.0,0.0,-0.5792646296646751,0.0478061870594765,0.4696350614431103,4630.0
0.1885,0.35,0.01,5000,0.0,0.0,-0.5933105060330274,0.04576906781231027,0.4696350614431103,4630.0
0.192,0.35,0.01,5000,0.0,0.0,-0.6075247834194494,0.04377067544123695,0.4696350614431103,4630.0
0.1955,0.35,0.01,5000,0.0,0.0,-0.6186902290356293,0.04222823599016543,0.4696350614431103,4630.0
0.199,0.35,0.01,5000,0.0,0.0,-0.6311835403522537,0.040530735959995644,0.4696350614431103,4630.0
0.2025,0.35,0.01,5000,0.0,0.0,-0.6425289180966407,0.03904978040565121,0.4696350614431103,4630.0
0.20600000000000002,0.35,0.01,5000,0.0,0.0,-0.652850477458106,0.037730690979438965,0.4696350614431103,4630.0
0.20950000000000002,0.35,0.01,5000,0.0,0.0,-0.6695357580475145,0.035650224859592364,0.4696350614431103,4630.0
0.21300000000000002,0.35,0.01,5000,0.0,0.0,-0.680742883143588,0.034298852571249885,0.4696350614431103,4630.0
0.21650000000000003,0.35,0.01,5000,0.0,0.0,-0.6838694130198307,0.033936471491809686,0.4696350614431103,4630.0
0.22,0.35,0.01,5000,0.0,0.0,-0.7027927373477771,0.03174641793296059,0.4696350614431103,4630.0
0.01,0.4,0.01,5000,1.0,0.0,0.3681898073168743,0.34095795178053456,0.4768294017212823,4585.0
0.0135,0.4,0.01,5000,1.0,0.0,0.34223301850066196,0.3301145514952549,0.4768294017212823,4585.0
0.017,0.4,0.01,5000,1.0,0.0,0.31126117256432495,0.317124101000757,0.4768294017212823,4585.0
0.0205,0.4,0.01,5000,1.0,0.0,0.2829642937221094,0.3052590646414532,0.4768294017212823,4585.0
0.024,0.4,0.01,5000,1.0,0.0,0.25748127864795134,0.29460767128764676,0.4768294017212823,4585.0
0.027500000000000004,0.4,0.01,5000,1.0,0.0,0.2303163402594695,0.28329337974549956,0.4768294017212823,4585.0
0.031,0.4,0.01,5000,1.0,0.0,0.20226280100490718,0.2716715328378188,0.4768294017212823,4585.0
0.0345,0.4,0.01,5000,1.0,0.0,0.17458511128303683,0.2603117391077537,0.4768294017212823,4585.0
0.038,0.4,0.01,5000,1.0,0.0,0.14982794147899897,0.25024130572018677,0.4768294017212823,4585.0
0.0415,0.4,0.01,5000,1.0,0.0,0.12818430556553959,0.24154999832054308,0.4768294017212823,4585.0
0.045000000000000005,0.4,0.01,5000,1.0,0.0,0.10426976039944011,0.23204508989251815,0.4768294017212823,4585.0
0.0485,0.4,0.01,5000,1.0,0.0,0.08100472645613732,0.22295003968698754,0.4768294017212823,4585.0
0.052000000000000005,0.4,0.01,5000,0.9875,0.0,0.05777055441949104,0.21399583589410803,0.4768294017212823,4585.0
0.0555,0.4,0.01,5000,0.85,0.0,0.03336387777058604,0.2047658071850881,0.4768294017212823,4585.0
0.059000000000000004,0.4,0.01,5000,0.625,0.0,0.014533800167953161,0.1977629348377078,0.4768294017212823,4585.0
0.0625,0.4,0.01,5000,0.375,0.0,-0.010514799926607832,0.18865090088259112,0.4768294017212823,4585.0
0.066,0.4,0.01,5000,0.0625,0.0,-0.03405331757047018,0.18026598128769183,0.4768294017212823,4585.0
0.0695,0.4,0.01,5000,0.0125,0.0,-0.04955982622233195,0.17483225357054982,0.4768294017212823,4585.0
0.073,0.4,0.01,5000,0.0,0.0,-0.07805588607949028,0.16507664517848278,0.4768294017212823,4585.0
0.0765,0.4,0.01,5000,0.0,0.0,-0.09916434443267161,0.1581274685141774,0.4768294017212823,4585.0
0.08,0.4,0.01,5000,0.0,0.0,-0.11836261940073278,0.15187626668983034,0.4768294017212823,4585.0
0.08349999999999999,0.4,0.01,5000,0.0,0.0,-0.1289105224333497,0.14853876008463537,0.4768294017212823,4585.0
0.087,0.4,0.01,5000,0.0,0.0,-0.15380294655059507,0.14077210514218252,0.4768294017212823,4585.0
0.0905,0.4,0.01,5000,0.0,0.0,-0.17723723899050495,0.1337649065561201,0.4768294017212823,4585.0
0.094,0.4,0.01,5000,0.0,0.0,-0.18842227286341823,0.1304366897262843,0.4768294017212823,4585.0
0.0975,0.4,0.01,5000,0.0,0.0,-0.21046126216131614,0.12409582210648669,0.4768294017212823,4585.0
0.10099999999999999,0.4,0.01,5000,0.0,0.0,-0.2287763493882784,0.11903187649623855,0.4768294017212823,4585.0
0.1045,0.4,0.01,5000,0.0,0.0,-0.24147590270432814,0.11552231395053789,0.4768294017212823,4585.0
0.108,0.4,0.01,5000,0.0,0.0,-0.2651983705574238,0.10926835796203953,0.4768294017212823,4585.0
0.1115,0.4,0.01,5000,0.0,0.0,-0.28387258903763224,0.10454328695378476,0.4768294017212823,4585.0
0.11499999999999999,0.4,0.01,5000,0.0,0.0,-0.30218910846659075,0.09995715791643689,0.4768294017212823,4585.0
0.1185,0.4,0.01,5000,0.0,0.0,-0.3099066279899073,0.0980698567181824,0.4768294017212823,4585.0
0.122,0.4,0.01,5000,0.0,0.0,-0.33045815733573625,0.09318678733260968,0.4768294017212823,4585.0
0.1255,0.4,0.01,5000,0.0,0.0,-0.34767912183377864,0.08925272224556333,0.4768294017212823,4585.0
0.129,0.4,0.01,5000,0.0,0.0,-0.36606569275415846,0.08515230228751487,0.4768294017212823,4585.0
0.1325,0.4,0.01,5000,0.0,0.0,-0.3842347404637689,0.08123892704911617,0.4768294017212823,4585.0
0.136,0.4,0.01,5000,0.0,0.0,-0.3931761965227784,0.07938178597465904,0.4768294017212823,4585.0
0.1395,0.4,0.01,5000,0.0,0.0,-0.4129229026304563,0.07531402143314365,0.4768294017212823,4585.0
0.14300000000000002,0.4,0.01,5000,0.0,0.0,-0.4245995852464045,0.07299953563700728,0.4768294017212823,4585.0
0.14650000000000002,0.4,0.01,5000,0.0,0.0,-0.44713498273596103,0.06866716045070614,0.4768294017212823,4585.0
0.15000000000000002,0.4,0.01,5000,0.0,0.0,-0.45841505713826997,0.06653108188225144,0.4768294017212823,4585.0
0.15350000000000003,0.4,0.01,5000,0.0,0.0,-0.47521386596330295,0.06350957400640497,0.4768294017212823,4585.0
0.157,0.4,0.01,5000,0.0,0.0,-0.48526794992398753,0.061731276533653644,0.4768294017212823,4585.0
0.1605,0.4,0.01,5000,0.0,0.0,-0.49855308657805447,0.059431359106917506,0.4768294017212823,4585.0
0.164,0.4,0.01,5000,0.0,0.0,-0.5169502655407261,0.05631226790004784,0.4768294017212823,4585.0
0.1675,0.4,0.01,5000,0.0,0.0,-0.5275780469890643,0.0545935835467556,0.4768294017212823,4585.0
0.171,0.4,0.01,5000,0.0,0.0,-0.538766669704064,0.052823790697717365,0.4768294017212823,4585.0
0.17450000000000002,0.4,0.01,5000,0.0,0.0,-0.5559814384272895,0.05014736189059508,0.4768294017212823,4585.0
0.17800000000000002,0.4,0.01,5000,0.0,0.0,-0.5722114126820032,0.04774138574553498,0.4768294017212823,4585.0
0.18150000000000002,0.4,0.01,5000,0.0,0.0,-0.5770602335532017,0.0470236415027471,0.4768294017212823,4585.0
0.18500000000000003,0.4,0.01,5000,0.0,0.0,-0.5896281551217287,0.04523546937659086,0.4768294017212823,4585.0
0.1885,0.4,0.01,5000,0.0,0.0,-0.6036654808209577,0.04326675809743548,0.4768294017212823,4585.0
0.192,0.4,0.01,5000,0.0,0.0,-0.6181224863507233,0.04131219473304794,0.4768294017212823,4585.0
0.1955,0.4,0.01,5000,0.0,0.0,-0.6303061081433519,0.03970060872619395,0.4768294017212823,4585.0
0.199,0.4,0.01,5000,0.0,0.0,-0.6462389058950674,0.037671171456270476,0.4768294017212823,4585.0
0.2025,0.4,0.01,5000,0.0,0.0,-0.6531039677587396,0.036824681353742075,0.4768294017212823,4585.0
0.20600000000000002,0.4,0.01,5000,0.0,0.0,-0.6628419989828072,0.03563213134763406,0.4768294017212823,4585.0
0.20950000000000002,0.4,0.01,5000,0.0,0.0,-0.6723372567998263,0.034477571835140455,0.4768294017212823,4585.0
0.21300000000000002,0.4,0.01,5000,0.0,0.0,-0.6867811618590167,0.03280262917379473,0.4768294017212823,4585.0
0.21650000000000003,0.4,0.01,5000,0.0,0.0,-0.6970799136319086,0.03164053000116708,0.4768294017212823,4585.0
0.22,0.4,0.01,5000,0.0,0.0,-0.7082096653875972,0.03039837899556015,0.4768294017212823,4585.0
0.01,0.05,0.02,5000,1.0,0.0,0.4473661086393541,0.41524471403886604,0.4366570530687186,4845.0
0.0135,0.05,0.02,5000,1.0,0.0,0.41458574103074214,0.40134864256936237,0.4366570530687186,4845.0
0.017,0.05,0.02,5000,1.0,0.0,0.3844432748290969,0.3883645210491604,0.4366570530687186,4845.0
0.0205,0.05,0.02,5000,1.0,0.0,0.357741674935522,0.3768054378364309,0.4366570530687186,4845.0
0.024,0.05,0.02,5000,1.0,0.0,0.32820947228386566,0.3638449416408941,0.4366570530687186,4845.0
0.027500000000000004,0.05,0.02,5000,1.0,0.0,0.29767552419391735,0.3503801621125455,0.4366570530687186,4845.0
0.031,0.05,0.02,5000,1.0,0.0,0.2703796328959567,0.33830250275809925,0.4366570530687186,4845.0
0.0345,0.05,0.02,5000,1.0,0.0,0.24243816741863505,0.32590653198999947,0.4366570530687186,4845.0
0.038,0.05,0.02,5000,1.0,0.0,0.2180903509455913,0.3151171566942872,0.4366570530687186,4845.0
0.0415,0.05,0.02,5000,1.0,0.0,0.1912496629410459,0.30326762448499084,0.4366570530687186,4845.0
0.045000000000000005,0.05,0.02,5000,1.0,0.0,0.16327777838892737,0.29096709385749076,0.4366570530687186,4845.0
0.0485,0.05,0.02,5000,1.0,0.0,0.13565438125222265,0.2789234092666225,0.4366570530687186,4845.0
0.052000000000000005,0.05,0.02,5000,1.0,0.0,0.11177721792841408,0.268607994037168,0.4366570530687186,4845.0
0.0555,0.05,0.02,5000,1.0,0.0,0.09284801369739197,0.26050305631876347,0.4366570530687186,4845.0
0.059000000000000004,0.05,0.02,5000,0.9875,0.0,0.06689703341857642,0.24951848619627653,0.4366570530687186,4845.0
0.0625,0.05,0.02,5000,0.9375,0.0,0.04334200919188992,0.23968449874494357,0.4366570530687186,4845.0
0.066,0.05,0.02,5000,0.775,0.0,0.02310986999914285,0.23134696464856255,0.4366570530687186,4845.0
0.0695,0.05,0.02,5000,0.4625,0.0,-0.0031319560150199627,0.22072763957880293,0.4366570530687186,4845.0
0.073,0.05,0.02,5000,0.15,0.0,-0.029094908929203588,0.2104404296879574,0.4366570530687186,4845.0
0.0765,0.05,0.02,5000,0.05,0.0,-0.04649447220144587,0.20367110298709523,0.4366570530687186,4845.0
0.08,0.05,0.02,5000,0.0125,0.0,-0.06531060441176936,0.19644785048712107,0.4366570530687186,4845.0
0.08349999999999999,0.05,0.02,5000,0.0,0.0,-0.08893645401908483,0.1875782765876123,0.4366570530687186,4845.0
0.087,0.05,0.02,5000,0.0,0.0,-0.10769342593044787,0.18067560695449325,0.4366570530687186,4845.0
0.0905,0.05,0.02,5000,0.0,0.0,-0.12680149406376687,0.17381509327224648,0.4366570530687186,4845.0
0.094,0.05,0.02,5000,0.0,0.0,-0.1456664065465256,0.16720409592110502,0.4366570530687186,4845.0
0.0975,0.05,0.02,5000,0.0,0.0,-0.1715878426583847,0.1583012021721549,0.4366570530687186,4845.0
0.10099999999999999,0.05,0.02,5000,0.0,0.0,-0.18943950578997992,0.1523520939819766,0.4366570530687186,4845.0
0.1045,0.05,0.02,5000,0.0,0.0,-0.2092777511820673,0.14588068263270587,0.4366570530687186,4845.0
0.108,0.05,0.02,5000,0.0,0.0,-0.22658373697953382,0.14043603459643497,0.4366570530687186,4845.0
0.1115,0.05,0.02,5000,0.0,0.0,-0.2458800576282214,0.1344156796662072,0.4366570530687186,4845.0
0.11499999999999999,0.05,0.02,5000,0.0,0.0,-0.2604906812355837,0.1300442531452394,0.4366570530687186,4845.0
0.1185,0.05,0.02,5000,0.0,0.0,-0.2706170855468253,0.12703670765771385,0.4366570530687186,4845.0
0.122,0.05,0.02,5000,0.0,0.0,-0.2925462487978375,0.12067792076561037,0.4366570530687186,4845.0
0.1255,0.05,0.02,5000,0.0,0.0,-0.3108111916838794,0.11551674652451989,0.4366570530687186,4845.0
0.129,0.05,0.02,5000,0.0,0.0,-0.32504591201896293,0.11165646047658825,0.4366570530687186,4845.0
0.1325,0.05,0.02,5000,0.0,0.0,-0.3474417711477498,0.10569416514566388,0.4366570530687186,4845.0
0.136,0.05,0.02,5000,0.0,0.0,-0.36414104940226527,0.10139036544561723,0.4366570530687186,4845.0
0.1395,0.05,0.02,5000,0.0,0.0,-0.37734405497976764,0.0981209881527022,0.4366570530687186,4845.0
0.14300000000000002,0.05,0.02,5000,0.0,0.0,-0.39474760626847283,0.09380648421821874,0.4366570530687186,4845.0
0.14650000000000002,0.05,0.02,5000,0.0,0.0,-0.4105925683135837,0.09005674365248226,0.4366570530687186,4845.0
0.15000000000000002,0.05,0.02,5000,0.0,0.0,-0.42544335696029945,0.08664047192716764,0.4366570530687186,4845.0
0.15350000000000003,0.05,0.02,5000,0.0,0.0,-0.43774275412486424,0.08386359589591927,0.4366570530687186,4845.0
0.157,0.05,0.02,5000,0.0,0.0,-0.45818214393032014,0.0793886109677078,0.4366570530687186,4845.0
0.1605,0.05,0.02,5000,0.0,0.0,-0.4682221500087553,0.07725754994707898,0.4366570530687186,4845.0
0.164,0.05,0.02,5000,0.0,0.0,-0.48304362926280964,0.07418753918369132,0.4366570530687186,4845.0
0.1675,0.05,0.02,5000,0.0,0.0,-0.4998215042269922,0.07076142530099531,0.4366570530687186,4845.0
0.171,0.05,0.02,5000,0.0,0.0,-0.5147086760007464,0.06784956022064968,0.4366570530687186,4845.0
0.17450000000000002,0.05,0.02,5000,0.0,0.0,-0.5328802128910433,0.06441286469421577,0.4366570530687186,4845.0
0.17800000000000002,0.05,0.02,5000,0.0,0.0,-0.540989960546254,0.062907083169929,0.4366570530687186,4845.0
0.18150000000000002,0.05,0.02,5000,0.0,0.0,-0.5519713628950871,0.060924766592137525,0.4366570530687186,4845.0
0.18500000000000003,0.05,0.02,5000,0.0,0.0,-0.5711729857615835,0.057541126928664844,0.4366570530687186,4845.0
0.1885,0.05,0.02,5000,0.0,0.0,-0.5833401971882513,0.05543872228186706,0.4366570530687186,4845.0
0.192,0.05,0.02,5000,0.0,0.0,-0.5940101308023534,0.053671130554302046,0.4366570530687186,4845.0
0.1955,0.05,0.02,5000,0.0,0.0,-0.6038138200040936,0.05206804700660015,0.4366570530687186,4845.0
0.199,0.05,0.02,5000,0.0,0.0,-0.6174161839319948,0.04989511067108634,0.4366570530687186,4845.0
0.2025,0.05,0.02,5000,0.0,0.0,-0.627979374148872,0.048266217843611944,0.4366570530687186,4845.0
0.20600000000000002,0.05,0.02,5000,0.0,0.0,-0.6393732217757471,0.04652785296688244,0.4366570530687186,4845.0
0.20950000000000002,0.05,0.02,5000,0.0,0.0,-0.6513225236551907,0.04476020431326601,0.4366570530687186,4845.0
0.21300000000000002,0.05,0.02,5000,0.0,0.0,-0.663158522392429,0.043049260704194195,0.4366570530687186,4845.0
0.21650000000000003,0.05,0.02,5000,0.0,0.0,-0.6742783957379521,0.04147280973671388,0.4366570530687186,4845.0
0.22,0.05,0.02,5000,0.0,0.0,-0.6873192518414661,0.03968191289323305,0.4366570530687186,4845.0
0.01,0.1,0.02,5000,1.0,0.0,0.4224272913084935,0.3987675455060636,0.44337567297406455,4800.0
0.0135,0.1,0.02,5000,1.0,0.0,0.3884346569286356,0.38427624239596075,0.44337567297406455,4800.0
0.017,0.1,0.02,5000,1.0,0.0,0.36588513164323666,0.3745568768480917,0.44337567297406455,4800.0
0.0205,0.1,0.02,5000,1.0,0.0,0.33494719890285607,0.36113222683145085,0.44337567297406455,4800.0
0.024,0.1,0.02,5000,1.0,0.0,0.30343903945273804,0.3473238196257172,0.44337567297406455,4800.0
0.027500000000000004,0.1,0.02,5000,1.0,0.0,0.27361525816786003,0.33422956358671646,0.44337567297406455,4800.0
0.031,0.1,0.02,5000,1.0,0.0,0.24778064251876325,0.32288092414972624,0.44337567297406455,4800.0
0.0345,0.1,0.02,5000,1.0,0.0,0.22435568339947887,0.3125848118561437,0.44337567297406455,4800.0
0.038,0.1,0.02,5000,1.0,0.0,0.19711739943920648,0.3006535077699204,0.44337567297406455,4800.0
0.0415,0.1,0.02,5000,1.0,0.0,0.16676680371983774,0.28744027736229893,0.44337567297406455,4800.0
0.045000000000000005,0.1,0.02,5000,1.0,0.0,0.14368369444310572,0.27746671346629953,0.44337567297406455,4800.0
0.0485,0.1,0.02,5000,1.0,0.0,0.12285618175522568,0.2685146305520877,0.44337567297406455,4800.0
0.052000000000000005,0.1,0.02,5000,1.0,0.0,0.10050835326000662,0.2590248595590169,0.44337567297406455,4800.0
0.0555,0.1,0.02,5000,0.9875,0.0,0.07241090057785945,0.24723036336276155,0.44337567297406455,4800.0
0.059000000000000004,0.1,0.02,5000,0.9625,0.0,0.05111644362967969,0.2384326585111695,0.44337567297406455,4800.0
0.0625,0.1,0.02,5000,0.8375,0.0,0.029789621762296863,0.22971672833551926,0.44337567297406455,4800.0
0.066,0.1,0.02,5000,0.55,0.0,0.00644691293105845,0.2203289620050804,0.44337567297406455,4800.0
0.0695,0.1,0.02,5000,0.325,0.0,-0.009271144232048523,0.21412612347997673,0.44337567297406455,4800.0
0.073,0.1,0.02,5000,0.075,0.0,-0.0431951379968674,0.2009615161401655,0.44337567297406455,4800.0
0.0765,0.1,0.02,5000,0.0125,0.0,-0.06166968727307868,0.19398139688933486,0.44337567297406455,4800.0
0.08,0.1,0.02,5000,0.0,0.0,-0.08191880028337255,0.18644424428593495,0.44337567297406455,4800.0
0.08349999999999999,0.1,0.02,5000,0.0,0.0,-0.10048540062880437,0.17965857505093777,0.44337567297406455,4800.0
0.087,0.1,0.02,5000,0.0,0.0,-0.11720206196453142,0.1737019452768933,0.44337567297406455,4800.0
0.0905,0.1,0.02,5000,0.0,0.0,-0.14414827296168986,0.1643575579125796,0.44337567297406455,4800.0
0.094,0.1,0.02,5000,0.0,0.0,-0.1619087595707694,0.15830141825166244,0.44337567297406455,4800.0
0.0975,0.1,0.02,5000,0.0,0.0,-0.18323575498911532,0.15123630417281206,0.44337567297406455,4800.0
0.10099999999999999,0.1,0.02,5000,0.0,0.0,-0.20308701572260884,0.1448209601961773,0.44337567297406455,4800.0
0.1045,0.1,0.02,5000,0.0,0.0,-0.2156368339215497,0.14085680706287917,0.44337567297406455,4800.0
0.108,0.1,0.02,5000,0.0,0.0,-0.2375686403233707,0.13410128393812132,0.44337567297406455,4800.0
0.1115,0.1,0.02,5000,0.0,0.0,-0.2534993543181225,0.12934089225774043,0.44337567297406455,4800.0
0.11499999999999999,0.1,0.02,5000,0.0,0.0,-0.27950073959622823,0.1217723466270515,0.44337567297406455,4800.0
0.1185,0.1,0.02,5000,0.0,0.0,-0.297340785534048,0.11675911854384409,0.44337567297406455,4800.0
0.122,0.1,0.02,5000,0.0,0.0,-0.3122037939981482,0.11271954952031979,0.44337567297406455,4800.0
0.1255,0.1,0.02,5000,0.0,0.0,-0.32795113495420136,0.10846183228186516,0.44337567297406455,4800.0
0.129,0.1,0.02,5000,0.0,0.0,-0.3394729206085238,0.10547779938044963,0.44337567297406455,4800.0
0.1325,0.1,0.02,5000,0.0,0.0,-0.3592546154812008,0.10042977393278822,0.44337567297406455,4800.0
0.136,0.1,0.02,5000,0.0,0.0,-0.3704298701661159,0.09765084492428358,0.44337567297406455,4800.0
0.1395,0.1,0.02,5000,0.0,0.0,-0.3938399038437151,0.09200291053913899,0.44337567297406455,4800.0
0.14300000000000002,0.1,0.02,5000,0.0,0.0,-0.4072078156783501,0.08887790663958359,0.44337567297406455,4800.0
0.14650000000000002,0.1,0.02,5000,0.0,0.0,-0.422416871755504,0.08538471361619071,0.44337567297406455,4800.0
0.15000000000000002,0.1,0.02,5000,0.0,0.0,-0.44286201625312865,0.08087639199429797,0.44337567297406455,4800.0
0.15350000000000003,0.1,0.02,5000,0.0,0.0,-0.45447686206077076,0.07839859705846816,0.44337567297406455,4800.0
0.157,0.1,0.02,5000,0.0,0.0,-0.4707372403549822,0.07502699630822399,0.44337567297406455,4800.0
0.1605,0.1,0.02,5000,0.0,0.0,-0.48277358682553456,0.07254310613634815,0.44337567297406455,4800.0
0.164,0.1,0.02,5000,0.0,0.0,-0.4981816114019157,0.06949866764275107,0.44337567297406455,4800.0
0.1675,0.1,0.02,5000,0.0,0.0,-0.5104519068098077,0.0671134097443434,0.44337567297406455,4800.0
0.171,0.1,0.02,5000,0.0,0.0,-0.5223057589721336,0.06492092160177579,0.44337567297406455,4800.0
0.17450000000000002,0.1,0.02,5000,0.0,0.0,-0.538419974200274,0.06194758627415721,0.44337567297406455,4800.0
0.17800000000000002,0.1,0.02,5000,0.0,0.0,-0.5508632458681163,0.0597225697499272,0.44337567297406455,4800.0
0.18150000000000002,0.1,0.02,5000,0.0,0.0,-0.567776367741194,0.05680096256837288,0.44337567297406455,4800.0
0.18500000000000003,0.1,0.02,5000,0.0,0.0,-0.5733954898617436,0.05583269903262431,0.44337567297406455,4800.0
0.1885,0.1,0.02,5000,0.0,0.0,-0.5877554571686948,0.05346348959877818,0.44337567297406455,4800.0
0.192,0.1,0.02,5000,0.0,0.0,-0.6010702534636906,0.05134550779603157,0.44337567297406455,4800.0
0.1955,0.1,0.02,5000,0.0,0.0,-0.6176263202864257,0.048735172468807375,0.44337567297406455,4800.0
0.199,0.1,0.02,5000,0.0,0.0,-0.6299146590500844,0.046862742047938624,0.44337567297406455,4800.0
0.2025,0.1,0.02,5000,0.0,0.0,-0.6403199696957202,0.045313721528968974,0.44337567297406455,4800.0
0.20600000000000002,0.1,0.02,5000,0.0,0.0,-0.6538030103444502,0.04338228863347388,0.44337567297406455,4800.0
0.20950000000000002,0.1,0.02,5000,0.0,0.0,-0.660454835535381,0.04243755492282718,0.44337567297406455,4800.0
0.21300000000000002,0.1,0.02,5000,0.0,0.0,-0.6786749299532747,0.03992336506144781,0.44337567297406455,4800.0
0.21650000000000003,0.1,0.02,5000,0.0,0.0,-0.6851435102085173,0.03906253182407357,0.44337567297406455,4800.0
0.22,0.1,0.02,5000,0.0,0.0,-0.6946633181324053,0.037788088502329266,0.44337567297406455,4800.0
0.01,0.15,0.02,5000,1.0,0.0,0.39851226651855665,0.38272399882312175,0.45018944336986844,4755.0
0.0135,0.15,0.02,5000,1.0,0.0,0.3693436145450143,0.370293158492092,0.45018944336986844,4755.0
0.017,0.15,0.02,5000,1.0,0.0,0.33811944228548474,0.35683719749228704,0.45018944336986844,4755.0
0.0205,0.15,0.02,5000,1.0,0.0,0.3121314203965957,0.34555897307558636,0.45018944336986844,4755.0
0.024,0.15,0.02,5000,1.0,0.0,0.27541221152698414,0.32955514974168204,0.45018944336986844,4755.0
0.027500000000000004,0.15,0.02,5000,1.0,0.0,0.2542721256291267,0.32034935233770867,0.45018944336986844,4755.0
0.031,0.15,0.02,5000,1.0,0.0,0.231292072341493,0.3103342424771022,0.45018944336986844,4755.0
0.0345,0.15,0.02,5000,1.0,0.0,0.20325723802162843,0.2981632910056558,0.45018944336986844,4755.0
0.038,0.15,0.02,5000,1.0,0.0,0.17410256153757955,0.28557257672961117,0.45018944336986844,4755.0
0.0415,0.15,0.02,5000,1.0,0.0,0.14928040701980155,0.27493841098538413,0.45018944336986844,4755.0
0.045000000000000005,0.15,0.02,5000,1.0,0.0,0.12338884891343153,0.2639368261247199,0.45018944336986844,4755.0
0.0485,0.15,0.02,5000,1.0,0.0,0.10232508944782151,0.25508518484874887,0.45018944336986844,4755.0
0.052000000000000005,0.15,0.02,5000,1.0,0.0,0.07700711181176505,0.24456500676664011,0.45018944336986844,4755.0
0.0555,0.15,0.02,5000,0.9875,0.0,0.05040512717734709,0.23368820623792405,0.45018944336986844,4755.0
0.059000000000000004,0.15,0.02,5000,0.875,0.0,0.030095303585116095,0.22550800287562192,0.45018944336986844,4755.0
0.0625,0.15,0.02,5000,0.6125,0.0,0.008115186911584015,0.21679130333834123,0.45018944336986844,4755.0
0.066,0.15,0.02,5000,0.225,0.0,-0.018396739139700656,0.20648673809808032,0.45018944336986844,4755.0
0.0695,0.15,0.02,5000,0.075,0.0,-0.03875018402313143,0.1987264301175995,0.45018944336986844,4755.0
0.073,0.15,0.02,5000,0.0125,0.0,-0.05711916136429753,0.19182636589487406,0.45018944336986844,4755.0
0.0765,0.15,0.02,5000,0.0,0.0,-0.07794564003777475,0.18415626765758727,0.45018944336986844,4755.0
0.08,0.15,0.02,5000,0.0,0.0,-0.10002232060801056,0.17625029418561994,0.45018944336986844,4755.0
0.08349999999999999,0.15,0.02,5000,0.0,0.0,-0.11846895954000017,0.1697793689968466,0.45018944336986844,4755.0
0.087,0.15,0.02,5000,0.0,0.0,-0.14134625596028755,0.16191641699051137,0.45018944336986844,4755.0
0.0905,0.15,0.02,5000,0.0,0.0,-0.1654739155613732,0.15387904229382915,0.45018944336986844,4755.0
0.094,0.15,0.02,5000,0.0,0.0,-0.17654852994011794,0.15024638886746983,0.45018944336986844,4755.0
0.0975,0.15,0.02,5000,0.0,0.0,-0.19609403531043001,0.14400841667891928,0.45018944336986844,4755.0
0.10099999999999999,0.15,0.02,5000,0.0,0.0,-0.2144740333084178,0.13827752827110115,0.45018944336986844,4755.0
0.1045,0.15,0.02,5000,0.0,0.0,-0.23777386512202686,0.13120087278791087,0.45018944336986844,4755.0
0.108,0.15,0.02,5000,0.0,0.0,-0.25432858382212836,0.1263832831805885,0.45018944336986844,4755.0
0.1115,0.15,0.02,5000,0.0,0.0,-0.2737171745392475,0.12082823298623335,0.45018944336986844,4755.0
0.11499999999999999,0.15,0.02,5000,0.0,0.0,-0.28599945894129536,0.11734687186553092,0.45018944336986844,4755.0
0.1185,0.15,0.02,5000,0.0,0.0,-0.30904291474396217,0.11113974704577194,0.45018944336986844,4755.0
0.122,0.15,0.02,5000,0.0,0.0,-0.32168135656948055,0.10773970932710619,0.45018944336986844,4755.0
0.1255,0.15,0.02,5000,0.0,0.0,-0.3401320681805965,0.10302809208680679,0.45018944336986844,4755.0
0.129,0.15,0.02,5000,0.0,0.0,-0.3576432874237506,0.09867891615510714,0.45018944336986844,4755.0
0.1325,0.15,0.02,5000,0.0,0.0,-0.37247340986380717,0.09502000906688561,0.45018944336986844,4755.0
0.136,0.15,0.02,5000,0.0,0.0,-0.3866554305668897,0.09162771723628944,0.45018944336986844,4755.0
0.1395,0.15,0.02,5000,0.0,0.0,-0.40070259990551166,0.08837309189157634,0.45018944336986844,4755.0
0.14300000000000002,0.15,0.02,5000,0.0,0.0,-0.41858038042586065,0.0843769914369135,0.45018944336986844,4755.0
0.14650000000000002,0.15,0.02,5000,0.0,0.0,-0.4339156134153829,0.0810278034115921,0.45018944336986844,4755.0
0.15000000000000002,0.15,0.02,5000,0.0,0.0,-0.44912370574311317,0.07774934937847207,0.45018944336986844,4755.0
0.15350000000000003,0.15,0.02,5000,0.0,0.0,-0.4699438689220745,0.07349022224144035,0.45018944336986844,4755.0
0.157,0.15,0.02,5000,0.0,0.0,-0.48069212448834586,0.07136976586004833,0.45018944336986844,4755.0
0.1605,0.15,0.02,5000,0.0,0.0,-0.4905226945506681,0.06940562207545628,0.45018944336986844,4755.0
0.164,0.15,0.02,5000,0.0,0.0,-0.5082289154201332,0.06606843871331143,0.45018944336986844,4755.0
0.1675,0.15,0.02,5000,0.0,0.0,-0.5240979027352497,0.06310909435341192,0.45018944336986844,4755.0
0.171,0.15,0.02,5000,0.0,0.0,-0.5363012429680882,0.060935670323906864,0.45018944336986844,4755.0
0.17450000000000002,0.15,0.02,5000,0.0,0.0,-0.5534905637583613,0.05791718005581734,0.45018944336986844,4755.0
0.17800000000000002,0.15,0.02,5000,0.0,0.0,-0.557856043807685,0.05718869416608998,0.45018944336986844,4755.0
0.18150000000000002,0.15,0.02,5000,0.0,0.0,-0.5745737680418288,0.05437327242033263,0.45018944336986844,4755.0
0.18500000000000003,0.15,0.02,5000,0.0,0.0,-0.5868761219326348,0.05239260045734634,0.45018944336986844,4755.0
0.1885,0.15,0.02,5000,0.0,0.0,-0.6011806201097896,0.05012224786151811,0.45018944336986844,4755.0
0.192,0.15,0.02,5000,0.0,0.0,-0.6146456455259253,0.048061495881956885,0.45018944336986844,4755.0
0.1955,0.15,0.02,5000,0.0,0.0,-0.6242767959521959,0.04663668628418023,0.45018944336986844,4755.0
0.199,0.15,0.02,5000,0.0,0.0,-0.6347827092490228,0.04506791366419958,0.45018944336986844,4755.0
0.2025,0.15,0.02,5000,0.0,0.0,-0.6470305618441323,0.043327813331064946,0.45018944336986844,4755.0
0.20600000000000002,0.15,0.02,5000,0.0,0.0,-0.6606798272101144,0.04142002874866796,0.45018944336986844,4755.0
0.20950000000000002,0.15,0.02,5000,0.0,0.0,-0.6714912582872113,0.0399638036642069,0.45018944336986844,4755.0
0.21300000000000002,0.15,0.02,5000,0.0,0.0,-0.6826546881439582,0.03847248337401843,0.45018944336986844,4755.0
0.21650000000000003,0.15,0.02,5000,0.0,0.0,-0.6934382353119652,0.03708104447399764,0.45018944336986844,4755.0
0.22,0.15,0.02,5000,0.0,0.0,-0.7049836518844913,0.035617720736502365,0.45018944336986844,4755.0
0.01,0.2,0.02,5000,1.0,0.0,0.3722982186253854,0.3658075814663612,0.45710063157312,4710.0
0.0135,0.2,0.02,5000,1.0,0.0,0.3427644565949355,0.3531752573252252,0.45710063157312,4710.0
0.017,0.2,0.02,5000,1.0,0.0,0.311752830664682,0.33982266977184555,0.45710063157312,4710.0
0.0205,0.2,0.02,5000,1.0,0.0,0.28390385616428115,0.3278026034541723,0.45710063157312,4710.0
0.024,0.2,0.02,5000,1.0,0.0,0.26074516801735725,0.3177939109498135,0.45710063157312,4710.0
0.027500000000000004,0.2,0.02,5000,1.0,0.0,0.23177751664106694,0.3052874084147496,0.45710063157312,4710.0
0.031,0.2,0.02,5000,1.0,0.0,0.20287511513627082,0.292861113228594,0.45710063157312,4710.0
0.0345,0.2,0.02,5000,1.0,0.0,0.1743835045888417,0.2806817696288456,0.45710063157312,4710.0
0.038,0.2,0.02,5000,1.0,0.0,0.1545631033122035,0.27227532270289634,0.45710063157312,4710.0
0.0415,0.2,0.02,5000,1.0,0.0,0.12537738522028655,0.26000976698326783,0.45710063157312,4710.0
0.045000000000000005,0.2,0.02,5000,1.0,0.0,0.10854508153085325,0.25299741392344705,0.45710063157312,4710.0
0.0485,0.2,0.02,5000,1.0,0.0,0.08675621268055292,0.24402177794812868,0.45710063157312,4710.0
0.052000000000000005,0.2,0.02,5000,0.9875,0.0,0.06039018153014062,0.23332173798175743,0.45710063157312,4710.0
0.0555,0.2,0.02,5000,0.9,0.0,0.033215765734580974,0.22247381967063923,0.45710063157312,4710.0
0.059000000000000004,0.2,0.02,5000,0.6125,0.0,0.009933396670811145,0.213334437936522,0.45710063157312,4710.0
0.0625,0.2,0.02,5000,0.2875,0.0,-0.01433984264707151,0.20402380008777365,0.45710063157312,4710.0
0.066,0.2,0.02,5000,0.0625,0.0,-0.035684007107388296,0.19594187258615764,0.45710063157312,4710.0
0.0695,0.2,0.02,5000,0.0125,0.0,-0.05615430956209322,0.18842849768570716,0.45710063157312,4710.0
0.073,0.2,0.02,5000,0.0,0.0,-0.07379821385171297,0.18197844745981331,0.45710063157312,4710.0
0.0765,0.2,0.02,5000,0.0,0.0,-0.09574114362228758,0.17422737527697923,0.45710063157312,4710.0
0.08,0.2,0.02,5000,0.0,0.0,-0.114084261672765,0.1678444105696769,0.45710063157312,4710.0
0.08349999999999999,0.2,0.02,5000,0.0,0.0,-0.13551036968244895,0.16058235337858234,0.45710063157312,4710.0
0.087,0.2,0.02,5000,0.0,0.0,-0.15344053420203557,0.1546093418130403,0.45710063157312,4710.0
0.0905,0.2,0.02,5000,0.0,0.0,-0.1778772184989895,0.14673109049035965,0.45710063157312,4710.0
0.094,0.2,0.02,5000,0.0,0.0,-0.1970479163201599,0.1407077287058359,0.45710063157312,4710.0
0.0975,0.2,0.02,5000,0.0,0.0,-0.21694620263573688,0.1346404593472002,0.45710063157312,4710.0
0.10099999999999999,0.2,0.02,5000,0.0,0.0,-0.23215258407494094,0.1301188871842558,0.45710063157312,4710.0
0.1045,0.2,0.02,5000,0.0,0.0,-0.24424497901820788,0.12655992525039578,0.45710063157312,4710.0
0.108,0.2,0.02,5000,0.0,0.0,-0.2674777208747944,0.11995612473215078,0.45710063157312,4710.0
0.1115,0.2,0.02,5000,0.0,0.0,-0.28115458110256003,0.11621383747758088,0.45710063157312,4710.0
0.11499999999999999,0.2,0.02,5000,0.0,0.0,-0.30033471719324323,0.11103563439195699,0.45710063157312,4710.0
0.1185,0.2,0.02,5000,0.0,0.0,-0.3207729308974518,0.10566318577249352,0.45710063157312,4710.0
0.122,0.2,0.02,5000,0.0,0.0,-0.3308348264165087,0.10308298146285708,0.45710063157312,4710.0
0.1255,0.2,0.02,5000,0.0,0.0,-0.3542223653846501,0.09730153857244715,0.45710063157312,4710.0
0.129,0.2,0.02,5000,0.0,0.0,-0.3768906749228373,0.09186291448373363,0.45710063157312,4710.0
0.1325,0.2,0.02,5000,0.0,0.0,-0.3858578629213007,0.08979252961873804,0.45710063157312,4710.0
0.136,0.2,0.02,5000,0.0,0.0,-0.401480561735433,0.08625377325891402,0.45710063157312,4710.0
0.1395,0.2,0.02,5000,0.0,0.0,-0.41759881769044116,0.08267554363231336,0.45710063157312,4710.0
0.14300000000000002,0.2,0.02,5000,0.0,0.0,-0.4308463586586887,0.07985704949101113,0.45710063157312,4710.0
0.14650000000000002,0.2,0.02,5000,0.0,0.0,-0.44839778497098093,0.07618476865117892,0.45710063157312,4710.0
0.15000000000000002,0.2,0.02,5000,0.0,0.0,-0.45826670855678786,0.07416397794119252,0.45710063157312,4710.0
0.15350000000000003,0.2,0.02,5000,0.0,0.0,-0.478612011876759,0.0701486722443175,0.45710063157312,4710.0
0.157,0.2,0.02,5000,0.0,0.0,-0.49204591473412773,0.06754519845213222,0.45710063157312,4710.0
0.1605,0.2,0.02,5000,0.0,0.0,-0.5109107478989581,0.06405462538025157,0.45710063157312,4710.0
0.164,0.2,0.02,5000,0.0,0.0,-0.5216769127088728,0.06210239799659205,0.45710063157312,4710.0
0.1675,0.2,0.02,5000,0.0,0.0,-0.5354497192114741,0.05966905494963134,0.45710063157312,4710.0
0.171,0.2,0.02,5000,0.0,0.0,-0.5440467538220903,0.05820019143379325,0.45710063157312,4710.0
0.17450000000000002,0.2,0.02,5000,0.0,0.0,-0.558854674721546,0.05570989372340559,0.45710063157312,4710.0
0.17800000000000002,0.2,0.02,5000,0.0,0.0,-0.5656105647371621,0.054586127326862924,0.45710063157312,4710.0
0.18150000000000002,0.2,0.02,5000,0.0,0.0,-0.5910015217632045,0.050531493321405385,0.45710063157312,4710.0
0.18500000000000003,0.2,0.02,5000,0.0,0.0,-0.5955100894493333,0.04983716261407186,0.45710063157312,4710.0
0.1885,0.2,0.02,5000,0.0,0.0,-0.6096695348391656,0.047684908045292004,0.45710063157312,4710.0
0.192,0.2,0.02,5000,0.0,0.0,-0.6225939890518523,0.04579774621595662,0.45710063157312,4710.0
0.1955,0.2,0.02,5000,0.0,0.0,-0.6340597457712525,0.04413873904067063,0.45710063157312,4710.0
0.199,0.2,0.02,5000,0.0,0.0,-0.6500466142753458,0.04190064847926607,0.45710063157312,4710.0
0.2025,0.2,0.02,5000,0.0,0.0,-0.6580150460818122,0.04083542413071656,0.45710063157312,4710.0
0.20600000000000002,0.2,0.02,5000,0.0,0.0,-0.670893835367238,0.03911086185739586,0.45710063157312,4710.0
0.20950000000000002,0.2,0.02,5000,0.0,0.0,-0.6800932122707897,0.037915175023149325,0.45710063157312,4710.0
0.21300000000000002,0.2,0.02,5000,0.0,0.0,-0.6937128248871799,0.036188111091530625,0.45710063157312,4710.0
0.21650000000000003,0.2,0.02,5000,0.0,0.0,-0.7059023765733734,0.03469291465785894,0.45710063157312,4710.0
0.22,0.2,0.02,5000,0.0,0.0,-0.712827117400621,0.03384667771660842,0.45710063157312,4710.0
0.01,0.25,0.02,5000,1.0,0.0,0.3533935153135751,0.35205122840029796,0.4641115812672397,4665.0
0.0135,0.25,0.02,5000,1.0,0.0,0.3227418691420808,0.33899726903056043,0.4641115812672397,4665.0
0.017,0.25,0.02,5000,1.0,0.0,0.29730618112356844,0.32810046239429463,0.4641115812672397,4665.0
0.0205,0.25,0.02,5000,1.0,0.0,0.2612510484268119,0.31267007764019683,0.4641115812672397,4665.0
0.024,0.25,0.02,5000,1.0,0.0,0.23793567172841357,0.3027023225893435,0.4641115812672397,4665.0
0.027500000000000004,0.25,0.02,5000,1.0,0.0,0.21471230719793816,0.2927910909246149,0.4641115812672397,4665.0
0.031,0.25,0.02,5000,1.0,0.0,0.19171617749771247,0.2830316537049556,0.4641115812672397,4665.0
0.0345,0.25,0.02,5000,1.0,0.0,0.15767405837996987,0.2687135094776895,0.4641115812672397,4665.0
0.038,0.25,0.02,5000,1.0,0.0,0.1349612153250296,0.2592366170027405,0.4641115812672397,4665.0
0.0415,0.25,0.02,5000,1.0,0.0,0.11406573463954875,0.25063593505658394,0.4641115812672397,4665.0
0.045000000000000005,0.25,0.02,5000,1.0,0.0,0.09216819363363961,0.24169382908298612,0.4641115812672397,4665.0
0.0485,0.25,0.02,5000,1.0,0.0,0.06496344043980287,0.2307323151240138,0.4641115812672397,4665.0
0.052000000000000005,0.25,0.02,5000,0.9125,0.0,0.040744908360690654,0.22115572026195318,0.4641115812672397,4665.0
0.0555,0.25,0.02,5000,0.65,0.0,0.019881158770091008,0.2130735422551669,0.4641115812672397,4665.0
0.059000000000000004,0.25,0.02,5000,0.35,0.0,-0.006845767988367819,0.20284263253268797,0.4641115812672397,4665.0
0.0625,0.25,0.02,5000,0.175,0.0,-0.02632503416440855,0.19557958252896696,0.4641115812672397,4665.0
0.066,0.25,0.02,5000,0.05,0.0,-0.04613983215955223,0.1882658634694911,0.4641115812672397,4665.0
0.0695,0.25,0.02,5000,0.0,0.0,-0.07238925831427277,0.1788467538498094,0.4641115812672397,4665.0
0.073,0.25,0.02,5000,0.0,0.0,-0.0975762578871638,0.17009306550616551,0.4641115812672397,4665.0
0.0765,0.25,0.02,5000,0.0,0.0,-0.10881111319761383,0.16617497956070387,0.4641115812672397,4665.0
0.08,0.25,0.02,5000,0.0,0.0,-0.1348576744846941,0.15746658310292885,0.4641115812672397,4665.0
0.08349999999999999,0.25,0.02,5000,0.0,0.0,-0.1459052364368068,0.1538492730691849,0.4641115812672397,4665.0
0.087,0.25,0.02,5000,0.0,0.0,-0.17720462311866528,0.14392222437310148,0.4641115812672397,4665.0
0.0905,0.25,0.02,5000,0.0,0.0,-0.18278161692469572,0.14213116367789672,0.4641115812672397,4665.0
0.094,0.25,0.02,5000,0.0,0.0,-0.21012777970816704,0.1338385947612383,0.4641115812672397,4665.0
0.0975,0.25,0.02,5000,0.0,0.0,-0.22946099376454593,0.12808333616619133,0.4641115812672397,4665.0
0.10099999999999999,0.25,0.02,5000,0.0,0.0,-0.24124650970504455,0.12470709593446734,0.4641115812672397,4665.0
0.1045,0.25,0.02,5000,0.0,0.0,-0.26254631479781027,0.11874333425692829,0.4641115812672397,4665.0
0.108,0.25,0.02,5000,0.0,0.0,-0.2826921268117563,0.11325595199376479,0.4641115812672397,4665.0
0.1115,0.25,0.02,5000,0.0,0.0,-0.29875647937862027,0.10895932416312007,0.4641115812672397,4665.0
0.11499999999999999,0.25,0.02,5000,0.0,0.0,-0.3142696414947397,0.10497766819307704,0.4641115812672397,4665.0
0.1185,0.25,0.02,5000,0.0,0.0,-0.3295108039191646,0.10113699042370636,0.4641115812672397,4665.0
0.122,0.25,0.02,5000,0.0,0.0,-0.34571476960546876,0.09720887029938405,0.4641115812672397,4665.0
0.1255,0.25,0.02,5000,0.0,0.0,-0.36296920755574347,0.09306217000646211,0.4641115812672397,4665.0
0.129,0.25,0.02,5000,0.0,0.0,-0.3810296460122399,0.0889095650773536,0.4641115812672397,4665.0
0.1325,0.25,0.02,5000,0.0,0.0,-0.3957189824024666,0.08559408754694768,0.4641115812672397,4665.0
0.136,0.25,0.02,5000,0.0,0.0,-0.4138382599883393,0.08166879959548215,0.4641115812672397,4665.0
0.1395,0.25,0.02,5000,0.0,0.0,-0.4309872392083426,0.07802722110452902,0.4641115812672397,4665.0
0.14300000000000002,0.25,0.02,5000,0.0,0.0,-0.44447400877190574,0.07529347012819876,0.4641115812672397,4665.0
0.14650000000000002,0.25,0.02,5000,0.0,0.0,-0.46403229329245815,0.07134513564089509,0.4641115812672397,4665.0
0.15000000000000002,0.25,0.02,5000,0.0,0.0,-0.46924582344522586,0.07032458740485603,0.4641115812672397,4665.0
0.15350000000000003,0.25,0.02,5000,0.0,0.0,-0.48708634341150503,0.06695858181971857,0.4641115812672397,4665.0
0.157,0.25,0.02,5000,0.0,0.0,-0.5049301833456923,0.06367922485540914,0.4641115812672397,4665.0
0.1605,0.25,0.02,5000,0.0,0.0,-0.5142494133039138,0.06199549022168218,0.4641115812672397,4665.0
0.164,0.25,0.02,5000,0.0,0.0,-0.530901216451596,0.05911390918225571,0.4641115812672397,4665.0
0.1675,0.25,0.02,5000,0.0,0.0,-0.5419885225664072,0.057217028159576036,0.4641115812672397,4665.0
0.171,0.25,0.02,5000,0.0,0.0,-0.5598054409206868,0.05426442280844719,0.4641115812672397,4665.0
0.17450000000000002,0.25,0.02,5000,0.0,0.0,-0.5740725347279857,0.05199472284449226,0.4641115812672397,4665.0
0.17800000000000002,0.25,0.02,5000,0.0,0.0,-0.5814629883658761,0.050837095891302184,0.4641115812672397,4665.0
0.18150000000000002,0.25,0.02,5000,0.0,0.0,-0.5875250500856652,0.04989990096870479,0.4641115812672397,4665.0
0.18500000000000003,0.25,0.02,5000,0.0,0.0,-0.6057530199726969,0.04716522635632505,0.4641115812672397,4665.0
0.1885,0.25,0.02,5000,0.0,0.0,-0.617639646836867,0.04544250467403865,0.4641115812672397,4665.0
0.192,0.25,0.02,5000,0.0,0.0,-0.6337858229065663,0.04315139480028707,0.4641115812672397,4665.0
0.1955,0.25,0.02,5000,0.0,0.0,-0.6447670054740545,0.04164995057994837,0.4641115812672397,4665.0
0.199,0.25,0.02,5000,0.0,0.0,-0.6525162526582224,0.0405936091564753,0.4641115812672397,4665.0
0.2025,0.25,0.02,5000,0.0,0.0,-0.6700515073726347,0.03830548791875963,0.4641115812672397,4665.0
0.20600000000000002,0.25,0.02,5000,0.0,0.0,-0.6805905245134549,0.03697174135475649,0.4641115812672397,4665.0
0.20950000000000002,0.25,0.02,5000,0.0,0.0,-0.6912841726098982,0.035641954689985295,0.4641115812672397,4665.0
0.21300000000000002,0.25,0.02,5000,0.0,0.0,-0.7046199560981317,0.03402456649618748,0.4641115812672397,4665.0
0.21650000000000003,0.25,0.02,5000,0.0,0.0,-0.7108357309665154,0.03329743968396885,0.4641115812672397,4665.0
0.22,0.25,0.02,5000,0.0,0.0,-0.7213680226043415,0.03206839931951138,0.4641115812672397,4665.0
0.01,0.3,0.02,5000,1.0,0.0,0.32305564670084674,0.33359347288104507,0.47122471584124914,4620.0
0.0135,0.3,0.02,5000,1.0,0.0,0.2985037394307658,0.3231617291693606,0.47122471584124914,4620.0
0.017,0.3,0.02,5000,1.0,0.0,0.27864352994434116,0.31474593637076714,0.47122471584124914,4620.0
0.0205,0.3,0.02,5000,1.0,0.0,0.24171119390028,0.2990854305595846,0.47122471584124914,4620.0
0.024,0.3,0.02,5000,1.0,0.0,0.2167776952540284,0.28855718073386405,0.47122471584124914,4620.0
0.027500000000000004,0.3,0.02,5000,1.0,0.0,0.20215579096343267,0.28240003640770456,0.47122471584124914,4620.0
0.031,0.3,0.02,5000,1.0,0.0,0.16657758971554076,0.26755296796340217,0.47122471584124914,4620.0
0.0345,0.3,0.02,5000,1.0,0.0,0.14034505672625525,0.2567275018775635,0.47122471584124914,4620.0
0.038,0.3,0.02,5000,1.0,0.0,0.1168794640847128,0.24712954041137863,0.47122471584124914,4620.0
0.0415,0.3,0.02,5000,0.9875,0.0,0.08919726213367925,0.2360159560154044,0.47122471584124914,4620.0
0.045000000000000005,0.3,0.02,5000,0.975,0.0,0.07018364950230715,0.22843336516471968,0.47122471584124914,4620.0
0.0485,0.3,0.02,5000,0.8875,0.0,0.049813796565163444,0.22047737650806765,0.47122471584124914,4620.0
0.052000000000000005,0.3,0.02,5000,0.7125,0.0,0.017245847022209188,0.20793417736363268,0.47122471584124914,4620.0
0.0555,0.3,0.02,5000,0.375,0.0,-0.006811224409354959,0.19888874035594456,0.47122471584124914,4620.0
0.059000000000000004,0.3,0.02,5000,0.175,0.0,-0.023271767573065948,0.19281374606524865,0.47122471584124914,4620.0
0.0625,0.3,0.02,5000,0.05,0.0,-0.04427141765497839,0.18519333588349923,0.47122471584124914,4620.0
0.066,0.3,0.02,5000,0.0,0.0,-0.059892670498693866,0.17962536611916174,0.47122471584124914,4620.0
0.0695,0.3,0.02,5000,0.0,0.0,-0.08463962729465577,0.17099897981828485,0.47122471584124914,4620.0
0.073,0.3,0.02,5000,0.0,0.0,-0.10389989961383742,0.16445702755552735,0.47122471584124914,4620.0
0.0765,0.3,0.02,5000,0.0,0.0,-0.13043314763911673,0.15567319782106864,0.47122471584124914,4620.0
0.08,0.3,0.02,5000,0.0,0.0,-0.15389797409471195,0.14815572513444542,0.47122471584124914,4620.0
0.08349999999999999,0.3,0.02,5000,0.0,0.0,-0.16742122617562488,0.1438977538081327,0.47122471584124914,4620.0
0.087,0.3,0.02,5000,0.0,0.0,-0.18678577595077478,0.13793110599248934,0.47122471584124914,4620.0
0.0905,0.3,0.02,5000,0.0,0.0,-0.20780406649713185,0.13165984250743312,0.47122471584124914,4620.0
0.094,0.3,0.02,5000,0.0,0.0,-0.2245558334136227,0.12678665584020735,0.47122471584124914,4620.0
0.0975,0.3,0.02,5000,0.0,0.0,-0.24253642111364987,0.1217036400972007,0.47122471584124914,4620.0
0.10099999999999999,0.3,0.02,5000,0.0,0.0,-0.2618054260074923,0.11639332410756556,0.47122471584124914,4620.0
0.1045,0.3,0.02,5000,0.0,0.0,-0.27646936869527305,0.11244783975024134,0.47122471584124914,4620.0
0.108,0.3,0.02,5000,0.0,0.0,-0.2955844286350054,0.10742789595548281,0.47122471584124914,4620.0
0.1115,0.3,0.02,5000,0.0,0.0,-0.3123052520028515,0.10319424023316057,0.47122471584124914,4620.0
0.11499999999999999,0.3,0.02,5000,0.0,0.0,-0.32829347800696274,0.09925169033072703,0.47122471584124914,4620.0
0.1185,0.3,0.02,5000,0.0,0.0,-0.3449733407266955,0.09520954562138692,0.47122471584124914,4620.0
0.122,0.3,0.02,5000,0.0,0.0,-0.35996216082479043,0.09170135151317245,0.47122471584124914,4620.0
0.1255,0.3,0.02,5000,0.0,0.0,-0.3796280783382868,0.08723754662649905,0.47122471584124914,4620.0
0.129,0.3,0.02,5000,0.0,0.0,-0.39355709319210386,0.08417025163609186,0.47122471584124914,4620.0
0.1325,0.3,0.02,5000,0.0,0.0,-0.40671623160895154,0.08133792759855689,0.47122471584124914,4620.0
0.136,0.3,0.02,5000,0.0,0.0,-0.4259540397875785,0.07729395340184839,0.47122471584124914,4620.0
0.1395,0.3,0.02,5000,0.0,0.0,-0.4420105935437128,0.07405467539387697,0.47122471584124914,4620.0
0.14300000000000002,0.3,0.02,5000,0.0,0.0,-0.45489030101888694,0.07152642722111943,0.47122471584124914,4620.0
0.14650000000000002,0.3,0.02,5000,0.0,0.0,-0.46952913990502887,0.06869120627826694,0.47122471584124914,4620.0
0.15000000000000002,0.3,0.02,5000,0.0,0.0,-0.4890913565746061,0.06505590531240155,0.47122471584124914,4620.0
0.15350000000000003,0.3,0.02,5000,0.0,0.0,-0.500849058617996,0.06295954328599096,0.47122471584124914,4620.0
0.157,0.3,0.02,5000,0.0,0.0,-0.5166448522478808,0.06016138659525659,0.47122471584124914,4620.0
0.1605,0.3,0.02,5000,0.0,0.0,-0.5298634550446986,0.05792185376620303,0.47122471584124914,4620.0
0.164,0.3,0.02,5000,0.0,0.0,-0.5420473205669919,0.0558965716021073,0.47122471584124914,4620.0
0.1675,0.3,0.02,5000,0.0,0.0,-0.5534878916333319,0.05404537175992306,0.47122471584124914,4620.0
0.171,0.3,0.02,5000,0.0,0.0,-0.5648438497738268,0.05223992695850592,0.47122471584124914,4620.0
0.17450000000000002,0.3,0.02,5000,0.0,0.0,-0.5803930708283209,0.04984017004802604,0.47122471584124914,4620.0
0.17800000000000002,0.3,0.02,5000,0.0,0.0,-0.5942584848413153,0.047754219750894764,0.47122471584124914,4620.0
0.18150000000000002,0.3,0.02,5000,0.0,0.0,-0.6016937678314646,0.04667041998521644,0.47122471584124914,4620.0
0.18500000000000003,0.3,0.02,5000,0.0,0.0,-0.621427275885068,0.0438586899541893,0.47122471584124914,4620.0
0.1885,0.3,0.02,5000,0.0,0.0,-0.6333786615334007,0.042206069136588566,0.47122471584124914,4620.0
0.192,0.3,0.02,5000,0.0,0.0,-0.6437361733118898,0.04080743403746265,0.47122471584124914,4620.0
0.1955,0.3,0.02,5000,0.0,0.0,-0.6583507593056475,0.03891508296733161,0.47122471584124914,4620.0
0.199,0.3,0.02,5000,0.0,0.0,-0.6668793533083812,0.03780762365218824,0.47122471584124914,4620.0
0.2025,0.3,0.02,5000,0.0,0.0,-0.6776251207944615,0.03646502723349561,0.47122471584124914,4620.0
0.20600000000000002,0.3,0.02,5000,0.0,0.0,-0.6896061046784222,0.03500238236681232,0.47122471584124914,4620.0
0.20950000000000002,0.3,0.02,5000,0.0,0.0,-0.6971218220773647,0.03411750322533004,0.47122471584124914,4620.0
0.21300000000000002,0.3,0.02,5000,0.0,0.0,-0.710369331026825,0.03255990334285851,0.47122471584124914,4620.0
0.21650000000000003,0.3,0.02,5000,0.0,0.0,-0.7210208395525184,0.03135277733526149,0.47122471584124914,4620.0
0.22,0.3,0.02,5000,0.0,0.0,-0.7248852799113602,0.030929256909209092,0.47122471584124914,4620.0
0.01,0.35,0.02,5000,1.0,0.0,0.304002836768933,0.32006481328264524,0.4784425419091459,4575.0
0.0135,0.35,0.02,5000,1.0,0.0,0.28125321611306286,0.3105023901724261,0.4784425419091459,4575.0
0.017,0.35,0.02,5000,1.0,0.0,0.24713900044126463,0.29617230455282284,0.4784425419091459,4575.0
0.0205,0.35,0.02,5000,1.0,0.0,0.22694505158191722,0.28771985980474934,0.4784425419091459,4575.0
0.024,0.35,0.02,5000,1.0,0.0,0.19813800806421644,0.27572744682446854,0.4784425419091459,4575.0
0.027500000000000004,0.35,0.02,5000,1.0,0.0,0.17044404042076838,0.2642946859006673,0.4784425419091459,4575.0
0.031,0.35,0.02,5000,1.0,0.0,0.14321074350887467,0.2531734715359487,0.4784425419091459,4575.0
0.0345,0.35,0.02,5000,1.0,0.0,0.1209985210277865,0.2442142385056317,0.4784425419091459,4575.0
0.038,0.35,0.02,5000,1.0,0.0,0.09782889568109529,0.23496061408285485,0.4784425419091459,4575.0
0.0415,0.35,0.02,5000,0.9875,0.0,0.06962754802206428,0.22387589120305887,0.4784425419091459,4575.0
0.045000000000000005,0.35,0.02,5000,0.95,0.0,0.04430146971280004,0.21409278950408478,0.4784425419091459,4575.0
0.0485,0.35,0.02,5000,0.8,0.0,0.025299308101664825,0.2068856253376886,0.4784425419091459,4575.0
0.052000000000000005,0.35,0.02,5000,0.55,0.0,0.004362451738039741,0.19906917861495155,0.4784425419091459,4575.0
0.0555,0.35,0.02,5000,0.1875,0.0,-0.02248609263714397,0.1892621900033541,0.4784425419091459,4575.0
0.059000000000000004,0.35,0.02,5000,0.1125,0.0,-0.033635626802247985,0.18526756448283685,0.4784425419091459,4575.0
0.0625,0.35,0.02,5000,0.0,0.0,-0.05462436470402525,0.1778532603298808,0.4784425419091459,4575.0
0.066,0.35,0.02,5000,0.0,0.0,-0.08271827979327209,0.16818184933180977,0.4784425419091459,4575.0
0.0695,0.35,0.02,5000,0.0,0.0,-0.09954029653984325,0.1625436433228617,0.4784425419091459,4575.0
0.073,0.35,0.02,5000,0.0,0.0,-0.12218887731041927,0.15506741210081526,0.4784425419091459,4575.0
0.0765,0.35,0.02,5000,0.0,0.0,-0.1416814047504293,0.1488359325650285,0.4784425419091459,4575.0
0.08,0.35,0.02,5000,0.0,0.0,-0.16254211901927582,0.14237704014266672,0.4784425419091459,4575.0
0.08349999999999999,0.35,0.02,5000,0.0,0.0,-0.18240006271536102,0.13632006164793312,0.4784425419091459,4575.0
0.087,0.35,0.02,5000,0.0,0.0,-0.20071318608751065,0.1309172627201951,0.4784425419091459,4575.0
0.0905,0.35,0.02,5000,0.0,0.0,-0.22057895584715367,0.12522090583887263,0.4784425419091459,4575.0
0.094,0.35,0.02,5000,0.0,0.0,-0.23683354961314967,0.12065411010374497,0.4784425419091459,4575.0
0.0975,0.35,0.02,5000,0.0,0.0,-0.2590338371980173,0.1146340999081417,0.4784425419091459,4575.0
0.10099999999999999,0.35,0.02,5000,0.0,0.0,-0.27752436565325034,0.10974287841194541,0.4784425419091459,4575.0
0.1045,0.35,0.02,5000,0.0,0.0,-0.290516509295063,0.10639044551641404,0.4784425419091459,4575.0
0.108,0.35,0.02,5000,0.0,0.0,-0.31039963128424297,0.10140031226012003,0.4784425419091459,4575.0
0.1115,0.35,0.02,5000,0.0,0.0,-0.3297413157003108,0.09670065287477056,0.4784425419091459,4575.0
0.11499999999999999,0.35,0.02,5000,0.0,0.0,-0.34383183220335445,0.09337600799330285,0.4784425419091459,4575.0
0.1185,0.35,0.02,5000,0.0,0.0,-0.35336382945901257,0.09116412538540922,0.4784425419091459,4575.0
0.122,0.35,0.02,5000,0.0,0.0,-0.37555236331337405,0.08619723412972427,0.4784425419091459,4575.0
0.1255,0.35,0.02,5000,0.0,0.0,-0.3924566871234045,0.08253072649846026,0.4784425419091459,4575.0
0.129,0.35,0.02,5000,0.0,0.0,-0.4089364128335692,0.07906651115863433,0.4784425419091459,4575.0
0.1325,0.35,0.02,5000,0.0,0.0,-0.41498856339900525,0.07778786465609615,0.4784425419091459,4575.0
0.136,0.35,0.02,5000,0.0,0.0,-0.4362632144069048,0.07350176455342447,0.4784425419091459,4575.0
0.1395,0.35,0.02,5000,0.0,0.0,-0.4570186272098919,0.06949132431814264,0.4784425419091459,4575.0
0.14300000000000002,0.35,0.02,5000,0.0,0.0,-0.4667122368255667,0.06763867624774703,0.4784425419091459,4575.0
0.14650000000000002,0.35,0.02,5000,0.0,0.0,-0.4836288683445442,0.06458148770780212,0.4784425419091459,4575.0
0.15000000000000002,0.35,0.02,5000,0.0,0.0,-0.4957066308598364,0.06239784900635711,0.4784425419091459,4575.0
0.15350000000000003,0.35,0.02,5000,0.0,0.0,-0.5135732582447621,0.05929397088412487,0.4784425419091459,4575.0
0.157,0.35,0.02,5000,0.0,0.0,-0.5243283718192405,0.05752295084640184,0.4784425419091459,4575.0
0.1605,0.35,0.02,5000,0.0,0.0,-0.5393321313479722,0.05505104136716937,0.4784425419091459,4575.0
0.164,0.35,0.02,5000,0.0,0.0,-0.5498243724508697,0.05335952360672761,0.4784425419091459,4575.0
0.1675,0.35,0.02,5000,0.0,0.0,-0.5693118569537756,0.050354062588318,0.4784425419091459,4575.0
0.171,0.35,0.02,5000,0.0,0.0,-0.5711741947942498,0.05006202112955751,0.4784425419091459,4575.0
0.17450000000000002,0.35,0.02,5000,0.0,0.0,-0.589705613282739,0.04730114761018926,0.4784425419091459,4575.0
0.17800000000000002,0.35,0.02,5000,0.0,0.0,-0.6026113231984944,0.045462506893482725,0.4784425419091459,4575.0
0.18150000000000002,0.35,0.02,5000,0.0,0.0,-0.6197073549548181,0.04306535984454847,0.4784425419091459,4575.0
0.18500000000000003,0.35,0.02,5000,0.0,0.0,-0.6248001788704056,0.04237875908558526,0.4784425419091459,4575.0
0.1885,0.35,0.02,5000,0.0,0.0,-0.6393386249601456,0.04044851416220484,0.4784425419091459,4575.0
0.192,0.35,0.02,5000,0.0,0.0,-0.6537538061403838,0.038581404955892615,0.4784425419091459,4575.0
0.1955,0.35,0.02,5000,0.0,0.0,-0.6657680325231696,0.03705555140287575,0.4784425419091459,4575.0
0.199,0.35,0.02,5000,0.0,0.0,-0.67266090207973,0.0362159244025519,0.4784425419091459,4575.0
0.2025,0.35,0.02,5000,0.0,0.0,-0.6868654756718444,0.03450359988424103,0.4784425419091459,4575.0
0.20600000000000002,0.35,0.02,5000,0.0,0.0,-0.6933552236420939,0.033752114346299995,0.4784425419091459,4575.0
0.20950000000000002,0.35,0.02,5000,0.0,0.0,-0.7036842772997624,0.03256609585007738,0.4784425419091459,4575.0
0.21300000000000002,0.35,0.02,5000,0.0,0.0,-0.7147776813528143,0.031305472300483715,0.4784425419091459,4575.0
0.21650000000000003,0.35,0.02,5000,0.0,0.0,-0.7277391813599733,0.029885881898197686,0.4784425419091459,4575.0
0.22,0.35,0.02,5000,0.0,0.0,-0.7389910149109516,0.028686218231944827,0.4784425419091459,4575.0
0.01,0.4,0.02,5000,1.0,0.0,0.2773934536466129,0.3035807964462839,0.4857676530210897,4530.0
0.0135,0.4,0.02,5000,1.0,0.0,0.24976969788474915,0.2920972906903415,0.4857676530210897,4530.0
0.017,0.4,0.02,5000,1.0,0.0,0.22510486837132918,0.281879471487892,0.4857676530210897,4530.0
0.0205,0.4,0.02,5000,1.0,0.0,0.20186551340594744,0.27231913902522886,0.4857676530210897,4530.0
0.024,0.4,0.02,5000,1.0,0.0,0.1739040994318855,0.2608850169956189,0.4857676530210897,4530.0
0.027500000000000004,0.4,0.02,5000,1.0,0.0,0.15042168177623427,0.25139173454783253,0.4857676530210897,4530.0
0.031,0.4,0.02,5000,1.0,0.0,0.12207076181757551,0.24006647719804802,0.4857676530210897,4530.0
0.0345,0.4,0.02,5000,1.0,0.0,0.10401122096725093,0.2329520690529137,0.4857676530210897,4530.0
0.038,0.4,0.02,5000,0.9875,0.0,0.08053807711596925,0.22377642049731278,0.4857676530210897,4530.0
0.0415,0.4,0.02,5000,0.9625,0.0,0.050661606361444525,0.2123526150989769,0.4857676530210897,4530.0
0.045000000000000005,0.4,0.02,5000,0.8375,0.0,0.031355152926430034,0.20511476073323745,0.4857676530210897,4530.0
0.0485,0.4,0.02,5000,0.6,0.0,0.008606825635969737,0.19672255723320078,0.4857676530210897,4530.0
0.052000000000000005,0.4,0.02,5000,0.2875,0.0,-0.009683470295561537,0.19007177406514753,0.4857676530210897,4530.0
0.0555,0.4,0.02,5000,0.1375,0.0,-0.031803860216589576,0.18219216586074066,0.4857676530210897,4530.0
0.059000000000000004,0.4,0.02,5000,0.025,0.0,-0.05532108642392697,0.17401167511248233,0.4857676530210897,4530.0
0.0625,0.4,0.02,5000,0.0,0.0,-0.08056139293840911,0.16542007414363388,0.4857676530210897,4530.0
0.066,0.4,0.02,5000,0.0,0.0,-0.1009238893930648,0.1587004679372621,0.4857676530210897,4530.0
0.0695,0.4,0.02,5000,0.0,0.0,-0.12110365994041387,0.15226305281359293,0.4857676530210897,4530.0
0.073,0.4,0.02,5000,0.0,0.0,-0.1360482532414715,0.1475193286881721,0.4857676530210897,4530.0
0.0765,0.4,0.02,5000,0.0,0.0,-0.1627328752496035,0.1392759775873717,0.4857676530210897,4530.0
0.08,0.4,0.02,5000,0.0,0.0,-0.17759100223375707,0.13490753237764544,0.4857676530210897,4530.0
0.08349999999999999,0.4,0.02,5000,0.0,0.0,-0.1983421912354356,0.12880017560068255,0.4857676530210897,4530.0
0.087,0.4,0.02,5000,0.0,0.0,-0.21437595013748661,0.12421796585176378,0.4857676530210897,4530.0
0.0905,0.4,0.02,5000,0.0,0.0,-0.23661300933726115,0.1181125502021408,0.4857676530210897,4530.0
0.094,0.4,0.02,5000,0.0,0.0,-0.25022105486871354,0.11442902723460935,0.4857676530210897,4530.0
0.0975,0.4,0.02,5000,0.0,0.0,-0.2693815493071915,0.10944175121925012,0.4857676530210897,4530.0
0.10099999999999999,0.4,0.02,5000,0.0,0.0,-0.28598939222020314,0.10518649050842929,0.4857676530210897,4530.0
0.1045,0.4,0.02,5000,0.0,0.0,-0.3072143339690395,0.09994584244670604,0.4857676530210897,4530.0
0.108,0.4,0.02,5000,0.0,0.0,-0.3223937333787439,0.09627195982018122,0.4857676530210897,4530.0
0.1115,0.4,0.02,5000,0.0,0.0,-0.3371495021311179,0.09285251473427111,0.4857676530210897,4530.0
0.11499999999999999,0.4,0.02,5000,0.0,0.0,-0.3518443438691561,0.0894997162789029,0.4857676530210897,4530.0
0.1185,0.4,0.02,5000,0.0,0.0,-0.3712804123007055,0.08515429138383775,0.4857676530210897,4530.0
0.122,0.4,0.02,5000,0.0,0.0,-0.3915115280581952,0.08085728526748251,0.4857676530210897,4530.0
0.1255,0.4,0.02,5000,0.0,0.0,-0.4050772229753248,0.07804389803518266,0.4857676530210897,4530.0
0.129,0.4,0.02,5000,0.0,0.0,-0.42041268341055904,0.07496492729764077,0.4857676530210897,4530.0
0.1325,0.4,0.02,5000,0.0,0.0,-0.434164516682322,0.07225695287914127,0.4857676530210897,4530.0
0.136,0.4,0.02,5000,0.0,0.0,-0.4439381647136494,0.07037410965677751,0.4857676530210897,4530.0
0.1395,0.4,0.02,5000,0.0,0.0,-0.4639659482254538,0.06661853190768238,0.4857676530210897,4530.0
0.14300000000000002,0.4,0.02,5000,0.0,0.0,-0.47865719537044527,0.06397601896896521,0.4857676530210897,4530.0
0.14650000000000002,0.4,0.02,5000,0.0,0.0,-0.4890460190368409,0.06212519393154849,0.4857676530210897,4530.0
0.15000000000000002,0.4,0.02,5000,0.0,0.0,-0.5089330098400053,0.058708055051046884,0.4857676530210897,4530.0
0.15350000000000003,0.4,0.02,5000,0.0,0.0,-0.5221824456921267,0.056519140233082334,0.4857676530210897,4530.0
0.157,0.4,0.02,5000,0.0,0.0,-0.5307885973881618,0.05513952495286043,0.4857676530210897,4530.0
0.1605,0.4,0.02,5000,0.0,0.0,-0.5512445340657561,0.05192452637147046,0.4857676530210897,4530.0
0.164,0.4,0.02,5000,0.0,0.0,-0.5654043998358109,0.04977660718371659,0.4857676530210897,4530.0
0.1675,0.4,0.02,5000,0.0,0.0,-0.5742374833515014,0.048467868728833116,0.4857676530210897,4530.0
0.171,0.4,0.02,5000,0.0,0.0,-0.5864889184501626,0.04669899638474452,0.4857676530210897,4530.0
0.17450000000000002,0.4,0.02,5000,0.0,0.0,-0.6028670354063441,0.044349313073724625,0.4857676530210897,4530.0
0.17800000000000002,0.4,0.02,5000,0.0,0.0,-0.6138780491491035,0.04284485298337447,0.4857676530210897,4530.0
0.18150000000000002,0.4,0.02,5000,0.0,0.0,-0.6288149198307025,0.040874648456975485,0.4857676530210897,4530.0
0.18500000000000003,0.4,0.02,5000,0.0,0.0,-0.6329353711099046,0.04032059696043414,0.4857676530210897,4530.0
0.1885,0.4,0.02,5000,0.0,0.0,-0.6506896608249099,0.03805184492117798,0.4857676530210897,4530.0
0.192,0.4,0.02,5000,0.0,0.0,-0.6590606411368707,0.037020747120302754,0.4857676530210897,4530.0
0.1955,0.4,0.02,5000,0.0,0.0,-0.6735085125632747,0.035276894419412674,0.4857676530210897,4530.0
0.199,0.4,0.02,5000,0.0,0.0,-0.684735551831114,0.03395178205105949,0.4857676530210897,4530.0
0.2025,0.4,0.02,5000,0.0,0.0,-0.6940408458561447,0.032877357667433514,0.4857676530210897,4530.0
0.20600000000000002,0.4,0.02,5000,0.0,0.0,-0.7010092329665616,0.03208665638471771,0.4857676530210897,4530.0
0.20950000000000002,0.4,0.02,5000,0.0,0.0,-0.7162780461843747,0.03040321074588398,0.4857676530210897,4530.0
0.21300000000000002,0.4,0.02,5000,0.0,0.0,-0.7261343644595374,0.02934323302184525,0.4857676530210897,4530.0
0.21650000000000003,0.4,0.02,5000,0.0,0.0,-0.736647418344478,0.028248115583295662,0.4857676530210897,4530.0
0.22,0.4,0.02,5000,0.0,0.0,-0.745081957518463,0.027375773630182742,0.4857676530210897,4530.0
0.01,0.05,0.03,5000,1.0,0.0,0.35299430225088846,0.3752708427400945,0.4448815426303362,4790.0
0.0135,0.05,0.03,5000,1.0,0.0,0.3239528264300474,0.36259518141615565,0.4448815426303362,4790.0
0.017,0.05,0.03,5000,1.0,0.0,0.29575478688760376,0.35023192116417856,0.4448815426303362,4790.0
0.0205,0.05,0.03,5000,1.0,0.0,0.2630742081492607,0.33583083142916803,0.4448815426303362,4790.0
0.024,0.05,0.03,5000,1.0,0.0,0.23930775756865041,0.3253577587026487,0.4448815426303362,4790.0
0.027500000000000004,0.05,0.03,5000,1.0,0.0,0.2115274358261363,0.3131019985362002,0.4448815426303362,4790.0
0.031,0.05,0.03,5000,1.0,0.0,0.18428588002285856,0.3011483436030821,0.4448815426303362,4790.0
0.0345,0.05,0.03,5000,1.0,0.0,0.16517705025228913,0.2927999835705793,0.4448815426303362,4790.0
0.038,0.05,0.03,5000,1.0,0.0,0.13293359325362436,0.2788005113567707,0.4448815426303362,4790.0
0.0415,0.05,0.03,5000,1.0,0.0,0.1102965860264411,0.2690617508882275,0.4448815426303362,4790.0
0.045000000000000005,0.05,0.03,5000,1.0,0.0,0.08680666713761934,0.2590641073520111,0.4448815426303362,4790.0
0.0485,0.05,0.03,5000,1.0,0.0,0.06900086159190591,0.25157501781799413,0.4448815426303362,4790.0
0.052000000000000005,0.05,0.03,5000,0.925,0.0,0.04151380866930197,0.24013557255694645,0.4448815426303362,4790.0
0.0555,0.05,0.03,5000,0.625,0.0,0.012458462531751872,0.22827558354638944,0.4448815426303362,4790.0
0.059000000000000004,0.05,0.03,5000,0.3625,0.0,-0.007658403630649191,0.2201817875640275,0.4448815426303362,4790.0
0.0625,0.05,0.03,5000,0.1875,0.0,-0.02450074382807938,0.2135327424837099,0.4448815426303362,4790.0
0.066,0.05,0.03,5000,0.0375,0.0,-0.0486755789542085,0.20415006106685185,0.4448815426303362,4790.0
0.0695,0.05,0.03,5000,0.0,0.0,-0.07148532317024162,0.19545396484764174,0.4448815426303362,4790.0
0.073,0.05,0.03,5000,0.0,0.0,-0.09181811520967863,0.18785420006544148,0.4448815426303362,4790.0
0.0765,0.05,0.03,5000,0.0,0.0,-0.11106323318239583,0.18083547440028447,0.4448815426303362,4790.0
0.08,0.05,0.03,5000,0.0,0.0,-0.13599394740191195,0.17194984415112774,0.4448815426303362,4790.0
0.08349999999999999,0.05,0.03,5000,0.0,0.0,-0.15141027996215978,0.1665751984082509,0.4448815426303362,4790.0
0.087,0.05,0.03,5000,0.0,0.0,-0.17296092702373245,0.1592297749662038,0.4448815426303362,4790.0
0.0905,0.05,0.03,5000,0.0,0.0,-0.19060490463587954,0.15338064175086247,0.4448815426303362,4790.0
0.094,0.05,0.03,5000,0.0,0.0,-0.21056838728320226,0.14686706753593715,0.4448815426303362,4790.0
0.0975,0.05,0.03,5000,0.0,0.0,-0.2319758477961611,0.14010258431588332,0.4448815426303362,4790.0
0.10099999999999999,0.05,0.03,5000,0.0,0.0,-0.2468151537395827,0.1355436139312887,0.4448815426303362,4790.0
0.1045,0.05,0.03,5000,0.0,0.0,-0.2707819193356088,0.1284108634226079,0.4448815426303362,4790.0
0.108,0.05,0.03,5000,0.0,0.0,-0.2841639511356625,0.12444030933037953,0.4448815426303362,4790.0
0.1115,0.05,0.03,5000,0.0,0.0,-0.30209159520172646,0.11936817521524848,0.4448815426303362,4790.0
0.11499999999999999,0.05,0.03,5000,0.0,0.0,-0.31476997335883683,0.11578723545568992,0.4448815426303362,4790.0
0.1185,0.05,0.03,5000,0.0,0.0,-0.33507062434330126,0.11033313832582889,0.4448815426303362,4790.0
0.122,0.05,0.03,5000,0.0,0.0,-0.35427672618159256,0.10528850836192931,0.4448815426303362,4790.0
0.1255,0.05,0.03,5000,0.0,0.0,-0.3670691092581421,0.10199824670233051,0.4448815426303362,4790.0
0.129,0.05,0.03,5000,0.0,0.0,-0.3846639634587562,0.0976087582605942,0.4448815426303362,4790.0
0.1325,0.05,0.03,5000,0.0,0.0,-0.400594642360943,0.09377907196308995,0.4448815426303362,4790.0
0.136,0.05,0.03,5000,0.0,0.0,-0.4192381815226168,0.0894117186997792,0.4448815426303362,4790.0
0.1395,0.05,0.03,5000,0.0,0.0,-0.4293592618458705,0.08707548834597127,0.4448815426303362,4790.0
0.14300000000000002,0.05,0.03,5000,0.0,0.0,-0.45222052232162574,0.08199095885359028,0.4448815426303362,4790.0
0.14650000000000002,0.05,0.03,5000,0.0,0.0,-0.4623841023332905,0.07977926815474316,0.4448815426303362,4790.0
0.15000000000000002,0.05,0.03,5000,0.0,0.0,-0.48179325416387303,0.07569419913883621,0.4448815426303362,4790.0
0.15350000000000003,0.05,0.03,5000,0.0,0.0,-0.49391749985939243,0.07319537262952865,0.4448815426303362,4790.0
0.157,0.05,0.03,5000,0.0,0.0,-0.5083917256662408,0.07032961994634283,0.4448815426303362,4790.0
0.1605,0.05,0.03,5000,0.0,0.0,-0.5255726382824466,0.0670173842564871,0.4448815426303362,4790.0
0.164,0.05,0.03,5000,0.0,0.0,-0.5389705053641525,0.06452093527233721,0.4448815426303362,4790.0
0.1675,0.05,0.03,5000,0.0,0.0,-0.553164232320029,0.06191786134587449,0.4448815426303362,4790.0
0.171,0.05,0.03,5000,0.0,0.0,-0.5581186541131813,0.06102526638151322,0.4448815426303362,4790.0
0.17450000000000002,0.05,0.03,5000,0.0,0.0,-0.5723888225612328,0.05852112287415436,0.4448815426303362,4790.0
0.17800000000000002,0.05,0.03,5000,0.0,0.0,-0.5875872366191446,0.0559281475037363,0.4448815426303362,4790.0
0.18150000000000002,0.05,0.03,5000,0.0,0.0,-0.6005847189087801,0.05376179264475621,0.4448815426303362,4790.0
0.18500000000000003,0.05,0.03,5000,0.0,0.0,-0.6130512885922295,0.05173030691112246,0.4448815426303362,4790.0
0.1885,0.05,0.03,5000,0.0,0.0,-0.6279244707725432,0.04941783071842099,0.4448815426303362,4790.0
0.192,0.05,0.03,5000,0.0,0.0,-0.6385527430646893,0.04776648358602118,0.4448815426303362,4790.0
0.1955,0.05,0.03,5000,0.0,0.0,-0.6491934770741272,0.04618106566596318,0.4448815426303362,4790.0
0.199,0.05,0.03,5000,0.0,0.0,-0.6584198334867308,0.04482935207011326,0.4448815426303362,4790.0
0.2025,0.05,0.03,5000,0.0,0.0,-0.6749804726666698,0.04246857586450768,0.4448815426303362,4790.0
0.20600000000000002,0.05,0.03,5000,0.0,0.0,-0.6857432568942071,0.040962648300226286,0.4448815426303362,4790.0
0.20950000000000002,0.05,0.03,5000,0.0,0.0,-0.6920548604923075,0.04011788797894487,0.4448815426303362,4790.0
0.21300000000000002,0.05,0.03,5000,0.0,0.0,-0.710313615776014,0.03767823234989589,0.4448815426303362,4790.0
0.21650000000000003,0.05,0.03,5000,0.0,0.0,-0.7176584413687308,0.03672313954280087,0.4448815426303362,4790.0
0.22,0.05,0.03,5000,0.0,0.0,-0.7263463672007517,0.03562637644580315,0.4448815426303362,4790.0
0.01,0.1,0.03,5000,1.0,0.0,0.3290481541942904,0.35912507012679956,0.45171676284885354,4745.0
0.0135,0.1,0.03,5000,1.0,0.0,0.30719935546654825,0.3496118420926509,0.45171676284885354,4745.0
0.017,0.1,0.03,5000,1.0,0.0,0.27455807915572505,0.335385244141894,0.45171676284885354,4745.0
0.0205,0.1,0.03,5000,1.0,0.0,0.24360169585048713,0.3218505178753264,0.45171676284885354,4745.0
0.024,0.1,0.03,5000,1.0,0.0,0.22207756021130112,0.31243244549107396,0.45171676284885354,4745.0
0.027500000000000004,0.1,0.03,5000,1.0,0.0,0.19334963045336265,0.2999278159653051,0.45171676284885354,4745.0
0.031,0.1,0.03,5000,1.0,0.0,0.16566405880387447,0.2879321495709676,0.45171676284885354,4745.0
0.0345,0.1,0.03,5000,1.0,0.0,0.1333677044574338,0.27405910630550884,0.45171676284885354,4745.0
0.038,0.1,0.03,5000,1.0,0.0,0.11609716140906903,0.26669666078274135,0.45171676284885354,4745.0
0.0415,0.1,0.03,5000,1.0,0.0,0.08558564260582815,0.253855614948441,0.45171676284885354,4745.0
0.045000000000000005,0.1,0.03,5000,0.9875,0.0,0.07278543326794482,0.24853541961483758,0.45171676284885354,4745.0
0.0485,0.1,0.03,5000,0.95,0.0,0.0448214075189875,0.23699546117363504,0.45171676284885354,4745.0
0.052000000000000005,0.1,0.03,5000,0.775,0.0,0.020897040268179654,0.22732432180629153,0.45171676284885354,4745.0
0.0555,0.1,0.03,5000,0.425,0.0,0.0006471772907939063,0.21926018708012016,0.45171676284885354,4745.0
0.059000000000000004,0.1,0.03,5000,0.2,0.0,-0.021144390066523595,0.21072816516250606,0.45171676284885354,4745.0
0.0625,0.1,0.03,5000,0.0875,0.0,-0.038746425837265494,0.2039330134380953,0.45171676284885354,4745.0
0.066,0.1,0.03,5000,0.0,0.0,-0.05989423828397896,0.19591312027886437,0.45171676284885354,4745.0
0.0695,0.1,0.03,5000,0.0,0.0,-0.08172501438213997,0.18782179787267012,0.45171676284885354,4745.0
0.073,0.1,0.03,5000,0.0,0.0,-0.10871523106708114,0.17808456221655236,0.45171676284885354,4745.0
0.0765,0.1,0.03,5000,0.0,0.0,-0.12867765029753037,0.17104883355833325,0.45171676284885354,4745.0
0.08,0.1,0.03,5000,0.0,0.0,-0.14435600316374156,0.16563861337483707,0.45171676284885354,4745.0
0.08349999999999999,0.1,0.03,5000,0.0,0.0,-0.16406151296042565,0.1589204400726333,0.45171676284885354,4745.0
0.087,0.1,0.03,5000,0.0,0.0,-0.18301983636074204,0.1526574410031754,0.45171676284885354,4745.0
0.0905,0.1,0.03,5000,0.0,0.0,-0.20773087549250788,0.14472476567772183,0.45171676284885354,4745.0
0.094,0.1,0.03,5000,0.0,0.0,-0.23234992402659477,0.13707489952877006,0.45171676284885354,4745.0
0.0975,0.1,0.03,5000,0.0,0.0,-0.24026413794684606,0.1346642229564552,0.45171676284885354,4745.0
0.10099999999999999,0.1,0.03,5000,0.0,0.0,-0.2593457461581897,0.12897860085157034,0.45171676284885354,4745.0
0.1045,0.1,0.03,5000,0.0,0.0,-0.27851809964847124,0.12344492960410602,0.45171676284885354,4745.0
0.108,0.1,0.03,5000,0.0,0.0,-0.2984874255918767,0.11780606487550078,0.45171676284885354,4745.0
0.1115,0.1,0.03,5000,0.0,0.0,-0.3204699511928496,0.11181880071834734,0.45171676284885354,4745.0
0.11499999999999999,0.1,0.03,5000,0.0,0.0,-0.33205805420026735,0.10872841711658698,0.45171676284885354,4745.0
0.1185,0.1,0.03,5000,0.0,0.0,-0.3501944371454465,0.10403772770311707,0.45171676284885354,4745.0
0.122,0.1,0.03,5000,0.0,0.0,-0.3656432588591755,0.10016496069301066,0.45171676284885354,4745.0
0.1255,0.1,0.03,5000,0.0,0.0,-0.38235136426228444,0.09603578621341213,0.45171676284885354,4745.0
0.129,0.1,0.03,5000,0.0,0.0,-0.39722088931773375,0.09248761072887177,0.45171676284885354,4745.0
0.1325,0.1,0.03,5000,0.0,0.0,-0.41438660944344025,0.08851117198884492,0.45171676284885354,4745.0
0.136,0.1,0.03,5000,0.0,0.0,-0.4296309345780974,0.08506834114289721,0.45171676284885354,4745.0
0.1395,0.1,0.03,5000,0.0,0.0,-0.44126699400909697,0.08253192765871753,0.45171676284885354,4745.0
0.14300000000000002,0.1,0.03,5000,0.0,0.0,-0.4593374872794575,0.07866249009517412,0.45171676284885354,4745.0
0.14650000000000002,0.1,0.03,5000,0.0,0.0,-0.4724529482050429,0.075903444195071,0.45171676284885354,4745.0
0.15000000000000002,0.1,0.03,5000,0.0,0.0,-0.4878020508291888,0.07280057888468146,0.45171676284885354,4745.0
0.15350000000000003,0.1,0.03,5000,0.0,0.0,-0.5052358339378765,0.06937988341927381,0.45171676284885354,4745.0
0.157,0.1,0.03,5000,0.0,0.0,-0.5180188326146042,0.06690690076201314,0.45171676284885354,4745.0
0.1605,0.1,0.03,5000,0.0,0.0,-0.5335514976368705,0.06401291019966578,0.45171676284885354,4745.0
0.164,0.1,0.03,5000,0.0,0.0,-0.548004394085269,0.06142796673711816,0.45171676284885354,4745.0
0.1675,0.1,0.03,5000,0.0,0.0,-0.5605288772957281,0.059212597048913816,0.45171676284885354,4745.0
0.171,0.1,0.03,5000,0.0,0.0,-0.5706215682507898,0.057510845256810404,0.45171676284885354,4745.0
0.17450000000000002,0.1,0.03,5000,0.0,0.0,-0.5894666499816653,0.054343862705505876,0.45171676284885354,4745.0
0.17800000000000002,0.1,0.03,5000,0.0,0.0,-0.598510515936019,0.05286527565565482,0.45171676284885354,4745.0
0.18150000000000002,0.1,0.03,5000,0.0,0.0,-0.6097099016427319,0.05107072809379383,0.45171676284885354,4745.0
0.18500000000000003,0.1,0.03,5000,0.0,0.0,-0.622932747389157,0.049023518136618996,0.45171676284885354,4745.0
0.1885,0.1,0.03,5000,0.0,0.0,-0.6355751255981424,0.047121927682733614,0.45171676284885354,4745.0
0.192,0.1,0.03,5000,0.0,0.0,-0.6470372311579382,0.04544034695875135,0.45171676284885354,4745.0
0.1955,0.1,0.03,5000,0.0,0.0,-0.6615436815096817,0.04334594861993142,0.45171676284885354,4745.0
0.199,0.1,0.03,5000,0.0,0.0,-0.671512310319445,0.04195620848668171,0.45171676284885354,4745.0
0.2025,0.1,0.03,5000,0.0,0.0,-0.6826877615449465,0.04044155357341927,0.45171676284885354,4745.0
0.20600000000000002,0.1,0.03,5000,0.0,0.0,-0.6909700641397503,0.039323478408401495,0.45171676284885354,4745.0
0.20950000000000002,0.1,0.03,5000,0.0,0.0,-0.7054294080826364,0.03743106235523062,0.45171676284885354,4745.0
0.21300000000000002,0.1,0.03,5000,0.0,0.0,-0.7194520644965378,0.03566829690944173,0.45171676284885354,4745.0
0.21650000000000003,0.1,0.03,5000,0.0,0.0,-0.7273433923131931,0.03468829675129499,0.45171676284885354,4745.0
0.22,0.1,0.03,5000,0.0,0.0,-0.7368431523760277,0.033532446971251996,0.45171676284885354,4745.0
0.01,0.15,0.03,5000,1.0,0.0,0.30659705576242324,0.34376526525850337,0.45864991497894547,4700.0
0.0135,0.15,0.03,5000,1.0,0.0,0.27932250095257855,0.33195753610176837,0.45864991497894547,4700.0
0.017,0.15,0.03,5000,1.0,0.0,0.2505529693077142,0.3194814625751188,0.45864991497894547,4700.0
0.0205,0.15,0.03,5000,1.0,0.0,0.2186653548272534,0.3056859099242649,0.45864991497894547,4700.0
0.024,0.15,0.03,5000,1.0,0.0,0.1968206480980219,0.29625486418765623,0.45864991497894547,4700.0
0.027500000000000004,0.15,0.03,5000,1.0,0.0,0.1720907832278468,0.28563476609983846,0.45864991497894547,4700.0
0.031,0.15,0.03,5000,1.0,0.0,0.13924125889368755,0.2716586978375321,0.45864991497894547,4700.0
0.0345,0.15,0.03,5000,1.0,0.0,0.11833157503392126,0.26283698050180526,0.45864991497894547,4700.0
0.038,0.15,0.03,5000,1.0,0.0,0.10004491558821374,0.2552075267091197,0.45864991497894547,4700.0
0.0415,0.15,0.03,5000,0.9875,0.0,0.08067490795674201,0.2472091604314275,0.45864991497894547,4700.0
0.045000000000000005,0.15,0.03,5000,0.95,0.0,0.04719810896469647,0.23355961852786553,0.45864991497894547,4700.0
0.0485,0.15,0.03,5000,0.85,0.0,0.027380202734138902,0.22561296129024008,0.45864991497894547,4700.0
0.052000000000000005,0.15,0.03,5000,0.575,0.0,0.006382024539090444,0.21731515759595288,0.45864991497894547,4700.0
0.0555,0.15,0.03,5000,0.2375,0.0,-0.018328114655196133,0.20774093864750248,0.45864991497894547,4700.0
0.059000000000000004,0.15,0.03,5000,0.025,0.0,-0.04515326162296952,0.19756669468859078,0.45864991497894547,4700.0
0.0625,0.15,0.03,5000,0.0,0.0,-0.06244961085990993,0.19111938256043698,0.45864991497894547,4700.0
0.066,0.15,0.03,5000,0.0,0.0,-0.08619929066850994,0.1824886570854078,0.45864991497894547,4700.0
0.0695,0.15,0.03,5000,0.0,0.0,-0.10492948463645232,0.17582319373473748,0.45864991497894547,4700.0
0.073,0.15,0.03,5000,0.0,0.0,-0.1210756991232039,0.1701933849442455,0.45864991497894547,4700.0
0.0765,0.15,0.03,5000,0.0,0.0,-0.14581462623100683,0.16174300319343565,0.45864991497894547,4700.0
0.08,0.15,0.03,5000,0.0,0.0,-0.16125057272683924,0.1565723400304536,0.45864991497894547,4700.0
0.08349999999999999,0.15,0.03,5000,0.0,0.0,-0.18500585519816853,0.1488737106355824,0.45864991497894547,4700.0
0.087,0.15,0.03,5000,0.0,0.0,-0.20925804136680357,0.14121765310172588,0.45864991497894547,4700.0
0.0905,0.15,0.03,5000,0.0,0.0,-0.21979883858603055,0.1379588983334627,0.45864991497894547,4700.0
0.094,0.15,0.03,5000,0.0,0.0,-0.2375935861325984,0.13259135453059426,0.45864991497894547,4700.0
0.0975,0.15,0.03,5000,0.0,0.0,-0.26078120964815743,0.12579292246563548,0.45864991497894547,4700.0
0.10099999999999999,0.15,0.03,5000,0.0,0.0,-0.27553961555240825,0.12163564864983112,0.45864991497894547,4700.0
0.1045,0.15,0.03,5000,0.0,0.0,-0.2955719516885999,0.11609606095788445,0.45864991497894547,4700.0
0.108,0.15,0.03,5000,0.0,0.0,-0.3091356029390283,0.11240134941726629,0.45864991497894547,4700.0
0.1115,0.15,0.03,5000,0.0,0.0,-0.3272974730343207,0.10761064186881227,0.45864991497894547,4700.0
0.11499999999999999,0.15,0.03,5000,0.0,0.0,-0.34222167368168877,0.10380916774753164,0.45864991497894547,4700.0
0.1185,0.15,0.03,5000,0.0,0.0,-0.3541735858151257,0.1007744165871352,0.45864991497894547,4700.0
0.122,0.15,0.03,5000,0.0,0.0,-0.3794969436672815,0.094587619653375,0.45864991497894547,4700.0
0.1255,0.15,0.03,5000,0.0,0.0,-0.39587489485086724,0.09081724268245388,0.45864991497894547,4700.0
0.129,0.15,0.03,5000,0.0,0.0,-0.4074042209337902,0.08813150677936009,0.45864991497894547,4700.0
0.1325,0.15,0.03,5000,0.0,0.0,-0.43044088259837177,0.08301170816450328,0.45864991497894547,4700.0
0.136,0.15,0.03,5000,0.0,0.0,-0.44698895536988115,0.07947510968327176,0.45864991497894547,4700.0
0.1395,0.15,0.03,5000,0.0,0.0,-0.45930279216107517,0.07687267606533736,0.45864991497894547,4700.0
0.14300000000000002,0.15,0.03,5000,0.0,0.0,-0.4697417436852362,0.0747531625136989,0.45864991497894547,4700.0
0.14650000000000002,0.15,0.03,5000,0.0,0.0,-0.4871138494667827,0.07129326009883397,0.45864991497894547,4700.0
0.15000000000000002,0.15,0.03,5000,0.0,0.0,-0.5008562806753245,0.06863811520493815,0.45864991497894547,4700.0
0.15350000000000003,0.15,0.03,5000,0.0,0.0,-0.5151871242644768,0.06593518401918637,0.45864991497894547,4700.0
0.157,0.15,0.03,5000,0.0,0.0,-0.5282439489170103,0.0635337296744378,0.45864991497894547,4700.0
0.1605,0.15,0.03,5000,0.0,0.0,-0.5515434013762706,0.05942565898006965,0.45864991497894547,4700.0
0.164,0.15,0.03,5000,0.0,0.0,-0.5557687027536946,0.05866554306406578,0.45864991497894547,4700.0
0.1675,0.15,0.03,5000,0.0,0.0,-0.571300175647895,0.05607761700081243,0.45864991497894547,4700.0
0.171,0.15,0.03,5000,0.0,0.0,-0.5817623850250124,0.05433420340181949,0.45864991497894547,4700.0
0.17450000000000002,0.15,0.03,5000,0.0,0.0,-0.5935285999715376,0.05245472156547169,0.45864991497894547,4700.0
0.17800000000000002,0.15,0.03,5000,0.0,0.0,-0.6082277132059337,0.05013815524194866,0.45864991497894547,4700.0
0.18150000000000002,0.15,0.03,5000,0.0,0.0,-0.6197959920369209,0.04838694250220702,0.45864991497894547,4700.0
0.18500000000000003,0.15,0.03,5000,0.0,0.0,-0.6374928816384512,0.04576269933419613,0.45864991497894547,4700.0
0.1885,0.15,0.03,5000,0.0,0.0,-0.6450263318506254,0.044657448913680974,0.45864991497894547,4700.0
0.192,0.15,0.03,5000,0.0,0.0,-0.6566275396203842,0.04303240703774536,0.45864991497894547,4700.0
0.1955,0.15,0.03,5000,0.0,0.0,-0.6699789681386042,0.04119326857975246,0.45864991497894547,4700.0
0.199,0.15,0.03,5000,0.0,0.0,-0.6837121334833377,0.03936713906251699,0.45864991497894547,4700.0
0.2025,0.15,0.03,5000,0.0,0.0,-0.6929204010505033,0.03815375026890637,0.45864991497894547,4700.0
0.20600000000000002,0.15,0.03,5000,0.0,0.0,-0.7036669498205721,0.03679801316552285,0.45864991497894547,4700.0
0.20950000000000002,0.15,0.03,5000,0.0,0.0,-0.711171617362489,0.035851011404090506,0.45864991497894547,4700.0
0.21300000000000002,0.15,0.03,5000,0.0,0.0,-0.7247108274133451,0.03418769826834005,0.45864991497894547,4700.0
0.21650000000000003,0.15,0.03,5000,0.0,0.0,-0.7345007632531655,0.03302197478160723,0.45864991497894547,4700.0
0.22,0.15,0.03,5000,0.0,0.0,-0.7480597849716535,0.03144276215010361,0.45864991497894547,4700.0
0.01,0.2,0.03,5000,1.0,0.0,0.286454676281739,0.329543738648569,0.4656833601216487,4655.0
0.0135,0.2,0.03,5000,1.0,0.0,0.25876348698975293,0.3176405009147884,0.4656833601216487,4655.0
0.017,0.2,0.03,5000,1.0,0.0,0.22917189219256753,0.3049462028180688,0.4656833601216487,4655.0
0.0205,0.2,0.03,5000,1.0,0.0,0.20222322915275273,0.2934212037834619,0.4656833601216487,4655.0
0.024,0.2,0.03,5000,1.0,0.0,0.1784520929126305,0.2833119600067132,0.4656833601216487,4655.0
0.027500000000000004,0.2,0.03,5000,1.0,0.0,0.15449901579322375,0.27319374556900283,0.4656833601216487,4655.0
0.031,0.2,0.03,5000,1.0,0.0,0.12510213835902168,0.2608866127441327,0.4656833601216487,4655.0
0.0345,0.2,0.03,5000,1.0,0.0,0.10503639039021724,0.25258521842474524,0.4656833601216487,4655.0
0.038,0.2,0.03,5000,1.0,0.0,0.0756877953084385,0.24059065160566187,0.4656833601216487,4655.0
0.0415,0.2,0.03,5000,0.9875,0.0,0.046772999054699324,0.22896781780918224,0.4656833601216487,4655.0
0.045000000000000005,0.2,0.03,5000,0.8875,0.0,0.0339192628105814,0.22388269617145024,0.4656833601216487,4655.0
0.0485,0.2,0.03,5000,0.5875,0.0,0.011467789824749986,0.21508608565822943,0.4656833601216487,4655.0
0.052000000000000005,0.2,0.03,5000,0.3375,0.0,-0.008676840698582308,0.20738347324444514,0.4656833601216487,4655.0
0.0555,0.2,0.03,5000,0.05,0.0,-0.03698205613696096,0.1966804783112186,0.4656833601216487,4655.0
0.059000000000000004,0.2,0.03,5000,0.0375,0.0,-0.0566735337563478,0.18946734484532338,0.4656833601216487,4655.0
0.0625,0.2,0.03,5000,0.025,0.0,-0.07535763441003765,0.1827197845806117,0.4656833601216487,4655.0
0.066,0.2,0.03,5000,0.0,0.0,-0.10252828011428303,0.17311403920534016,0.4656833601216487,4655.0
0.0695,0.2,0.03,5000,0.0,0.0,-0.1133812820621912,0.16936240435580835,0.4656833601216487,4655.0
0.073,0.2,0.03,5000,0.0,0.0,-0.1359042960179741,0.1617213685742942,0.4656833601216487,4655.0
0.0765,0.2,0.03,5000,0.0,0.0,-0.1656143572810835,0.15198035373660992,0.4656833601216487,4655.0
0.08,0.2,0.03,5000,0.0,0.0,-0.18035269712723578,0.14724245023795993,0.4656833601216487,4655.0
0.08349999999999999,0.2,0.03,5000,0.0,0.0,-0.1958417337023221,0.14243319436069943,0.4656833601216487,4655.0
0.087,0.2,0.03,5000,0.0,0.0,-0.22221437211790995,0.1344109887194411,0.4656833601216487,4655.0
0.0905,0.2,0.03,5000,0.0,0.0,-0.23458922331086846,0.13065451025651723,0.4656833601216487,4655.0
0.094,0.2,0.03,5000,0.0,0.0,-0.25674835745078084,0.12427802903609346,0.4656833601216487,4655.0
0.0975,0.2,0.03,5000,0.0,0.0,-0.2748908825900756,0.11918393978825312,0.4656833601216487,4655.0
0.10099999999999999,0.2,0.03,5000,0.0,0.0,-0.2879237983785619,0.11560179431406563,0.4656833601216487,4655.0
0.1045,0.2,0.03,5000,0.0,0.0,-0.30579547526328854,0.11085488154324455,0.4656833601216487,4655.0
0.108,0.2,0.03,5000,0.0,0.0,-0.32619245599314456,0.10555279553674701,0.4656833601216487,4655.0
0.1115,0.2,0.03,5000,0.0,0.0,-0.3462105373241358,0.10051778464994521,0.4656833601216487,4655.0
0.11499999999999999,0.2,0.03,5000,0.0,0.0,-0.3642980892601145,0.09613434992909409,0.4656833601216487,4655.0
0.1185,0.2,0.03,5000,0.0,0.0,-0.3790531854514721,0.09261620140205844,0.4656833601216487,4655.0
0.122,0.2,0.03,5000,0.0,0.0,-0.3953859279437964,0.08887916170900097,0.4656833601216487,4655.0
0.1255,0.2,0.03,5000,0.0,0.0,-0.4058478965400396,0.08651069470564737,0.4656833601216487,4655.0
0.129,0.2,0.03,5000,0.0,0.0,-0.42875112676620963,0.08151983902553823,0.4656833601216487,4655.0
0.1325,0.2,0.03,5000,0.0,0.0,-0.4383677799586458,0.07950757268919768,0.4656833601216487,4655.0
0.136,0.2,0.03,5000,0.0,0.0,-0.45283420669387675,0.07651734236386742,0.4656833601216487,4655.0
0.1395,0.2,0.03,5000,0.0,0.0,-0.4688782002443312,0.07325970648783431,0.4656833601216487,4655.0
0.14300000000000002,0.2,0.03,5000,0.0,0.0,-0.47894595063573675,0.07126124028016861,0.4656833601216487,4655.0
0.14650000000000002,0.2,0.03,5000,0.0,0.0,-0.49666511237296457,0.06788902924612224,0.4656833601216487,4655.0
0.15000000000000002,0.2,0.03,5000,0.0,0.0,-0.5134274318045428,0.06476338227485315,0.4656833601216487,4655.0
0.15350000000000003,0.2,0.03,5000,0.0,0.0,-0.5293642678411568,0.061889342728243,0.4656833601216487,4655.0
0.157,0.2,0.03,5000,0.0,0.0,-0.543010500851981,0.05952749517035092,0.4656833601216487,4655.0
0.1605,0.2,0.03,5000,0.0,0.0,-0.5556846740543288,0.05735877565477108,0.4656833601216487,4655.0
0.164,0.2,0.03,5000,0.0,0.0,-0.569450889135565,0.05507881132868775,0.4656833601216487,4655.0
0.1675,0.2,0.03,5000,0.0,0.0,-0.5762224919884839,0.053984421173633376,0.4656833601216487,4655.0
0.171,0.2,0.03,5000,0.0,0.0,-0.5952494464470144,0.05095711649573263,0.4656833601216487,4655.0
0.17450000000000002,0.2,0.03,5000,0.0,0.0,-0.6076290384258709,0.04907541740430192,0.4656833601216487,4655.0
0.17800000000000002,0.2,0.03,5000,0.0,0.0,-0.6230244157944173,0.046784560273317635,0.4656833601216487,4655.0
0.18150000000000002,0.2,0.03,5000,0.0,0.0,-0.6333041393669226,0.04530584775947508,0.4656833601216487,4655.0
0.18500000000000003,0.2,0.03,5000,0.0,0.0,-0.6407290667784041,0.044251527416630757,0.4656833601216487,4655.0
0.1885,0.2,0.03,5000,0.0,0.0,-0.658546452800052,0.041773928126295636,0.4656833601216487,4655.0
0.192,0.2,0.03,5000,0.0,0.0,-0.6684739279667382,0.04043683875400494,0.4656833601216487,4655.0
0.1955,0.2,0.03,5000,0.0,0.0,-0.6736680921138506,0.03975724074141659,0.4656833601216487,4655.0
0.199,0.2,0.03,5000,0.0,0.0,-0.693269653281886,0.03721646158990011,0.4656833601216487,4655.0
0.2025,0.2,0.03,5000,0.0,0.0,-0.7001325978616356,0.036368991948925365,0.4656833601216487,4655.0
0.20600000000000002,0.2,0.03,5000,0.0,0.0,-0.7119600927052351,0.03491411876846644,0.4656833601216487,4655.0
0.20950000000000002,0.2,0.03,5000,0.0,0.0,-0.7246413648299519,0.03340087333588662,0.4656833601216487,4655.0
0.21300000000000002,0.2,0.03,5000,0.0,0.0,-0.7312332355562899,0.03262385337204425,0.4656833601216487,4655.0
0.21650000000000003,0.2,0.03,5000,0.0,0.0,-0.7421854289292928,0.03137009899191993,0.4656833601216487,4655.0
0.22,0.2,0.03,5000,0.0,0.0,-0.7538082971550015,0.03007377585534176,0.4656833601216487,4655.0
0.01,0.25,0.03,5000,1.0,0.0,0.2672496679448069,0.31590870619005634,0.47281953984971425,4610.0
0.0135,0.25,0.03,5000,1.0,0.0,0.23100290023287595,0.3004935753580976,0.47281953984971425,4610.0
0.017,0.25,0.03,5000,1.0,0.0,0.21403794626541073,0.29329733106526384,0.47281953984971425,4610.0
0.0205,0.25,0.03,5000,1.0,0.0,0.17925599459630415,0.27864172448354857,0.47281953984971425,4610.0
0.024,0.25,0.03,5000,1.0,0.0,0.15472486135253047,0.26839241200578323,0.47281953984971425,4610.0
0.027500000000000004,0.25,0.03,5000,1.0,0.0,0.12689123565320393,0.25686957612380296,0.47281953984971425,4610.0
0.031,0.25,0.03,5000,1.0,0.0,0.11258923235704614,0.25101334000594466,0.47281953984971425,4610.0
0.0345,0.25,0.03,5000,1.0,0.0,0.08316080660079334,0.23908971921173433,0.47281953984971425,4610.0
0.038,0.25,0.03,5000,0.975,0.0,0.05889521124696269,0.22941793460728546,0.47281953984971425,4610.0
0.0415,0.25,0.03,5000,0.9,0.0,0.03703649740397168,0.22084000892891525,0.47281953984971425,4610.0
0.045000000000000005,0.25,0.03,5000,0.625,0.0,0.011509376381070099,0.21098651664635232,0.47281953984971425,4610.0
0.0485,0.25,0.03,5000,0.3375,0.0,-0.00925432621364076,0.20310691466008013,0.47281953984971425,4610.0
0.052000000000000005,0.25,0.03,5000,0.1125,0.0,-0.03151288898603759,0.19484900111757766,0.47281953984971425,4610.0
0.0555,0.25,0.03,5000,0.0125,0.0,-0.05653448905983775,0.18572660825185672,0.47281953984971425,4610.0
0.059000000000000004,0.25,0.03,5000,0.025,0.0,-0.07582707516395004,0.17887485495942698,0.47281953984971425,4610.0
0.0625,0.25,0.03,5000,0.0,0.0,-0.0983166393397968,0.1710693715476291,0.47281953984971425,4610.0
0.066,0.25,0.03,5000,0.0,0.0,-0.11551971834094513,0.16517447106144492,0.47281953984971425,4610.0
0.0695,0.25,0.03,5000,0.0,0.0,-0.13581181559367686,0.15840360536638826,0.47281953984971425,4610.0
0.073,0.25,0.03,5000,0.0,0.0,-0.153578278116888,0.1526282725204937,0.47281953984971425,4610.0
0.0765,0.25,0.03,5000,0.0,0.0,-0.17582363405446658,0.14561066856536914,0.47281953984971425,4610.0
0.08,0.25,0.03,5000,0.0,0.0,-0.1968327419902264,0.13910142322823865,0.47281953984971425,4610.0
0.08349999999999999,0.25,0.03,5000,0.0,0.0,-0.2116957275724097,0.1346407163588101,0.47281953984971425,4610.0
0.087,0.25,0.03,5000,0.0,0.0,-0.2328751017540319,0.1284102942270627,0.47281953984971425,4610.0
0.0905,0.25,0.03,5000,0.0,0.0,-0.25333615796070613,0.12256556519736028,0.47281953984971425,4610.0
0.094,0.25,0.03,5000,0.0,0.0,-0.2693543841041094,0.11813977285926366,0.47281953984971425,4610.0
0.0975,0.25,0.03,5000,0.0,0.0,-0.2908525855066668,0.1123286145643064,0.47281953984971425,4610.0
0.10099999999999999,0.25,0.03,5000,0.0,0.0,-0.3090800691138987,0.1075918368325149,0.47281953984971425,4610.0
0.1045,0.25,0.03,5000,0.0,0.0,-0.3178106263067392,0.10537508806582647,0.47281953984971425,4610.0
0.108,0.25,0.03,5000,0.0,0.0,-0.33460153824745603,0.10115717185180491,0.47281953984971425,4610.0
0.1115,0.25,0.03,5000,0.0,0.0,-0.35777002544583975,0.0955258331849515,0.47281953984971425,4610.0
0.11499999999999999,0.25,0.03,5000,0.0,0.0,-0.37174036876411004,0.09226568196061813,0.47281953984971425,4610.0
0.1185,0.25,0.03,5000,0.0,0.0,-0.38900145587679796,0.08832301873079976,0.47281953984971425,4610.0
0.122,0.25,0.03,5000,0.0,0.0,-0.4039157989396812,0.08501264432927916,0.47281953984971425,4610.0
0.1255,0.25,0.03,5000,0.0,0.0,-0.41780070540281083,0.08201067134661298,0.47281953984971425,4610.0
0.129,0.25,0.03,5000,0.0,0.0,-0.4342422920692167,0.07856119001824587,0.47281953984971425,4610.0
0.1325,0.25,0.03,5000,0.0,0.0,-0.45242818014317787,0.07482820726491837,0.47281953984971425,4610.0
0.136,0.25,0.03,5000,0.0,0.0,-0.46478565333953253,0.07237203418666348,0.47281953984971425,4610.0
0.1395,0.25,0.03,5000,0.0,0.0,-0.479766480312526,0.06948238859617824,0.47281953984971425,4610.0
0.14300000000000002,0.25,0.03,5000,0.0,0.0,-0.49576507989784846,0.06647771075343449,0.47281953984971425,4610.0
0.14650000000000002,0.25,0.03,5000,0.0,0.0,-0.5096703342302866,0.06394802061209871,0.47281953984971425,4610.0
0.15000000000000002,0.25,0.03,5000,0.0,0.0,-0.52509521766266,0.061229841059134274,0.47281953984971425,4610.0
0.15350000000000003,0.25,0.03,5000,0.0,0.0,-0.5384152985372797,0.05892885517981685,0.47281953984971425,4610.0
0.157,0.25,0.03,5000,0.0,0.0,-0.5557715130414624,0.05604140457734931,0.47281953984971425,4610.0
0.1605,0.25,0.03,5000,0.0,0.0,-0.5654644124499555,0.05444364209658785,0.47281953984971425,4610.0
0.164,0.25,0.03,5000,0.0,0.0,-0.5777511483685369,0.05247975026222249,0.47281953984971425,4610.0
0.1675,0.25,0.03,5000,0.0,0.0,-0.5894019722016554,0.0506863129727256,0.47281953984971425,4610.0
0.171,0.25,0.03,5000,0.0,0.0,-0.6029688675222071,0.048637335271696704,0.47281953984971425,4610.0
0.17450000000000002,0.25,0.03,5000,0.0,0.0,-0.6157873600988987,0.04676405753935396,0.47281953984971425,4610.0
0.17800000000000002,0.25,0.03,5000,0.0,0.0,-0.6246713507577399,0.045466239203661316,0.47281953984971425,4610.0
0.18150000000000002,0.25,0.03,5000,0.0,0.0,-0.6423808863829705,0.04300212684638871,0.47281953984971425,4610.0
0.18500000000000003,0.25,0.03,5000,0.0,0.0,-0.6535959820905874,0.041457615507714575,0.47281953984971425,4610.0
0.1885,0.25,0.03,5000,0.0,0.0,-0.6689453156729359,0.039443822171184854,0.47281953984971425,4610.0
0.192,0.25,0.03,5000,0.0,0.0,-0.6753686244603808,0.03860604909903209,0.47281953984971425,4610.0
0.1955,0.25,0.03,5000,0.0,0.0,-0.6903319247316857,0.03672054016054476,0.47281953984971425,4610.0
0.199,0.25,0.03,5000,0.0,0.0,-0.700025680426347,0.03554352206402974,0.47281953984971425,4610.0
0.2025,0.25,0.03,5000,0.0,0.0,-0.7107080869811514,0.03425364907254373,0.47281953984971425,4610.0
0.20600000000000002,0.25,0.03,5000,0.0,0.0,-0.7234022008688941,0.03276240722837854,0.47281953984971425,4610.0
0.20950000000000002,0.25,0.03,5000,0.0,0.0,-0.7341406898084327,0.031540296217543846,0.47281953984971425,4610.0
0.21300000000000002,0.25,0.03,5000,0.0,0.0,-0.743074847358173,0.03055236143150348,0.47281953984971425,4610.0
0.21650000000000003,0.25,0.03,5000,0.0,0.0,-0.7508601974463716,0.02968576638128862,0.47281953984971425,4610.0
0.22,0.25,0.03,5000,0.0,0.0,-0.7610553128579913,0.0285884742853726,0.47281953984971425,4610.0
0.01,0.3,0.03,5000,1.0,0.0,0.24698895957044115,0.30201417481680376,0.48006097976857554,4565.0
0.0135,0.3,0.03,5000,1.0,0.0,0.21147159614021466,0.28710608951703087,0.48006097976857554,4565.0
0.017,0.3,0.03,5000,1.0,0.0,0.1874828041758223,0.27709248962644556,0.48006097976857554,4565.0
0.0205,0.3,0.03,5000,1.0,0.0,0.15749097350242763,0.26468131643894993,0.48006097976857554,4565.0
0.024,0.3,0.03,5000,1.0,0.0,0.1357751779899532,0.25576591972050056,0.48006097976857554,4565.0
0.027500000000000004,0.3,0.03,5000,1.0,0.0,0.11754314263567225,0.24836719119512943,0.48006097976857554,4565.0
0.031,0.3,0.03,5000,1.0,0.0,0.08600492316995445,0.2357229346532888,0.48006097976857554,4565.0
0.0345,0.3,0.03,5000,0.9875,0.0,0.06713433408606576,0.2282743864299162,0.48006097976857554,4565.0
0.038,0.3,0.03,5000,0.9,0.0,0.0396583421894275,0.2176192038178173,0.48006097976857554,4565.0
0.0415,0.3,0.03,5000,0.75,0.0,0.021431358086062908,0.21062453152458033,0.48006097976857554,4565.0
0.045000000000000005,0.3,0.03,5000,0.425,0.0,-0.002898928950535181,0.20147515778725428,0.48006097976857554,4565.0
0.0485,0.3,0.03,5000,0.125,0.0,-0.02871674585620402,0.19198756565221745,0.48006097976857554,4565.0
0.052000000000000005,0.3,0.03,5000,0.05,0.0,-0.04631848306653545,0.1856421978919402,0.48006097976857554,4565.0
0.0555,0.3,0.03,5000,0.0,0.0,-0.07478867037344995,0.17560817585749464,0.48006097976857554,4565.0
0.059000000000000004,0.3,0.03,5000,0.0,0.0,-0.09325640108937203,0.16925993451692772,0.48006097976857554,4565.0
0.0625,0.3,0.03,5000,0.0,0.0,-0.11483629199285342,0.1620226096428213,0.48006097976857554,4565.0
0.066,0.3,0.03,5000,0.0,0.0,-0.12676222500033768,0.15809746320409618,0.48006097976857554,4565.0
0.0695,0.3,0.03,5000,0.0,0.0,-0.15573574700228,0.14877017043287483,0.48006097976857554,4565.0
0.073,0.3,0.03,5000,0.0,0.0,-0.17694402890427824,0.14218013435067992,0.48006097976857554,4565.0
0.0765,0.3,0.03,5000,0.0,0.0,-0.19437303462001912,0.1369130502420468,0.48006097976857554,4565.0
0.08,0.3,0.03,5000,0.0,0.0,-0.2071302037042802,0.13310845467248328,0.48006097976857554,4565.0
0.08349999999999999,0.3,0.03,5000,0.0,0.0,-0.22636134158138677,0.12752255647128238,0.48006097976857554,4565.0
0.087,0.3,0.03,5000,0.0,0.0,-0.2496679782941981,0.1209744802648594,0.48006097976857554,4565.0
0.0905,0.3,0.03,5000,0.0,0.0,-0.26888844584152394,0.1157167064551893,0.48006097976857554,4565.0
0.094,0.3,0.03,5000,0.0,0.0,-0.28807071644840576,0.11062924127874138,0.48006097976857554,4565.0
0.0975,0.3,0.03,5000,0.0,0.0,-0.2966011455178542,0.10843843785412872,0.48006097976857554,4565.0
0.10099999999999999,0.3,0.03,5000,0.0,0.0,-0.32080940044362377,0.10230755695591642,0.48006097976857554,4565.0
0.1045,0.3,0.03,5000,0.0,0.0,-0.33885698150689264,0.09789828680761622,0.48006097976857554,4565.0
0.108,0.3,0.03,5000,0.0,0.0,-0.3560008251519995,0.09383785684183922,0.48006097976857554,4565.0
0.1115,0.3,0.03,5000,0.0,0.0,-0.37348959299394113,0.08983295061491939,0.48006097976857554,4565.0
0.11499999999999999,0.3,0.03,5000,0.0,0.0,-0.3857998342862971,0.08705432970091047,0.48006097976857554,4565.0
0.1185,0.3,0.03,5000,0.0,0.0,-0.3997198311514211,0.08403079430874688,0.48006097976857554,4565.0
0.122,0.3,0.03,5000,0.0,0.0,-0.41548640425093575,0.08066322635957415,0.48006097976857554,4565.0
0.1255,0.3,0.03,5000,0.0,0.0,-0.4342922041213192,0.07675815643808162,0.48006097976857554,4565.0
0.129,0.3,0.03,5000,0.0,0.0,-0.4505277319080001,0.07351726271808649,0.48006097976857554,4565.0
0.1325,0.3,0.03,5000,0.0,0.0,-0.4606619742655579,0.07154350859494008,0.48006097976857554,4565.0
0.136,0.3,0.03,5000,0.0,0.0,-0.47865449684122136,0.068132327132695,0.48006097976857554,4565.0
0.1395,0.3,0.03,5000,0.0,0.0,-0.4888957508044257,0.0662103373483183,0.48006097976857554,4565.0
0.14300000000000002,0.3,0.03,5000,0.0,0.0,-0.5041165633490262,0.06348012265049094,0.48006097976857554,4565.0
0.14650000000000002,0.3,0.03,5000,0.0,0.0,-0.520710691355364,0.060569619061500025,0.48006097976857554,4565.0
0.15000000000000002,0.3,0.03,5000,0.0,0.0,-0.5357755106125923,0.05801822650987454,0.48006097976857554,4565.0
0.15350000000000003,0.3,0.03,5000,0.0,0.0,-0.5486513420249746,0.055870143862388866,0.48006097976857554,4565.0
0.157,0.3,0.03,5000,0.0,0.0,-0.5640128237979717,0.053414115726101975,0.48006097976857554,4565.0
0.1605,0.3,0.03,5000,0.0,0.0,-0.5698481056731051,0.05251004661609608,0.48006097976857554,4565.0
0.164,0.3,0.03,5000,0.0,0.0,-0.5893594225886873,0.04951356809481195,0.48006097976857554,4565.0
0.1675,0.3,0.03,5000,0.0,0.0,-0.6015285081678947,0.047745695033653446,0.48006097976857554,4565.0
0.171,0.3,0.03,5000,0.0,0.0,-0.6129930224374054,0.04605421130707228,0.48006097976857554,4565.0
0.17450000000000002,0.3,0.03,5000,0.0,0.0,-0.6254761870545038,0.04430861512660576,0.48006097976857554,4565.0
0.17800000000000002,0.3,0.03,5000,0.0,0.0,-0.6428551698187466,0.04193898599282296,0.48006097976857554,4565.0
0.18150000000000002,0.3,0.03,5000,0.0,0.0,-0.6469303533818878,0.04140883928356176,0.48006097976857554,4565.0
0.18500000000000003,0.3,0.03,5000,0.0,0.0,-0.6644246849223014,0.039083493553825746,0.48006097976857554,4565.0
0.1885,0.3,0.03,5000,0.0,0.0,-0.6698422805842726,0.03840523997777125,0.48006097976857554,4565.0
0.192,0.3,0.03,5000,0.0,0.0,-0.6863982797011678,0.03635156132720824,0.48006097976857554,4565.0
0.1955,0.3,0.03,5000,0.0,0.0,-0.6931420150893252,0.035526680785303896,0.48006097976857554,4565.0
0.199,0.3,0.03,5000,0.0,0.0,-0.7088499861922614,0.03367326704493913,0.48006097976857554,4565.0
0.2025,0.3,0.03,5000,0.0,0.0,-0.720390363964278,0.03232418427668521,0.48006097976857554,4565.0
0.20600000000000002,0.3,0.03,5000,0.0,0.0,-0.7310119863058874,0.031145910674019717,0.48006097976857554,4565.0
0.20950000000000002,0.3,0.03,5000,0.0,0.0,-0.7357612827246637,0.03062068595010973,0.48006097976857554,4565.0
0.21300000000000002,0.3,0.03,5000,0.0,0.0,-0.7490761988604362,0.029171015921364098,0.48006097976857554,4565.0
0.21650000000000003,0.3,0.03,5000,0.0,0.0,-0.7610750632156904,0.027920021728983106,0.48006097976857554,4565.0
0.22,0.3,0.03,5000,0.0,0.0,-0.7720085315476564,0.02680130637403848,0.48006097976857554,4565.0
0.01,0.35,0.03,5000,1.0,0.0,0.2221850663048305,0.2864686635490605,0.48741029327182417,4520.0
0.0135,0.35,0.03,5000,1.0,0.0,0.19341859730635008,0.2745726753941678,0.48741029327182417,4520.0
0.017,0.35,0.03,5000,1.0,0.0,0.16654625911009766,0.2635454307403277,0.48741029327182417,4520.0
0.0205,0.35,0.03,5000,1.0,0.0,0.14349811606368795,0.2541836066250755,0.48741029327182417,4520.0
0.024,0.35,0.03,5000,1.0,0.0,0.12209827909959199,0.245567472751602,0.48741029327182417,4520.0
0.027500000000000004,0.35,0.03,5000,1.0,0.0,0.09560319073592412,0.23504321419894128,0.48741029327182417,4520.0
0.031,0.35,0.03,5000,0.9875,0.0,0.06947400891942519,0.22482088263283048,0.48741029327182417,4520.0
0.0345,0.35,0.03,5000,0.9875,0.0,0.04749523765384594,0.21634100763431835,0.48741029327182417,4520.0
0.038,0.35,0.03,5000,0.7875,0.0,0.024570795405081832,0.20768915898918444,0.48741029327182417,4520.0
0.0415,0.35,0.03,5000,0.425,0.0,-0.0001259262574957072,0.19851440428610095,0.48741029327182417,4520.0
0.045000000000000005,0.35,0.03,5000,0.2,0.0,-0.023187416698452777,0.1901403971650109,0.48741029327182417,4520.0
0.0485,0.35,0.03,5000,0.025,0.0,-0.05066454407580061,0.1803809746155325,0.48741029327182417,4520.0
0.052000000000000005,0.35,0.03,5000,0.0,0.0,-0.06967456765864091,0.1737700505419169,0.48741029327182417,4520.0
0.0555,0.35,0.03,5000,0.0,0.0,-0.08623218389510559,0.16816973145445063,0.48741029327182417,4520.0
0.059000000000000004,0.35,0.03,5000,0.0,0.0,-0.10633481610880487,0.1614711808321511,0.48741029327182417,4520.0
0.0625,0.35,0.03,5000,0.0,0.0,-0.12672843012740836,0.15483885085334287,0.48741029327182417,4520.0
0.066,0.35,0.03,5000,0.0,0.0,-0.1445216447561482,0.14916129881227436,0.48741029327182417,4520.0
0.0695,0.35,0.03,5000,0.0,0.0,-0.17031258647678546,0.14116888581600615,0.48741029327182417,4520.0
0.073,0.35,0.03,5000,0.0,0.0,-0.1855062945357912,0.13659497872658394,0.48741029327182417,4520.0
0.0765,0.35,0.03,5000,0.0,0.0,-0.2098642871679571,0.12944950197174637,0.48741029327182417,4520.0
0.08,0.35,0.03,5000,0.0,0.0,-0.22948602862637268,0.12388556336969872,0.48741029327182417,4520.0
0.08349999999999999,0.35,0.03,5000,0.0,0.0,-0.24722363093007474,0.1190172726568209,0.48741029327182417,4520.0
0.087,0.35,0.03,5000,0.0,0.0,-0.2642097942159345,0.11446171141520804,0.48741029327182417,4520.0
0.0905,0.35,0.03,5000,0.0,0.0,-0.2797747025540344,0.11038135355001466,0.48741029327182417,4520.0
0.094,0.35,0.03,5000,0.0,0.0,-0.3019415690546794,0.10471002905535438,0.48741029327182417,4520.0
0.0975,0.35,0.03,5000,0.0,0.0,-0.31864316604691567,0.10058116105529324,0.48741029327182417,4520.0
0.10099999999999999,0.35,0.03,5000,0.0,0.0,-0.3279882291534058,0.09829559919876366,0.48741029327182417,4520.0
0.1045,0.35,0.03,5000,0.0,0.0,-0.34821913964746287,0.09352615011877677,0.48741029327182417,4520.0
0.108,0.35,0.03,5000,0.0,0.0,-0.3627125142918629,0.09025473775880341,0.48741029327182417,4520.0
0.1115,0.35,0.03,5000,0.0,0.0,-0.37965232431770735,0.08645021760462171,0.48741029327182417,4520.0
0.11499999999999999,0.35,0.03,5000,0.0,0.0,-0.40256314196362375,0.08152406332775113,0.48741029327182417,4520.0
0.1185,0.35,0.03,5000,0.0,0.0,-0.4174098980096003,0.07843805872987307,0.48741029327182417,4520.0
0.122,0.35,0.03,5000,0.0,0.0,-0.42795250949652575,0.07629537281785642,0.48741029327182417,4520.0
0.1255,0.35,0.03,5000,0.0,0.0,-0.44025140010165453,0.07383664865957437,0.48741029327182417,4520.0
0.129,0.35,0.03,5000,0.0,0.0,-0.4618338051597046,0.06971740457530881,0.48741029327182417,4520.0
0.1325,0.35,0.03,5000,0.0,0.0,-0.47742414764125324,0.0667846813747391,0.48741029327182417,4520.0
0.136,0.35,0.03,5000,0.0,0.0,-0.49085314930006596,0.06434150992845891,0.48741029327182417,4520.0
0.1395,0.35,0.03,5000,0.0,0.0,-0.5079638160727414,0.06136661613928259,0.48741029327182417,4520.0
0.14300000000000002,0.35,0.03,5000,0.0,0.0,-0.5206180857327347,0.05918283627399888,0.48741029327182417,4520.0
0.14650000000000002,0.35,0.03,5000,0.0,0.0,-0.5329387204898375,0.057155553178068495,0.48741029327182417,4520.0
0.15000000000000002,0.35,0.03,5000,0.0,0.0,-0.5473898706647093,0.054805313224306484,0.48741029327182417,4520.0
0.15350000000000003,0.35,0.03,5000,0.0,0.0,-0.5598582295228552,0.052827431614857055,0.48741029327182417,4520.0
0.157,0.35,0.03,5000,0.0,0.0,-0.5707200048284639,0.051161843826555156,0.48741029327182417,4520.0
0.1605,0.35,0.03,5000,0.0,0.0,-0.5832823624479684,0.049280938490508644,0.48741029327182417,4520.0
0.164,0.35,0.03,5000,0.0,0.0,-0.5940488740721193,0.047686465774794774,0.48741029327182417,4520.0
0.1675,0.35,0.03,5000,0.0,0.0,-0.6144299082792379,0.044802154070508235,0.48741029327182417,4520.0
0.171,0.35,0.03,5000,0.0,0.0,-0.6274549150952021,0.042991816560270915,0.48741029327182417,4520.0
0.17450000000000002,0.35,0.03,5000,0.0,0.0,-0.6350006742746166,0.041989669995026874,0.48741029327182417,4520.0
0.17800000000000002,0.35,0.03,5000,0.0,0.0,-0.6493143921481621,0.04011091995243123,0.48741029327182417,4520.0
0.18150000000000002,0.35,0.03,5000,0.0,0.0,-0.6627242075388751,0.03840034365875926,0.48741029327182417,4520.0
0.18500000000000003,0.35,0.03,5000,0.0,0.0,-0.6728419736533399,0.037127027244660694,0.48741029327182417,4520.0
0.1885,0.35,0.03,5000,0.0,0.0,-0.6819330230089744,0.03602679201277893,0.48741029327182417,4520.0
0.192,0.35,0.03,5000,0.0,0.0,-0.6951543311301338,0.03445736633543559,0.48741029327182417,4520.0
0.1955,0.35,0.03,5000,0.0,0.0,-0.7097796503324533,0.032778441778283436,0.48741029327182417,4520.0
0.199,0.35,0.03,5000,0.0,0.0,-0.7176533637532145,0.03187965061826109,0.48741029327182417,4520.0
0.2025,0.35,0.03,5000,0.0,0.0,-0.7237697530118001,0.03120340102627549,0.48741029327182417,4520.0
0.20600000000000002,0.35,0.03,5000,0.0,0.0,-0.737261360008811,0.02973374833325739,0.48741029327182417,4520.0
0.20950000000000002,0.35,0.03,5000,0.0,0.0,-0.748174700159131,0.028586571231771607,0.48741029327182417,4520.0
0.21300000000000002,0.35,0.03,5000,0.0,0.0,-0.758485655469439,0.027526054993155042,0.48741029327182417,4520.0
0.21650000000000003,0.35,0.03,5000,0.0,0.0,-0.7687753695399798,0.02648890870822983,0.48741029327182417,4520.0
0.22,0.35,0.03,5000,0.0,0.0,-0.7782986705887948,0.025544855543487816,0.48741029327182417,4520.0
0.01,0.4,0.03,5000,1.0,0.0,0.2003487097134739,0.2724528971299165,0.49487018550387163,4475.0
0.0135,0.4,0.03,5000,1.0,0.0,0.1756655359797659,0.26241282471027727,0.49487018550387163,4475.0
0.017,0.4,0.03,5000,1.0,0.0,0.1477028260362184,0.251160457673644,0.49487018550387163,4475.0
0.0205,0.4,0.03,5000,1.0,0.0,0.12329687248504959,0.2414414374460101,0.49487018550387163,4475.0
0.024,0.4,0.03,5000,1.0,0.0,0.0959004705947097,0.23070445108547002,0.49487018550387163,4475.0
0.027500000000000004,0.4,0.03,5000,1.0,0.0,0.0732495538570838,0.22194446844512247,0.49487018550387163,4475.0
0.031,0.4,0.03,5000,0.975,0.0,0.04846215306082459,0.21253026138685702,0.49487018550387163,4475.0
0.0345,0.4,0.03,5000,0.7625,0.0,0.020876997524991208,0.20224681773935319,0.49487018550387163,4475.0
0.038,0.4,0.03,5000,0.575,0.0,0.005297753407622631,0.1965424587360681,0.49487018550387163,4475.0
0.0415,0.4,0.03,5000,0.2375,0.0,-0.015523569190474262,0.1890287521536189,0.49487018550387163,4475.0
0.045000000000000005,0.4,0.03,5000,0.0625,0.0,-0.04103514026173811,0.180054837234016,0.49487018550387163,4475.0
0.0485,0.4,0.03,5000,0.025,0.0,-0.06595154950595522,0.17149449787741639,0.49487018550387163,4475.0
0.052000000000000005,0.4,0.03,5000,0.0,0.0,-0.0819539907847102,0.1661431671206039,0.49487018550387163,4475.0
0.0555,0.4,0.03,5000,0.0,0.0,-0.10368647006257499,0.15897930855326026,0.49487018550387163,4475.0
0.059000000000000004,0.4,0.03,5000,0.0,0.0,-0.126533714125308,0.1516420790695425,0.49487018550387163,4475.0
0.0625,0.4,0.03,5000,0.0,0.0,-0.1462538630412657,0.1454660944656573,0.49487018550387163,4475.0
0.066,0.4,0.03,5000,0.0,0.0,-0.16519727825579125,0.13974282345821906,0.49487018550387163,4475.0
0.0695,0.4,0.03,5000,0.0,0.0,-0.18398454139574824,0.1341312459745761,0.49487018550387163,4475.0
0.073,0.4,0.03,5000,0.0,0.0,-0.20681078401362846,0.12758016773886366,0.49487018550387163,4475.0
0.0765,0.4,0.03,5000,0.0,0.0,-0.2239069793410208,0.12283622948736954,0.49487018550387163,4475.0
0.08,0.4,0.03,5000,0.0,0.0,-0.2416976776632634,0.11792750493736817,0.49487018550387163,4475.0
0.08349999999999999,0.4,0.03,5000,0.0,0.0,-0.2607330533569333,0.1128585067778832,0.49487018550387163,4475.0
0.087,0.4,0.03,5000,0.0,0.0,-0.270227497105821,0.11033902471843801,0.49487018550387163,4475.0
0.0905,0.4,0.03,5000,0.0,0.0,-0.2964743596971118,0.10373991799193205,0.49487018550387163,4475.0
0.094,0.4,0.03,5000,0.0,0.0,-0.3131843312106855,0.09967793199422714,0.49487018550387163,4475.0
0.0975,0.4,0.03,5000,0.0,0.0,-0.3228810719004967,0.09731983419556878,0.49487018550387163,4475.0
0.10099999999999999,0.4,0.03,5000,0.0,0.0,-0.3437340223221348,0.0924896320694194,0.49487018550387163,4475.0
0.1045,0.4,0.03,5000,0.0,0.0,-0.36461416709007244,0.08778642483859309,0.49487018550387163,4475.0
0.108,0.4,0.03,5000,0.0,0.0,-0.3810729104088206,0.08420349648688778,0.49487018550387163,4475.0
0.1115,0.4,0.03,5000,0.0,0.0,-0.3989110554369844,0.08044079911176691,0.49487018550387163,4475.0
0.11499999999999999,0.4,0.03,5000,0.0,0.0,-0.4064263541643151,0.07888127761095268,0.49487018550387163,4475.0
0.1185,0.4,0.03,5000,0.0,0.0,-0.4270949098853671,0.07480015479656765,0.49487018550387163,4475.0
0.122,0.4,0.03,5000,0.0,0.0,-0.4434602013420631,0.07154272343106638,0.49487018550387163,4475.0
0.1255,0.4,0.03,5000,0.0,0.0,-0.46269555000499685,0.06793044311006258,0.49487018550387163,4475.0
0.129,0.4,0.03,5000,0.0,0.0,-0.4710014244086249,0.06641405437627826,0.49487018550387163,4475.0
0.1325,0.4,0.03,5000,0.0,0.0,-0.48643423089946164,0.06364507374118786,0.49487018550387163,4475.0
0.136,0.4,0.03,5000,0.0,0.0,-0.5006479551391879,0.061189453180579556,0.49487018550387163,4475.0
0.1395,0.4,0.03,5000,0.0,0.0,-0.5120624282200985,0.05926509885228037,0.49487018550387163,4475.0
0.14300000000000002,0.4,0.03,5000,0.0,0.0,-0.5297093722396546,0.0563705871877358,0.49487018550387163,4475.0
0.14650000000000002,0.4,0.03,5000,0.0,0.0,-0.542871007693506,0.05423295202026577,0.49487018550387163,4475.0
0.15000000000000002,0.4,0.03,5000,0.0,0.0,-0.5597859627632648,0.05162432425027774,0.49487018550387163,4475.0
0.15350000000000003,0.4,0.03,5000,0.0,0.0,-0.5665705694413458,0.05059783166555472,0.49487018550387163,4475.0
0.157,0.4,0.03,5000,0.0,0.0,-0.5876349374063615,0.04750127902141639,0.49487018550387163,4475.0
0.1605,0.4,0.03,5000,0.0,0.0,-0.601011602694634,0.045591526105023074,0.49487018550387163,4475.0
0.164,0.4,0.03,5000,0.0,0.0,-0.608803521035117,0.04452475370204686,0.49487018550387163,4475.0
0.1675,0.4,0.03,5000,0.0,0.0,-0.6223674996200443,0.042675230770424386,0.49487018550387163,4475.0
0.171,0.4,0.03,5000,0.0,0.0,-0.631299264865499,0.041491818939540556,0.49487018550387163,4475.0
0.17450000000000002,0.4,0.03,5000,0.0,0.0,-0.6482868222792535,0.03930187615891277,0.49487018550387163,4475.0
0.17800000000000002,0.4,0.03,5000,0.0,0.0,-0.6546253916038689,0.038491459214873625,0.49487018550387163,4475.0
0.18150000000000002,0.4,0.03,5000,0.0,0.0,-0.6711936050516708,0.03647337933152754,0.49487018550387163,4475.0
0.18500000000000003,0.4,0.03,5000,0.0,0.0,-0.6827245906649667,0.03509611062157071,0.49487018550387163,4475.0
0.1885,0.4,0.03,5000,0.0,0.0,-0.6958965180178358,0.033560594562687715,0.49487018550387163,4475.0
0.192,0.4,0.03,5000,0.0,0.0,-0.7039065724417778,0.03265812812572479,0.49487018550387163,4475.0
0.1955,0.4,0.03,5000,0.0,0.0,-0.71368869645397,0.03155788295281877,0.49487018550387163,4475.0
0.199,0.4,0.03,5000,0.0,0.0,-0.7266716101591866,0.030154394979186528,0.49487018550387163,4475.0
0.2025,0.4,0.03,5000,0.0,0.0,-0.7358647632845765,0.02917938241220463,0.49487018550387163,4475.0
0.20600000000000002,0.4,0.03,5000,0.0,0.0,-0.7438051331143752,0.0283601248984102,0.49487018550387163,4475.0
0.20950000000000002,0.4,0.03,5000,0.0,0.0,-0.7530929467209779,0.027418271966472885,0.49487018550387163,4475.0
0.21300000000000002,0.4,0.03,5000,0.0,0.0,-0.7703805721533007,0.025707745385545953,0.49487018550387163,4475.0
0.21650000000000003,0.4,0.03,5000,0.0,0.0,-0.7771042815369957,0.025049936628287146,0.49487018550387163,4475.0
0.22,0.4,0.03,5000,0.0,0.0,-0.7851286737036147,0.02429276036191484,0.49487018550387163,4475.0
0.01,0.05,0.005,10000,1.0,0.0,0.6080593332958906,0.5341540145911401,0.007329808692499107,9855.0
0.0135,0.05,0.005,10000,1.0,0.0,0.574473448194151,0.5212892985113742,0.007329808692499107,9855.0
0.017,0.05,0.005,10000,1.0,0.0,0.5424320631391822,0.5085468738070862,0.007329808692499107,9855.0
0.0205,0.05,0.005,10000,1.0,0.0,0.5083722369078181,0.4945707089234114,0.007329808692499107,9855.0
0.024,0.05,0.005,10000,1.0,0.0,0.47814558724628586,0.48183690117438555,0.007329808692499107,9855.0
0.027500000000000004,0.05,0.005,10000,1.0,0.0,0.44178962873681105,0.4660840058681169,0.007329808692499107,9855.0
0.031,0.05,0.005,10000,1.0,0.0,0.4127582033342744,0.4532173004995069,0.007329808692499107,9855.0
0.0345,0.05,0.005,10000,1.0,0.0,0.38245323270490755,0.4395134977588988,0.007329808692499107,9855.0
0.038,0.05,0.005,10000,1.0,0.0,0.3582022584083037,0.4283376464866592,0.007329808692499107,9855.0
0.0415,0.05,0.005,10000,1.0,0.0,0.3246295547317378,0.4127380208621692,0.007329808692499107,9855.0
0.045000000000000005,0.05,0.005,10000,1.0,0.0,0.29777168367025963,0.40007596717795807,0.007329808692499107,9855.0
0.0485,0.05,0.005,10000,1.0,0.0,0.27068623316742757,0.38718961126793694,0.007329808692499107,9855.0
0.052000000000000005,0.05,0.005,10000,1.0,0.0,0.24619802555392986,0.3754796401748215,0.007329808692499107,9855.0
0.0555,0.05,0.005,10000,1.0,0.0,0.22080061848643898,0.3632689057925882,0.007329808692499107,9855.0
0.059000000000000004,0.05,0.005,10000,1.0,0.0,0.19260180231153262,0.3496967356581691,0.007329808692499107,9855.0
0.0625,0.05,0.005,10000,1.0,0.0,0.16395932143154696,0.33591134412759416,0.007329808692499107,9855.0
0.066,0.05,0.005,10000,1.0,0.0,0.14321907812954934,0.32594377078457004,0.007329808692499107,9855.0
0.0695,0.05,0.005,10000,1.0,0.0,0.11792868742698677,0.31384391242866655,0.007329808692499107,9855.0
0.073,0.05,0.005,10000,1.0,0.0,0.09790385954040606,0.3043100017257207,0.007329808692499107,9855.0
0.0765,0.05,0.005,10000,1.0,0.0,0.07201274371834232,0.2920734630309513,0.007329808692499107,9855.0
0.08,0.05,0.005,10000,1.0,0.0,0.05029655468669194,0.28190006121420025,0.007329808692499107,9855.0
0.08349999999999999,0.05,0.005,10000,0.8625,0.0,0.024504385886964214,0.2699585578799376,0.007329808692499107,9855.0
0.087,0.05,0.005,10000,0.625,0.0,0.007032275287839941,0.26194969237934673,0.007329808692499107,9855.0
0.0905,0.05,0.005,10000,0.2375,0.0,-0.013008575752865303,0.2528776027928873,0.007329808692499107,9855.0
0.094,0.05,0.005,10000,0.0,0.0,-0.03644899861956334,0.24241529300960396,0.007329808692499107,9855.0
0.0975,0.05,0.005,10000,0.0,0.0,-0.062261388356472214,0.23109373077813614,0.007329808692499107,9855.0
0.10099999999999999,0.05,0.005,10000,0.0,0.0,-0.07780961989042023,0.22439005974312307,0.007329808692499107,9855.0
0.1045,0.05,0.005,10000,0.0,0.0,-0.09719985721059729,0.21616119871029774,0.007329808692499107,9855.0
0.108,0.05,0.005,10000,0.0,0.0,-0.11839250327967152,0.20732264759228364,0.007329808692499107,9855.0
0.1115,0.05,0.005,10000,0.0,0.0,-0.14079872452057618,0.19818303307112148,0.007329808692499107,9855.0
0.11499999999999999,0.05,0.005,10000,0.0,0.0,-0.15646284888702372,0.19190835842559267,0.007329808692499107,9855.0
0.1185,0.05,0.005,10000,0.0,0.0,-0.17484095411322365,0.18468784282774448,0.007329808692499107,9855.0
0.122,0.05,0.005,10000,0.0,0.0,-0.19522278278559518,0.17685047336944196,0.007329808692499107,9855.0
0.1255,0.05,0.005,10000,0.0,0.0,-0.2142183530794311,0.16972571211111892,0.007329808692499107,9855.0
0.129,0.05,0.005,10000,0.0,0.0,-0.2327825922490608,0.16292399756484105,0.007329808692499107,9855.0
0.1325,0.05,0.005,10000,0.0,0.0,-0.2511953238240995,0.15631919092191557,0.007329808692499107,9855.0
0.136,0.05,0.005,10000,0.0,0.0,-0.26684314764511663,0.15085818142530472,0.007329808692499107,9855.0
0.1395,0.05,0.005,10000,0.0,0.0,-0.2822058883293493,0.14557946407996644,0.007329808692499107,9855.0
0.14300000000000002,0.05,0.005,10000,0.0,0.0,-0.29928788902442677,0.13985088755802963,0.007329808692499107,9855.0
0.14650000000000002,0.05,0.005,10000,0.0,0.0,-0.3155796605444094,0.1345266501235591,0.007329808692499107,9855.0
0.15000000000000002,0.05,0.005,10000,0.0,0.0,-0.33134061805153936,0.12950418222011323,0.007329808692499107,9855.0
0.15350000000000003,0.05,0.005,10000,0.0,0.0,-0.348943686007432,0.12402651315704032,0.007329808692499107,9855.0
0.157,0.05,0.005,10000,0.0,0.0,-0.3643552931286029,0.11935482274236323,0.007329808692499107,9855.0
0.1605,0.05,0.005,10000,0.0,0.0,-0.38141100347448614,0.11431353782870597,0.007329808692499107,9855.0
0.164,0.05,0.005,10000,0.0,0.0,-0.3966326581800036,0.10994230620800907,0.007329808692499107,9855.0
0.1675,0.05,0.005,10000,0.0,0.0,-0.41010693164468137,0.10614507781455032,0.007329808692499107,9855.0
0.171,0.05,0.005,10000,0.0,0.0,-0.42589715114336724,0.10182222470718809,0.007329808692499107,9855.0
0.17450000000000002,0.05,0.005,10000,0.0,0.0,-0.4414723965576851,0.09767559896889641,0.007329808692499107,9855.0
0.17800000000000002,0.05,0.005,10000,0.0,0.0,-0.45494151085663,0.09416927657575991,0.007329808692499107,9855.0
0.18150000000000002,0.05,0.005,10000,0.0,0.0,-0.469854156463178,0.09037967454222218,0.007329808692499107,9855.0
0.18500000000000003,0.05,0.005,10000,0.0,0.0,-0.48327836604145424,0.08707380038069726,0.007329808692499107,9855.0
0.1885,0.05,0.005,10000,0.0,0.0,-0.4967265020679014,0.08382595365860053,0.007329808692499107,9855.0
0.192,0.05,0.005,10000,0.0,0.0,-0.5103704190292492,0.08061773456666232,0.007329808692499107,9855.0
0.1955,0.05,0.005,10000,0.0,0.0,-0.5282610400168878,0.07653441625959209,0.007329808692499107,9855.0
0.199,0.05,0.005,10000,0.0,0.0,-0.5382998475849433,0.0743058260620585,0.007329808692499107,9855.0
0.2025,0.05,0.005,10000,0.0,0.0,-0.5515396081114334,0.07143776969396592,0.007329808692499107,9855.0
0.20600000000000002,0.05,0.005,10000,0.0,0.0,-0.5634848312437271,0.06888597605023147,0.007329808692499107,9855.0
0.20950000000000002,0.05,0.005,10000,0.0,0.0,-0.5760675820874156,0.06628427738224392,0.007329808692499107,9855.0
0.21300000000000002,0.05,0.005,10000,0.0,0.0,-0.5904963724063973,0.06337376892325888,0.007329808692499107,9855.0
0.21650000000000003,0.05,0.005,10000,0.0,0.0,-0.6026145071936048,0.06099685829276232,0.007329808692499107,9855.0
0.22,0.05,0.005,10000,0.0,0.0,-0.6137429165414332,0.058856201023446485,0.007329808692499107,9855.0
0.01,0.1,0.005,10000,1.0,0.0,0.5845519494423647,0.5193302722282127,0.011961234531527198,9765.0
0.0135,0.1,0.005,10000,1.0,0.0,0.5471966501331527,0.5045848565893305,0.011961234531527198,9765.0
0.017,0.1,0.005,10000,1.0,0.0,0.5134584866812933,0.4908250900203425,0.011961234531527198,9765.0
0.0205,0.1,0.005,10000,1.0,0.0,0.48039131442467237,0.47694107004944153,0.011961234531527198,9765.0
0.024,0.1,0.005,10000,1.0,0.0,0.44561749961532743,0.4619281997174733,0.011961234531527198,9765.0
0.027500000000000004,0.1,0.005,10000,1.0,0.0,0.4168443567223942,0.4492280743635419,0.011961234531527198,9765.0
0.031,0.1,0.005,10000,1.0,0.0,0.3911552078963226,0.4376450687476113,0.011961234531527198,9765.0
0.0345,0.1,0.005,10000,1.0,0.0,0.356112941720394,0.42163609343311215,0.011961234531527198,9765.0
0.038,0.1,0.005,10000,1.0,0.0,0.32938283020745784,0.4092675860239051,0.011961234531527198,9765.0
0.0415,0.1,0.005,10000,1.0,0.0,0.3015796736028036,0.3962390529495871,0.011961234531527198,9765.0
0.045000000000000005,0.1,0.005,10000,1.0,0.0,0.27439672366347245,0.3833979996526052,0.011961234531527198,9765.0
0.0485,0.1,0.005,10000,1.0,0.0,0.24699579606844163,0.37035128382756455,0.011961234531527198,9765.0
0.052000000000000005,0.1,0.005,10000,1.0,0.0,0.219680262090235,0.35731487470167234,0.011961234531527198,9765.0
0.0555,0.1,0.005,10000,1.0,0.0,0.19909271253732586,0.3474729942342387,0.011961234531527198,9765.0
0.059000000000000004,0.1,0.005,10000,1.0,0.0,0.17353550580865798,0.3352526565197482,0.011961234531527198,9765.0
0.0625,0.1,0.005,10000,1.0,0.0,0.1468811472188622,0.322549221888751,0.011961234531527198,9765.0
0.066,0.1,0.005,10000,1.0,0.0,0.12175785939132147,0.31061734291853244,0.011961234531527198,9765.0
0.0695,0.1,0.005,10000,1.0,0.0,0.0998260537401817,0.30026406312551945,0.011961234531527198,9765.0
0.073,0.1,0.005,10000,1.0,0.0,0.07657362354795266,0.289366968308166,0.011961234531527198,9765.0
0.0765,0.1,0.005,10000,1.0,0.0,0.0547589238509875,0.27922890065654216,0.011961234531527198,9765.0
0.08,0.1,0.005,10000,0.95,0.0,0.02997659531454085,0.26784566674132854,0.011961234531527198,9765.0
0.08349999999999999,0.1,0.005,10000,0.675,0.0,0.009462800684707368,0.2585357819828073,0.011961234531527198,9765.0
0.087,0.1,0.005,10000,0.2,0.0,-0.011611956906915504,0.24908592014323797,0.011961234531527198,9765.0
0.0905,0.1,0.005,10000,0.0125,0.0,-0.03462914799870648,0.23892581903386106,0.011961234531527198,9765.0
0.094,0.1,0.005,10000,0.0,0.0,-0.05302454721443413,0.23092720246642787,0.011961234531527198,9765.0
0.0975,0.1,0.005,10000,0.0,0.0,-0.07403644514610137,0.22192523270608885,0.011961234531527198,9765.0
0.10099999999999999,0.1,0.005,10000,0.0,0.0,-0.0936069213858769,0.21371729837464706,0.011961234531527198,9765.0
0.1045,0.1,0.005,10000,0.0,0.0,-0.11547259657738537,0.2046901026641769,0.011961234531527198,9765.0
0.108,0.1,0.005,10000,0.0,0.0,-0.13442186172920936,0.19701747524139113,0.011961234531527198,9765.0
0.1115,0.1,0.005,10000,0.0,0.0,-0.15647727781816148,0.18828943298138465,0.011961234531527198,9765.0
0.11499999999999999,0.1,0.005,10000,0.0,0.0,-0.17431121651593268,0.18136787802689158,0.011961234531527198,9765.0
0.1185,0.1,0.005,10000,0.0,0.0,-0.1904624251932867,0.17525844931291426,0.011961234531527198,9765.0
0.122,0.1,0.005,10000,0.0,0.0,-0.20781424790507924,0.16878218365553374,0.011961234531527198,9765.0
0.1255,0.1,0.005,10000,0.0,0.0,-0.22958322620901744,0.1608899240922839,0.011961234531527198,9765.0
0.129,0.1,0.005,10000,0.0,0.0,-0.24664695663320937,0.15483653935608427,0.011961234531527198,9765.0
0.1325,0.1,0.005,10000,0.0,0.0,-0.2645792625128863,0.14864251853335125,0.011961234531527198,9765.0
0.136,0.1,0.005,10000,0.0,0.0,-0.28260408777424867,0.14254941233029952,0.011961234531527198,9765.0
0.1395,0.1,0.005,10000,0.0,0.0,-0.2977700939577973,0.13756326357882243,0.011961234531527198,9765.0
0.14300000000000002,0.1,0.005,10000,0.0,0.0,-0.31543141706810623,0.13187002837342543,0.011961234531527198,9765.0
0.14650000000000002,0.1,0.005,10000,0.0,0.0,-0.3302447661908798,0.12721412807698482,0.011961234531527198,9765.0
0.15000000000000002,0.1,0.005,10000,0.0,0.0,-0.3454760313377802,0.12254945709618228,0.011961234531527198,9765.0
0.15350000000000003,0.1,0.005,10000,0.0,0.0,-0.3621581084283652,0.11754558193164155,0.011961234531527198,9765.0
0.157,0.1,0.005,10000,0.0,0.0,-0.3805086734889455,0.11223209063298359,0.011961234531527198,9765.0
0.1605,0.1,0.005,10000,0.0,0.0,-0.3923393638250404,0.10888277580001308,0.011961234531527198,9765.0
0.164,0.1,0.005,10000,0.0,0.0,-0.4140807785699142,0.10288200669316332,0.011961234531527198,9765.0
0.1675,0.1,0.005,10000,0.0,0.0,-0.42792984165558484,0.0991715557616043,0.011961234531527198,9765.0
0.171,0.1,0.005,10000,0.0,0.0,-0.43975323288578655,0.09607900505659499,0.011961234531527198,9765.0
0.17450000000000002,0.1,0.005,10000,0.0,0.0,-0.45422054658626454,0.09237246662234944,0.011961234531527198,9765.0
0.17800000000000002,0.1,0.005,10000,0.0,0.0,-0.46844838659026616,0.08882519271354314,0.011961234531527198,9765.0
0.18150000000000002,0.1,0.005,10000,0.0,0.0,-0.4820059380061899,0.08554232616534219,0.011961234531527198,9765.0
0.18500000000000003,0.1,0.005,10000,0.0,0.0,-0.49504973209457004,0.08243383441991461,0.011961234531527198,9765.0
0.1885,0.1,0.005,10000,0.0,0.0,-0.507717698201672,0.07950755938863015,0.011961234531527198,9765.0
0.192,0.1,0.005,10000,0.0,0.0,-0.5239763708851269,0.07584708280374665,0.011961234531527198,9765.0
0.1955,0.1,0.005,10000,0.0,0.0,-0.5354882528742728,0.07332364519020698,0.011961234531527198,9765.0
0.199,0.1,0.005,10000,0.0,0.0,-0.5450001669189153,0.07127378312658354,0.011961234531527198,9765.0
0.2025,0.1,0.005,10000,0.0,0.0,-0.5624049699814122,0.06763185073396745,0.011961234531527198,9765.0
0.20600000000000002,0.1,0.005,10000,0.0,0.0,-0.5716772938999691,0.06573774943267112,0.011961234531527198,9765.0
0.20950000000000002,0.1,0.005,10000,0.0,0.0,-0.5860067271549695,0.06287740397068571,0.011961234531527198,9765.0
0.21300000000000002,0.1,0.005,10000,0.0,0.0,-0.5978686936075926,0.060572942309074354,0.011961234531527198,9765.0
0.21650000000000003,0.1,0.005,10000,0.0,0.0,-0.6118794148494772,0.05792687994079761,0.011961234531527198,9765.0
0.22,0.1,0.005,10000,0.0,0.0,-0.6245055157685068,0.055602857369283144,0.011961234531527198,9765.0
0.01,0.15,0.005,10000,1.0,0.0,0.5532942933340921,0.5011391226416001,0.0166571355506977,9675.0
0.0135,0.15,0.005,10000,1.0,0.0,0.5195110167833042,0.48744964221042764,0.0166571355506977,9675.0
0.017,0.15,0.005,10000,1.0,0.0,0.4884535893773421,0.47448707872204865,0.0166571355506977,9675.0
0.0205,0.15,0.005,10000,1.0,0.0,0.457182415049931,0.46109990712582205,0.0166571355506977,9675.0
0.024,0.15,0.005,10000,1.0,0.0,0.42335853562850606,0.44630628595382227,0.0166571355506977,9675.0
0.027500000000000004,0.15,0.005,10000,1.0,0.0,0.394530483627099,0.43341365120588504,0.0166571355506977,9675.0
0.031,0.15,0.005,10000,1.0,0.0,0.3655545900589482,0.4202589163488204,0.0166571355506977,9675.0
0.0345,0.15,0.005,10000,1.0,0.0,0.33442838539752007,0.4058963933003902,0.0166571355506977,9675.0
0.038,0.15,0.005,10000,1.0,0.0,0.30759348595887925,0.39343024805552984,0.0166571355506977,9675.0
0.0415,0.15,0.005,10000,1.0,0.0,0.2823002646081434,0.3815624659142995,0.0166571355506977,9675.0
0.045000000000000005,0.15,0.005,10000,1.0,0.0,0.25473868325677307,0.3685663183260345,0.0166571355506977,9675.0
0.0485,0.15,0.005,10000,1.0,0.0,0.22766766287107662,0.3557123403922516,0.0166571355506977,9675.0
0.052000000000000005,0.15,0.005,10000,1.0,0.0,0.20610457563819481,0.3454900038936005,0.0166571355506977,9675.0
0.0555,0.15,0.005,10000,1.0,0.0,0.1789145730144714,0.3325811017699071,0.0166571355506977,9675.0
0.059000000000000004,0.15,0.005,10000,1.0,0.0,0.15175381242694927,0.31972898619823287,0.0166571355506977,9675.0
0.0625,0.15,0.005,10000,1.0,0.0,0.12757890658417068,0.30832986876019053,0.0166571355506977,9675.0
0.066,0.15,0.005,10000,1.0,0.0,0.10349801906430031,0.2970532815703052,0.0166571355506977,9675.0
0.0695,0.15,0.005,10000,1.0,0.0,0.0824777012826163,0.28728469449850114,0.0166571355506977,9675.0
0.073,0.15,0.005,10000,1.0,0.0,0.058858891094152585,0.2764007091232421,0.0166571355506977,9675.0
0.0765,0.15,0.005,10000,0.9375,0.0,0.033076017867898995,0.2646635423674771,0.0166571355506977,9675.0
0.08,0.15,0.005,10000,0.7375,0.0,0.013428274573503058,0.2558237512339086,0.0166571355506977,9675.0
0.08349999999999999,0.15,0.005,10000,0.25,0.0,-0.009609434211478921,0.24559745404055855,0.0166571355506977,9675.0
0.087,0.15,0.005,10000,0.0625,0.0,-0.027004796044228473,0.23798095958786902,0.0166571355506977,9675.0
0.0905,0.15,0.005,10000,0.0,0.0,-0.04857585686257081,0.22867182507268877,0.0166571355506977,9675.0
0.094,0.15,0.005,10000,0.0,0.0,-0.07359344769561309,0.21807758415532322,0.0166571355506977,9675.0
0.0975,0.15,0.005,10000,0.0,0.0,-0.08705269069059354,0.2124926504657667,0.0166571355506977,9675.0
0.10099999999999999,0.15,0.005,10000,0.0,0.0,-0.11171432766457104,0.20241042933374676,0.0166571355506977,9675.0
0.1045,0.15,0.005,10000,0.0,0.0,-0.12993711912603464,0.19510124422006608,0.0166571355506977,9675.0
0.108,0.15,0.005,10000,0.0,0.0,-0.152227096326002,0.18637599840539634,0.0166571355506977,9675.0
0.1115,0.15,0.005,10000,0.0,0.0,-0.16615790203262948,0.18100566198555829,0.0166571355506977,9675.0
0.11499999999999999,0.15,0.005,10000,0.0,0.0,-0.18805503545799365,0.1727890961564337,0.0166571355506977,9675.0
0.1185,0.15,0.005,10000,0.0,0.0,-0.20371370109348944,0.16700796222887826,0.0166571355506977,9675.0
0.122,0.15,0.005,10000,0.0,0.0,-0.22676808565945902,0.15872430336774537,0.0166571355506977,9675.0
0.1255,0.15,0.005,10000,0.0,0.0,-0.24167877346298156,0.1535044090176007,0.0166571355506977,9675.0
0.129,0.15,0.005,10000,0.0,0.0,-0.26087731565672956,0.14694171671865067,0.0166571355506977,9675.0
0.1325,0.15,0.005,10000,0.0,0.0,-0.28123703439435144,0.1401595663521233,0.0166571355506977,9675.0
0.136,0.15,0.005,10000,0.0,0.0,-0.29165406853527476,0.13676231192631427,0.0166571355506977,9675.0
0.1395,0.15,0.005,10000,0.0,0.0,-0.31102671215416555,0.13059137064100299,0.0166571355506977,9675.0
0.14300000000000002,0.15,0.005,10000,0.0,0.0,-0.32897024169975786,0.12502221215433704,0.0166571355506977,9675.0
0.14650000000000002,0.15,0.005,10000,0.0,0.0,-0.34653140725276954,0.11974857568711024,0.0166571355506977,9675.0
0.15000000000000002,0.15,0.005,10000,0.0,0.0,-0.36271894883847783,0.11499496057109544,0.0166571355506977,9675.0
0.15350000000000003,0.15,0.005,10000,0.0,0.0,-0.371893311353868,0.11234957785047159,0.0166571355506977,9675.0
0.157,0.15,0.005,10000,0.0,0.0,-0.3890173727978926,0.10754142785066931,0.0166571355506977,9675.0
0.1605,0.15,0.005,10000,0.0,0.0,-0.40915147088544224,0.10205476161428298,0.0166571355506977,9675.0
0.164,0.15,0.005,10000,0.0,0.0,-0.4231249631889288,0.09834001878970575,0.0166571355506977,9675.0
0.1675,0.15,0.005,10000,0.0,0.0,-0.4369675912330182,0.09475832726639263,0.0166571355506977,9675.0
0.171,0.15,0.005,10000,0.0,0.0,-0.451202185996034,0.09116999849961624,0.0166571355506977,9675.0
0.17450000000000002,0.15,0.005,10000,0.0,0.0,-0.46557483237770114,0.0876509445752591,0.0166571355506977,9675.0
0.17800000000000002,0.15,0.005,10000,0.0,0.0,-0.4813573663162738,0.08387089920296364,0.0166571355506977,9675.0
0.18150000000000002,0.15,0.005,10000,0.0,0.0,-0.4938709825072749,0.0809678429915979,0.0166571355506977,9675.0
0.18500000000000003,0.15,0.005,10000,0.0,0.0,-0.5080378350282178,0.07773427426860888,0.0166571355506977,9675.0
0.1885,0.15,0.005,10000,0.0,0.0,-0.5170929318263038,0.07572453941064906,0.0166571355506977,9675.0
0.192,0.15,0.005,10000,0.0,0.0,-0.5334357968318912,0.07218190235345696,0.0166571355506977,9675.0
0.1955,0.15,0.005,10000,0.0,0.0,-0.5426865659707258,0.07022191564064172,0.0166571355506977,9675.0
0.199,0.15,0.005,10000,0.0,0.0,-0.5584222935521737,0.0669716320106091,0.0166571355506977,9675.0
0.2025,0.15,0.005,10000,0.0,0.0,-0.5678670338732272,0.06507390565461228,0.0166571355506977,9675.0
0.20600000000000002,0.15,0.005,10000,0.0,0.0,-0.5831063036668189,0.062068359096852696,0.0166571355506977,9675.0
0.20950000000000002,0.15,0.005,10000,0.0,0.0,-0.5982657152726935,0.05919166991529519,0.0166571355506977,9675.0
0.21300000000000002,0.15,0.005,10000,0.0,0.0,-0.6097431674561866,0.057053984160950935,0.0166571355506977,9675.0
0.21650000000000003,0.15,0.005,10000,0.0,0.0,-0.6167910150017233,0.055765749722667415,0.0166571355506977,9675.0
0.22,0.15,0.005,10000,0.0,0.0,-0.6319932209036375,0.05306579990593822,0.0166571355506977,9675.0
0.01,0.2,0.005,10000,1.0,0.0,0.5258333479171032,0.48413720111920383,0.021419021726492682,9585.0
0.0135,0.2,0.005,10000,1.0,0.0,0.49360448215603603,0.47077940460535767,0.021419021726492682,9585.0
0.017,0.2,0.005,10000,1.0,0.0,0.4586797085910428,0.4558744543474763,0.021419021726492682,9585.0
0.0205,0.2,0.005,10000,1.0,0.0,0.43064873852573926,0.44367307272365936,0.021419021726492682,9585.0
0.024,0.2,0.005,10000,1.0,0.0,0.3991112729401842,0.42966976925439904,0.021419021726492682,9585.0
0.027500000000000004,0.2,0.005,10000,1.0,0.0,0.3705727740277839,0.41680185194943975,0.021419021726492682,9585.0
0.031,0.2,0.005,10000,1.0,0.0,0.3426004573537306,0.4040157647109844,0.021419021726492682,9585.0
0.0345,0.2,0.005,10000,1.0,0.0,0.31547993473601277,0.3914701922839399,0.021419021726492682,9585.0
0.038,0.2,0.005,10000,1.0,0.0,0.2879692174361015,0.37866066583859326,0.021419021726492682,9585.0
0.0415,0.2,0.005,10000,1.0,0.0,0.26032392312127745,0.3656985390790767,0.021419021726492682,9585.0
0.045000000000000005,0.2,0.005,10000,1.0,0.0,0.2329482349706705,0.35282232166387384,0.021419021726492682,9585.0
0.0485,0.2,0.005,10000,1.0,0.0,0.20379397581176492,0.3390785877634441,0.021419021726492682,9585.0
0.052000000000000005,0.2,0.005,10000,1.0,0.0,0.17909068543786782,0.3274474887845849,0.021419021726492682,9585.0
0.0555,0.2,0.005,10000,1.0,0.0,0.15780700840363499,0.3174586787670901,0.021419021726492682,9585.0
0.059000000000000004,0.2,0.005,10000,1.0,0.0,0.13564251673499594,0.30708154652568953,0.021419021726492682,9585.0
0.0625,0.2,0.005,10000,1.0,0.0,0.1103736444989432,0.29533817842249993,0.021419021726492682,9585.0
0.066,0.2,0.005,10000,1.0,0.0,0.08565868955952179,0.28394242036641126,0.021419021726492682,9585.0
0.0695,0.2,0.005,10000,1.0,0.0,0.06318279088456655,0.273672973182414,0.021419021726492682,9585.0
0.073,0.2,0.005,10000,0.95,0.0,0.04177375791560844,0.26399968126886353,0.021419021726492682,9585.0
0.0765,0.2,0.005,10000,0.75,0.0,0.018089686648805985,0.25342880142643304,0.021419021726492682,9585.0
0.08,0.2,0.005,10000,0.3625,0.0,-0.002756366758504162,0.24425035301542247,0.021419021726492682,9585.0
0.08349999999999999,0.2,0.005,10000,0.0625,0.0,-0.027340091672116106,0.23359822437976044,0.021419021726492682,9585.0
0.087,0.2,0.005,10000,0.0125,0.0,-0.041808646866320666,0.22741051894780603,0.021419021726492682,9585.0
0.0905,0.2,0.005,10000,0.0,0.0,-0.06577520405117623,0.21733391835194,0.021419021726492682,9585.0
0.094,0.2,0.005,10000,0.0,0.0,-0.0887022016688217,0.20789050976261642,0.021419021726492682,9585.0
0.0975,0.2,0.005,10000,0.0,0.0,-0.10821590156256403,0.20001256890256336,0.021419021726492682,9585.0
0.10099999999999999,0.2,0.005,10000,0.0,0.0,-0.12509481668877925,0.19333265407552389,0.021419021726492682,9585.0
0.1045,0.2,0.005,10000,0.0,0.0,-0.14440138062465957,0.18583148006105446,0.021419021726492682,9585.0
0.108,0.2,0.005,10000,0.0,0.0,-0.16381123299904154,0.17843932158337,0.021419021726492682,9585.0
0.1115,0.2,0.005,10000,0.0,0.0,-0.1863336727785215,0.17007224615112557,0.021419021726492682,9585.0
0.11499999999999999,0.2,0.005,10000,0.0,0.0,-0.2039135889606208,0.16370129049295862,0.021419021726492682,9585.0
0.1185,0.2,0.005,10000,0.0,0.0,-0.2192183138677458,0.15827354914851516,0.021419021726492682,9585.0
0.122,0.2,0.005,10000,0.0,0.0,-0.23837564198978853,0.1515961777230785,0.021419021726492682,9585.0
0.1255,0.2,0.005,10000,0.0,0.0,-0.25635506765700117,0.1455402158884677,0.021419021726492682,9585.0
0.129,0.2,0.005,10000,0.0,0.0,-0.26943875703625053,0.1411797159928018,0.021419021726492682,9585.0
0.1325,0.2,0.005,10000,0.0,0.0,-0.28798188603035246,0.13517513664870123,0.021419021726492682,9585.0
0.136,0.2,0.005,10000,0.0,0.0,-0.3078849142284241,0.12891560560892118,0.021419021726492682,9585.0
0.1395,0.2,0.005,10000,0.0,0.0,-0.32628325110433753,0.12329276765303523,0.021419021726492682,9585.0
0.14300000000000002,0.2,0.005,10000,0.0,0.0,-0.3430789107181251,0.11828466487477592,0.021419021726492682,9585.0
0.14650000000000002,0.2,0.005,10000,0.0,0.0,-0.35157890497148386,0.11581950057684112,0.021419021726492682,9585.0
0.15000000000000002,0.2,0.005,10000,0.0,0.0,-0.36946443329384,0.11071156123788031,0.021419021726492682,9585.0
0.15350000000000003,0.2,0.005,10000,0.0,0.0,-0.3867076107409715,0.10594054441741454,0.021419021726492682,9585.0
0.157,0.2,0.005,10000,0.0,0.0,-0.40489399484210564,0.10103183956855855,0.021419021726492682,9585.0
0.1605,0.2,0.005,10000,0.0,0.0,-0.41564791772525006,0.09821388764162106,0.021419021726492682,9585.0
0.164,0.2,0.005,10000,0.0,0.0,-0.4331722363728364,0.09373639065628261,0.021419021726492682,9585.0
0.1675,0.2,0.005,10000,0.0,0.0,-0.44452020342300286,0.09088879887993759,0.021419021726492682,9585.0
0.171,0.2,0.005,10000,0.0,0.0,-0.4624021338582095,0.08653736704675867,0.021419021726492682,9585.0
0.17450000000000002,0.2,0.005,10000,0.0,0.0,-0.4780333214755384,0.0828601321914345,0.021419021726492682,9585.0
0.17800000000000002,0.2,0.005,10000,0.0,0.0,-0.4892680525946937,0.08027633303837448,0.021419021726492682,9585.0
0.18150000000000002,0.2,0.005,10000,0.0,0.0,-0.5026624070763663,0.07727176962403697,0.021419021726492682,9585.0
0.18500000000000003,0.2,0.005,10000,0.0,0.0,-0.5170657331462387,0.0741027439106352,0.021419021726492682,9585.0
0.1885,0.2,0.005,10000,0.0,0.0,-0.5306032008811423,0.07122134046335964,0.021419021726492682,9585.0
0.192,0.2,0.005,10000,0.0,0.0,-0.5455229130132265,0.0681375853227541,0.021419021726492682,9585.0
0.1955,0.2,0.005,10000,0.0,0.0,-0.5544825979561733,0.06630856981771589,0.021419021726492682,9585.0
0.199,0.2,0.005,10000,0.0,0.0,-0.5648006852124752,0.06425949959420758,0.021419021726492682,9585.0
0.2025,0.2,0.005,10000,0.0,0.0,-0.580991863243337,0.061131873123505244,0.021419021726492682,9585.0
0.20600000000000002,0.2,0.005,10000,0.0,0.0,-0.5919894367504378,0.059063160225695265,0.021419021726492682,9585.0
0.20950000000000002,0.2,0.005,10000,0.0,0.0,-0.6047483502958024,0.05670828730302104,0.021419021726492682,9585.0
0.21300000000000002,0.2,0.005,10000,0.0,0.0,-0.6146824557337753,0.05492228279973983,0.021419021726492682,9585.0
0.21650000000000003,0.2,0.005,10000,0.0,0.0,-0.6277617848913318,0.05262582155350426,0.021419021726492682,9585.0
0.22,0.2,0.005,10000,0.0,0.0,-0.6411775742480963,0.050342818149624734,0.021419021726492682,9585.0
0.01,0.25,0.005,10000,1.0,0.0,0.5044351041885309,0.46941188252219723,0.02624845301179879,9495.0
0.0135,0.25,0.005,10000,1.0,0.0,0.4699687508309037,0.4548622939504855,0.02624845301179879,9495.0
0.017,0.25,0.005,10000,1.0,0.0,0.4342191981357294,0.4393957899909731,0.02624845301179879,9495.0
0.0205,0.25,0.005,10000,1.0,0.0,0.4088755738870077,0.4282308439057066,0.02624845301179879,9495.0
0.024,0.25,0.005,10000,1.0,0.0,0.38054269176830363,0.4155685894469386,0.02624845301179879,9495.0
0.027500000000000004,0.25,0.005,10000,1.0,0.0,0.3495352741956069,0.401501993043865,0.02624845301179879,9495.0
0.031,0.25,0.005,10000,1.0,0.0,0.3167365388672635,0.3864337861753419,0.02624845301179879,9495.0
0.0345,0.25,0.005,10000,1.0,0.0,0.29006097811599707,0.3740891964374666,0.02624845301179879,9495.0
0.038,0.25,0.005,10000,1.0,0.0,0.264031328484882,0.361965977484476,0.02624845301179879,9495.0
0.0415,0.25,0.005,10000,1.0,0.0,0.23564386951296773,0.34871385144872785,0.02624845301179879,9495.0
0.045000000000000005,0.25,0.005,10000,1.0,0.0,0.21192205350448998,0.3376197156159731,0.02624845301179879,9495.0
0.0485,0.25,0.005,10000,1.0,0.0,0.18591931769340525,0.32545191782288435,0.02624845301179879,9495.0
0.052000000000000005,0.25,0.005,10000,1.0,0.0,0.1615943310996556,0.31412795774725893,0.02624845301179879,9495.0
0.0555,0.25,0.005,10000,1.0,0.0,0.13792881944327093,0.3031447579448374,0.02624845301179879,9495.0
0.059000000000000004,0.25,0.005,10000,1.0,0.0,0.11308362104354461,0.29169133669250347,0.02624845301179879,9495.0
0.0625,0.25,0.005,10000,1.0,0.0,0.08914482266769472,0.2807487242115839,0.02624845301179879,9495.0
0.066,0.25,0.005,10000,1.0,0.0,0.06847450433403936,0.2713931459903186,0.02624845301179879,9495.0
0.0695,0.25,0.005,10000,0.975,0.0,0.04316069422330586,0.26006707461201006,0.02624845301179879,9495.0
0.073,0.25,0.005,10000,0.8625,0.0,0.025635906839103235,0.2523150495931653,0.02624845301179879,9495.0
0.0765,0.25,0.005,10000,0.45,0.0,-0.0007401056151607696,0.24079615628717024,0.02624845301179879,9495.0
0.08,0.25,0.005,10000,0.1125,0.0,-0.01972732036158607,0.23263379335734186,0.02624845301179879,9495.0
0.08349999999999999,0.25,0.005,10000,0.025,0.0,-0.03783718608427986,0.22496782458555648,0.02624845301179879,9495.0
0.087,0.25,0.005,10000,0.0,0.0,-0.060580136521161565,0.21549198237473072,0.02624845301179879,9495.0
0.0905,0.25,0.005,10000,0.0,0.0,-0.07777348626628369,0.2084579128392164,0.02624845301179879,9495.0
0.094,0.25,0.005,10000,0.0,0.0,-0.10416324391359504,0.19788324864761445,0.02624845301179879,9495.0
0.0975,0.25,0.005,10000,0.0,0.0,-0.12188953695168563,0.19093233249834468,0.02624845301179879,9495.0
0.10099999999999999,0.25,0.005,10000,0.0,0.0,-0.14371436420588657,0.1825397578112679,0.02624845301179879,9495.0
0.1045,0.25,0.005,10000,0.0,0.0,-0.16528969659146212,0.17445799505629672,0.02624845301179879,9495.0
0.108,0.25,0.005,10000,0.0,0.0,-0.18070507539145236,0.16882203773812918,0.02624845301179879,9495.0
0.1115,0.25,0.005,10000,0.0,0.0,-0.20100011360702416,0.1615210995242769,0.02624845301179879,9495.0
0.11499999999999999,0.25,0.005,10000,0.0,0.0,-0.2181524670378323,0.1555151438764803,0.02624845301179879,9495.0
0.1185,0.25,0.005,10000,0.0,0.0,-0.23533624587113405,0.14963404081695916,0.02624845301179879,9495.0
0.122,0.25,0.005,10000,0.0,0.0,-0.251725334678375,0.14413752517011594,0.02624845301179879,9495.0
0.1255,0.25,0.005,10000,0.0,0.0,-0.2736266285294785,0.13701868609162524,0.02624845301179879,9495.0
0.129,0.25,0.005,10000,0.0,0.0,-0.28634630731720534,0.13297250482890918,0.02624845301179879,9495.0
0.1325,0.25,0.005,10000,0.0,0.0,-0.3068288021876785,0.12661134081497433,0.02624845301179879,9495.0
0.136,0.25,0.005,10000,0.0,0.0,-0.3184894609482402,0.1230963302701212,0.02624845301179879,9495.0
0.1395,0.25,0.005,10000,0.0,0.0,-0.33351747635591994,0.11864087543328358,0.02624845301179879,9495.0
0.14300000000000002,0.25,0.005,10000,0.0,0.0,-0.350956694253413,0.11361228091653604,0.02624845301179879,9495.0
0.14650000000000002,0.25,0.005,10000,0.0,0.0,-0.3699132076373782,0.10828392852576978,0.02624845301179879,9495.0
0.15000000000000002,0.25,0.005,10000,0.0,0.0,-0.3830220915018708,0.10471445620150814,0.02624845301179879,9495.0
0.15350000000000003,0.25,0.005,10000,0.0,0.0,-0.4000683564506885,0.10019688377879436,0.02624845301179879,9495.0
0.157,0.25,0.005,10000,0.0,0.0,-0.4187665060042539,0.09534899053066755,0.02624845301179879,9495.0
0.1605,0.25,0.005,10000,0.0,0.0,-0.43254179972390433,0.09191580255241823,0.02624845301179879,9495.0
0.164,0.25,0.005,10000,0.0,0.0,-0.4430535041703201,0.08932727502580985,0.02624845301179879,9495.0
0.1675,0.25,0.005,10000,0.0,0.0,-0.4606887522754478,0.08510759553067038,0.02624845301179879,9495.0
0.171,0.25,0.005,10000,0.0,0.0,-0.47050269603271744,0.0828099117908583,0.02624845301179879,9495.0
0.17450000000000002,0.25,0.005,10000,0.0,0.0,-0.4864695908846054,0.07918077070853927,0.02624845301179879,9495.0
0.17800000000000002,0.25,0.005,10000,0.0,0.0,-0.4995143123161552,0.07628759180580622,0.02624845301179879,9495.0
0.18150000000000002,0.25,0.005,10000,0.0,0.0,-0.5145345962392497,0.0730502894462997,0.02624845301179879,9495.0
0.18500000000000003,0.25,0.005,10000,0.0,0.0,-0.5255643767837079,0.07073706763485117,0.02624845301179879,9495.0
0.1885,0.25,0.005,10000,0.0,0.0,-0.5407860517999379,0.067607979327115,0.02624845301179879,9495.0
0.192,0.25,0.005,10000,0.0,0.0,-0.5588963678573307,0.06400038647609455,0.02624845301179879,9495.0
0.1955,0.25,0.005,10000,0.0,0.0,-0.5659558353414349,0.0626429520682591,0.02624845301179879,9495.0
0.199,0.25,0.005,10000,0.0,0.0,-0.573832736881579,0.0611417636239223,0.02624845301179879,9495.0
0.2025,0.25,0.005,10000,0.0,0.0,-0.5894580082142552,0.05823143090419238,0.02624845301179879,9495.0
0.20600000000000002,0.25,0.005,10000,0.0,0.0,-0.6009230568225371,0.05615051775667836,0.02624845301179879,9495.0
0.20950000000000002,0.25,0.005,10000,0.0,0.0,-0.6130860277204825,0.054006034561519964,0.02624845301179879,9495.0
0.21300000000000002,0.25,0.005,10000,0.0,0.0,-0.6273414056758039,0.05155046672351624,0.02624845301179879,9495.0
0.21650000000000003,0.25,0.005,10000,0.0,0.0,-0.6365184455163487,0.050004066491890695,0.02624845301179879,9495.0
0.22,0.25,0.005,10000,0.0,0.0,-0.6490342007496112,0.047950627476621134,0.02624845301179879,9495.0
0.01,0.3,0.005,10000,1.0,0.0,0.47266412768827115,0.45014014537787583,0.03114704148291003,9405.0
0.0135,0.3,0.005,10000,1.0,0.0,0.4450686962521765,0.4382857068315637,0.03114704148291003,9405.0
0.017,0.3,0.005,10000,1.0,0.0,0.41324142606994985,0.4243735986491834,0.03114704148291003,9405.0
0.0205,0.3,0.005,10000,1.0,0.0,0.3813280199198896,0.4101713687323404,0.03114704148291003,9405.0
0.024,0.3,0.005,10000,1.0,0.0,0.3548295243013734,0.39822806977159936,0.03114704148291003,9405.0
0.027500000000000004,0.3,0.005,10000,1.0,0.0,0.32474983017601555,0.3845056099839632,0.03114704148291003,9405.0
0.031,0.3,0.005,10000,1.0,0.0,0.2964231490549336,0.3714910284605101,0.03114704148291003,9405.0
0.0345,0.3,0.005,10000,1.0,0.0,0.2682155569775395,0.3584560023854716,0.03114704148291003,9405.0
0.038,0.3,0.005,10000,1.0,0.0,0.24786630865710496,0.3490253326533209,0.03114704148291003,9405.0
0.0415,0.3,0.005,10000,1.0,0.0,0.2190716126708315,0.3356558782213274,0.03114704148291003,9405.0
0.045000000000000005,0.3,0.005,10000,1.0,0.0,0.19202796989973672,0.32311806447776126,0.03114704148291003,9405.0
0.0485,0.3,0.005,10000,1.0,0.0,0.16505043447866993,0.31065194786800177,0.03114704148291003,9405.0
0.052000000000000005,0.3,0.005,10000,1.0,0.0,0.14585104056778722,0.3018086324054575,0.03114704148291003,9405.0
0.0555,0.3,0.005,10000,1.0,0.0,0.11815969832654785,0.28914387351396653,0.03114704148291003,9405.0
0.059000000000000004,0.3,0.005,10000,1.0,0.0,0.09743862906870274,0.279744434704397,0.03114704148291003,9405.0
0.0625,0.3,0.005,10000,1.0,0.0,0.07203058497534785,0.2683307014994643,0.03114704148291003,9405.0
0.066,0.3,0.005,10000,0.9875,0.0,0.04511950895557109,0.256395646713627,0.03114704148291003,9405.0
0.0695,0.3,0.005,10000,0.9,0.0,0.0300820379830867,0.2498136070601747,0.03114704148291003,9405.0
0.073,0.3,0.005,10000,0.6375,0.0,0.007856457643292186,0.24018455708205105,0.03114704148291003,9405.0
0.0765,0.3,0.005,10000,0.1375,0.0,-0.017178376725316167,0.22952196716633733,0.03114704148291003,9405.0
0.08,0.3,0.005,10000,0.0375,0.0,-0.03762487945113572,0.22097601457765986,0.03114704148291003,9405.0
0.08349999999999999,0.3,0.005,10000,0.0,0.0,-0.055771666045223656,0.21348061729415008,0.03114704148291003,9405.0
0.087,0.3,0.005,10000,0.0,0.0,-0.08196603969402484,0.2029030079212169,0.03114704148291003,9405.0
0.0905,0.3,0.005,10000,0.0,0.0,-0.09985134041053674,0.1958438419731509,0.03114704148291003,9405.0
0.094,0.3,0.005,10000,0.0,0.0,-0.11809984362554882,0.18875719383896242,0.03114704148291003,9405.0
0.0975,0.3,0.005,10000,0.0,0.0,-0.13624976242676654,0.18185891672955729,0.03114704148291003,9405.0
0.10099999999999999,0.3,0.005,10000,0.0,0.0,-0.15821840607078222,0.1736827438104326,0.03114704148291003,9405.0
0.1045,0.3,0.005,10000,0.0,0.0,-0.17778045066962514,0.16657844093874177,0.03114704148291003,9405.0
0.108,0.3,0.005,10000,0.0,0.0,-0.19541648489696528,0.16031407876692022,0.03114704148291003,9405.0
0.1115,0.3,0.005,10000,0.0,0.0,-0.21015920625688586,0.15516924321520192,0.03114704148291003,9405.0
0.11499999999999999,0.3,0.005,10000,0.0,0.0,-0.23043039928276157,0.14829107390027946,0.03114704148291003,9405.0
0.1185,0.3,0.005,10000,0.0,0.0,-0.24646661215853644,0.14297135134522293,0.03114704148291003,9405.0
0.122,0.3,0.005,10000,0.0,0.0,-0.2679099108721027,0.1360556168387427,0.03114704148291003,9405.0
0.1255,0.3,0.005,10000,0.0,0.0,-0.2859009787639289,0.1304180849328898,0.03114704148291003,9405.0
0.129,0.3,0.005,10000,0.0,0.0,-0.29691031034675724,0.12703270377938952,0.03114704148291003,9405.0
0.1325,0.3,0.005,10000,0.0,0.0,-0.3179152971385565,0.1207360107063112,0.03114704148291003,9405.0
0.136,0.3,0.005,10000,0.0,0.0,-0.3358907663704555,0.11552276970580788,0.03114704148291003,9405.0
0.1395,0.3,0.005,10000,0.0,0.0,-0.3527413333654994,0.11074545963638446,0.03114704148291003,9405.0
0.14300000000000002,0.3,0.005,10000,0.0,0.0,-0.3648622312697267,0.10742352608021757,0.03114704148291003,9405.0
0.14650000000000002,0.3,0.005,10000,0.0,0.0,-0.3836648307540292,0.10234679662070698,0.03114704148291003,9405.0
0.15000000000000002,0.3,0.005,10000,0.0,0.0,-0.3953667559633658,0.09929945621451376,0.03114704148291003,9405.0
0.15350000000000003,0.3,0.005,10000,0.0,0.0,-0.4104646178257183,0.09542957317509934,0.03114704148291003,9405.0
0.157,0.3,0.005,10000,0.0,0.0,-0.4273493499390302,0.09124490795580939,0.03114704148291003,9405.0
0.1605,0.3,0.005,10000,0.0,0.0,-0.4421675945277331,0.08764837821301115,0.03114704148291003,9405.0
0.164,0.3,0.005,10000,0.0,0.0,-0.4537322920019875,0.08491293996649771,0.03114704148291003,9405.0
0.1675,0.3,0.005,10000,0.0,0.0,-0.46984317938390896,0.08120209255434485,0.03114704148291003,9405.0
0.171,0.3,0.005,10000,0.0,0.0,-0.486262873463842,0.07752529264294047,0.03114704148291003,9405.0
0.17450000000000002,0.3,0.005,10000,0.0,0.0,-0.49929836376615366,0.07469813332122308,0.03114704148291003,9405.0
0.17800000000000002,0.3,0.005,10000,0.0,0.0,-0.5157568994264856,0.07122049747053864,0.03114704148291003,9405.0
0.18150000000000002,0.3,0.005,10000,0.0,0.0,-0.5242917463615997,0.06946058918693745,0.03114704148291003,9405.0
0.18500000000000003,0.3,0.005,10000,0.0,0.0,-0.5383655186869613,0.06662177974739876,0.03114704148291003,9405.0
0.1885,0.3,0.005,10000,0.0,0.0,-0.548705700588064,0.0645794861574989,0.03114704148291003,9405.0
0.192,0.3,0.005,10000,0.0,0.0,-0.5633218385600335,0.06178295798474779,0.03114704148291003,9405.0
0.1955,0.3,0.005,10000,0.0,0.0,-0.5772259296628619,0.059180575198457964,0.03114704148291003,9405.0
0.199,0.3,0.005,10000,0.0,0.0,-0.5884178518706944,0.057139018297233335,0.03114704148291003,9405.0
0.2025,0.3,0.005,10000,0.0,0.0,-0.6019586864663014,0.05474163066988256,0.03114704148291003,9405.0
0.20600000000000002,0.3,0.005,10000,0.0,0.0,-0.6099288715793898,0.05336548633778186,0.03114704148291003,9405.0
0.20950000000000002,0.3,0.005,10000,0.0,0.0,-0.625718644575714,0.05068146980097414,0.03114704148291003,9405.0
0.21300000000000002,0.3,0.005,10000,0.0,0.0,-0.6358937174535805,0.04900430008703267,0.03114704148291003,9405.0
0.21650000000000003,0.3,0.005,10000,0.0,0.0,-0.6471072985223636,0.04719840911812078,0.03114704148291003,9405.0
0.22,0.3,0.005,10000,0.0,0.0,-0.6578184017289352,0.045505532324650995,0.03114704148291003,9405.0
0.01,0.35,0.005,10000,1.0,0.0,0.4488642144970337,0.4341127183023514,0.03611645360034865,9315.0
0.0135,0.35,0.005,10000,1.0,0.0,0.42394563895046866,0.42329283120541134,0.03611645360034865,9315.0
0.017,0.35,0.005,10000,1.0,0.0,0.39339147870783403,0.40982414433040815,0.03611645360034865,9315.0
0.0205,0.35,0.005,10000,1.0,0.0,0.36187414903757,0.3957373658865733,0.03611645360034865,9315.0
0.024,0.35,0.005,10000,1.0,0.0,0.3297963474555864,0.38121412327184606,0.03611645360034865,9315.0
0.027500000000000004,0.35,0.005,10000,1.0,0.0,0.2963665703365549,0.3659611576199698,0.03611645360034865,9315.0
0.031,0.35,0.005,10000,1.0,0.0,0.27467038579091085,0.35599237558293895,0.03611645360034865,9315.0
0.0345,0.35,0.005,10000,1.0,0.0,0.25201881838654155,0.3455749434320589,0.03611645360034865,9315.0
0.038,0.35,0.005,10000,1.0,0.0,0.22114983264204566,0.3313579796683722,0.03611645360034865,9315.0
0.0415,0.35,0.005,10000,1.0,0.0,0.19708157441822846,0.32027911074748217,0.03611645360034865,9315.0
0.045000000000000005,0.35,0.005,10000,1.0,0.0,0.17302017891102223,0.3092413070228933,0.03611645360034865,9315.0
0.0485,0.35,0.005,10000,1.0,0.0,0.14854428103621586,0.2980688637349074,0.03611645360034865,9315.0
0.052000000000000005,0.35,0.005,10000,1.0,0.0,0.12497274772915327,0.28737903956816885,0.03611645360034865,9315.0
0.0555,0.35,0.005,10000,1.0,0.0,0.09842847449807775,0.2754379873210403,0.03611645360034865,9315.0
0.059000000000000004,0.35,0.005,10000,1.0,0.0,0.07666049900805363,0.2657583374901264,0.03611645360034865,9315.0
0.0625,0.35,0.005,10000,1.0,0.0,0.05198887413684535,0.25490923748371636,0.03611645360034865,9315.0
0.066,0.35,0.005,10000,0.95,0.0,0.03395336034999798,0.24707188081541726,0.03611645360034865,9315.0
0.0695,0.35,0.005,10000,0.6125,0.0,0.00719899245183774,0.23561175254205527,0.03611645360034865,9315.0
0.073,0.35,0.005,10000,0.2875,0.0,-0.009023503123579732,0.22877781598007854,0.03611645360034865,9315.0
0.0765,0.35,0.005,10000,0.0625,0.0,-0.030164153085171473,0.2199898563704128,0.03611645360034865,9315.0
0.08,0.35,0.005,10000,0.0,0.0,-0.05477157315056056,0.209948545485695,0.03611645360034865,9315.0
0.08349999999999999,0.35,0.005,10000,0.0,0.0,-0.07312379845392586,0.2026216251661903,0.03611645360034865,9315.0
0.087,0.35,0.005,10000,0.0,0.0,-0.09904171576422986,0.19247054713023903,0.03611645360034865,9315.0
0.0905,0.35,0.005,10000,0.0,0.0,-0.11391248374193308,0.18675359778940417,0.03611645360034865,9315.0
0.094,0.35,0.005,10000,0.0,0.0,-0.13807810349016197,0.17767441955688365,0.03611645360034865,9315.0
0.0975,0.35,0.005,10000,0.0,0.0,-0.15421329393027924,0.1717737350258374,0.03611645360034865,9315.0
0.10099999999999999,0.35,0.005,10000,0.0,0.0,-0.1764989864016268,0.16377527452862464,0.03611645360034865,9315.0
0.1045,0.35,0.005,10000,0.0,0.0,-0.19098914792621885,0.15869768075679472,0.03611645360034865,9315.0
0.108,0.35,0.005,10000,0.0,0.0,-0.20520690019858145,0.15380313668721463,0.03611645360034865,9315.0
0.1115,0.35,0.005,10000,0.0,0.0,-0.2303669797279369,0.14535850962264643,0.03611645360034865,9315.0
0.11499999999999999,0.35,0.005,10000,0.0,0.0,-0.24141442163875998,0.1417315504365489,0.03611645360034865,9315.0
0.1185,0.35,0.005,10000,0.0,0.0,-0.2642993204171886,0.13442288697295673,0.03611645360034865,9315.0
0.122,0.35,0.005,10000,0.0,0.0,-0.279264076676466,0.12979822113321304,0.03611645360034865,9315.0
0.1255,0.35,0.005,10000,0.0,0.0,-0.29597485043356647,0.12472270872992315,0.03611645360034865,9315.0
0.129,0.35,0.005,10000,0.0,0.0,-0.31551811485619174,0.11895051543474888,0.03611645360034865,9315.0
0.1325,0.35,0.005,10000,0.0,0.0,-0.3296590648050216,0.11489828851728368,0.03611645360034865,9315.0
0.136,0.35,0.005,10000,0.0,0.0,-0.347485914187602,0.10992191545802062,0.03611645360034865,9315.0
0.1395,0.35,0.005,10000,0.0,0.0,-0.36454920483517833,0.10526065496608741,0.03611645360034865,9315.0
0.14300000000000002,0.35,0.005,10000,0.0,0.0,-0.3780736697779147,0.10167456717552073,0.03611645360034865,9315.0
0.14650000000000002,0.35,0.005,10000,0.0,0.0,-0.39396698659173657,0.0975545342415848,0.03611645360034865,9315.0
0.15000000000000002,0.35,0.005,10000,0.0,0.0,-0.4104447407505679,0.09341615990798223,0.03611645360034865,9315.0
0.15350000000000003,0.35,0.005,10000,0.0,0.0,-0.42188490371963583,0.09062556450391254,0.03611645360034865,9315.0
0.157,0.35,0.005,10000,0.0,0.0,-0.4352672656899454,0.08740150397151222,0.03611645360034865,9315.0
0.1605,0.35,0.005,10000,0.0,0.0,-0.44910165441463895,0.0841604241371857,0.03611645360034865,9315.0
0.164,0.35,0.005,10000,0.0,0.0,-0.4650822518892738,0.08051601604514032,0.03611645360034865,9315.0
0.1675,0.35,0.005,10000,0.0,0.0,-0.47944370671826775,0.07733853226271889,0.03611645360034865,9315.0
0.171,0.35,0.005,10000,0.0,0.0,-0.4931963666223599,0.0743712565815577,0.03611645360034865,9315.0
0.17450000000000002,0.35,0.005,10000,0.0,0.0,-0.5085282146973142,0.07116087498559628,0.03611645360034865,9315.0
0.17800000000000002,0.35,0.005,10000,0.0,0.0,-0.5217081760244202,0.06848084773028233,0.03611645360034865,9315.0
0.18150000000000002,0.35,0.005,10000,0.0,0.0,-0.5354121320381258,0.06575348597290433,0.03611645360034865,9315.0
0.18500000000000003,0.35,0.005,10000,0.0,0.0,-0.5491447472837836,0.06309461062130875,0.03611645360034865,9315.0
0.1885,0.35,0.005,10000,0.0,0.0,-0.5612886568735614,0.06080445625460314,0.03611645360034865,9315.0
0.192,0.35,0.005,10000,0.0,0.0,-0.5763728800516451,0.058038106117527265,0.03611645360034865,9315.0
0.1955,0.35,0.005,10000,0.0,0.0,-0.5858729049805952,0.056345518339766386,0.03611645360034865,9315.0
0.199,0.35,0.005,10000,0.0,0.0,-0.5986998369383763,0.054096620995252344,0.03611645360034865,9315.0
0.2025,0.35,0.005,10000,0.0,0.0,-0.61064237758681,0.05206369384535745,0.03611645360034865,9315.0
0.20600000000000002,0.35,0.005,10000,0.0,0.0,-0.6207494055665151,0.05038093677663082,0.03611645360034865,9315.0
0.20950000000000002,0.35,0.005,10000,0.0,0.0,-0.6340086345618128,0.048223233737667716,0.03611645360034865,9315.0
0.21300000000000002,0.35,0.005,10000,0.0,0.0,-0.6469123887202756,0.046184678467664816,0.03611645360034865,9315.0
0.21650000000000003,0.35,0.005,10000,0.0,0.0,-0.6556043986058138,0.0448399283520611,0.03611645360034865,9315.0
0.22,0.35,0.005,10000,0.0,0.0,-0.6678730479325468,0.04297973619037251,0.03611645360034865,9315.0
0.01,0.4,0.005,10000,1.0,0.0,0.4290883293063459,0.41970579936529795,0.04115841259070696,9225.0
0.0135,0.4,0.005,10000,1.0,0.0,0.39746386986056936,0.4058911095989508,0.04115841259070696,9225.0
0.017,0.4,0.005,10000,1.0,0.0,0.3683814541341026,0.3929566527540132,0.04115841259070696,9225.0
0.0205,0.4,0.005,10000,1.0,0.0,0.3401105973490751,0.3802840844138822,0.04115841259070696,9225.0
0.024,0.4,0.005,10000,1.0,0.0,0.31004988809041506,0.36670677429464116,0.04115841259070696,9225.0
0.027500000000000004,0.4,0.005,10000,1.0,0.0,0.2809006468092366,0.3534198206063129,0.04115841259070696,9225.0
0.031,0.4,0.005,10000,1.0,0.0,0.2584936234438695,0.3431889380696412,0.04115841259070696,9225.0
0.0345,0.4,0.005,10000,1.0,0.0,0.22661192735756086,0.32862587196968546,0.04115841259070696,9225.0
0.038,0.4,0.005,10000,1.0,0.0,0.20330682520900972,0.3179782101985774,0.04115841259070696,9225.0
0.0415,0.4,0.005,10000,1.0,0.0,0.1800865376274924,0.3074064261992292,0.04115841259070696,9225.0
0.045000000000000005,0.4,0.005,10000,1.0,0.0,0.15370408484601789,0.29545899751765503,0.04115841259070696,9225.0
0.0485,0.4,0.005,10000,1.0,0.0,0.13189892804051911,0.28564744991249663,0.04115841259070696,9225.0
0.052000000000000005,0.4,0.005,10000,1.0,0.0,0.10678700202015272,0.27444224208536633,0.04115841259070696,9225.0
0.0555,0.4,0.005,10000,1.0,0.0,0.08297217889654163,0.2639222467820209,0.04115841259070696,9225.0
0.059000000000000004,0.4,0.005,10000,1.0,0.0,0.06341391960132199,0.255378197360473,0.04115841259070696,9225.0
0.0625,0.4,0.005,10000,0.975,0.0,0.0356749648090689,0.24342167242316237,0.04115841259070696,9225.0
0.066,0.4,0.005,10000,0.6125,0.0,0.011420218401074527,0.2331485491663375,0.04115841259070696,9225.0
0.0695,0.4,0.005,10000,0.3375,0.0,-0.005513361161239914,0.22607900852641225,0.04115841259070696,9225.0
0.073,0.4,0.005,10000,0.05,0.0,-0.03126022391767536,0.21550584816446822,0.04115841259070696,9225.0
0.0765,0.4,0.005,10000,0.0,0.0,-0.04916959855257884,0.208277471611701,0.04115841259070696,9225.0
0.08,0.4,0.005,10000,0.0,0.0,-0.06977856359909806,0.20012178217840515,0.04115841259070696,9225.0
0.08349999999999999,0.4,0.005,10000,0.0,0.0,-0.08937110636566652,0.19250797507514766,0.04115841259070696,9225.0
0.087,0.4,0.005,10000,0.0,0.0,-0.11094122912194253,0.18429117066343234,0.04115841259070696,9225.0
0.0905,0.4,0.005,10000,0.0,0.0,-0.12923111452992436,0.17749571501925052,0.04115841259070696,9225.0
0.094,0.4,0.005,10000,0.0,0.0,-0.1475059957372857,0.17085198207919072,0.04115841259070696,9225.0
0.0975,0.4,0.005,10000,0.0,0.0,-0.1674279697541241,0.16372386607156322,0.04115841259070696,9225.0
0.10099999999999999,0.4,0.005,10000,0.0,0.0,-0.18541343892566536,0.1574835419755916,0.04115841259070696,9225.0
0.1045,0.4,0.005,10000,0.0,0.0,-0.20636406313856445,0.1503484632245817,0.04115841259070696,9225.0
0.108,0.4,0.005,10000,0.0,0.0,-0.2290274479583676,0.14287707549926223,0.04115841259070696,9225.0
0.1115,0.4,0.005,10000,0.0,0.0,-0.2414881494061559,0.13888437353269598,0.04115841259070696,9225.0
0.11499999999999999,0.4,0.005,10000,0.0,0.0,-0.25581446314854767,0.1343366802106572,0.04115841259070696,9225.0
0.1185,0.4,0.005,10000,0.0,0.0,-0.2748267019898908,0.1284839673726384,0.04115841259070696,9225.0
0.122,0.4,0.005,10000,0.0,0.0,-0.2952665294928036,0.12237800268090274,0.04115841259070696,9225.0
0.1255,0.4,0.005,10000,0.0,0.0,-0.31052816870056743,0.11793476093959707,0.04115841259070696,9225.0
0.129,0.4,0.005,10000,0.0,0.0,-0.32353613263717323,0.11422305379077158,0.04115841259070696,9225.0
0.1325,0.4,0.005,10000,0.0,0.0,-0.3454494984152352,0.10815598204315915,0.04115841259070696,9225.0
0.136,0.4,0.005,10000,0.0,0.0,-0.3555794077689711,0.10545168954531488,0.04115841259070696,9225.0
0.1395,0.4,0.005,10000,0.0,0.0,-0.37216090661303236,0.10106705278055159,0.04115841259070696,9225.0
0.14300000000000002,0.4,0.005,10000,0.0,0.0,-0.39273553316128945,0.09581657450074291,0.04115841259070696,9225.0
0.14650000000000002,0.4,0.005,10000,0.0,0.0,-0.4027531202713709,0.09331640592738855,0.04115841259070696,9225.0
0.15000000000000002,0.4,0.005,10000,0.0,0.0,-0.4234912288467772,0.08830108199704587,0.04115841259070696,9225.0
0.15350000000000003,0.4,0.005,10000,0.0,0.0,-0.43225427436833624,0.0862383324005235,0.04115841259070696,9225.0
0.157,0.4,0.005,10000,0.0,0.0,-0.4487602647901916,0.0824343648527355,0.04115841259070696,9225.0
0.1605,0.4,0.005,10000,0.0,0.0,-0.46443208646710943,0.07893777879438542,0.04115841259070696,9225.0
0.164,0.4,0.005,10000,0.0,0.0,-0.47839142673706914,0.07590378473922602,0.04115841259070696,9225.0
0.1675,0.4,0.005,10000,0.0,0.0,-0.49247447730503124,0.07292783070132408,0.04115841259070696,9225.0
0.171,0.4,0.005,10000,0.0,0.0,-0.5062583180118061,0.07009575157448797,0.04115841259070696,9225.0
0.17450000000000002,0.4,0.005,10000,0.0,0.0,-0.5199564443505869,0.06733374287397839,0.04115841259070696,9225.0
0.17800000000000002,0.4,0.005,10000,0.0,0.0,-0.5353651005069183,0.0643253033043596,0.04115841259070696,9225.0
0.18150000000000002,0.4,0.005,10000,0.0,0.0,-0.5432294581807549,0.06283538988496509,0.04115841259070696,9225.0
0.18500000000000003,0.4,0.005,10000,0.0,0.0,-0.5600643013737429,0.05969531951155786,0.04115841259070696,9225.0
0.1885,0.4,0.005,10000,0.0,0.0,-0.5704665030191822,0.05781352242911826,0.04115841259070696,9225.0
0.192,0.4,0.005,10000,0.0,0.0,-0.5816147048324585,0.05584913858683538,0.04115841259070696,9225.0
0.1955,0.4,0.005,10000,0.0,0.0,-0.5952235587496535,0.05349287299844049,0.04115841259070696,9225.0
0.199,0.4,0.005,10000,0.0,0.0,-0.6078161448729091,0.05138440418105249,0.04115841259070696,9225.0
0.2025,0.4,0.005,10000,0.0,0.0,-0.6206202937947863,0.049285227122488916,0.04115841259070696,9225.0
0.20600000000000002,0.4,0.005,10000,0.0,0.0,-0.6298712107562876,0.047810899106621396,0.04115841259070696,9225.0
0.20950000000000002,0.4,0.005,10000,0.0,0.0,-0.6431117368040452,0.04573856899518307,0.04115841259070696,9225.0
0.21300000000000002,0.4,0.005,10000,0.0,0.0,-0.6557212673378006,0.04383187019164347,0.04115841259070696,9225.0
0.21650000000000003,0.4,0.005,10000,0.0,0.0,-0.6607935308437382,0.043072604250845505,0.04115841259070696,9225.0
0.22,0.4,0.005,10000,0.0,0.0,-0.6750586522539999,0.0409923916947736,0.04115841259070696,9225.0
0.01,0.05,0.01,10000,1.0,0.0,0.561004523031994,0.5161492251045962,0.010152544552210818,9800.0
0.0135,0.05,0.01,10000,1.0,0.0,0.5247439028236324,0.5016035276777406,0.010152544552210818,9800.0
0.017,0.05,0.01,10000,1.0,0.0,0.48925568840567546,0.4868356966656542,0.010152544552210818,9800.0
0.0205,0.05,0.01,10000,1.0,0.0,0.4552243906547025,0.4723142805034815,0.010152544552210818,9800.0
0.024,0.05,0.01,10000,1.0,0.0,0.42754886879671694,0.46019880335244084,0.010152544552210818,9800.0
0.027500000000000004,0.05,0.01,10000,1.0,0.0,0.3927498614611612,0.44463746544925353,0.010152544552210818,9800.0
0.031,0.05,0.01,10000,1.0,0.0,0.3687100330267106,0.4336872713639456,0.010152544552210818,9800.0
0.0345,0.05,0.01,10000,1.0,0.0,0.3398211275069838,0.4203575508382225,0.010152544552210818,9800.0
0.038,0.05,0.01,10000,1.0,0.0,0.3085215274627421,0.40571109932316674,0.010152544552210818,9800.0
0.0415,0.05,0.01,10000,1.0,0.0,0.2813786394082178,0.39288442978521,0.010152544552210818,9800.0
0.045000000000000005,0.05,0.01,10000,1.0,0.0,0.2575521550784229,0.381540523662354,0.010152544552210818,9800.0
0.0485,0.05,0.01,10000,1.0,0.0,0.2267054960901002,0.36678679349592935,0.010152544552210818,9800.0
0.052000000000000005,0.05,0.01,10000,1.0,0.0,0.20560730939915167,0.35665897831261956,0.010152544552210818,9800.0
0.0555,0.05,0.01,10000,1.0,0.0,0.17756738372166242,0.3431825261356618,0.010152544552210818,9800.0
0.059000000000000004,0.05,0.01,10000,1.0,0.0,0.15460157790209966,0.3321618980974968,0.010152544552210818,9800.0
0.0625,0.05,0.01,10000,1.0,0.0,0.13018684021333887,0.3204715513670003,0.010152544552210818,9800.0
0.066,0.05,0.01,10000,1.0,0.0,0.10429202674407412,0.3081498842751975,0.010152544552210818,9800.0
0.0695,0.05,0.01,10000,1.0,0.0,0.08158490376969996,0.2974070682886274,0.010152544552210818,9800.0
0.073,0.05,0.01,10000,1.0,0.0,0.05987199056762539,0.28721647063356864,0.010152544552210818,9800.0
0.0765,0.05,0.01,10000,0.9625,0.0,0.03712758445415654,0.2766439961950965,0.010152544552210818,9800.0
0.08,0.05,0.01,10000,0.75,0.0,0.015956860337878832,0.26690471208353783,0.010152544552210818,9800.0
0.08349999999999999,0.05,0.01,10000,0.3125,0.0,-0.010602736654911382,0.2548462509769122,0.010152544552210818,9800.0
0.087,0.05,0.01,10000,0.0125,0.0,-0.03078815354538353,0.24582459848177624,0.010152544552210818,9800.0
0.0905,0.05,0.01,10000,0.0,0.0,-0.05578357736924202,0.2348179965348461,0.010152544552210818,9800.0
0.094,0.05,0.01,10000,0.0,0.0,-0.07189555946545467,0.22785805939935866,0.010152544552210818,9800.0
0.0975,0.05,0.01,10000,0.0,0.0,-0.0939258653118122,0.21846778854869847,0.010152544552210818,9800.0
0.10099999999999999,0.05,0.01,10000,0.0,0.0,-0.11284996507834424,0.2105447570969993,0.010152544552210818,9800.0
0.1045,0.05,0.01,10000,0.0,0.0,-0.13213049131242516,0.2026250905257478,0.010152544552210818,9800.0
0.108,0.05,0.01,10000,0.0,0.0,-0.15066171921323424,0.1951459430334429,0.010152544552210818,9800.0
0.1115,0.05,0.01,10000,0.0,0.0,-0.17200680638505053,0.18672095916105177,0.010152544552210818,9800.0
0.11499999999999999,0.05,0.01,10000,0.0,0.0,-0.19238990547037543,0.178872990686915,0.010152544552210818,9800.0
0.1185,0.05,0.01,10000,0.0,0.0,-0.2072211538844256,0.17326851889910977,0.010152544552210818,9800.0
0.122,0.05,0.01,10000,0.0,0.0,-0.22314113067221147,0.16737791555776732,0.010152544552210818,9800.0
0.1255,0.05,0.01,10000,0.0,0.0,-0.2476480099465253,0.15850678839454466,0.010152544552210818,9800.0
0.129,0.05,0.01,10000,0.0,0.0,-0.26215978765491643,0.15340037746391716,0.010152544552210818,9800.0
0.1325,0.05,0.01,10000,0.0,0.0,-0.28044695389078056,0.14711135453650512,0.010152544552210818,9800.0
0.136,0.05,0.01,10000,0.0,0.0,-0.2928649199814327,0.14291401463167977,0.010152544552210818,9800.0
0.1395,0.05,0.01,10000,0.0,0.0,-0.3102257801726273,0.13718453843604095,0.010152544552210818,9800.0
0.14300000000000002,0.05,0.01,10000,0.0,0.0,-0.3304711041074401,0.13069709945207322,0.010152544552210818,9800.0
0.14650000000000002,0.05,0.01,10000,0.0,0.0,-0.34497340506002017,0.1261578009997312,0.010152544552210818,9800.0
0.15000000000000002,0.05,0.01,10000,0.0,0.0,-0.3591295174015852,0.12182723396783493,0.010152544552210818,9800.0
0.15350000000000003,0.05,0.01,10000,0.0,0.0,-0.37509389253978337,0.11706135370640014,0.010152544552210818,9800.0
0.157,0.05,0.01,10000,0.0,0.0,-0.3908427492953303,0.11247119538333009,0.010152544552210818,9800.0
0.1605,0.05,0.01,10000,0.0,0.0,-0.40925500958916655,0.10727186589655242,0.010152544552210818,9800.0
0.164,0.05,0.01,10000,0.0,0.0,-0.42011595680485325,0.10426947967294162,0.010152544552210818,9800.0
0.1675,0.05,0.01,10000,0.0,0.0,-0.4378697563342893,0.09947523542284101,0.010152544552210818,9800.0
0.171,0.05,0.01,10000,0.0,0.0,-0.45161745990731206,0.09588033421441686,0.010152544552210818,9800.0
0.17450000000000002,0.05,0.01,10000,0.0,0.0,-0.464354327842055,0.09261118466146447,0.010152544552210818,9800.0
0.17800000000000002,0.05,0.01,10000,0.0,0.0,-0.4814875941599257,0.08834431567556382,0.010152544552210818,9800.0
0.18150000000000002,0.05,0.01,10000,0.0,0.0,-0.4950366504784231,0.08504313939226195,0.010152544552210818,9800.0
0.18500000000000003,0.05,0.01,10000,0.0,0.0,-0.509370958038915,0.08166510955387662,0.010152544552210818,9800.0
0.1885,0.05,0.01,10000,0.0,0.0,-0.5210604412071385,0.07896813923940926,0.010152544552210818,9800.0
0.192,0.05,0.01,10000,0.0,0.0,-0.5336979151266977,0.0761209246627986,0.010152544552210818,9800.0
0.1955,0.05,0.01,10000,0.0,0.0,-0.5495671167932183,0.07263549279165815,0.010152544552210818,9800.0
0.199,0.05,0.01,10000,0.0,0.0,-0.5610767196663086,0.07018745427353199,0.010152544552210818,9800.0
0.2025,0.05,0.01,10000,0.0,0.0,-0.5732207030337607,0.0676476421829835,0.010152544552210818,9800.0
0.20600000000000002,0.05,0.01,10000,0.0,0.0,-0.5852685644716369,0.06517856201902328,0.010152544552210818,9800.0
0.20950000000000002,0.05,0.01,10000,0.0,0.0,-0.6015028633392668,0.061963491349254815,0.010152544552210818,9800.0
0.21300000000000002,0.05,0.01,10000,0.0,0.0,-0.6097820144660456,0.06036001597610473,0.010152544552210818,9800.0
0.21650000000000003,0.05,0.01,10000,0.0,0.0,-0.6257999078511298,0.05733460628647917,0.010152544552210818,9800.0
0.22,0.05,0.01,10000,0.0,0.0,-0.6370239826839729,0.05526945918369636,0.010152544552210818,9800.0
0.01,0.1,0.01,10000,1.0,0.0,0.5323663502324866,0.49881556342987043,0.014823195145212242,9710.0
0.0135,0.1,0.01,10000,1.0,0.0,0.49786107331015705,0.4846166508189187,0.014823195145212242,9710.0
0.017,0.1,0.01,10000,1.0,0.0,0.46329634128558916,0.46990939819873995,0.014823195145212242,9710.0
0.0205,0.1,0.01,10000,1.0,0.0,0.4336997016084686,0.45705478727017734,0.014823195145212242,9710.0
0.024,0.1,0.01,10000,1.0,0.0,0.4048246029148242,0.44423504329071867,0.014823195145212242,9710.0
0.027500000000000004,0.1,0.01,10000,1.0,0.0,0.37455101030017324,0.43056959831050373,0.014823195145212242,9710.0
0.031,0.1,0.01,10000,1.0,0.0,0.34494837640586,0.4170158305675099,0.014823195145212242,9710.0
0.0345,0.1,0.01,10000,1.0,0.0,0.3146980540745954,0.4029537036396366,0.014823195145212242,9710.0
0.038,0.1,0.01,10000,1.0,0.0,0.28793032188170997,0.39037033263785204,0.014823195145212242,9710.0
0.0415,0.1,0.01,10000,1.0,0.0,0.2617647597082654,0.37801271164859923,0.014823195145212242,9710.0
0.045000000000000005,0.1,0.01,10000,1.0,0.0,0.23475388020348645,0.3651741803316527,0.014823195145212242,9710.0
0.0485,0.1,0.01,10000,1.0,0.0,0.2139476801929645,0.3552559909850109,0.014823195145212242,9710.0
0.052000000000000005,0.1,0.01,10000,1.0,0.0,0.18455592417829503,0.34122376436448293,0.014823195145212242,9710.0
0.0555,0.1,0.01,10000,1.0,0.0,0.15700790914933854,0.3281128680355974,0.014823195145212242,9710.0
0.059000000000000004,0.1,0.01,10000,1.0,0.0,0.1295809020845618,0.31508751888971964,0.014823195145212242,9710.0
0.0625,0.1,0.01,10000,1.0,0.0,0.10703323296581213,0.30444228836328624,0.014823195145212242,9710.0
0.066,0.1,0.01,10000,1.0,0.0,0.09054796700055692,0.29670500712025183,0.014823195145212242,9710.0
0.0695,0.1,0.01,10000,1.0,0.0,0.06481602609276615,0.28471504686105736,0.014823195145212242,9710.0
0.073,0.1,0.01,10000,0.95,0.0,0.03838318645716754,0.27254260900072735,0.014823195145212242,9710.0
0.0765,0.1,0.01,10000,0.725,0.0,0.017013425281101714,0.2628041148423509,0.014823195145212242,9710.0
0.08,0.1,0.01,10000,0.4125,0.0,-0.0018609949402963774,0.2543085996072681,0.014823195145212242,9710.0
0.08349999999999999,0.1,0.01,10000,0.1,0.0,-0.026815127111408987,0.24324430723175894,0.014823195145212242,9710.0
0.087,0.1,0.01,10000,0.0,0.0,-0.05079023283165338,0.232786624759339,0.014823195145212242,9710.0
0.0905,0.1,0.01,10000,0.0,0.0,-0.06766581396031895,0.22554688468656087,0.014823195145212242,9710.0
0.094,0.1,0.01,10000,0.0,0.0,-0.08942431051545208,0.2163569219191483,0.014823195145212242,9710.0
0.0975,0.1,0.01,10000,0.0,0.0,-0.10898031662315102,0.20825872002814436,0.014823195145212242,9710.0
0.10099999999999999,0.1,0.01,10000,0.0,0.0,-0.1336615182897954,0.19824213666713658,0.014823195145212242,9710.0
0.1045,0.1,0.01,10000,0.0,0.0,-0.14691674854204137,0.19296179706073796,0.014823195145212242,9710.0
0.108,0.1,0.01,10000,0.0,0.0,-0.16563237126055846,0.18565310233281768,0.014823195145212242,9710.0
0.1115,0.1,0.01,10000,0.0,0.0,-0.189383982034737,0.1765762918094696,0.014823195145212242,9710.0
0.11499999999999999,0.1,0.01,10000,0.0,0.0,-0.20439590059679955,0.1709853442071137,0.014823195145212242,9710.0
0.1185,0.1,0.01,10000,0.0,0.0,-0.22252144384590408,0.1643554779523834,0.014823195145212242,9710.0
0.122,0.1,0.01,10000,0.0,0.0,-0.2394732494073868,0.15828387887439097,0.014823195145212242,9710.0
0.1255,0.1,0.01,10000,0.0,0.0,-0.2586235010501565,0.1515965162550072,0.014823195145212242,9710.0
0.129,0.1,0.01,10000,0.0,0.0,-0.2748630156541999,0.14604128195519678,0.014823195145212242,9710.0
0.1325,0.1,0.01,10000,0.0,0.0,-0.2927461888949136,0.140104779747519,0.014823195145212242,9710.0
0.136,0.1,0.01,10000,0.0,0.0,-0.3117779326588414,0.13394220495175832,0.014823195145212242,9710.0
0.1395,0.1,0.01,10000,0.0,0.0,-0.326413415408801,0.12931036384870262,0.014823195145212242,9710.0
0.14300000000000002,0.1,0.01,10000,0.0,0.0,-0.3384764476925629,0.12557801550754477,0.014823195145212242,9710.0
0.14650000000000002,0.1,0.01,10000,0.0,0.0,-0.3610618391736302,0.11876801389977949,0.014823195145212242,9710.0
0.15000000000000002,0.1,0.01,10000,0.0,0.0,-0.3760339821526589,0.11438339764215644,0.014823195145212242,9710.0
0.15350000000000003,0.1,0.01,10000,0.0,0.0,-0.3915955554740241,0.10995294328288314,0.014823195145212242,9710.0
0.157,0.1,0.01,10000,0.0,0.0,-0.40172159378339034,0.1071240033399076,0.014823195145212242,9710.0
0.1605,0.1,0.01,10000,0.0,0.0,-0.4199978001191509,0.10213086138883623,0.014823195145212242,9710.0
0.164,0.1,0.01,10000,0.0,0.0,-0.43342866128865987,0.09856480117588973,0.014823195145212242,9710.0
0.1675,0.1,0.01,10000,0.0,0.0,-0.45022442678378116,0.09422432231237274,0.014823195145212242,9710.0
0.171,0.1,0.01,10000,0.0,0.0,-0.4654734035343363,0.09039091993272033,0.014823195145212242,9710.0
0.17450000000000002,0.1,0.01,10000,0.0,0.0,-0.4769951385944907,0.08756185272570345,0.014823195145212242,9710.0
0.17800000000000002,0.1,0.01,10000,0.0,0.0,-0.492765166146799,0.08379572384509919,0.014823195145212242,9710.0
0.18150000000000002,0.1,0.01,10000,0.0,0.0,-0.5065457202242669,0.08058469462012356,0.014823195145212242,9710.0
0.18500000000000003,0.1,0.01,10000,0.0,0.0,-0.520143440565826,0.07749195098435953,0.014823195145212242,9710.0
0.1885,0.1,0.01,10000,0.0,0.0,-0.5312379129845713,0.07503423010703221,0.014823195145212242,9710.0
0.192,0.1,0.01,10000,0.0,0.0,-0.5488797130815672,0.07122482146254819,0.014823195145212242,9710.0
0.1955,0.1,0.01,10000,0.0,0.0,-0.5577703629357463,0.06935727065588905,0.014823195145212242,9710.0
0.199,0.1,0.01,10000,0.0,0.0,-0.5716025872906726,0.06651328141445131,0.014823195145212242,9710.0
0.2025,0.1,0.01,10000,0.0,0.0,-0.5842692447971657,0.06397701947519022,0.014823195145212242,9710.0
0.20600000000000002,0.1,0.01,10000,0.0,0.0,-0.5973990613879648,0.06141047435422205,0.014823195145212242,9710.0
0.20950000000000002,0.1,0.01,10000,0.0,0.0,-0.6059509326175523,0.05977317057804674,0.014823195145212242,9710.0
0.21300000000000002,0.1,0.01,10000,0.0,0.0,-0.6199790482215565,0.05716035349809738,0.014823195145212242,9710.0
0.21650000000000003,0.1,0.01,10000,0.0,0.0,-0.6307607731597571,0.055184972423560644,0.014823195145212242,9710.0
0.22,0.1,0.01,10000,0.0,0.0,-0.6430697648304834,0.05300057150673763,0.014823195145212242,9710.0
0.01,0.15,0.01,10000,1.0,0.0,0.5019129087540571,0.48038208731290677,0.01955923785773206,9620.0
0.0135,0.15,0.01,10000,1.0,0.0,0.46998524996172486,0.4669089597810486,0.01955923785773206,9620.0
0.017,0.15,0.01,10000,1.0,0.0,0.441467464464475,0.45459762501856693,0.01955923785773206,9620.0
0.0205,0.15,0.01,10000,1.0,0.0,0.40643298136982225,0.439135834762447,0.01955923785773206,9620.0
0.024,0.15,0.01,10000,1.0,0.0,0.3763864819164363,0.42563168366299725,0.01955923785773206,9620.0
0.027500000000000004,0.15,0.01,10000,1.0,0.0,0.3523641622450797,0.41467523787916594,0.01955923785773206,9620.0
0.031,0.15,0.01,10000,1.0,0.0,0.3198890833290286,0.39968682175534587,0.01955923785773206,9620.0
0.0345,0.15,0.01,10000,1.0,0.0,0.2933542614264454,0.3873243435749611,0.01955923785773206,9620.0
0.038,0.15,0.01,10000,1.0,0.0,0.26717015882797035,0.3750169133682394,0.01955923785773206,9620.0
0.0415,0.15,0.01,10000,1.0,0.0,0.23816113588273086,0.36132888033732585,0.01955923785773206,9620.0
0.045000000000000005,0.15,0.01,10000,1.0,0.0,0.21901434014995988,0.3522690572432326,0.01955923785773206,9620.0
0.0485,0.15,0.01,10000,1.0,0.0,0.1930985724664879,0.33999573494413493,0.01955923785773206,9620.0
0.052000000000000005,0.15,0.01,10000,1.0,0.0,0.16690438297400828,0.32761035588023996,0.01955923785773206,9620.0
0.0555,0.15,0.01,10000,1.0,0.0,0.13807327661722027,0.3140174069271664,0.01955923785773206,9620.0
0.059000000000000004,0.15,0.01,10000,1.0,0.0,0.11310519307776765,0.3023133343529506,0.01955923785773206,9620.0
0.0625,0.15,0.01,10000,1.0,0.0,0.0878777876136817,0.2905798612408834,0.01955923785773206,9620.0
0.066,0.15,0.01,10000,1.0,0.0,0.06779928544551064,0.28131364970600903,0.01955923785773206,9620.0
0.0695,0.15,0.01,10000,0.9875,0.0,0.04404796737963544,0.27046100179072646,0.01955923785773206,9620.0
0.073,0.15,0.01,10000,0.8625,0.0,0.025237809697275782,0.261955946486771,0.01955923785773206,9620.0
0.0765,0.15,0.01,10000,0.475,0.0,-0.0007608059621377337,0.25036607043715053,0.01955923785773206,9620.0
0.08,0.15,0.01,10000,0.1125,0.0,-0.01991032854283268,0.24194974894873722,0.01955923785773206,9620.0
0.08349999999999999,0.15,0.01,10000,0.0,0.0,-0.04360562548865445,0.23168219429216458,0.01955923785773206,9620.0
0.087,0.15,0.01,10000,0.0,0.0,-0.060633782764993274,0.2244440219996358,0.01955923785773206,9620.0
0.0905,0.15,0.01,10000,0.0,0.0,-0.08307614484888173,0.21502947028905467,0.01955923785773206,9620.0
0.094,0.15,0.01,10000,0.0,0.0,-0.10112653225996275,0.2075929990764346,0.01955923785773206,9620.0
0.0975,0.15,0.01,10000,0.0,0.0,-0.12620905591252485,0.1975010905806602,0.01955923785773206,9620.0
0.10099999999999999,0.15,0.01,10000,0.0,0.0,-0.1437817637160043,0.19054982769011705,0.01955923785773206,9620.0
0.1045,0.15,0.01,10000,0.0,0.0,-0.16445450393815184,0.1825691120031765,0.01955923785773206,9620.0
0.108,0.15,0.01,10000,0.0,0.0,-0.18161617220800305,0.17607123041982717,0.01955923785773206,9620.0
0.1115,0.15,0.01,10000,0.0,0.0,-0.1988473690482946,0.16969743628489975,0.01955923785773206,9620.0
0.11499999999999999,0.15,0.01,10000,0.0,0.0,-0.21416132085839718,0.1641426643995531,0.01955923785773206,9620.0
0.1185,0.15,0.01,10000,0.0,0.0,-0.23870880755640664,0.15545540010823136,0.01955923785773206,9620.0
0.122,0.15,0.01,10000,0.0,0.0,-0.25374975277954903,0.15026498806006242,0.01955923785773206,9620.0
0.1255,0.15,0.01,10000,0.0,0.0,-0.26780124107932546,0.1455025566581391,0.01955923785773206,9620.0
0.129,0.15,0.01,10000,0.0,0.0,-0.28845950535863835,0.13869347075261357,0.01955923785773206,9620.0
0.1325,0.15,0.01,10000,0.0,0.0,-0.30914720865695017,0.13206652649415393,0.01955923785773206,9620.0
0.136,0.15,0.01,10000,0.0,0.0,-0.3216403083710271,0.12816773953421506,0.01955923785773206,9620.0
0.1395,0.15,0.01,10000,0.0,0.0,-0.3373098447253357,0.1233582253343776,0.01955923785773206,9620.0
0.14300000000000002,0.15,0.01,10000,0.0,0.0,-0.3537309401704122,0.11848629266150028,0.01955923785773206,9620.0
0.14650000000000002,0.15,0.01,10000,0.0,0.0,-0.36951216007003884,0.11389440692499427,0.01955923785773206,9620.0
0.15000000000000002,0.15,0.01,10000,0.0,0.0,-0.38803226717337624,0.10867032813512534,0.01955923785773206,9620.0
0.15350000000000003,0.15,0.01,10000,0.0,0.0,-0.4003097625638392,0.10528182928239702,0.01955923785773206,9620.0
0.157,0.15,0.01,10000,0.0,0.0,-0.4186458939413738,0.10034851006382565,0.01955923785773206,9620.0
0.1605,0.15,0.01,10000,0.0,0.0,-0.4305614533723359,0.09725625954153212,0.01955923785773206,9620.0
0.164,0.15,0.01,10000,0.0,0.0,-0.44677736351880337,0.0931077731803214,0.01955923785773206,9620.0
0.1675,0.15,0.01,10000,0.0,0.0,-0.46042256640491486,0.08971213448760391,0.01955923785773206,9620.0
0.171,0.15,0.01,10000,0.0,0.0,-0.47400422825417304,0.08642732124315146,0.01955923785773206,9620.0
0.17450000000000002,0.15,0.01,10000,0.0,0.0,-0.48979908243048864,0.08269170363160283,0.01955923785773206,9620.0
0.17800000000000002,0.15,0.01,10000,0.0,0.0,-0.5022787743311712,0.07982737826917549,0.01955923785773206,9620.0
0.18150000000000002,0.15,0.01,10000,0.0,0.0,-0.5171085549322798,0.076506398339292,0.01955923785773206,9620.0
0.18500000000000003,0.15,0.01,10000,0.0,0.0,-0.5294763030110573,0.07380445610077287,0.01955923785773206,9620.0
0.1885,0.15,0.01,10000,0.0,0.0,-0.5406428848540322,0.0714153362657571,0.01955923785773206,9620.0
0.192,0.15,0.01,10000,0.0,0.0,-0.5578974048009601,0.06782953323675878,0.01955923785773206,9620.0
0.1955,0.15,0.01,10000,0.0,0.0,-0.5734562974961005,0.06470504455873323,0.01955923785773206,9620.0
0.199,0.15,0.01,10000,0.0,0.0,-0.5809024679825017,0.06324810877421258,0.01955923785773206,9620.0
0.2025,0.15,0.01,10000,0.0,0.0,-0.5948339490976853,0.06056206726788904,0.01955923785773206,9620.0
0.20600000000000002,0.15,0.01,10000,0.0,0.0,-0.6085751097755123,0.057984342952954716,0.01955923785773206,9620.0
0.20950000000000002,0.15,0.01,10000,0.0,0.0,-0.6179631804858718,0.056277606284703664,0.01955923785773206,9620.0
0.21300000000000002,0.15,0.01,10000,0.0,0.0,-0.6330427272097631,0.05358050003753447,0.01955923785773206,9620.0
0.21650000000000003,0.15,0.01,10000,0.0,0.0,-0.6396534133369144,0.05242715600252048,0.01955923785773206,9620.0
0.22,0.15,0.01,10000,0.0,0.0,-0.6556602267870385,0.04970499047071664,0.01955923785773206,9620.0
0.01,0.2,0.01,10000,1.0,0.0,0.47746187971119813,0.4641998507027959,0.024362212958302765,9530.0
0.0135,0.2,0.01,10000,1.0,0.0,0.4452350820051638,0.4504037708833161,0.024362212958302765,9530.0
0.017,0.2,0.01,10000,1.0,0.0,0.41245102495437036,0.43601447318622943,0.024362212958302765,9530.0
0.0205,0.2,0.01,10000,1.0,0.0,0.3884271686513493,0.42528355922771155,0.024362212958302765,9530.0
0.024,0.2,0.01,10000,1.0,0.0,0.3549748238901065,0.41015245980621096,0.024362212958302765,9530.0
0.027500000000000004,0.2,0.01,10000,1.0,0.0,0.3315376483051411,0.39941771562316886,0.024362212958302765,9530.0
0.031,0.2,0.01,10000,1.0,0.0,0.2994954808309095,0.38457972997733225,0.024362212958302765,9530.0
0.0345,0.2,0.01,10000,1.0,0.0,0.2713695612158411,0.3714747111981308,0.024362212958302765,9530.0
0.038,0.2,0.01,10000,1.0,0.0,0.24419239766324385,0.35873009703748215,0.024362212958302765,9530.0
0.0415,0.2,0.01,10000,1.0,0.0,0.21958159241506267,0.3471812590976843,0.024362212958302765,9530.0
0.045000000000000005,0.2,0.01,10000,1.0,0.0,0.1949038068836037,0.3355688671831472,0.024362212958302765,9530.0
0.0485,0.2,0.01,10000,1.0,0.0,0.166953425068383,0.3224517499304201,0.024362212958302765,9530.0
0.052000000000000005,0.2,0.01,10000,1.0,0.0,0.1427899792333732,0.3111579363138878,0.024362212958302765,9530.0
0.0555,0.2,0.01,10000,1.0,0.0,0.11960654053527098,0.3003700799859831,0.024362212958302765,9530.0
0.059000000000000004,0.2,0.01,10000,1.0,0.0,0.09509173465188021,0.28905259056378985,0.024362212958302765,9530.0
0.0625,0.2,0.01,10000,1.0,0.0,0.0730930215907261,0.27898257355459566,0.024362212958302765,9530.0
0.066,0.2,0.01,10000,0.975,0.0,0.04879358869499199,0.26797215494975385,0.024362212958302765,9530.0
0.0695,0.2,0.01,10000,0.925,0.0,0.026798100156033504,0.2581211039228812,0.024362212958302765,9530.0
0.073,0.2,0.01,10000,0.6625,0.0,0.0070945059745471314,0.24941082600869818,0.024362212958302765,9530.0
0.0765,0.2,0.01,10000,0.175,0.0,-0.014592638405094052,0.23994658541145797,0.024362212958302765,9530.0
0.08,0.2,0.01,10000,0.0,0.0,-0.0391789332524474,0.22939151900274757,0.024362212958302765,9530.0
0.08349999999999999,0.2,0.01,10000,0.0,0.0,-0.060658016253017456,0.22035754128496832,0.024362212958302765,9530.0
0.087,0.2,0.01,10000,0.0,0.0,-0.08227521159192312,0.21139948615430226,0.024362212958302765,9530.0
0.0905,0.2,0.01,10000,0.0,0.0,-0.1009242778960034,0.20382220160371628,0.024362212958302765,9530.0
0.094,0.2,0.01,10000,0.0,0.0,-0.12130975678226412,0.19572134275846712,0.024362212958302765,9530.0
0.0975,0.2,0.01,10000,0.0,0.0,-0.1402005216563758,0.1883267707574836,0.024362212958302765,9530.0
0.10099999999999999,0.2,0.01,10000,0.0,0.0,-0.16114686120281416,0.18033625494027722,0.024362212958302765,9530.0
0.1045,0.2,0.01,10000,0.0,0.0,-0.17884556380391486,0.17372982870559012,0.024362212958302765,9530.0
0.108,0.2,0.01,10000,0.0,0.0,-0.19332301249488587,0.16841429286919857,0.024362212958302765,9530.0
0.1115,0.2,0.01,10000,0.0,0.0,-0.21492127432103514,0.16066270618969866,0.024362212958302765,9530.0
0.11499999999999999,0.2,0.01,10000,0.0,0.0,-0.23483563349463488,0.15369297044425928,0.024362212958302765,9530.0
0.1185,0.2,0.01,10000,0.0,0.0,-0.24894387393347098,0.14889686976809696,0.024362212958302765,9530.0
0.122,0.2,0.01,10000,0.0,0.0,-0.26788820518913503,0.14256464615455283,0.024362212958302765,9530.0
0.1255,0.2,0.01,10000,0.0,0.0,-0.28373457348910375,0.1374448598575149,0.024362212958302765,9530.0
0.129,0.2,0.01,10000,0.0,0.0,-0.30439958019728064,0.13086154450536214,0.024362212958302765,9530.0
0.1325,0.2,0.01,10000,0.0,0.0,-0.3186412355814152,0.12649507132420287,0.024362212958302765,9530.0
0.136,0.2,0.01,10000,0.0,0.0,-0.33349413313898296,0.12198306779702679,0.024362212958302765,9530.0
0.1395,0.2,0.01,10000,0.0,0.0,-0.34967869509684063,0.11721899336985105,0.024362212958302765,9530.0
0.14300000000000002,0.2,0.01,10000,0.0,0.0,-0.36865511631059167,0.11178945800633873,0.024362212958302765,9530.0
0.14650000000000002,0.2,0.01,10000,0.0,0.0,-0.3821199665709413,0.1080240057275863,0.024362212958302765,9530.0
0.15000000000000002,0.2,0.01,10000,0.0,0.0,-0.3973516553208005,0.10388178672250645,0.024362212958302765,9530.0
0.15350000000000003,0.2,0.01,10000,0.0,0.0,-0.4135675830873361,0.09957984546176821,0.024362212958302765,9530.0
0.157,0.2,0.01,10000,0.0,0.0,-0.4330547301901678,0.09455588727938966,0.024362212958302765,9530.0
0.1605,0.2,0.01,10000,0.0,0.0,-0.4447413152489368,0.09163751420183659,0.024362212958302765,9530.0
0.164,0.2,0.01,10000,0.0,0.0,-0.457825918080265,0.0884420929385375,0.024362212958302765,9530.0
0.1675,0.2,0.01,10000,0.0,0.0,-0.47056417055618827,0.08539935240372472,0.024362212958302765,9530.0
0.171,0.2,0.01,10000,0.0,0.0,-0.4885826747413023,0.08121128960480621,0.024362212958302765,9530.0
0.17450000000000002,0.2,0.01,10000,0.0,0.0,-0.4999494386932691,0.07864440020584436,0.024362212958302765,9530.0
0.17800000000000002,0.2,0.01,10000,0.0,0.0,-0.5138058327980621,0.07558122494140843,0.024362212958302765,9530.0
0.18150000000000002,0.2,0.01,10000,0.0,0.0,-0.5233376283771304,0.07352261406799039,0.024362212958302765,9530.0
0.18500000000000003,0.2,0.01,10000,0.0,0.0,-0.5395777467191959,0.07009311211629043,0.024362212958302765,9530.0
0.1885,0.2,0.01,10000,0.0,0.0,-0.5522472432986255,0.06750565186965934,0.024362212958302765,9530.0
0.192,0.2,0.01,10000,0.0,0.0,-0.5657687673011689,0.06480559341316014,0.024362212958302765,9530.0
0.1955,0.2,0.01,10000,0.0,0.0,-0.5786997143619086,0.06228644376269958,0.024362212958302765,9530.0
0.199,0.2,0.01,10000,0.0,0.0,-0.591951773786054,0.05977465089729996,0.024362212958302765,9530.0
0.2025,0.2,0.01,10000,0.0,0.0,-0.603624407866117,0.05761721533035045,0.024362212958302765,9530.0
0.20600000000000002,0.2,0.01,10000,0.0,0.0,-0.6156160983977281,0.05546194476298929,0.024362212958302765,9530.0
0.20950000000000002,0.2,0.01,10000,0.0,0.0,-0.6275327217740116,0.053357558781175096,0.024362212958302765,9530.0
0.21300000000000002,0.2,0.01,10000,0.0,0.0,-0.6397661421418678,0.051258850934253884,0.024362212958302765,9530.0
0.21650000000000003,0.2,0.01,10000,0.0,0.0,-0.6508635902571683,0.04940147875493299,0.024362212958302765,9530.0
0.22,0.2,0.01,10000,0.0,0.0,-0.6594206283499426,0.047996332232775676,0.024362212958302765,9530.0
0.01,0.25,0.01,10000,1.0,0.0,0.4529214897341971,0.447867605603963,0.029233711990772848,9440.0
0.0135,0.25,0.01,10000,1.0,0.0,0.42130660501470435,0.4340867943875292,0.029233711990772848,9440.0
0.017,0.25,0.01,10000,1.0,0.0,0.3902405349805126,0.4203287445319986,0.029233711990772848,9440.0
0.0205,0.25,0.01,10000,1.0,0.0,0.36469485952922165,0.4088508642564085,0.029233711990772848,9440.0
0.024,0.25,0.01,10000,1.0,0.0,0.334008258918327,0.3948721795490925,0.029233711990772848,9440.0
0.027500000000000004,0.25,0.01,10000,1.0,0.0,0.3065708045098529,0.382273197347805,0.029233711990772848,9440.0
0.031,0.25,0.01,10000,1.0,0.0,0.2793766491094269,0.3696902174763186,0.029233711990772848,9440.0
0.0345,0.25,0.01,10000,1.0,0.0,0.2515829410718221,0.35676666811743346,0.029233711990772848,9440.0
0.038,0.25,0.01,10000,1.0,0.0,0.22502139833725243,0.3443755955003613,0.029233711990772848,9440.0
0.0415,0.25,0.01,10000,1.0,0.0,0.20253194743784492,0.3338820599511011,0.029233711990772848,9440.0
0.045000000000000005,0.25,0.01,10000,1.0,0.0,0.1738489225044166,0.32051699015723545,0.029233711990772848,9440.0
0.0485,0.25,0.01,10000,1.0,0.0,0.1477701035737644,0.3084232193662628,0.029233711990772848,9440.0
0.052000000000000005,0.25,0.01,10000,1.0,0.0,0.12295780754375532,0.2969734742756565,0.029233711990772848,9440.0
0.0555,0.25,0.01,10000,1.0,0.0,0.10353336078903479,0.288069906129831,0.029233711990772848,9440.0
0.059000000000000004,0.25,0.01,10000,1.0,0.0,0.07905295250668942,0.2769454265611852,0.029233711990772848,9440.0
0.0625,0.25,0.01,10000,1.0,0.0,0.0570231606373615,0.26703515075366463,0.029233711990772848,9440.0
0.066,0.25,0.01,10000,0.9375,0.0,0.029391299755928756,0.25477023907895535,0.029233711990772848,9440.0
0.0695,0.25,0.01,10000,0.6625,0.0,0.010871237493077474,0.24665521861519518,0.029233711990772848,9440.0
0.073,0.25,0.01,10000,0.2125,0.0,-0.010861050809542491,0.2372613676405108,0.029233711990772848,9440.0
0.0765,0.25,0.01,10000,0.05,0.0,-0.03462230559908373,0.22717385097457066,0.029233711990772848,9440.0
0.08,0.25,0.01,10000,0.0,0.0,-0.05399294599076722,0.2190716477576246,0.029233711990772848,9440.0
0.08349999999999999,0.25,0.01,10000,0.0,0.0,-0.07340652674158371,0.21109886638226022,0.029233711990772848,9440.0
0.087,0.25,0.01,10000,0.0,0.0,-0.09364601120151787,0.2029163599774591,0.029233711990772848,9440.0
0.0905,0.25,0.01,10000,0.0,0.0,-0.11895653167031088,0.19293817509474068,0.029233711990772848,9440.0
0.094,0.25,0.01,10000,0.0,0.0,-0.1324629835730641,0.18771982469640497,0.029233711990772848,9440.0
0.0975,0.25,0.01,10000,0.0,0.0,-0.15497123576307653,0.1791790325896564,0.029233711990772848,9440.0
0.10099999999999999,0.25,0.01,10000,0.0,0.0,-0.17475792484427816,0.17185041984577118,0.029233711990772848,9440.0
0.1045,0.25,0.01,10000,0.0,0.0,-0.1906031008972466,0.1661110776490719,0.029233711990772848,9440.0
0.108,0.25,0.01,10000,0.0,0.0,-0.21048166470993035,0.15905779245560742,0.029233711990772848,9440.0
0.1115,0.25,0.01,10000,0.0,0.0,-0.23023450151791192,0.15223037639984366,0.029233711990772848,9440.0
0.11499999999999999,0.25,0.01,10000,0.0,0.0,-0.2450610297349444,0.1472300945112132,0.029233711990772848,9440.0
0.1185,0.25,0.01,10000,0.0,0.0,-0.2608862463601328,0.14199222858557561,0.029233711990772848,9440.0
0.122,0.25,0.01,10000,0.0,0.0,-0.27756924118243376,0.13661003448344697,0.029233711990772848,9440.0
0.1255,0.25,0.01,10000,0.0,0.0,-0.29866897283236304,0.13000027646734374,0.029233711990772848,9440.0
0.129,0.25,0.01,10000,0.0,0.0,-0.32015467462741987,0.12344675027286356,0.029233711990772848,9440.0
0.1325,0.25,0.01,10000,0.0,0.0,-0.3367987871702628,0.11852625002425861,0.029233711990772848,9440.0
0.136,0.25,0.01,10000,0.0,0.0,-0.3476731674104748,0.11538099482132864,0.029233711990772848,9440.0
0.1395,0.25,0.01,10000,0.0,0.0,-0.36398837390501837,0.11076852197976601,0.029233711990772848,9440.0
0.14300000000000002,0.25,0.01,10000,0.0,0.0,-0.3798782396416668,0.10638995336961359,0.029233711990772848,9440.0
0.14650000000000002,0.25,0.01,10000,0.0,0.0,-0.3980144087451096,0.10152892040130874,0.029233711990772848,9440.0
0.15000000000000002,0.25,0.01,10000,0.0,0.0,-0.41055246405716267,0.09827432837508449,0.029233711990772848,9440.0
0.15350000000000003,0.25,0.01,10000,0.0,0.0,-0.4243920552464221,0.09473729081884522,0.029233711990772848,9440.0
0.157,0.25,0.01,10000,0.0,0.0,-0.4407688761405881,0.09068281172936284,0.029233711990772848,9440.0
0.1605,0.25,0.01,10000,0.0,0.0,-0.45699503931567786,0.0867646682326824,0.029233711990772848,9440.0
0.164,0.25,0.01,10000,0.0,0.0,-0.4695301865931484,0.0838280705762956,0.029233711990772848,9440.0
0.1675,0.25,0.01,10000,0.0,0.0,-0.48557607923512913,0.08014824680004931,0.029233711990772848,9440.0
0.171,0.25,0.01,10000,0.0,0.0,-0.4972272040347773,0.07755214604460647,0.029233711990772848,9440.0
0.17450000000000002,0.25,0.01,10000,0.0,0.0,-0.5123123994813301,0.07428071449068938,0.029233711990772848,9440.0
0.17800000000000002,0.25,0.01,10000,0.0,0.0,-0.5265176231344915,0.07126606990569208,0.029233711990772848,9440.0
0.18150000000000002,0.25,0.01,10000,0.0,0.0,-0.5405170045075451,0.06838708936662918,0.029233711990772848,9440.0
0.18500000000000003,0.25,0.01,10000,0.0,0.0,-0.5514267733005898,0.06620452301036453,0.029233711990772848,9440.0
0.1885,0.25,0.01,10000,0.0,0.0,-0.5647037022479069,0.0636022237298331,0.029233711990772848,9440.0
0.192,0.25,0.01,10000,0.0,0.0,-0.5806292442826863,0.060569301453047265,0.029233711990772848,9440.0
0.1955,0.25,0.01,10000,0.0,0.0,-0.5885109822870821,0.05909997644028059,0.029233711990772848,9440.0
0.199,0.25,0.01,10000,0.0,0.0,-0.6015480587104605,0.05673208568992873,0.029233711990772848,9440.0
0.2025,0.25,0.01,10000,0.0,0.0,-0.6166420872720623,0.054065882552984855,0.029233711990772848,9440.0
0.20600000000000002,0.25,0.01,10000,0.0,0.0,-0.6218105780717185,0.05317030005106775,0.029233711990772848,9440.0
0.20950000000000002,0.25,0.01,10000,0.0,0.0,-0.6383175518762749,0.05037788863636139,0.029233711990772848,9440.0
0.21300000000000002,0.25,0.01,10000,0.0,0.0,-0.6477331774667416,0.04881883616135699,0.029233711990772848,9440.0
0.21650000000000003,0.25,0.01,10000,0.0,0.0,-0.659801496656806,0.04687192773120541,0.029233711990772848,9440.0
0.22,0.25,0.01,10000,0.0,0.0,-0.6702699867320909,0.04522609142941218,0.029233711990772848,9440.0
0.01,0.3,0.01,10000,1.0,0.0,0.4296639378668822,0.4319235660240578,0.03417537999003839,9350.0
0.0135,0.3,0.01,10000,1.0,0.0,0.39706584905872033,0.4176017990726891,0.03417537999003839,9350.0
0.017,0.3,0.01,10000,1.0,0.0,0.367288023488309,0.4042973496360324,0.03417537999003839,9350.0
0.0205,0.3,0.01,10000,1.0,0.0,0.34370245401867316,0.39362614105684546,0.03417537999003839,9350.0
0.024,0.3,0.01,10000,1.0,0.0,0.3094749865722249,0.3780337618350874,0.03417537999003839,9350.0
0.027500000000000004,0.3,0.01,10000,1.0,0.0,0.28513437793009705,0.3668298876067591,0.03417537999003839,9350.0
0.031,0.3,0.01,10000,1.0,0.0,0.2569964324631743,0.3538418491436096,0.03417537999003839,9350.0
0.0345,0.3,0.01,10000,1.0,0.0,0.23153338969446507,0.34205337690200605,0.03417537999003839,9350.0
0.038,0.3,0.01,10000,1.0,0.0,0.2017682180243911,0.32827858552511235,0.03417537999003839,9350.0
0.0415,0.3,0.01,10000,1.0,0.0,0.1791017147588756,0.31780642880173077,0.03417537999003839,9350.0
0.045000000000000005,0.3,0.01,10000,1.0,0.0,0.1530403545280236,0.3058107924135282,0.03417537999003839,9350.0
0.0485,0.3,0.01,10000,1.0,0.0,0.13224716133761277,0.2962911164379185,0.03417537999003839,9350.0
0.052000000000000005,0.3,0.01,10000,1.0,0.0,0.10477862529698181,0.2838102245150654,0.03417537999003839,9350.0
0.0555,0.3,0.01,10000,1.0,0.0,0.08498960156181332,0.274893247687619,0.03417537999003839,9350.0
0.059000000000000004,0.3,0.01,10000,1.0,0.0,0.05852790271706905,0.2630949927647007,0.03417537999003839,9350.0
0.0625,0.3,0.01,10000,0.95,0.0,0.035294644373199784,0.2528773791569068,0.03417537999003839,9350.0
0.066,0.3,0.01,10000,0.7875,0.0,0.016036978737090247,0.2445163337196802,0.03417537999003839,9350.0
0.0695,0.3,0.01,10000,0.3875,0.0,-0.00490490731087172,0.2355403217918301,0.03417537999003839,9350.0
0.073,0.3,0.01,10000,0.0375,0.0,-0.02926447408251274,0.2252718179995123,0.03417537999003839,9350.0
0.0765,0.3,0.01,10000,0.0125,0.0,-0.05055561077303914,0.21647003935500103,0.03417537999003839,9350.0
0.08,0.3,0.01,10000,0.0,0.0,-0.07090726439306569,0.2081922981606036,0.03417537999003839,9350.0
0.08349999999999999,0.3,0.01,10000,0.0,0.0,-0.08793810169658103,0.20138130205498914,0.03417537999003839,9350.0
0.087,0.3,0.01,10000,0.0,0.0,-0.1117775959926618,0.19206937717818776,0.03417537999003839,9350.0
0.0905,0.3,0.01,10000,0.0,0.0,-0.1345918862995937,0.1833317953217712,0.03417537999003839,9350.0
0.094,0.3,0.01,10000,0.0,0.0,-0.14720895037269144,0.17860795969186524,0.03417537999003839,9350.0
0.0975,0.3,0.01,10000,0.0,0.0,-0.1675120800515309,0.1711358695938075,0.03417537999003839,9350.0
0.10099999999999999,0.3,0.01,10000,0.0,0.0,-0.18782123583295846,0.16383871969146044,0.03417537999003839,9350.0
0.1045,0.3,0.01,10000,0.0,0.0,-0.20517073269182112,0.15776384612704053,0.03417537999003839,9350.0
0.108,0.3,0.01,10000,0.0,0.0,-0.22543399299086717,0.15081820231704826,0.03417537999003839,9350.0
0.1115,0.3,0.01,10000,0.0,0.0,-0.24254423382096785,0.14512647043165608,0.03417537999003839,9350.0
0.11499999999999999,0.3,0.01,10000,0.0,0.0,-0.25800542862447723,0.1400817809239004,0.03417537999003839,9350.0
0.1185,0.3,0.01,10000,0.0,0.0,-0.2777823429521586,0.13378607825413436,0.03417537999003839,9350.0
0.122,0.3,0.01,10000,0.0,0.0,-0.28981954697376056,0.13004711809138164,0.03417537999003839,9350.0
0.1255,0.3,0.01,10000,0.0,0.0,-0.3125425241151892,0.12316627043394121,0.03417537999003839,9350.0
0.129,0.3,0.01,10000,0.0,0.0,-0.33020981056179705,0.11797477351080081,0.03417537999003839,9350.0
0.1325,0.3,0.01,10000,0.0,0.0,-0.34403716295043607,0.11401365096075837,0.03417537999003839,9350.0
0.136,0.3,0.01,10000,0.0,0.0,-0.36352403038271486,0.10859038104621221,0.03417537999003839,9350.0
0.1395,0.3,0.01,10000,0.0,0.0,-0.375142052686691,0.10543731300116108,0.03417537999003839,9350.0
0.14300000000000002,0.3,0.01,10000,0.0,0.0,-0.3934942954625245,0.10058127514989099,0.03417537999003839,9350.0
0.14650000000000002,0.3,0.01,10000,0.0,0.0,-0.4072566239882927,0.09703474044233976,0.03417537999003839,9350.0
0.15000000000000002,0.3,0.01,10000,0.0,0.0,-0.42381348420508225,0.09287762924973539,0.03417537999003839,9350.0
0.15350000000000003,0.3,0.01,10000,0.0,0.0,-0.4362949863065353,0.08982459103251439,0.03417537999003839,9350.0
0.157,0.3,0.01,10000,0.0,0.0,-0.4518446442756365,0.08612486768043989,0.03417537999003839,9350.0
0.1605,0.3,0.01,10000,0.0,0.0,-0.4626702151144936,0.08360148528232343,0.03417537999003839,9350.0
0.164,0.3,0.01,10000,0.0,0.0,-0.4790368088208412,0.0798838373846693,0.03417537999003839,9350.0
0.1675,0.3,0.01,10000,0.0,0.0,-0.49535425460738997,0.076301279902243,0.03417537999003839,9350.0
0.171,0.3,0.01,10000,0.0,0.0,-0.5104934849940774,0.07304236181729273,0.03417537999003839,9350.0
0.17450000000000002,0.3,0.01,10000,0.0,0.0,-0.5213399839993101,0.0707903560365069,0.03417537999003839,9350.0
0.17800000000000002,0.3,0.01,10000,0.0,0.0,-0.5334378677045984,0.06833875556995872,0.03417537999003839,9350.0
0.18150000000000002,0.3,0.01,10000,0.0,0.0,-0.5506690225757034,0.06491512310569066,0.03417537999003839,9350.0
0.18500000000000003,0.3,0.01,10000,0.0,0.0,-0.5603914384920792,0.06304361900419335,0.03417537999003839,9350.0
0.1885,0.3,0.01,10000,0.0,0.0,-0.5747960267109552,0.0603287436394704,0.03417537999003839,9350.0
0.192,0.3,0.01,10000,0.0,0.0,-0.584724228655265,0.058497520287327756,0.03417537999003839,9350.0
0.1955,0.3,0.01,10000,0.0,0.0,-0.5969953688591201,0.05629029614688583,0.03417537999003839,9350.0
0.199,0.3,0.01,10000,0.0,0.0,-0.6097265030943304,0.05406244935287785,0.03417537999003839,9350.0
0.2025,0.3,0.01,10000,0.0,0.0,-0.6227687679692255,0.05183939800236674,0.03417537999003839,9350.0
0.20600000000000002,0.3,0.01,10000,0.0,0.0,-0.6348312476203339,0.049830946352096075,0.03417537999003839,9350.0
0.20950000000000002,0.3,0.01,10000,0.0,0.0,-0.6483488144143926,0.04764753165264912,0.03417537999003839,9350.0
0.21300000000000002,0.3,0.01,10000,0.0,0.0,-0.6592058028649521,0.045923463441017644,0.03417537999003839,9350.0
0.21650000000000003,0.3,0.01,10000,0.0,0.0,-0.6669860526432063,0.04472256676899156,0.03417537999003839,9350.0
0.22,0.3,0.01,10000,0.0,0.0,-0.6792107290391527,0.04288069410184647,0.03417537999003839,9350.0
0.01,0.35,0.01,10000,1.0,0.0,0.4032319880104174,0.41455785585552063,0.03918891781593148,9260.0
0.0135,0.35,0.01,10000,1.0,0.0,0.3775555814490863,0.40317710726098677,0.03918891781593148,9260.0
0.017,0.35,0.01,10000,1.0,0.0,0.3470147117584437,0.3894794493732079,0.03918891781593148,9260.0
0.0205,0.35,0.01,10000,1.0,0.0,0.31207662557216287,0.3736539542537246,0.03918891781593148,9260.0
0.024,0.35,0.01,10000,1.0,0.0,0.28798327029538484,0.36265509879005864,0.03918891781593148,9260.0
0.027500000000000004,0.35,0.01,10000,1.0,0.0,0.2636648414489978,0.35149621121795876,0.03918891781593148,9260.0
0.031,0.35,0.01,10000,1.0,0.0,0.23693274198606754,0.3392109945838685,0.03918891781593148,9260.0
0.0345,0.35,0.01,10000,1.0,0.0,0.211118252425325,0.3273570793166892,0.03918891781593148,9260.0
0.038,0.35,0.01,10000,1.0,0.0,0.19055644834383195,0.3179303721165227,0.03918891781593148,9260.0
0.0415,0.35,0.01,10000,1.0,0.0,0.1614477443009914,0.30462801675222406,0.03918891781593148,9260.0
0.045000000000000005,0.35,0.01,10000,1.0,0.0,0.13497974567176824,0.29260897333224684,0.03918891781593148,9260.0
0.0485,0.35,0.01,10000,1.0,0.0,0.11527293786836076,0.28371706475455344,0.03918891781593148,9260.0
0.052000000000000005,0.35,0.01,10000,1.0,0.0,0.08799192150118151,0.2715284757692461,0.03918891781593148,9260.0
0.0555,0.35,0.01,10000,0.9875,0.0,0.06083767753473981,0.25954976950294195,0.03918891781593148,9260.0
0.059000000000000004,0.35,0.01,10000,0.9875,0.0,0.04150383859678651,0.25111720525996756,0.03918891781593148,9260.0
0.0625,0.35,0.01,10000,0.825,0.0,0.02134678672265284,0.2424360141535887,0.03918891781593148,9260.0
0.066,0.35,0.01,10000,0.375,0.0,-0.005727485127852433,0.2309535739569991,0.03918891781593148,9260.0
0.0695,0.35,0.01,10000,0.1,0.0,-0.02126161579328694,0.224472608639637,0.03918891781593148,9260.0
0.073,0.35,0.01,10000,0.0,0.0,-0.049081075516870964,0.2130736460753353,0.03918891781593148,9260.0
0.0765,0.35,0.01,10000,0.0,0.0,-0.06378458295286779,0.20714602044418182,0.03918891781593148,9260.0
0.08,0.35,0.01,10000,0.0,0.0,-0.09022534384909232,0.19672471888761034,0.03918891781593148,9260.0
0.08349999999999999,0.35,0.01,10000,0.0,0.0,-0.1098799706880637,0.18912742240242064,0.03918891781593148,9260.0
0.087,0.35,0.01,10000,0.0,0.0,-0.12797884475488025,0.18228272643593618,0.03918891781593148,9260.0
0.0905,0.35,0.01,10000,0.0,0.0,-0.147791126368973,0.17494704750293427,0.03918891781593148,9260.0
0.094,0.35,0.01,10000,0.0,0.0,-0.16605280438674455,0.16832722042054132,0.03918891781593148,9260.0
0.0975,0.35,0.01,10000,0.0,0.0,-0.18726982493008423,0.16080788244783734,0.03918891781593148,9260.0
0.10099999999999999,0.35,0.01,10000,0.0,0.0,-0.200555576770945,0.15620656422730042,0.03918891781593148,9260.0
0.1045,0.35,0.01,10000,0.0,0.0,-0.2215018274898129,0.14914069014587347,0.03918891781593148,9260.0
0.108,0.35,0.01,10000,0.0,0.0,-0.23735334581236814,0.1438984362865329,0.03918891781593148,9260.0
0.1115,0.35,0.01,10000,0.0,0.0,-0.25716965087584603,0.13752091033636027,0.03918891781593148,9260.0
0.11499999999999999,0.35,0.01,10000,0.0,0.0,-0.27194117818214614,0.13286529226908006,0.03918891781593148,9260.0
0.1185,0.35,0.01,10000,0.0,0.0,-0.28915367623626426,0.12759033637852685,0.03918891781593148,9260.0
0.122,0.35,0.01,10000,0.0,0.0,-0.3053919132915017,0.1227389343961753,0.03918891781593148,9260.0
0.1255,0.35,0.01,10000,0.0,0.0,-0.3234735458262172,0.11746124081688843,0.03918891781593148,9260.0
0.129,0.35,0.01,10000,0.0,0.0,-0.34289553727664246,0.11198314526099798,0.03918891781593148,9260.0
0.1325,0.35,0.01,10000,0.0,0.0,-0.3598718790767643,0.10730627059154471,0.03918891781593148,9260.0
0.136,0.35,0.01,10000,0.0,0.0,-0.37234052487535285,0.10397629214346153,0.03918891781593148,9260.0
0.1395,0.35,0.01,10000,0.0,0.0,-0.3882976880780774,0.09979880417962568,0.03918891781593148,9260.0
0.14300000000000002,0.35,0.01,10000,0.0,0.0,-0.4077746457448977,0.09487017210293414,0.03918891781593148,9260.0
0.14650000000000002,0.35,0.01,10000,0.0,0.0,-0.41977011280875764,0.09189708432760879,0.03918891781593148,9260.0
0.15000000000000002,0.35,0.01,10000,0.0,0.0,-0.43538027930663575,0.08814081015501837,0.03918891781593148,9260.0
0.15350000000000003,0.35,0.01,10000,0.0,0.0,-0.44943353316710405,0.084847715716134,0.03918891781593148,9260.0
0.157,0.35,0.01,10000,0.0,0.0,-0.4612362180286099,0.08214339791739875,0.03918891781593148,9260.0
0.1605,0.35,0.01,10000,0.0,0.0,-0.4804326022059862,0.07785887046445457,0.03918891781593148,9260.0
0.164,0.35,0.01,10000,0.0,0.0,-0.48765578050683656,0.07629860091718912,0.03918891781593148,9260.0
0.1675,0.35,0.01,10000,0.0,0.0,-0.507560062193692,0.07208322168538825,0.03918891781593148,9260.0
0.171,0.35,0.01,10000,0.0,0.0,-0.51726140820174,0.07010119024052222,0.03918891781593148,9260.0
0.17450000000000002,0.35,0.01,10000,0.0,0.0,-0.5304536576701305,0.06743969750136118,0.03918891781593148,9260.0
0.17800000000000002,0.35,0.01,10000,0.0,0.0,-0.5443476712816558,0.06470637698982132,0.03918891781593148,9260.0
0.18150000000000002,0.35,0.01,10000,0.0,0.0,-0.5593520758655763,0.06185951139173078,0.03918891781593148,9260.0
0.18500000000000003,0.35,0.01,10000,0.0,0.0,-0.571699711066417,0.05956899907077221,0.03918891781593148,9260.0
0.1885,0.35,0.01,10000,0.0,0.0,-0.5859983337505186,0.0569940296829514,0.03918891781593148,9260.0
0.192,0.35,0.01,10000,0.0,0.0,-0.5937751344423708,0.0556109241280053,0.03918891781593148,9260.0
0.1955,0.35,0.01,10000,0.0,0.0,-0.606118398901319,0.0534841019047946,0.03918891781593148,9260.0
0.199,0.35,0.01,10000,0.0,0.0,-0.6208922527848304,0.050996957854475014,0.03918891781593148,9260.0
0.2025,0.35,0.01,10000,0.0,0.0,-0.6336605876052932,0.04892317318631749,0.03918891781593148,9260.0
0.20600000000000002,0.35,0.01,10000,0.0,0.0,-0.6427087570442959,0.047481146383945814,0.03918891781593148,9260.0
0.20950000000000002,0.35,0.01,10000,0.0,0.0,-0.6563861811149991,0.04534755572359536,0.03918891781593148,9260.0
0.21300000000000002,0.35,0.01,10000,0.0,0.0,-0.6653522692151916,0.043975554993743185,0.03918891781593148,9260.0
0.21650000000000003,0.35,0.01,10000,0.0,0.0,-0.6752256017759267,0.042507946594483176,0.03918891781593148,9260.0
0.22,0.35,0.01,10000,0.0,0.0,-0.6878268951034237,0.0406745860320268,0.03918891781593148,9260.0
0.01,0.4,0.01,10000,1.0,0.0,0.3812355961783876,0.39911057259498717,0.044276084612790534,9170.0
0.0135,0.4,0.01,10000,1.0,0.0,0.35113494397870737,0.3856906899083484,0.044276084612790534,9170.0
0.017,0.4,0.01,10000,1.0,0.0,0.3213188640022404,0.3722810778994202,0.044276084612790534,9170.0
0.0205,0.4,0.01,10000,1.0,0.0,0.29464703540798487,0.3602069840881262,0.044276084612790534,9170.0
0.024,0.4,0.01,10000,1.0,0.0,0.2688121270742469,0.34845574708665417,0.044276084612790534,9170.0
0.027500000000000004,0.4,0.01,10000,1.0,0.0,0.24667404174988752,0.3383635807524188,0.044276084612790534,9170.0
0.031,0.4,0.01,10000,1.0,0.0,0.2162161490497923,0.3244730601543947,0.044276084612790534,9170.0
0.0345,0.4,0.01,10000,1.0,0.0,0.1889972041106683,0.31209620432087914,0.044276084612790534,9170.0
0.038,0.4,0.01,10000,1.0,0.0,0.1628006457022751,0.30023175866495183,0.044276084612790534,9170.0
0.0415,0.4,0.01,10000,1.0,0.0,0.14299702638888573,0.2913136249589042,0.044276084612790534,9170.0
0.045000000000000005,0.4,0.01,10000,1.0,0.0,0.11242027423253378,0.2776581522620232,0.044276084612790534,9170.0
0.0485,0.4,0.01,10000,1.0,0.0,0.0925333107176534,0.26885920497016186,0.044276084612790534,9170.0
0.052000000000000005,0.4,0.01,10000,1.0,0.0,0.06896358945622817,0.25854407059748236,0.044276084612790534,9170.0
0.0555,0.4,0.01,10000,0.9875,0.0,0.05053066388212405,0.2505529960321128,0.044276084612790534,9170.0
0.059000000000000004,0.4,0.01,10000,0.875,0.0,0.026263185547627466,0.24019856503187248,0.044276084612790534,9170.0
0.0625,0.4,0.01,10000,0.3875,0.0,0.00016893592869794946,0.22921418686481823,0.044276084612790534,9170.0
0.066,0.4,0.01,10000,0.075,0.0,-0.022490269194192596,0.21987481052822636,0.044276084612790534,9170.0
0.0695,0.4,0.01,10000,0.0125,0.0,-0.04232127478539436,0.21182989876445846,0.044276084612790534,9170.0
0.073,0.4,0.01,10000,0.0,0.0,-0.0629864886696825,0.20359202247804759,0.044276084612790534,9170.0
0.0765,0.4,0.01,10000,0.0,0.0,-0.08347886540913249,0.1956039725153084,0.044276084612790534,9170.0
0.08,0.4,0.01,10000,0.0,0.0,-0.10322402014442256,0.1880346623883009,0.044276084612790534,9170.0
0.08349999999999999,0.4,0.01,10000,0.0,0.0,-0.12573822215915176,0.1796122933253813,0.044276084612790534,9170.0
0.087,0.4,0.01,10000,0.0,0.0,-0.14071445353073048,0.17412421700505298,0.044276084612790534,9170.0
0.0905,0.4,0.01,10000,0.0,0.0,-0.1621717705337414,0.16640320277856357,0.044276084612790534,9170.0
0.094,0.4,0.01,10000,0.0,0.0,-0.18266614975204404,0.1592356296320312,0.044276084612790534,9170.0
0.0975,0.4,0.01,10000,0.0,0.0,-0.2014861033547412,0.15282783776087755,0.044276084612790534,9170.0
0.10099999999999999,0.4,0.01,10000,0.0,0.0,-0.22004209032363656,0.14662961928610813,0.044276084612790534,9170.0
0.1045,0.4,0.01,10000,0.0,0.0,-0.23277582411199357,0.14249039107264938,0.044276084612790534,9170.0
0.108,0.4,0.01,10000,0.0,0.0,-0.25124083162716043,0.1365984937230456,0.044276084612790534,9170.0
0.1115,0.4,0.01,10000,0.0,0.0,-0.2720886572576476,0.13013070364217563,0.044276084612790534,9170.0
0.11499999999999999,0.4,0.01,10000,0.0,0.0,-0.2915833196325991,0.1242569020416252,0.044276084612790534,9170.0
0.1185,0.4,0.01,10000,0.0,0.0,-0.30271716580589053,0.12099377980178486,0.044276084612790534,9170.0
0.122,0.4,0.01,10000,0.0,0.0,-0.31913596805276245,0.11626091078470573,0.044276084612790534,9170.0
0.1255,0.4,0.01,10000,0.0,0.0,-0.33884475866281183,0.11077166705282626,0.044276084612790534,9170.0
0.129,0.4,0.01,10000,0.0,0.0,-0.3566501060776071,0.10592974498825755,0.044276084612790534,9170.0
0.1325,0.4,0.01,10000,0.0,0.0,-0.37063428765515816,0.10223028908366702,0.044276084612790534,9170.0
0.136,0.4,0.01,10000,0.0,0.0,-0.38545402823318275,0.09840987013576619,0.044276084612790534,9170.0
0.1395,0.4,0.01,10000,0.0,0.0,-0.40141452756050294,0.09442339766187938,0.044276084612790534,9170.0
0.14300000000000002,0.4,0.01,10000,0.0,0.0,-0.41802666765961244,0.09035425986946766,0.044276084612790534,9170.0
0.14650000000000002,0.4,0.01,10000,0.0,0.0,-0.42506540566960294,0.08866853387809412,0.044276084612790534,9170.0
0.15000000000000002,0.4,0.01,10000,0.0,0.0,-0.44672994835671814,0.08363760926370209,0.044276084612790534,9170.0
0.15350000000000003,0.4,0.01,10000,0.0,0.0,-0.4596413158748148,0.08071589482629174,0.044276084612790534,9170.0
0.157,0.4,0.01,10000,0.0,0.0,-0.47383415325421885,0.07759581192756386,0.044276084612790534,9170.0
0.1605,0.4,0.01,10000,0.0,0.0,-0.4892603970783858,0.07431114256646691,0.044276084612790534,9170.0
0.164,0.4,0.01,10000,0.0,0.0,-0.5046794764401874,0.071107462491888,0.044276084612790534,9170.0
0.1675,0.4,0.01,10000,0.0,0.0,-0.5176376559471338,0.0685040916761238,0.044276084612790534,9170.0
0.171,0.4,0.01,10000,0.0,0.0,-0.5298914928010816,0.06607307207357777,0.044276084612790534,9170.0
0.17450000000000002,0.4,0.01,10000,0.0,0.0,-0.5423775438740195,0.06367172313873301,0.044276084612790534,9170.0
0.17800000000000002,0.4,0.01,10000,0.0,0.0,-0.5571020131519849,0.060916694945087,0.044276084612790534,9170.0
0.18150000000000002,0.4,0.01,10000,0.0,0.0,-0.5686905276673618,0.05879818353051761,0.044276084612790534,9170.0
0.18500000000000003,0.4,0.01,10000,0.0,0.0,-0.5793253785643586,0.05690481773839669,0.044276084612790534,9170.0
0.1885,0.4,0.01,10000,0.0,0.0,-0.5920647175907341,0.0546823051940379,0.044276084612790534,9170.0
0.192,0.4,0.01,10000,0.0,0.0,-0.6075181911884814,0.052072139716690655,0.044276084612790534,9170.0
0.1955,0.4,0.01,10000,0.0,0.0,-0.6226201356497286,0.04959965726622647,0.044276084612790534,9170.0
0.199,0.4,0.01,10000,0.0,0.0,-0.6312174866194878,0.048220168445132314,0.044276084612790534,9170.0
0.2025,0.4,0.01,10000,0.0,0.0,-0.6414379377598008,0.046622016963868154,0.044276084612790534,9170.0
0.20600000000000002,0.4,0.01,10000,0.0,0.0,-0.6523427918685875,0.04494721237535316,0.044276084612790534,9170.0
0.20950000000000002,0.4,0.01,10000,0.0,0.0,-0.663275739111525,0.04331312786557943,0.044276084612790534,9170.0
0.21300000000000002,0.4,0.01,10000,0.0,0.0,-0.6735104020232073,0.041811539457674615,0.044276084612790534,9170.0
0.21650000000000003,0.4,0.01,10000,0.0,0.0,-0.6861369539073685,0.040006452568769925,0.044276084612790534,9170.0
0.22,0.4,0.01,10000,0.0,0.0,-0.6980370125080511,0.03835196009687682,0.044276084612790534,9170.0
0.01,0.05,0.02,10000,1.0,0.0,0.45757625476701413,0.47397025032484114,0.01586994446437262,9690.0
0.0135,0.05,0.02,10000,1.0,0.0,0.4283959210271219,0.4613004970117206,0.01586994446437262,9690.0
0.017,0.05,0.02,10000,1.0,0.0,0.39499294511078675,0.4464640729750843,0.01586994446437262,9690.0
0.0205,0.05,0.02,10000,1.0,0.0,0.3679857871462877,0.43427366462567407,0.01586994446437262,9690.0
0.024,0.05,0.02,10000,1.0,0.0,0.3374047847261072,0.4202324323229152,0.01586994446437262,9690.0
0.027500000000000004,0.05,0.02,10000,1.0,0.0,0.307640919267099,0.4063793777768213,0.01586994446437262,9690.0
0.031,0.05,0.02,10000,1.0,0.0,0.28220352764689804,0.39442404670313175,0.01586994446437262,9690.0
0.0345,0.05,0.02,10000,1.0,0.0,0.2549571662257903,0.38152714711680846,0.01586994446437262,9690.0
0.038,0.05,0.02,10000,1.0,0.0,0.22885127492479435,0.3691146850535634,0.01586994446437262,9690.0
0.0415,0.05,0.02,10000,1.0,0.0,0.20170872861474481,0.3561388392032402,0.01586994446437262,9690.0
0.045000000000000005,0.05,0.02,10000,1.0,0.0,0.1710470845299732,0.3414738141768838,0.01586994446437262,9690.0
0.0485,0.05,0.02,10000,1.0,0.0,0.1516764477217612,0.3322328609226747,0.01586994446437262,9690.0
0.052000000000000005,0.05,0.02,10000,1.0,0.0,0.12421566965639416,0.31915751633094985,0.01586994446437262,9690.0
0.0555,0.05,0.02,10000,1.0,0.0,0.0995917791472734,0.3074912668283287,0.01586994446437262,9690.0
0.059000000000000004,0.05,0.02,10000,1.0,0.0,0.07853982852674932,0.29758737006609615,0.01586994446437262,9690.0
0.0625,0.05,0.02,10000,1.0,0.0,0.05228197056151127,0.2853331793593384,0.01586994446437262,9690.0
0.066,0.05,0.02,10000,0.95,0.0,0.03435009014296035,0.27704323840536,0.01586994446437262,9690.0
0.0695,0.05,0.02,10000,0.575,0.0,0.0067113149030562595,0.26441043460967173,0.01586994446437262,9690.0
0.073,0.05,0.02,10000,0.1625,0.0,-0.01546448072822681,0.2544208522238942,0.01586994446437262,9690.0
0.0765,0.05,0.02,10000,0.025,0.0,-0.032075194418722454,0.247025798923383,0.01586994446437262,9690.0
0.08,0.05,0.02,10000,0.0,0.0,-0.05363378022945189,0.23755301288981964,0.01586994446437262,9690.0
0.08349999999999999,0.05,0.02,10000,0.0,0.0,-0.0772225876784438,0.22737230872471087,0.01586994446437262,9690.0
0.087,0.05,0.02,10000,0.0,0.0,-0.10216706208392227,0.21682155251006335,0.01586994446437262,9690.0
0.0905,0.05,0.02,10000,0.0,0.0,-0.1194078194753598,0.20966867456086594,0.01586994446437262,9690.0
0.094,0.05,0.02,10000,0.0,0.0,-0.13546634383183362,0.2031149582324186,0.01586994446437262,9690.0
0.0975,0.05,0.02,10000,0.0,0.0,-0.1560613097854935,0.19487195732121448,0.01586994446437262,9690.0
0.10099999999999999,0.05,0.02,10000,0.0,0.0,-0.17742443083966114,0.18647207067156607,0.01586994446437262,9690.0
0.1045,0.05,0.02,10000,0.0,0.0,-0.19414560105504347,0.18005479472447225,0.01586994446437262,9690.0
0.108,0.05,0.02,10000,0.0,0.0,-0.21560025365246904,0.1720008413800292,0.01586994446437262,9690.0
0.1115,0.05,0.02,10000,0.0,0.0,-0.23456044520063948,0.16506277605570435,0.01586994446437262,9690.0
0.11499999999999999,0.05,0.02,10000,0.0,0.0,-0.24702141588054644,0.16058985142109378,0.01586994446437262,9690.0
0.1185,0.05,0.02,10000,0.0,0.0,-0.26973318464849416,0.1526218370907235,0.01586994446437262,9690.0
0.122,0.05,0.02,10000,0.0,0.0,-0.28369247040049983,0.14782909243333436,0.01586994446437262,9690.0
0.1255,0.05,0.02,10000,0.0,0.0,-0.3030578523380842,0.14135558291670872,0.01586994446437262,9690.0
0.129,0.05,0.02,10000,0.0,0.0,-0.31872958507083726,0.13625231236741775,0.01586994446437262,9690.0
0.1325,0.05,0.02,10000,0.0,0.0,-0.33691687660732683,0.1304528709790059,0.01586994446437262,9690.0
0.136,0.05,0.02,10000,0.0,0.0,-0.3514166555436178,0.12597442453291582,0.01586994446437262,9690.0
0.1395,0.05,0.02,10000,0.0,0.0,-0.3694708846226562,0.12051043572887035,0.01586994446437262,9690.0
0.14300000000000002,0.05,0.02,10000,0.0,0.0,-0.38637542415835424,0.1155267670661971,0.01586994446437262,9690.0
0.14650000000000002,0.05,0.02,10000,0.0,0.0,-0.40435695118142395,0.11038562109521108,0.01586994446437262,9690.0
0.15000000000000002,0.05,0.02,10000,0.0,0.0,-0.4142782650467275,0.10762766499932792,0.01586994446437262,9690.0
0.15350000000000003,0.05,0.02,10000,0.0,0.0,-0.42817410905100173,0.10379940016387548,0.01586994446437262,9690.0
0.157,0.05,0.02,10000,0.0,0.0,-0.44560366558618725,0.09915935871283899,0.01586994446437262,9690.0
0.1605,0.05,0.02,10000,0.0,0.0,-0.45564606552127673,0.09652776334327075,0.01586994446437262,9690.0
0.164,0.05,0.02,10000,0.0,0.0,-0.47451661054312116,0.09173472482150621,0.01586994446437262,9690.0
0.1675,0.05,0.02,10000,0.0,0.0,-0.48983172959918725,0.0879640386549817,0.01586994446437262,9690.0
0.171,0.05,0.02,10000,0.0,0.0,-0.5022692981982952,0.08496806651888614,0.01586994446437262,9690.0
0.17450000000000002,0.05,0.02,10000,0.0,0.0,-0.5151736411193106,0.08194891076331932,0.01586994446437262,9690.0
0.17800000000000002,0.05,0.02,10000,0.0,0.0,-0.5332875982166185,0.07780374260654424,0.01586994446437262,9690.0
0.18150000000000002,0.05,0.02,10000,0.0,0.0,-0.5429428477337981,0.07566088411538809,0.01586994446437262,9690.0
0.18500000000000003,0.05,0.02,10000,0.0,0.0,-0.5532625410664617,0.07340546082006941,0.01586994446437262,9690.0
0.1885,0.05,0.02,10000,0.0,0.0,-0.573868010043867,0.06904746744867811,0.01586994446437262,9690.0
0.192,0.05,0.02,10000,0.0,0.0,-0.5832183557441151,0.0671323600634364,0.01586994446437262,9690.0
0.1955,0.05,0.02,10000,0.0,0.0,-0.5953335834909033,0.06469841290429397,0.01586994446437262,9690.0
0.199,0.05,0.02,10000,0.0,0.0,-0.6084679014185261,0.06211718719768111,0.01586994446437262,9690.0
0.2025,0.05,0.02,10000,0.0,0.0,-0.6170589578703574,0.060461088520371964,0.01586994446437262,9690.0
0.20600000000000002,0.05,0.02,10000,0.0,0.0,-0.62925201454727,0.05815323969436511,0.01586994446437262,9690.0
0.20950000000000002,0.05,0.02,10000,0.0,0.0,-0.6421376620094972,0.055796527410408456,0.01586994446437262,9690.0
0.21300000000000002,0.05,0.02,10000,0.0,0.0,-0.6521822465411464,0.05399184092048938,0.01586994446437262,9690.0
0.21650000000000003,0.05,0.02,10000,0.0,0.0,-0.6644164426520844,0.051847607743428316,0.01586994446437262,9690.0
0.22,0.05,0.02,10000,0.0,0.0,-0.675056266901062,0.05002658676732843,0.01586994446437262,9690.0
0.01,0.1,0.02,10000,1.0,0.0,0.43341526150931325,0.45759650419200293,0.0206207261596576,9600.0
0.0135,0.1,0.02,10000,1.0,0.0,0.40299120694863727,0.44419080313605386,0.0206207261596576,9600.0
0.017,0.1,0.02,10000,1.0,0.0,0.373649296011224,0.4310313529876334,0.0206207261596576,9600.0
0.0205,0.1,0.02,10000,1.0,0.0,0.3407851900421829,0.4160541838936691,0.0206207261596576,9600.0
0.024,0.1,0.02,10000,1.0,0.0,0.3134999767586505,0.4034250704063752,0.0206207261596576,9600.0
0.027500000000000004,0.1,0.02,10000,1.0,0.0,0.28657344513387784,0.39085570215314897,0.0206207261596576,9600.0
0.031,0.1,0.02,10000,1.0,0.0,0.2571466058493202,0.3770074380681697,0.0206207261596576,9600.0
0.0345,0.1,0.02,10000,1.0,0.0,0.2333827787044994,0.36576982826355425,0.0206207261596576,9600.0
0.038,0.1,0.02,10000,1.0,0.0,0.20581226181318715,0.35269689496822476,0.0206207261596576,9600.0
0.0415,0.1,0.02,10000,1.0,0.0,0.18005567071044432,0.34046267720521656,0.0206207261596576,9600.0
0.045000000000000005,0.1,0.02,10000,1.0,0.0,0.15732369520004186,0.329694896340195,0.0206207261596576,9600.0
0.0485,0.1,0.02,10000,1.0,0.0,0.13090259011350303,0.31720748294392925,0.0206207261596576,9600.0
0.052000000000000005,0.1,0.02,10000,1.0,0.0,0.108780332076994,0.30679980236876503,0.0206207261596576,9600.0
0.0555,0.1,0.02,10000,1.0,0.0,0.0855013960113119,0.2959187635957276,0.0206207261596576,9600.0
0.059000000000000004,0.1,0.02,10000,1.0,0.0,0.05902882017910549,0.2836579384218907,0.0206207261596576,9600.0
0.0625,0.1,0.02,10000,0.975,0.0,0.03378794129607131,0.2720928269467746,0.0206207261596576,9600.0
0.066,0.1,0.02,10000,0.8375,0.0,0.020737368562948073,0.266171752055263,0.0206207261596576,9600.0
0.0695,0.1,0.02,10000,0.2375,0.0,-0.01043272401332428,0.2522118741785789,0.0206207261596576,9600.0
0.073,0.1,0.02,10000,0.0625,0.0,-0.03171241585936341,0.24283823322188142,0.0206207261596576,9600.0
0.0765,0.1,0.02,10000,0.0,0.0,-0.052489450984736764,0.23381284104813815,0.0206207261596576,9600.0
0.08,0.1,0.02,10000,0.0,0.0,-0.07243188035727015,0.2253042171784677,0.0206207261596576,9600.0
0.08349999999999999,0.1,0.02,10000,0.0,0.0,-0.09254832430231343,0.21685361155003552,0.0206207261596576,9600.0
0.087,0.1,0.02,10000,0.0,0.0,-0.11452142781453936,0.20779142170405854,0.0206207261596576,9600.0
0.0905,0.1,0.02,10000,0.0,0.0,-0.13293163386296916,0.20033672455675272,0.0206207261596576,9600.0
0.094,0.1,0.02,10000,0.0,0.0,-0.15322795915555237,0.19229213801391232,0.0206207261596576,9600.0
0.0975,0.1,0.02,10000,0.0,0.0,-0.17344357240137115,0.18445970418318489,0.0206207261596576,9600.0
0.10099999999999999,0.1,0.02,10000,0.0,0.0,-0.19142900862629803,0.17763139063422434,0.0206207261596576,9600.0
0.1045,0.1,0.02,10000,0.0,0.0,-0.20846575958852903,0.17129099842062429,0.0206207261596576,9600.0
0.108,0.1,0.02,10000,0.0,0.0,-0.22622516503143117,0.16483032658682475,0.0206207261596576,9600.0
0.1115,0.1,0.02,10000,0.0,0.0,-0.24196192975453612,0.15922233142442838,0.0206207261596576,9600.0
0.11499999999999999,0.1,0.02,10000,0.0,0.0,-0.26799702672517833,0.1501883515734841,0.0206207261596576,9600.0
0.1185,0.1,0.02,10000,0.0,0.0,-0.28388929119402695,0.14483476250230423,0.0206207261596576,9600.0
0.122,0.1,0.02,10000,0.0,0.0,-0.2976008811949409,0.14030782805720152,0.0206207261596576,9600.0
0.1255,0.1,0.02,10000,0.0,0.0,-0.3169701671025716,0.13406465275348595,0.0206207261596576,9600.0
0.129,0.1,0.02,10000,0.0,0.0,-0.3310351892594044,0.1296644299412072,0.0206207261596576,9600.0
0.1325,0.1,0.02,10000,0.0,0.0,-0.34779110520727446,0.12451096121525325,0.0206207261596576,9600.0
0.136,0.1,0.02,10000,0.0,0.0,-0.3646120068013687,0.11946858946405303,0.0206207261596576,9600.0
0.1395,0.1,0.02,10000,0.0,0.0,-0.3821086515444008,0.11436535943113584,0.0206207261596576,9600.0
0.14300000000000002,0.1,0.02,10000,0.0,0.0,-0.39649444872170636,0.1102921298518896,0.0206207261596576,9600.0
0.14650000000000002,0.1,0.02,10000,0.0,0.0,-0.4081939658809118,0.10704112369480696,0.0206207261596576,9600.0
0.15000000000000002,0.1,0.02,10000,0.0,0.0,-0.4269883941711628,0.10195351599831545,0.0206207261596576,9600.0
0.15350000000000003,0.1,0.02,10000,0.0,0.0,-0.44397908131279634,0.09749334121146354,0.0206207261596576,9600.0
0.157,0.1,0.02,10000,0.0,0.0,-0.4556159286546606,0.09451171480667056,0.0206207261596576,9600.0
0.1605,0.1,0.02,10000,0.0,0.0,-0.47084443521284525,0.09070653724297036,0.0206207261596576,9600.0
0.164,0.1,0.02,10000,0.0,0.0,-0.48604578023157063,0.08699137364381868,0.0206207261596576,9600.0
0.1675,0.1,0.02,10000,0.0,0.0,-0.4976567975499814,0.0842575968687492,0.0206207261596576,9600.0
0.171,0.1,0.02,10000,0.0,0.0,-0.5146974533220828,0.08030520676509294,0.0206207261596576,9600.0
0.17450000000000002,0.1,0.02,10000,0.0,0.0,-0.5273369579983523,0.07745901849988979,0.0206207261596576,9600.0
0.17800000000000002,0.1,0.02,10000,0.0,0.0,-0.541163344504152,0.0744191414892628,0.0206207261596576,9600.0
0.18150000000000002,0.1,0.02,10000,0.0,0.0,-0.5530265398105103,0.07189370822082777,0.0206207261596576,9600.0
0.18500000000000003,0.1,0.02,10000,0.0,0.0,-0.5655201412552862,0.06927176124593172,0.0206207261596576,9600.0
0.1885,0.1,0.02,10000,0.0,0.0,-0.5819215983242201,0.0659377491099841,0.0206207261596576,9600.0
0.192,0.1,0.02,10000,0.0,0.0,-0.5945609386334423,0.0634346383567883,0.0206207261596576,9600.0
0.1955,0.1,0.02,10000,0.0,0.0,-0.6054624745395125,0.06132535391144637,0.0206207261596576,9600.0
0.199,0.1,0.02,10000,0.0,0.0,-0.6172604824494516,0.05910279851378426,0.0206207261596576,9600.0
0.2025,0.1,0.02,10000,0.0,0.0,-0.6271989873294764,0.05726501420255529,0.0206207261596576,9600.0
0.20600000000000002,0.1,0.02,10000,0.0,0.0,-0.6412048151505628,0.05473660254990433,0.0206207261596576,9600.0
0.20950000000000002,0.1,0.02,10000,0.0,0.0,-0.6517754131355016,0.05288640401088156,0.0206207261596576,9600.0
0.21300000000000002,0.1,0.02,10000,0.0,0.0,-0.6662722424791283,0.050402470464253925,0.0206207261596576,9600.0
0.21650000000000003,0.1,0.02,10000,0.0,0.0,-0.67372662920419,0.04915303296702998,0.0206207261596576,9600.0
0.22,0.1,0.02,10000,0.0,0.0,-0.6850829709165974,0.04728479450051613,0.0206207261596576,9600.0
0.01,0.15,0.02,10000,1.0,0.0,0.410242919482941,0.44159922205310087,0.025438789411978746,9510.0
0.0135,0.15,0.02,10000,1.0,0.0,0.3738623794383454,0.42534847822620225,0.025438789411978746,9510.0
0.017,0.15,0.02,10000,1.0,0.0,0.3478660483768886,0.41355426821890956,0.025438789411978746,9510.0
0.0205,0.15,0.02,10000,1.0,0.0,0.317930800634798,0.3998034911187321,0.025438789411978746,9510.0
0.024,0.15,0.02,10000,1.0,0.0,0.29233714222016133,0.38792138670545384,0.025438789411978746,9510.0
0.027500000000000004,0.15,0.02,10000,1.0,0.0,0.265608902630211,0.3754470137793193,0.025438789411978746,9510.0
0.031,0.15,0.02,10000,1.0,0.0,0.23735816700198678,0.3621794185460045,0.025438789411978746,9510.0
0.0345,0.15,0.02,10000,1.0,0.0,0.20896767083058307,0.3488033639001233,0.025438789411978746,9510.0
0.038,0.15,0.02,10000,1.0,0.0,0.18412777623212587,0.33710472097710176,0.025438789411978746,9510.0
0.0415,0.15,0.02,10000,1.0,0.0,0.15778217696619026,0.3247096366949604,0.025438789411978746,9510.0
0.045000000000000005,0.15,0.02,10000,1.0,0.0,0.1315570701509996,0.3124233321922811,0.025438789411978746,9510.0
0.0485,0.15,0.02,10000,1.0,0.0,0.10889309896106576,0.30186071145722093,0.025438789411978746,9510.0
0.052000000000000005,0.15,0.02,10000,1.0,0.0,0.09151216894751245,0.2938061558193561,0.025438789411978746,9510.0
0.0555,0.15,0.02,10000,1.0,0.0,0.06264793310472182,0.2805429025440175,0.025438789411978746,9510.0
0.059000000000000004,0.15,0.02,10000,0.9875,0.0,0.04094296628620901,0.2706740554005365,0.025438789411978746,9510.0
0.0625,0.15,0.02,10000,0.775,0.0,0.016948960050950368,0.25990092431963674,0.025438789411978746,9510.0
0.066,0.15,0.02,10000,0.4375,0.0,-0.002171600786178214,0.251415423282981,0.025438789411978746,9510.0
0.0695,0.15,0.02,10000,0.1125,0.0,-0.023619878581273866,0.24203007887366942,0.025438789411978746,9510.0
0.073,0.15,0.02,10000,0.0125,0.0,-0.04795765306261799,0.23154319821580294,0.025438789411978746,9510.0
0.0765,0.15,0.02,10000,0.0,0.0,-0.06874166349190444,0.22275274521726854,0.025438789411978746,9510.0
0.08,0.15,0.02,10000,0.0,0.0,-0.09338965394218061,0.2125199486898961,0.025438789411978746,9510.0
0.08349999999999999,0.15,0.02,10000,0.0,0.0,-0.11032298509496372,0.20562859364471903,0.025438789411978746,9510.0
0.087,0.15,0.02,10000,0.0,0.0,-0.1261330074903083,0.19928101719954472,0.025438789411978746,9510.0
0.0905,0.15,0.02,10000,0.0,0.0,-0.14900094076373088,0.1902958191212552,0.025438789411978746,9510.0
0.094,0.15,0.02,10000,0.0,0.0,-0.16854270491356002,0.18279725360401994,0.025438789411978746,9510.0
0.0975,0.15,0.02,10000,0.0,0.0,-0.184271836888322,0.17687102659766218,0.025438789411978746,9510.0
0.10099999999999999,0.15,0.02,10000,0.0,0.0,-0.20279744657675133,0.17004232354749252,0.025438789411978746,9510.0
0.1045,0.15,0.02,10000,0.0,0.0,-0.22547807871289066,0.16187884105488376,0.025438789411978746,9510.0
0.108,0.15,0.02,10000,0.0,0.0,-0.24142382589981146,0.1562862505894188,0.025438789411978746,9510.0
0.1115,0.15,0.02,10000,0.0,0.0,-0.2612775951774989,0.14948058377627144,0.025438789411978746,9510.0
0.11499999999999999,0.15,0.02,10000,0.0,0.0,-0.27785611284198264,0.14392850743255375,0.025438789411978746,9510.0
0.1185,0.15,0.02,10000,0.0,0.0,-0.2918050655234762,0.1393935279898623,0.025438789411978746,9510.0
0.122,0.15,0.02,10000,0.0,0.0,-0.3132327544773871,0.13255462448353392,0.025438789411978746,9510.0
0.1255,0.15,0.02,10000,0.0,0.0,-0.3304300155186846,0.12719901197593259,0.025438789411978746,9510.0
0.129,0.15,0.02,10000,0.0,0.0,-0.3440991841883438,0.1230616985595038,0.025438789411978746,9510.0
0.1325,0.15,0.02,10000,0.0,0.0,-0.3612537823261813,0.11799884850317,0.025438789411978746,9510.0
0.136,0.15,0.02,10000,0.0,0.0,-0.37433199658772087,0.11422136327378465,0.025438789411978746,9510.0
0.1395,0.15,0.02,10000,0.0,0.0,-0.3943729492243778,0.10858670547894884,0.025438789411978746,9510.0
0.14300000000000002,0.15,0.02,10000,0.0,0.0,-0.41035684689890795,0.10423290503572709,0.025438789411978746,9510.0
0.14650000000000002,0.15,0.02,10000,0.0,0.0,-0.4264874026264655,0.09995343308598373,0.025438789411978746,9510.0
0.15000000000000002,0.15,0.02,10000,0.0,0.0,-0.4392743004911299,0.09664499591458428,0.025438789411978746,9510.0
0.15350000000000003,0.15,0.02,10000,0.0,0.0,-0.45290940189665163,0.09319416427073257,0.025438789411978746,9510.0
0.157,0.15,0.02,10000,0.0,0.0,-0.46743801996050305,0.08962445953450424,0.025438789411978746,9510.0
0.1605,0.15,0.02,10000,0.0,0.0,-0.4833180820275074,0.08579279308728512,0.025438789411978746,9510.0
0.164,0.15,0.02,10000,0.0,0.0,-0.4980482232726141,0.0823578423783694,0.025438789411978746,9510.0
0.1675,0.15,0.02,10000,0.0,0.0,-0.5144473790049603,0.07864797037863394,0.025438789411978746,9510.0
0.171,0.15,0.02,10000,0.0,0.0,-0.5240992727372263,0.07652173400151022,0.025438789411978746,9510.0
0.17450000000000002,0.15,0.02,10000,0.0,0.0,-0.5356557258266346,0.07399885510965887,0.025438789411978746,9510.0
0.17800000000000002,0.15,0.02,10000,0.0,0.0,-0.5520358809182438,0.07055107447489,0.025438789411978746,9510.0
0.18150000000000002,0.15,0.02,10000,0.0,0.0,-0.5672551768632914,0.06741580454594477,0.025438789411978746,9510.0
0.18500000000000003,0.15,0.02,10000,0.0,0.0,-0.5749336442133381,0.0658909418375073,0.025438789411978746,9510.0
0.1885,0.15,0.02,10000,0.0,0.0,-0.5892017489804273,0.06309113902532584,0.025438789411978746,9510.0
0.192,0.15,0.02,10000,0.0,0.0,-0.6024626502182174,0.06055829889179727,0.025438789411978746,9510.0
0.1955,0.15,0.02,10000,0.0,0.0,-0.6147360274797898,0.058275055577188914,0.025438789411978746,9510.0
0.199,0.15,0.02,10000,0.0,0.0,-0.6284904313564206,0.05578893921534598,0.025438789411978746,9510.0
0.2025,0.15,0.02,10000,0.0,0.0,-0.6378428538245138,0.054127562569423616,0.025438789411978746,9510.0
0.20600000000000002,0.15,0.02,10000,0.0,0.0,-0.6503471374978618,0.051965198597529697,0.025438789411978746,9510.0
0.20950000000000002,0.15,0.02,10000,0.0,0.0,-0.659737929471704,0.05037734700012464,0.025438789411978746,9510.0
0.21300000000000002,0.15,0.02,10000,0.0,0.0,-0.6724466587469509,0.048279227285600114,0.025438789411978746,9510.0
0.21650000000000003,0.15,0.02,10000,0.0,0.0,-0.6838817519842578,0.04643347769405515,0.025438789411978746,9510.0
0.22,0.15,0.02,10000,0.0,0.0,-0.6939755949489319,0.04484771336774927,0.025438789411978746,9510.0
0.01,0.2,0.02,10000,1.0,0.0,0.3866116458859842,0.4252817583665861,0.030325737456554425,9420.0
0.0135,0.2,0.02,10000,1.0,0.0,0.35346974965845407,0.41036849494044614,0.030325737456554425,9420.0
0.017,0.2,0.02,10000,1.0,0.0,0.3262418860269925,0.39794831559554994,0.030325737456554425,9420.0
0.0205,0.2,0.02,10000,1.0,0.0,0.2958541836015164,0.3839667250773663,0.030325737456554425,9420.0
0.024,0.2,0.02,10000,1.0,0.0,0.26634657472393675,0.3702705790645321,0.030325737456554425,9420.0
0.027500000000000004,0.2,0.02,10000,1.0,0.0,0.24150069198907573,0.3586759715446591,0.030325737456554425,9420.0
0.031,0.2,0.02,10000,1.0,0.0,0.21803515506126994,0.34769499370801027,0.030325737456554425,9420.0
0.0345,0.2,0.02,10000,1.0,0.0,0.1923728832164559,0.33570856515780967,0.030325737456554425,9420.0
0.038,0.2,0.02,10000,1.0,0.0,0.1627919965973026,0.3218899237019232,0.030325737456554425,9420.0
0.0415,0.2,0.02,10000,1.0,0.0,0.14206891070139624,0.31224718886035124,0.030325737456554425,9420.0
0.045000000000000005,0.2,0.02,10000,1.0,0.0,0.1175114018397605,0.3008755132081585,0.030325737456554425,9420.0
0.0485,0.2,0.02,10000,1.0,0.0,0.09161254731944869,0.2889735643640298,0.030325737456554425,9420.0
0.052000000000000005,0.2,0.02,10000,1.0,0.0,0.06835777926088644,0.27838279656834886,0.030325737456554425,9420.0
0.0555,0.2,0.02,10000,0.9875,0.0,0.04467451795560016,0.26771002860966814,0.030325737456554425,9420.0
0.059000000000000004,0.2,0.02,10000,0.85,0.0,0.023945471783166562,0.258480383444936,0.030325737456554425,9420.0
0.0625,0.2,0.02,10000,0.5125,0.0,0.0013381999289305685,0.24853165093428506,0.030325737456554425,9420.0
0.066,0.2,0.02,10000,0.1,0.0,-0.018846017154212764,0.23977660235596449,0.030325737456554425,9420.0
0.0695,0.2,0.02,10000,0.0,0.0,-0.04072957102238345,0.2304268085995446,0.030325737456554425,9420.0
0.073,0.2,0.02,10000,0.0125,0.0,-0.061017338234531246,0.2218964215257576,0.030325737456554425,9420.0
0.0765,0.2,0.02,10000,0.0,0.0,-0.085888178247949,0.2116644399204281,0.030325737456554425,9420.0
0.08,0.2,0.02,10000,0.0,0.0,-0.10510439370368432,0.20389474471776547,0.030325737456554425,9420.0
0.08349999999999999,0.2,0.02,10000,0.0,0.0,-0.12196558665996897,0.1971958207054166,0.030325737456554425,9420.0
0.087,0.2,0.02,10000,0.0,0.0,-0.14378114269692013,0.18869114182272254,0.030325737456554425,9420.0
0.0905,0.2,0.02,10000,0.0,0.0,-0.1650992506972697,0.18059231472030118,0.030325737456554425,9420.0
0.094,0.2,0.02,10000,0.0,0.0,-0.1859093628520221,0.17286226773762553,0.030325737456554425,9420.0
0.0975,0.2,0.02,10000,0.0,0.0,-0.20141099739023685,0.16723706438930003,0.030325737456554425,9420.0
0.10099999999999999,0.2,0.02,10000,0.0,0.0,-0.2185064491959654,0.16116290663565563,0.030325737456554425,9420.0
0.1045,0.2,0.02,10000,0.0,0.0,-0.2368390336819429,0.15476787789557034,0.030325737456554425,9420.0
0.108,0.2,0.02,10000,0.0,0.0,-0.2546448903757984,0.14871832923783304,0.030325737456554425,9420.0
0.1115,0.2,0.02,10000,0.0,0.0,-0.2798670658925286,0.1403877569404061,0.030325737456554425,9420.0
0.11499999999999999,0.2,0.02,10000,0.0,0.0,-0.2884815345926642,0.13764625822897064,0.030325737456554425,9420.0
0.1185,0.2,0.02,10000,0.0,0.0,-0.3094275338034159,0.13101955134250204,0.030325737456554425,9420.0
0.122,0.2,0.02,10000,0.0,0.0,-0.3262571642416975,0.12587054054065014,0.030325737456554425,9420.0
0.1255,0.2,0.02,10000,0.0,0.0,-0.34318180340951826,0.12081424272335588,0.030325737456554425,9420.0
0.129,0.2,0.02,10000,0.0,0.0,-0.3574465545673506,0.11665342677762265,0.030325737456554425,9420.0
0.1325,0.2,0.02,10000,0.0,0.0,-0.37534602588911054,0.11158132972544008,0.030325737456554425,9420.0
0.136,0.2,0.02,10000,0.0,0.0,-0.38897290354753333,0.10780354120316726,0.030325737456554425,9420.0
0.1395,0.2,0.02,10000,0.0,0.0,-0.40588918275813174,0.10323421986026964,0.030325737456554425,9420.0
0.14300000000000002,0.2,0.02,10000,0.0,0.0,-0.4168607461734254,0.10034371731395927,0.030325737456554425,9420.0
0.14650000000000002,0.2,0.02,10000,0.0,0.0,-0.4333240606510616,0.09611391047916382,0.030325737456554425,9420.0
0.15000000000000002,0.2,0.02,10000,0.0,0.0,-0.4502185752569089,0.0918857293725106,0.030325737456554425,9420.0
0.15350000000000003,0.2,0.02,10000,0.0,0.0,-0.46587384486144634,0.08808390322385876,0.030325737456554425,9420.0
0.157,0.2,0.02,10000,0.0,0.0,-0.4777878397195538,0.08526927385237999,0.030325737456554425,9420.0
0.1605,0.2,0.02,10000,0.0,0.0,-0.4926610874617158,0.08181359718321435,0.030325737456554425,9420.0
0.164,0.2,0.02,10000,0.0,0.0,-0.5081492505563057,0.07835237263260442,0.030325737456554425,9420.0
0.1675,0.2,0.02,10000,0.0,0.0,-0.5219563524904707,0.07532803004920693,0.030325737456554425,9420.0
0.171,0.2,0.02,10000,0.0,0.0,-0.5343971382722428,0.07266122453387601,0.030325737456554425,9420.0
0.17450000000000002,0.2,0.02,10000,0.0,0.0,-0.550672672085704,0.06928937127722859,0.030325737456554425,9420.0
0.17800000000000002,0.2,0.02,10000,0.0,0.0,-0.5616798359452899,0.06707179340628391,0.030325737456554425,9420.0
0.18150000000000002,0.2,0.02,10000,0.0,0.0,-0.5694394150780677,0.06552775941413022,0.030325737456554425,9420.0
0.18500000000000003,0.2,0.02,10000,0.0,0.0,-0.5865359168684048,0.06221316203103792,0.030325737456554425,9420.0
0.1885,0.2,0.02,10000,0.0,0.0,-0.601578628041376,0.059403378619194515,0.030325737456554425,9420.0
0.192,0.2,0.02,10000,0.0,0.0,-0.6126287336427032,0.05738380049221855,0.030325737456554425,9420.0
0.1955,0.2,0.02,10000,0.0,0.0,-0.6257598139867085,0.055042339808750486,0.030325737456554425,9420.0
0.199,0.2,0.02,10000,0.0,0.0,-0.6358491578072671,0.053286424796308185,0.030325737456554425,9420.0
0.2025,0.2,0.02,10000,0.0,0.0,-0.6501182848241835,0.050862981636244774,0.030325737456554425,9420.0
0.20600000000000002,0.2,0.02,10000,0.0,0.0,-0.660273410702368,0.04918329810664172,0.030325737456554425,9420.0
0.20950000000000002,0.2,0.02,10000,0.0,0.0,-0.6691970856021997,0.04774249171108634,0.030325737456554425,9420.0
0.21300000000000002,0.2,0.02,10000,0.0,0.0,-0.6817308930627002,0.04574183706245759,0.030325737456554425,9420.0
0.21650000000000003,0.2,0.02,10000,0.0,0.0,-0.6922888760136793,0.04410631642997913,0.030325737456554425,9420.0
0.22,0.2,0.02,10000,0.0,0.0,-0.7031479171746359,0.04246175568078557,0.030325737456554425,9420.0
0.01,0.25,0.02,10000,1.0,0.0,0.3612816795018451,0.4081890924152833,0.03528322752782431,9330.0
0.0135,0.25,0.02,10000,1.0,0.0,0.33611348363975496,0.39677618252389263,0.03528322752782431,9330.0
0.017,0.25,0.02,10000,1.0,0.0,0.3044729518050626,0.382333847919063,0.03528322752782431,9330.0
0.0205,0.25,0.02,10000,1.0,0.0,0.27342752242132506,0.368023581243244,0.03528322752782431,9330.0
0.024,0.25,0.02,10000,1.0,0.0,0.24502755497580647,0.354869442744013,0.03528322752782431,9330.0
0.027500000000000004,0.25,0.02,10000,1.0,0.0,0.22214836833575222,0.34426395775061625,0.03528322752782431,9330.0
0.031,0.25,0.02,10000,1.0,0.0,0.191805721865112,0.3301696828851359,0.03528322752782431,9330.0
0.0345,0.25,0.02,10000,1.0,0.0,0.17156448256366694,0.3207968899622925,0.03528322752782431,9330.0
0.038,0.25,0.02,10000,1.0,0.0,0.14809046661971265,0.30995391893919877,0.03528322752782431,9330.0
0.0415,0.25,0.02,10000,1.0,0.0,0.12289851985666152,0.2983839361354559,0.03528322752782431,9330.0
0.045000000000000005,0.25,0.02,10000,1.0,0.0,0.09895098943321673,0.28746233986025,0.03528322752782431,9330.0
0.0485,0.25,0.02,10000,1.0,0.0,0.07532853967462841,0.27678534957220724,0.03528322752782431,9330.0
0.052000000000000005,0.25,0.02,10000,1.0,0.0,0.05112404596775577,0.2659610147396571,0.03528322752782431,9330.0
0.0555,0.25,0.02,10000,0.9125,0.0,0.025712508737128475,0.25473802653942357,0.03528322752782431,9330.0
0.059000000000000004,0.25,0.02,10000,0.6375,0.0,0.008650345365163622,0.24730301872318247,0.03528322752782431,9330.0
0.0625,0.25,0.02,10000,0.1875,0.0,-0.013676606158115607,0.23769297186045332,0.03528322752782431,9330.0
0.066,0.25,0.02,10000,0.0125,0.0,-0.03714528479150643,0.22776950166768853,0.03528322752782431,9330.0
0.0695,0.25,0.02,10000,0.0,0.0,-0.05780441612770432,0.2191668934771632,0.03528322752782431,9330.0
0.073,0.25,0.02,10000,0.0,0.0,-0.07836271158420034,0.21076104796672657,0.03528322752782431,9330.0
0.0765,0.25,0.02,10000,0.0,0.0,-0.0994676242160467,0.20230923102545204,0.03528322752782431,9330.0
0.08,0.25,0.02,10000,0.0,0.0,-0.12322058674583489,0.1929869052722756,0.03528322752782431,9330.0
0.08349999999999999,0.25,0.02,10000,0.0,0.0,-0.1391567680073346,0.1868627842243423,0.03528322752782431,9330.0
0.087,0.25,0.02,10000,0.0,0.0,-0.16168274873173494,0.17838360010938187,0.03528322752782431,9330.0
0.0905,0.25,0.02,10000,0.0,0.0,-0.17938873684334392,0.17188500436570947,0.03528322752782431,9330.0
0.094,0.25,0.02,10000,0.0,0.0,-0.19780282184416845,0.1652467559048816,0.03528322752782431,9330.0
0.0975,0.25,0.02,10000,0.0,0.0,-0.21694880471355876,0.15851222871436055,0.03528322752782431,9330.0
0.10099999999999999,0.25,0.02,10000,0.0,0.0,-0.23698176739321813,0.15166107860912936,0.03528322752782431,9330.0
0.1045,0.25,0.02,10000,0.0,0.0,-0.25243299288662574,0.14648230555427094,0.03528322752782431,9330.0
0.108,0.25,0.02,10000,0.0,0.0,-0.27002473661555515,0.14072854971940743,0.03528322752782431,9330.0
0.1115,0.25,0.02,10000,0.0,0.0,-0.28637292017491195,0.13550525490191773,0.03528322752782431,9330.0
0.11499999999999999,0.25,0.02,10000,0.0,0.0,-0.30893693540541944,0.12852084969550864,0.03528322752782431,9330.0
0.1185,0.25,0.02,10000,0.0,0.0,-0.32048359700296497,0.1250162381760683,0.03528322752782431,9330.0
0.122,0.25,0.02,10000,0.0,0.0,-0.33924690922504175,0.1194631993416021,0.03528322752782431,9330.0
0.1255,0.25,0.02,10000,0.0,0.0,-0.3554148890770412,0.11481952044442686,0.03528322752782431,9330.0
0.129,0.25,0.02,10000,0.0,0.0,-0.37207053754521774,0.11016402766932346,0.03528322752782431,9330.0
0.1325,0.25,0.02,10000,0.0,0.0,-0.3843106556528536,0.10680696699508604,0.03528322752782431,9330.0
0.136,0.25,0.02,10000,0.0,0.0,-0.4061218036082157,0.10102915801190529,0.03528322752782431,9330.0
0.1395,0.25,0.02,10000,0.0,0.0,-0.4182604182606838,0.09790000346220976,0.03528322752782431,9330.0
0.14300000000000002,0.25,0.02,10000,0.0,0.0,-0.4307359676355048,0.09472639776472494,0.03528322752782431,9330.0
0.14650000000000002,0.25,0.02,10000,0.0,0.0,-0.4447404526439138,0.09127749791512005,0.03528322752782431,9330.0
0.15000000000000002,0.25,0.02,10000,0.0,0.0,-0.46352246676641934,0.08676586761166519,0.03528322752782431,9330.0
0.15350000000000003,0.25,0.02,10000,0.0,0.0,-0.47753550853391163,0.0835017704085945,0.03528322752782431,9330.0
0.157,0.25,0.02,10000,0.0,0.0,-0.4899820422581806,0.08067271519424865,0.03528322752782431,9330.0
0.1605,0.25,0.02,10000,0.0,0.0,-0.5055398946840769,0.0772367770896659,0.03528322752782431,9330.0
0.164,0.25,0.02,10000,0.0,0.0,-0.5189907185938194,0.07432784336301748,0.03528322752782431,9330.0
0.1675,0.25,0.02,10000,0.0,0.0,-0.5330509842506063,0.07139083605857167,0.03528322752782431,9330.0
0.171,0.25,0.02,10000,0.0,0.0,-0.5456939688798934,0.06879654845128826,0.03528322752782431,9330.0
0.17450000000000002,0.25,0.02,10000,0.0,0.0,-0.5617560458148206,0.06559660699579364,0.03528322752782431,9330.0
0.17800000000000002,0.25,0.02,10000,0.0,0.0,-0.568826719934575,0.06422426326828179,0.03528322752782431,9330.0
0.18150000000000002,0.25,0.02,10000,0.0,0.0,-0.5862905137913536,0.06090822513493539,0.03528322752782431,9330.0
0.18500000000000003,0.25,0.02,10000,0.0,0.0,-0.5974011996268693,0.058862155735079955,0.03528322752782431,9330.0
0.1885,0.25,0.02,10000,0.0,0.0,-0.6121455703668441,0.056212072231915586,0.03528322752782431,9330.0
0.192,0.25,0.02,10000,0.0,0.0,-0.622041117868799,0.05447794296866597,0.03528322752782431,9330.0
0.1955,0.25,0.02,10000,0.0,0.0,-0.6350035722157358,0.05225999909401483,0.03528322752782431,9330.0
0.199,0.25,0.02,10000,0.0,0.0,-0.6451626934865826,0.05055596662044206,0.03528322752782431,9330.0
0.2025,0.25,0.02,10000,0.0,0.0,-0.6597535345991059,0.048186497887607975,0.03528322752782431,9330.0
0.20600000000000002,0.25,0.02,10000,0.0,0.0,-0.6660760842179242,0.047167456255749696,0.03528322752782431,9330.0
0.20950000000000002,0.25,0.02,10000,0.0,0.0,-0.6790680028891337,0.04513674601993019,0.03528322752782431,9330.0
0.21300000000000002,0.25,0.02,10000,0.0,0.0,-0.6911364188883339,0.04330312057994248,0.03528322752782431,9330.0
0.21650000000000003,0.25,0.02,10000,0.0,0.0,-0.7021361246078506,0.04167103064368493,0.03528322752782431,9330.0
0.22,0.25,0.02,10000,0.0,0.0,-0.7099470302162183,0.0405362977854654,0.03528322752782431,9330.0
0.01,0.3,0.02,10000,1.0,0.0,0.3382541520155583,0.3920828878139907,0.04031297322059868,9240.0
0.0135,0.3,0.02,10000,1.0,0.0,0.312995868224572,0.38062778450987855,0.04031297322059868,9240.0
0.017,0.3,0.02,10000,1.0,0.0,0.28229162445686273,0.36659502455751464,0.04031297322059868,9240.0
0.0205,0.3,0.02,10000,1.0,0.0,0.2551630935547695,0.35412767896279307,0.04031297322059868,9240.0
0.024,0.3,0.02,10000,1.0,0.0,0.22977061960809286,0.34242786672030834,0.04031297322059868,9240.0
0.027500000000000004,0.3,0.02,10000,1.0,0.0,0.20488679912381902,0.33097491975293963,0.04031297322059868,9240.0
0.031,0.3,0.02,10000,1.0,0.0,0.17376170340140212,0.3166614941446224,0.04031297322059868,9240.0
0.0345,0.3,0.02,10000,1.0,0.0,0.14628007080280822,0.304076645337325,0.04031297322059868,9240.0
0.038,0.3,0.02,10000,1.0,0.0,0.12737654524537687,0.2954754563361292,0.04031297322059868,9240.0
0.0415,0.3,0.02,10000,1.0,0.0,0.1018494373289855,0.2839338493633649,0.04031297322059868,9240.0
0.045000000000000005,0.3,0.02,10000,1.0,0.0,0.07846378829012883,0.2734586851424242,0.04031297322059868,9240.0
0.0485,0.3,0.02,10000,0.9875,0.0,0.05584565742819697,0.2634380402105801,0.04031297322059868,9240.0
0.052000000000000005,0.3,0.02,10000,0.95,0.0,0.03507603906864241,0.2543312407519657,0.04031297322059868,9240.0
0.0555,0.3,0.02,10000,0.675,0.0,0.011340428928295695,0.24407314652273118,0.04031297322059868,9240.0
0.059000000000000004,0.3,0.02,10000,0.225,0.0,-0.012309144344263324,0.23399961309098213,0.04031297322059868,9240.0
0.0625,0.3,0.02,10000,0.0625,0.0,-0.03377991402740133,0.2250234037075729,0.04031297322059868,9240.0
0.066,0.3,0.02,10000,0.0125,0.0,-0.05567281494076075,0.21602505477108275,0.04031297322059868,9240.0
0.0695,0.3,0.02,10000,0.0,0.0,-0.0761890784636056,0.20771724685835044,0.04031297322059868,9240.0
0.073,0.3,0.02,10000,0.0,0.0,-0.09733371008381135,0.19934642473038724,0.04031297322059868,9240.0
0.0765,0.3,0.02,10000,0.0,0.0,-0.11400658843347736,0.1928729556343952,0.04031297322059868,9240.0
0.08,0.3,0.02,10000,0.0,0.0,-0.13381025646199024,0.18531421950745744,0.04031297322059868,9240.0
0.08349999999999999,0.3,0.02,10000,0.0,0.0,-0.15290110793613498,0.17817667788615216,0.04031297322059868,9240.0
0.087,0.3,0.02,10000,0.0,0.0,-0.17701353973608028,0.1693987041038169,0.04031297322059868,9240.0
0.0905,0.3,0.02,10000,0.0,0.0,-0.19602873024217726,0.16263979275023233,0.04031297322059868,9240.0
0.094,0.3,0.02,10000,0.0,0.0,-0.20920574302588602,0.15804866929871858,0.04031297322059868,9240.0
0.0975,0.3,0.02,10000,0.0,0.0,-0.23108540521421056,0.15061988032868495,0.04031297322059868,9240.0
0.10099999999999999,0.3,0.02,10000,0.0,0.0,-0.2486061107163109,0.14480995132533328,0.04031297322059868,9240.0
0.1045,0.3,0.02,10000,0.0,0.0,-0.2667665471431827,0.13892198161149164,0.04031297322059868,9240.0
0.108,0.3,0.02,10000,0.0,0.0,-0.285171066768336,0.13314324291256888,0.04031297322059868,9240.0
0.1115,0.3,0.02,10000,0.0,0.0,-0.30048053416984666,0.128460030150764,0.04031297322059868,9240.0
0.11499999999999999,0.3,0.02,10000,0.0,0.0,-0.31921699886083,0.12282338112814675,0.04031297322059868,9240.0
0.1185,0.3,0.02,10000,0.0,0.0,-0.3349706850341675,0.1182408602065688,0.04031297322059868,9240.0
0.122,0.3,0.02,10000,0.0,0.0,-0.3518743715946985,0.11343225858852617,0.04031297322059868,9240.0
0.1255,0.3,0.02,10000,0.0,0.0,-0.3660258975142684,0.1095049895770241,0.04031297322059868,9240.0
0.129,0.3,0.02,10000,0.0,0.0,-0.3842486112208549,0.10459891112406494,0.04031297322059868,9240.0
0.1325,0.3,0.02,10000,0.0,0.0,-0.39806553264766104,0.10096639113148168,0.04031297322059868,9240.0
0.136,0.3,0.02,10000,0.0,0.0,-0.4172344467687058,0.09608179435185911,0.04031297322059868,9240.0
0.1395,0.3,0.02,10000,0.0,0.0,-0.4284116068916278,0.09328934306227639,0.04031297322059868,9240.0
0.14300000000000002,0.3,0.02,10000,0.0,0.0,-0.4475105456969075,0.0886718571153756,0.04031297322059868,9240.0
0.14650000000000002,0.3,0.02,10000,0.0,0.0,-0.45985407209167733,0.08575787494167385,0.04031297322059868,9240.0
0.15000000000000002,0.3,0.02,10000,0.0,0.0,-0.4754155488586334,0.08219918118421632,0.04031297322059868,9240.0
0.15350000000000003,0.3,0.02,10000,0.0,0.0,-0.4880004775743247,0.07937876949056578,0.04031297322059868,9240.0
0.157,0.3,0.02,10000,0.0,0.0,-0.5015167339753166,0.0764295555406644,0.04031297322059868,9240.0
0.1605,0.3,0.02,10000,0.0,0.0,-0.5135582323673928,0.07386359588857497,0.04031297322059868,9240.0
0.164,0.3,0.02,10000,0.0,0.0,-0.5311694957693651,0.07021709061003767,0.04031297322059868,9240.0
0.1675,0.3,0.02,10000,0.0,0.0,-0.5437889335967393,0.06768250688944129,0.04031297322059868,9240.0
0.171,0.3,0.02,10000,0.0,0.0,-0.5589772552573189,0.06470073475345237,0.04031297322059868,9240.0
0.17450000000000002,0.3,0.02,10000,0.0,0.0,-0.5705240956225357,0.06250268882200818,0.04031297322059868,9240.0
0.17800000000000002,0.3,0.02,10000,0.0,0.0,-0.5828706522109928,0.060211088282079425,0.04031297322059868,9240.0
0.18150000000000002,0.3,0.02,10000,0.0,0.0,-0.591470949718458,0.05862933386335485,0.04031297322059868,9240.0
0.18500000000000003,0.3,0.02,10000,0.0,0.0,-0.6084139438589553,0.05561385068067702,0.04031297322059868,9240.0
0.1885,0.3,0.02,10000,0.0,0.0,-0.6203944160152671,0.05355586928188214,0.04031297322059868,9240.0
0.192,0.3,0.02,10000,0.0,0.0,-0.6324281670756405,0.05153332782814666,0.04031297322059868,9240.0
0.1955,0.3,0.02,10000,0.0,0.0,-0.6436460727826185,0.04968760098173266,0.04031297322059868,9240.0
0.199,0.3,0.02,10000,0.0,0.0,-0.6549488011561788,0.047869840774766304,0.04031297322059868,9240.0
0.2025,0.3,0.02,10000,0.0,0.0,-0.6659892181552112,0.046140064620490535,0.04031297322059868,9240.0
0.20600000000000002,0.3,0.02,10000,0.0,0.0,-0.6796038298105793,0.04405258781714354,0.04031297322059868,9240.0
0.20950000000000002,0.3,0.02,10000,0.0,0.0,-0.684134099170449,0.04337362104482994,0.04031297322059868,9240.0
0.21300000000000002,0.3,0.02,10000,0.0,0.0,-0.7011789949345495,0.040881242197626386,0.04031297322059868,9240.0
0.21650000000000003,0.3,0.02,10000,0.0,0.0,-0.7086227032872944,0.03981557909337793,0.04031297322059868,9240.0
0.22,0.3,0.02,10000,0.0,0.0,-0.717557148271347,0.03856544606498141,0.04031297322059868,9240.0
0.01,0.35,0.02,10000,1.0,0.0,0.31616294590446603,0.3764606391078315,0.045416746978633515,9150.0
0.0135,0.35,0.02,10000,1.0,0.0,0.2846659301645739,0.3621666361796773,0.045416746978633515,9150.0
0.017,0.35,0.02,10000,1.0,0.0,0.26194621602190044,0.3518076804449439,0.045416746978633515,9150.0
0.0205,0.35,0.02,10000,1.0,0.0,0.2372017903930066,0.3405029893653046,0.045416746978633515,9150.0
0.024,0.35,0.02,10000,1.0,0.0,0.2105009194959857,0.3282948945507162,0.045416746978633515,9150.0
0.027500000000000004,0.35,0.02,10000,1.0,0.0,0.18139529837784657,0.3150136896697585,0.045416746978633515,9150.0
0.031,0.35,0.02,10000,1.0,0.0,0.1574224394390305,0.30411896435715075,0.045416746978633515,9150.0
0.0345,0.35,0.02,10000,1.0,0.0,0.13397932434257806,0.2935245371877169,0.045416746978633515,9150.0
0.038,0.35,0.02,10000,1.0,0.0,0.10620402210592865,0.281073085988393,0.045416746978633515,9150.0
0.0415,0.35,0.02,10000,1.0,0.0,0.08563692122499642,0.27193754006222826,0.045416746978633515,9150.0
0.045000000000000005,0.35,0.02,10000,1.0,0.0,0.05816395075808689,0.2598696437266122,0.045416746978633515,9150.0
0.0485,0.35,0.02,10000,0.975,0.0,0.03966759247991649,0.25184333824380506,0.045416746978633515,9150.0
0.052000000000000005,0.35,0.02,10000,0.8,0.0,0.016291236193085784,0.24181640764314566,0.045416746978633515,9150.0
0.0555,0.35,0.02,10000,0.275,0.0,-0.00737747771280878,0.23183321644723445,0.045416746978633515,9150.0
0.059000000000000004,0.35,0.02,10000,0.075,0.0,-0.026039525057150868,0.2240920999182298,0.045416746978633515,9150.0
0.0625,0.35,0.02,10000,0.0,0.0,-0.05239476295443807,0.21334122910757686,0.045416746978633515,9150.0
0.066,0.35,0.02,10000,0.0,0.0,-0.071598103172919,0.2056591675437714,0.045416746978633515,9150.0
0.0695,0.35,0.02,10000,0.0,0.0,-0.08946910178056733,0.1986466332573292,0.045416746978633515,9150.0
0.073,0.35,0.02,10000,0.0,0.0,-0.11587500224198348,0.18848118593989743,0.045416746978633515,9150.0
0.0765,0.35,0.02,10000,0.0,0.0,-0.13314721605670393,0.18200005949353626,0.045416746978633515,9150.0
0.08,0.35,0.02,10000,0.0,0.0,-0.15375361583947403,0.17441112511767257,0.045416746978633515,9150.0
0.08349999999999999,0.35,0.02,10000,0.0,0.0,-0.16848486381506353,0.1691029790612078,0.045416746978633515,9150.0
0.087,0.35,0.02,10000,0.0,0.0,-0.18949748033007197,0.16171555644437574,0.045416746978633515,9150.0
0.0905,0.35,0.02,10000,0.0,0.0,-0.21084148898127714,0.15438082251070245,0.045416746978633515,9150.0
0.094,0.35,0.02,10000,0.0,0.0,-0.22864467902576474,0.14840048753115287,0.045416746978633515,9150.0
0.0975,0.35,0.02,10000,0.0,0.0,-0.24645320747935245,0.14259121280297465,0.045416746978633515,9150.0
0.10099999999999999,0.35,0.02,10000,0.0,0.0,-0.2647756513242908,0.1367526508948512,0.045416746978633515,9150.0
0.1045,0.35,0.02,10000,0.0,0.0,-0.278666631324615,0.1324390878777904,0.045416746978633515,9150.0
0.108,0.35,0.02,10000,0.0,0.0,-0.30201618647614514,0.12535323546362154,0.045416746978633515,9150.0
0.1115,0.35,0.02,10000,0.0,0.0,-0.3153631044836467,0.12141804866576038,0.045416746978633515,9150.0
0.11499999999999999,0.35,0.02,10000,0.0,0.0,-0.33448209063961887,0.11591596829331452,0.045416746978633515,9150.0
0.1185,0.35,0.02,10000,0.0,0.0,-0.3457458922331726,0.11276115991743922,0.045416746978633515,9150.0
0.122,0.35,0.02,10000,0.0,0.0,-0.3649977087916779,0.10748979122534211,0.045416746978633515,9150.0
0.1255,0.35,0.02,10000,0.0,0.0,-0.3800780877142343,0.10349876100569218,0.045416746978633515,9150.0
0.129,0.35,0.02,10000,0.0,0.0,-0.39541178879444405,0.09952888374263316,0.045416746978633515,9150.0
0.1325,0.35,0.02,10000,0.0,0.0,-0.4133242097359383,0.09501571534293908,0.045416746978633515,9150.0
0.136,0.35,0.02,10000,0.0,0.0,-0.4299218383477618,0.09095693387842362,0.045416746978633515,9150.0
0.1395,0.35,0.02,10000,0.0,0.0,-0.44172810633530046,0.08813370260306963,0.045416746978633515,9150.0
0.14300000000000002,0.35,0.02,10000,0.0,0.0,-0.4596128921737305,0.08398718609376908,0.045416746978633515,9150.0
0.14650000000000002,0.35,0.02,10000,0.0,0.0,-0.46993233269595897,0.0816600886398517,0.045416746978633515,9150.0
0.15000000000000002,0.35,0.02,10000,0.0,0.0,-0.48300855796942577,0.07875778689787907,0.045416746978633515,9150.0
0.15350000000000003,0.35,0.02,10000,0.0,0.0,-0.49771631732606797,0.07557978250132483,0.045416746978633515,9150.0
0.157,0.35,0.02,10000,0.0,0.0,-0.5129629140105905,0.07238188428004644,0.045416746978633515,9150.0
0.1605,0.35,0.02,10000,0.0,0.0,-0.5294199152760732,0.06904865132437642,0.045416746978633515,9150.0
0.164,0.35,0.02,10000,0.0,0.0,-0.5379257848453121,0.06735890010192803,0.045416746978633515,9150.0
0.1675,0.35,0.02,10000,0.0,0.0,-0.5562824689904566,0.06380293812018559,0.045416746978633515,9150.0
0.171,0.35,0.02,10000,0.0,0.0,-0.5652528749316701,0.06211946060004081,0.045416746978633515,9150.0
0.17450000000000002,0.35,0.02,10000,0.0,0.0,-0.5795959509113178,0.05948253795758849,0.045416746978633515,9150.0
0.17800000000000002,0.35,0.02,10000,0.0,0.0,-0.5911633544442637,0.05739798088497838,0.045416746978633515,9150.0
0.18150000000000002,0.35,0.02,10000,0.0,0.0,-0.6043177872468138,0.05510386673610892,0.045416746978633515,9150.0
0.18500000000000003,0.35,0.02,10000,0.0,0.0,-0.6135125954349029,0.05352624184392487,0.045416746978633515,9150.0
0.1885,0.35,0.02,10000,0.0,0.0,-0.6294289641483313,0.05086987078365446,0.045416746978633515,9150.0
0.192,0.35,0.02,10000,0.0,0.0,-0.6416435377465716,0.04889746420643669,0.045416746978633515,9150.0
0.1955,0.35,0.02,10000,0.0,0.0,-0.6532844347727745,0.047066661014142995,0.045416746978633515,9150.0
0.199,0.35,0.02,10000,0.0,0.0,-0.6603781857351525,0.04596055082011033,0.045416746978633515,9150.0
0.2025,0.35,0.02,10000,0.0,0.0,-0.673391816581421,0.043999269261360406,0.045416746978633515,9150.0
0.20600000000000002,0.35,0.02,10000,0.0,0.0,-0.6856955135482533,0.04218458950345242,0.045416746978633515,9150.0
0.20950000000000002,0.35,0.02,10000,0.0,0.0,-0.6998458097398077,0.040155862510331375,0.045416746978633515,9150.0
0.21300000000000002,0.35,0.02,10000,0.0,0.0,-0.7067112193595133,0.03919465964924633,0.045416746978633515,9150.0
0.21650000000000003,0.35,0.02,10000,0.0,0.0,-0.7196215284511258,0.03742602460414666,0.045416746978633515,9150.0
0.22,0.35,0.02,10000,0.0,0.0,-0.7305183932160277,0.0359670617456875,0.045416746978633515,9150.0
0.01,0.4,0.02,10000,1.0,0.0,0.29486625872437505,0.3612980982824941,0.05059638271883382,9060.0
0.0135,0.4,0.02,10000,1.0,0.0,0.26512488602070283,0.3478466375667327,0.05059638271883382,9060.0
0.017,0.4,0.02,10000,1.0,0.0,0.24146134651559636,0.33711595188557364,0.05059638271883382,9060.0
0.0205,0.4,0.02,10000,1.0,0.0,0.21186725568380682,0.32369486941058323,0.05059638271883382,9060.0
0.024,0.4,0.02,10000,1.0,0.0,0.18698738386603592,0.3124250991683863,0.05059638271883382,9060.0
0.027500000000000004,0.4,0.02,10000,1.0,0.0,0.16123069928355438,0.30082094897547673,0.05059638271883382,9060.0
0.031,0.4,0.02,10000,1.0,0.0,0.14001870079583184,0.29130940838012964,0.05059638271883382,9060.0
0.0345,0.4,0.02,10000,1.0,0.0,0.10940680845519402,0.27770402261759947,0.05059638271883382,9060.0
0.038,0.4,0.02,10000,1.0,0.0,0.08446865160157475,0.2667449885351096,0.05059638271883382,9060.0
0.0415,0.4,0.02,10000,1.0,0.0,0.06455542743806372,0.2580746861603152,0.05059638271883382,9060.0
0.045000000000000005,0.4,0.02,10000,0.9625,0.0,0.042159753249499124,0.24845549305547293,0.05059638271883382,9060.0
0.0485,0.4,0.02,10000,0.8875,0.0,0.02423721459758997,0.24083017588405964,0.05059638271883382,9060.0
0.052000000000000005,0.4,0.02,10000,0.425,0.0,-0.001942589437744772,0.22987814690836358,0.05059638271883382,9060.0
0.0555,0.4,0.02,10000,0.075,0.0,-0.026304253943145433,0.21987631067044178,0.05059638271883382,9060.0
0.059000000000000004,0.4,0.02,10000,0.0,0.0,-0.049426984377733955,0.21055153734486654,0.05059638271883382,9060.0
0.0625,0.4,0.02,10000,0.0,0.0,-0.0649777526563738,0.20440830281592626,0.05059638271883382,9060.0
0.066,0.4,0.02,10000,0.0,0.0,-0.08644085142848448,0.19604374507097527,0.05059638271883382,9060.0
0.0695,0.4,0.02,10000,0.0,0.0,-0.10474052065558537,0.1890758104531176,0.05059638271883382,9060.0
0.073,0.4,0.02,10000,0.0,0.0,-0.12908886277465315,0.17998416527894262,0.05059638271883382,9060.0
0.0765,0.4,0.02,10000,0.0,0.0,-0.14988144520099214,0.17242856814018998,0.05059638271883382,9060.0
0.08,0.4,0.02,10000,0.0,0.0,-0.1700733632764381,0.1652459563582404,0.05059638271883382,9060.0
0.08349999999999999,0.4,0.02,10000,0.0,0.0,-0.18830458840523728,0.1589229380157775,0.05059638271883382,9060.0
0.087,0.4,0.02,10000,0.0,0.0,-0.20476435435306434,0.15331325495017833,0.05059638271883382,9060.0
0.0905,0.4,0.02,10000,0.0,0.0,-0.22655455325602764,0.14613200413076916,0.05059638271883382,9060.0
0.094,0.4,0.02,10000,0.0,0.0,-0.24000337074368297,0.14177019752810793,0.05059638271883382,9060.0
0.0975,0.4,0.02,10000,0.0,0.0,-0.2618286865463663,0.13489350253566335,0.05059638271883382,9060.0
0.10099999999999999,0.4,0.02,10000,0.0,0.0,-0.2753584272554471,0.13075907981453314,0.05059638271883382,9060.0
0.1045,0.4,0.02,10000,0.0,0.0,-0.2910741996271199,0.12600650684676792,0.05059638271883382,9060.0
0.108,0.4,0.02,10000,0.0,0.0,-0.3125212073916344,0.11973344746480419,0.05059638271883382,9060.0
0.1115,0.4,0.02,10000,0.0,0.0,-0.3302837934018741,0.11469088664215617,0.05059638271883382,9060.0
0.11499999999999999,0.4,0.02,10000,0.0,0.0,-0.34351889554085424,0.1110205731291111,0.05059638271883382,9060.0
0.1185,0.4,0.02,10000,0.0,0.0,-0.3590443084144607,0.10682056178854502,0.05059638271883382,9060.0
0.122,0.4,0.02,10000,0.0,0.0,-0.3779132888979756,0.10187359227862527,0.05059638271883382,9060.0
0.1255,0.4,0.02,10000,0.0,0.0,-0.39485301043285465,0.09755538450425372,0.05059638271883382,9060.0
0.129,0.4,0.02,10000,0.0,0.0,-0.40924199887307167,0.09398190521695955,0.05059638271883382,9060.0
0.1325,0.4,0.02,10000,0.0,0.0,-0.42549605397714324,0.0900663503185941,0.05059638271883382,9060.0
0.136,0.4,0.02,10000,0.0,0.0,-0.43716613437476537,0.08731099797520829,0.05059638271883382,9060.0
0.1395,0.4,0.02,10000,0.0,0.0,-0.456198822233019,0.08295846331931883,0.05059638271883382,9060.0
0.14300000000000002,0.4,0.02,10000,0.0,0.0,-0.4696449498642904,0.0799520041568436,0.05059638271883382,9060.0
0.14650000000000002,0.4,0.02,10000,0.0,0.0,-0.48048309166479014,0.07760498747052734,0.05059638271883382,9060.0
0.15000000000000002,0.4,0.02,10000,0.0,0.0,-0.49820521379026755,0.07384350264333386,0.05059638271883382,9060.0
0.15350000000000003,0.4,0.02,10000,0.0,0.0,-0.5114538209296116,0.07112911919233686,0.05059638271883382,9060.0
0.157,0.4,0.02,10000,0.0,0.0,-0.5248052961445717,0.06845171896699831,0.05059638271883382,9060.0
0.1605,0.4,0.02,10000,0.0,0.0,-0.5434596842112445,0.06483067340479771,0.05059638271883382,9060.0
0.164,0.4,0.02,10000,0.0,0.0,-0.5531966117162757,0.06297523493004539,0.05059638271883382,9060.0
0.1675,0.4,0.02,10000,0.0,0.0,-0.563479457008478,0.061082486917698665,0.05059638271883382,9060.0
0.171,0.4,0.02,10000,0.0,0.0,-0.5791891668862779,0.05823848085505785,0.05059638271883382,9060.0
0.17450000000000002,0.4,0.02,10000,0.0,0.0,-0.5907128469214136,0.0562052897863512,0.05059638271883382,9060.0
0.17800000000000002,0.4,0.02,10000,0.0,0.0,-0.6022276016179704,0.054248842262443364,0.05059638271883382,9060.0
0.18150000000000002,0.4,0.02,10000,0.0,0.0,-0.6163664976613394,0.051874658536956185,0.05059638271883382,9060.0
0.18500000000000003,0.4,0.02,10000,0.0,0.0,-0.6254044960237032,0.05039900707115452,0.05059638271883382,9060.0
0.1885,0.4,0.02,10000,0.0,0.0,-0.6404792615410131,0.047993801486112306,0.05059638271883382,9060.0
0.192,0.4,0.02,10000,0.0,0.0,-0.6488540388191156,0.04669857370478081,0.05059638271883382,9060.0
0.1955,0.4,0.02,10000,0.0,0.0,-0.6609160979673463,0.04486287983638332,0.05059638271883382,9060.0
0.199,0.4,0.02,10000,0.0,0.0,-0.6712675846241731,0.0433256763973371,0.05059638271883382,9060.0
0.2025,0.4,0.02,10000,0.0,0.0,-0.6819363560163242,0.041776659066008026,0.05059638271883382,9060.0
0.20600000000000002,0.4,0.02,10000,0.0,0.0,-0.6959511406658375,0.03979454977531656,0.05059638271883382,9060.0
0.20950000000000002,0.4,0.02,10000,0.0,0.0,-0.7043027493810836,0.03864659023878587,0.05059638271883382,9060.0
0.21300000000000002,0.4,0.02,10000,0.0,0.0,-0.7135250212837148,0.03739291294404127,0.05059638271883382,9060.0
0.21650000000000003,0.4,0.02,10000,0.0,0.0,-0.7256738008829371,0.03578870500763688,0.05059638271883382,9060.0
0.22,0.4,0.02,10000,0.0,0.0,-0.7359864259063842,0.034461825770155635,0.05059638271883382,9060.0
0.01,0.05,0.03,10000,1.0,0.0,0.3641260862619516,0.4333478765591903,0.021685536805190475,9580.0
0.0135,0.05,0.03,10000,1.0,0.0,0.3378948654444097,0.42136377152923676,0.021685536805190475,9580.0
0.017,0.05,0.03,10000,1.0,0.0,0.30497310721616355,0.4061530145608301,0.021685536805190475,9580.0
0.0205,0.05,0.03,10000,1.0,0.0,0.2814356680109179,0.3951441506633796,0.021685536805190475,9580.0
0.024,0.05,0.03,10000,1.0,0.0,0.24876612591226488,0.37976317008711274,0.021685536805190475,9580.0
0.027500000000000004,0.05,0.03,10000,1.0,0.0,0.22269146256590297,0.3674154231230225,0.021685536805190475,9580.0
0.031,0.05,0.03,10000,1.0,0.0,0.19534626881055733,0.35442002471284123,0.021685536805190475,9580.0
0.0345,0.05,0.03,10000,1.0,0.0,0.1742070663215663,0.34435232520813497,0.021685536805190475,9580.0
0.038,0.05,0.03,10000,1.0,0.0,0.1493876500291667,0.33256008864783865,0.021685536805190475,9580.0
0.0415,0.05,0.03,10000,1.0,0.0,0.11998776482170173,0.31863312016930745,0.021685536805190475,9580.0
0.045000000000000005,0.05,0.03,10000,1.0,0.0,0.09838147886284984,0.3084475024724814,0.021685536805190475,9580.0
0.0485,0.05,0.03,10000,1.0,0.0,0.0747552552675174,0.2973822092819921,0.021685536805190475,9580.0
0.052000000000000005,0.05,0.03,10000,0.9875,0.0,0.04881557983127912,0.2853397150618118,0.021685536805190475,9580.0
0.0555,0.05,0.03,10000,0.9375,0.0,0.03007694143018195,0.27672321748161777,0.021685536805190475,9580.0
0.059000000000000004,0.05,0.03,10000,0.5125,0.0,0.003960981505694172,0.26484444622472625,0.021685536805190475,9580.0
0.0625,0.05,0.03,10000,0.2125,0.0,-0.010906874545564337,0.25815562318455515,0.021685536805190475,9580.0
0.066,0.05,0.03,10000,0.0,0.0,-0.03914805629218966,0.24562930925465848,0.021685536805190475,9580.0
0.0695,0.05,0.03,10000,0.0,0.0,-0.062392360545046696,0.2355080564848322,0.021685536805190475,9580.0
0.073,0.05,0.03,10000,0.0,0.0,-0.08074804500730765,0.2276407613325339,0.021685536805190475,9580.0
0.0765,0.05,0.03,10000,0.0,0.0,-0.10186636151010661,0.2187408862833189,0.021685536805190475,9580.0
0.08,0.05,0.03,10000,0.0,0.0,-0.12348257905745515,0.20979384890512556,0.021685536805190475,9580.0
0.08349999999999999,0.05,0.03,10000,0.0,0.0,-0.1404130578115949,0.20291330799797022,0.021685536805190475,9580.0
0.087,0.05,0.03,10000,0.0,0.0,-0.16137976691243694,0.19457269845863875,0.021685536805190475,9580.0
0.0905,0.05,0.03,10000,0.0,0.0,-0.1816310272678991,0.1866687507122656,0.021685536805190475,9580.0
0.094,0.05,0.03,10000,0.0,0.0,-0.20144973465401642,0.1791093246750976,0.021685536805190475,9580.0
0.0975,0.05,0.03,10000,0.0,0.0,-0.21984899567651012,0.17224699653062728,0.021685536805190475,9580.0
0.10099999999999999,0.05,0.03,10000,0.0,0.0,-0.23694402998569522,0.16601294071245815,0.021685536805190475,9580.0
0.1045,0.05,0.03,10000,0.0,0.0,-0.25504235311537155,0.15955999629101209,0.021685536805190475,9580.0
0.108,0.05,0.03,10000,0.0,0.0,-0.27185751685547244,0.15369619608241042,0.021685536805190475,9580.0
0.1115,0.05,0.03,10000,0.0,0.0,-0.29161882216353596,0.1469679614569067,0.021685536805190475,9580.0
0.11499999999999999,0.05,0.03,10000,0.0,0.0,-0.30720725947654903,0.14180792622831673,0.021685536805190475,9580.0
0.1185,0.05,0.03,10000,0.0,0.0,-0.32510584394508985,0.1360072415706676,0.021685536805190475,9580.0
0.122,0.05,0.03,10000,0.0,0.0,-0.34149761076350177,0.13081348842334656,0.021685536805190475,9580.0
0.1255,0.05,0.03,10000,0.0,0.0,-0.35688318783050643,0.12606990014890612,0.021685536805190475,9580.0
0.129,0.05,0.03,10000,0.0,0.0,-0.37922948357638087,0.11936315278397365,0.021685536805190475,9580.0
0.1325,0.05,0.03,10000,0.0,0.0,-0.3898302075228897,0.1162600229972659,0.021685536805190475,9580.0
0.136,0.05,0.03,10000,0.0,0.0,-0.40883845708054023,0.11084714003318638,0.021685536805190475,9580.0
0.1395,0.05,0.03,10000,0.0,0.0,-0.4221952148358648,0.10715135648963774,0.021685536805190475,9580.0
0.14300000000000002,0.05,0.03,10000,0.0,0.0,-0.4356643749826238,0.10348560896088373,0.021685536805190475,9580.0
0.14650000000000002,0.05,0.03,10000,0.0,0.0,-0.45299438538790043,0.09889191506848094,0.021685536805190475,9580.0
0.15000000000000002,0.05,0.03,10000,0.0,0.0,-0.4677094158947869,0.09511259678405662,0.021685536805190475,9580.0
0.15350000000000003,0.05,0.03,10000,0.0,0.0,-0.4827962302805077,0.09133178496906731,0.021685536805190475,9580.0
0.157,0.05,0.03,10000,0.0,0.0,-0.4992276712999656,0.0873247203320966,0.021685536805190475,9580.0
0.1605,0.05,0.03,10000,0.0,0.0,-0.5092066785559618,0.08494733589273148,0.021685536805190475,9580.0
0.164,0.05,0.03,10000,0.0,0.0,-0.5225424145151394,0.08184764811479102,0.021685536805190475,9580.0
0.1675,0.05,0.03,10000,0.0,0.0,-0.5384316001046994,0.07824353352331148,0.021685536805190475,9580.0
0.171,0.05,0.03,10000,0.0,0.0,-0.5528792337217624,0.07505167462179911,0.021685536805190475,9580.0
0.17450000000000002,0.05,0.03,10000,0.0,0.0,-0.5676227890503611,0.07189448211623935,0.021685536805190475,9580.0
0.17800000000000002,0.05,0.03,10000,0.0,0.0,-0.5773441795894618,0.06985884954961744,0.021685536805190475,9580.0
0.18150000000000002,0.05,0.03,10000,0.0,0.0,-0.5929852688381893,0.06666259861280692,0.021685536805190475,9580.0
0.18500000000000003,0.05,0.03,10000,0.0,0.0,-0.6027754087970587,0.06470860325498332,0.021685536805190475,9580.0
0.1885,0.05,0.03,10000,0.0,0.0,-0.6188773166144653,0.06157243411072484,0.021685536805190475,9580.0
0.192,0.05,0.03,10000,0.0,0.0,-0.6279522341510825,0.05985617884009466,0.021685536805190475,9580.0
0.1955,0.05,0.03,10000,0.0,0.0,-0.6384917989553717,0.057906380374262253,0.021685536805190475,9580.0
0.199,0.05,0.03,10000,0.0,0.0,-0.6548576044617068,0.054944641556583074,0.021685536805190475,9580.0
0.2025,0.05,0.03,10000,0.0,0.0,-0.6626960193389494,0.053560806568615074,0.021685536805190475,9580.0
0.20600000000000002,0.05,0.03,10000,0.0,0.0,-0.6745279543756606,0.051503652823108516,0.021685536805190475,9580.0
0.20950000000000002,0.05,0.03,10000,0.0,0.0,-0.6884150654921293,0.04916575025572818,0.021685536805190475,9580.0
0.21300000000000002,0.05,0.03,10000,0.0,0.0,-0.6965044025785149,0.04783141423719117,0.021685536805190475,9580.0
0.21650000000000003,0.05,0.03,10000,0.0,0.0,-0.7073337229417425,0.0460884154959828,0.021685536805190475,9580.0
0.22,0.05,0.03,10000,0.0,0.0,-0.716545885169461,0.04462943496248799,0.021685536805190475,9580.0
0.01,0.1,0.03,10000,1.0,0.0,0.3468153980075552,0.4197132762462868,0.026518767372607277,9490.0
0.0135,0.1,0.03,10000,1.0,0.0,0.3155829910878592,0.40536311240685363,0.026518767372607277,9490.0
0.017,0.1,0.03,10000,1.0,0.0,0.284707734128375,0.3910558864910434,0.026518767372607277,9490.0
0.0205,0.1,0.03,10000,1.0,0.0,0.2546137567408002,0.376971322395306,0.026518767372607277,9490.0
0.024,0.1,0.03,10000,1.0,0.0,0.22757722674091024,0.3642451432744071,0.026518767372607277,9490.0
0.027500000000000004,0.1,0.03,10000,1.0,0.0,0.20432139184285156,0.35326455571672016,0.026518767372607277,9490.0
0.031,0.1,0.03,10000,1.0,0.0,0.17881495930415534,0.3412229585173073,0.026518767372607277,9490.0
0.0345,0.1,0.03,10000,1.0,0.0,0.15024958015359052,0.3277388186241151,0.026518767372607277,9490.0
0.038,0.1,0.03,10000,1.0,0.0,0.1296019410296536,0.3180399521356153,0.026518767372607277,9490.0
0.0415,0.1,0.03,10000,1.0,0.0,0.10127820762553238,0.30478666109910285,0.026518767372607277,9490.0
0.045000000000000005,0.1,0.03,10000,1.0,0.0,0.07987185278946707,0.2948417897362269,0.026518767372607277,9490.0
0.0485,0.1,0.03,10000,1.0,0.0,0.05437052872399071,0.2830916588192722,0.026518767372607277,9490.0
0.052000000000000005,0.1,0.03,10000,0.9625,0.0,0.03312237547188493,0.2734035684489429,0.026518767372607277,9490.0
0.0555,0.1,0.03,10000,0.7,0.0,0.009352297156822426,0.2626897711430693,0.026518767372607277,9490.0
0.059000000000000004,0.1,0.03,10000,0.25,0.0,-0.011608466400374122,0.25336155006668487,0.026518767372607277,9490.0
0.0625,0.1,0.03,10000,0.0125,0.0,-0.03272671221073611,0.24407990462441082,0.026518767372607277,9490.0
0.066,0.1,0.03,10000,0.0125,0.0,-0.05574181697440589,0.23414777468203493,0.026518767372607277,9490.0
0.0695,0.1,0.03,10000,0.0,0.0,-0.07325938783043573,0.22666860559573573,0.026518767372607277,9490.0
0.073,0.1,0.03,10000,0.0,0.0,-0.09632603110603773,0.21701591761941036,0.026518767372607277,9490.0
0.0765,0.1,0.03,10000,0.0,0.0,-0.11887348224873048,0.207783833297073,0.026518767372607277,9490.0
0.08,0.1,0.03,10000,0.0,0.0,-0.14035366224408102,0.1991555901214513,0.026518767372607277,9490.0
0.08349999999999999,0.1,0.03,10000,0.0,0.0,-0.15872471034607005,0.19192604051283907,0.026518767372607277,9490.0
0.087,0.1,0.03,10000,0.0,0.0,-0.17271640750824252,0.18652546567751957,0.026518767372607277,9490.0
0.0905,0.1,0.03,10000,0.0,0.0,-0.19797559103991255,0.17696233437148856,0.026518767372607277,9490.0
0.094,0.1,0.03,10000,0.0,0.0,-0.21339776010535547,0.17128028432219247,0.026518767372607277,9490.0
0.0975,0.1,0.03,10000,0.0,0.0,-0.23375336371715932,0.16392975872775004,0.026518767372607277,9490.0
0.10099999999999999,0.1,0.03,10000,0.0,0.0,-0.25434959720162154,0.15667351106276212,0.026518767372607277,9490.0
0.1045,0.1,0.03,10000,0.0,0.0,-0.2661377263678838,0.15261194171540807,0.026518767372607277,9490.0
0.108,0.1,0.03,10000,0.0,0.0,-0.2842423957247452,0.14649279490265932,0.026518767372607277,9490.0
0.1115,0.1,0.03,10000,0.0,0.0,-0.3063350375605439,0.13922994847217077,0.026518767372607277,9490.0
0.11499999999999999,0.1,0.03,10000,0.0,0.0,-0.32026190251074593,0.13476976105117644,0.026518767372607277,9490.0
0.1185,0.1,0.03,10000,0.0,0.0,-0.3343269835150633,0.13036365932192379,0.026518767372607277,9490.0
0.122,0.1,0.03,10000,0.0,0.0,-0.35183233769474664,0.12503270520560666,0.026518767372607277,9490.0
0.1255,0.1,0.03,10000,0.0,0.0,-0.37350935113291117,0.11857234724208246,0.026518767372607277,9490.0
0.129,0.1,0.03,10000,0.0,0.0,-0.385864109601272,0.11499184617757159,0.026518767372607277,9490.0
0.1325,0.1,0.03,10000,0.0,0.0,-0.4002084108823811,0.11094265426208882,0.026518767372607277,9490.0
0.136,0.1,0.03,10000,0.0,0.0,-0.42153741689391583,0.1050855218249819,0.026518767372607277,9490.0
0.1395,0.1,0.03,10000,0.0,0.0,-0.4378617029814752,0.10074796182061693,0.026518767372607277,9490.0
0.14300000000000002,0.1,0.03,10000,0.0,0.0,-0.45097807260807876,0.09732839900355746,0.026518767372607277,9490.0
0.14650000000000002,0.1,0.03,10000,0.0,0.0,-0.46565001566633824,0.09362625098988218,0.026518767372607277,9490.0
0.15000000000000002,0.1,0.03,10000,0.0,0.0,-0.48134287052285407,0.08976112029705921,0.026518767372607277,9490.0
0.15350000000000003,0.1,0.03,10000,0.0,0.0,-0.4934378163822745,0.08683843038896526,0.026518767372607277,9490.0
0.157,0.1,0.03,10000,0.0,0.0,-0.5060471986701925,0.08387036318681358,0.026518767372607277,9490.0
0.1605,0.1,0.03,10000,0.0,0.0,-0.5242849670803474,0.07970702593969761,0.026518767372607277,9490.0
0.164,0.1,0.03,10000,0.0,0.0,-0.5336022925279957,0.07761835822574645,0.026518767372607277,9490.0
0.1675,0.1,0.03,10000,0.0,0.0,-0.548912764186859,0.07428727972395217,0.026518767372607277,9490.0
0.171,0.1,0.03,10000,0.0,0.0,-0.5599219097302479,0.07195680429200355,0.026518767372607277,9490.0
0.17450000000000002,0.1,0.03,10000,0.0,0.0,-0.5750452315115535,0.06881012877125972,0.026518767372607277,9490.0
0.17800000000000002,0.1,0.03,10000,0.0,0.0,-0.590413743193588,0.065725670063449,0.026518767372607277,9490.0
0.18150000000000002,0.1,0.03,10000,0.0,0.0,-0.5996339469316716,0.06391133766606394,0.026518767372607277,9490.0
0.18500000000000003,0.1,0.03,10000,0.0,0.0,-0.6132271660572106,0.061306513706335296,0.026518767372607277,9490.0
0.1885,0.1,0.03,10000,0.0,0.0,-0.6249683061515268,0.059101238955595436,0.026518767372607277,9490.0
0.192,0.1,0.03,10000,0.0,0.0,-0.639338616225382,0.05648179195604338,0.026518767372607277,9490.0
0.1955,0.1,0.03,10000,0.0,0.0,-0.6512704355109866,0.05436862693760834,0.026518767372607277,9490.0
0.199,0.1,0.03,10000,0.0,0.0,-0.6644043643617832,0.05208410961055332,0.026518767372607277,9490.0
0.2025,0.1,0.03,10000,0.0,0.0,-0.6740393463671224,0.05045163397819534,0.026518767372607277,9490.0
0.20600000000000002,0.1,0.03,10000,0.0,0.0,-0.6808869249293455,0.049323652823754956,0.026518767372607277,9490.0
0.20950000000000002,0.1,0.03,10000,0.0,0.0,-0.6950537216541517,0.04701254823168735,0.026518767372607277,9490.0
0.21300000000000002,0.1,0.03,10000,0.0,0.0,-0.7090761585341654,0.044800540451673365,0.026518767372607277,9490.0
0.21650000000000003,0.1,0.03,10000,0.0,0.0,-0.7151459212816644,0.04386068520919455,0.026518767372607277,9490.0
0.22,0.1,0.03,10000,0.0,0.0,-0.7283651355823929,0.04185333586729478,0.026518767372607277,9490.0
0.01,0.15,0.03,10000,1.0,0.0,0.318793006807788,0.4011729631294722,0.0314212462587935,9400.0
0.0135,0.15,0.03,10000,1.0,0.0,0.2888132344933892,0.38733778313825107,0.0314212462587935,9400.0
0.017,0.15,0.03,10000,1.0,0.0,0.26054675603373445,0.3741907970952383,0.0314212462587935,9400.0
0.0205,0.15,0.03,10000,1.0,0.0,0.23630326191107692,0.3628679196243897,0.0314212462587935,9400.0
0.024,0.15,0.03,10000,1.0,0.0,0.20829363353203517,0.34974247109854534,0.0314212462587935,9400.0
0.027500000000000004,0.15,0.03,10000,1.0,0.0,0.181263404299677,0.3370707020902429,0.0314212462587935,9400.0
0.031,0.15,0.03,10000,1.0,0.0,0.1596328484339032,0.3269428848022572,0.0314212462587935,9400.0
0.0345,0.15,0.03,10000,1.0,0.0,0.13218048817335787,0.3141304816445336,0.0314212462587935,9400.0
0.038,0.15,0.03,10000,1.0,0.0,0.10957808403348754,0.3036356360659919,0.0314212462587935,9400.0
0.0415,0.15,0.03,10000,1.0,0.0,0.08455663669638924,0.29210071177637026,0.0314212462587935,9400.0
0.045000000000000005,0.15,0.03,10000,1.0,0.0,0.061093909642916146,0.28137911201564236,0.0314212462587935,9400.0
0.0485,0.15,0.03,10000,0.9625,0.0,0.04044079413252466,0.2720279241700402,0.0314212462587935,9400.0
0.052000000000000005,0.15,0.03,10000,0.725,0.0,0.010716774406717946,0.2587479877586861,0.0314212462587935,9400.0
0.0555,0.15,0.03,10000,0.35,0.0,-0.007039164602005765,0.2509134057344472,0.0314212462587935,9400.0
0.059000000000000004,0.15,0.03,10000,0.05,0.0,-0.030017463498694615,0.24092203245986052,0.0314212462587935,9400.0
0.0625,0.15,0.03,10000,0.0,0.0,-0.047697120396157214,0.23333533387916136,0.0314212462587935,9400.0
0.066,0.15,0.03,10000,0.0,0.0,-0.07334096532763403,0.22253326045047425,0.0314212462587935,9400.0
0.0695,0.15,0.03,10000,0.0,0.0,-0.09112263978333598,0.21517886205876904,0.0314212462587935,9400.0
0.073,0.15,0.03,10000,0.0,0.0,-0.11422745566516776,0.2057823337402913,0.0314212462587935,9400.0
0.0765,0.15,0.03,10000,0.0,0.0,-0.13388502990923787,0.19797077708422817,0.0314212462587935,9400.0
0.08,0.15,0.03,10000,0.0,0.0,-0.15459484264066853,0.18988749615736109,0.0314212462587935,9400.0
0.08349999999999999,0.15,0.03,10000,0.0,0.0,-0.17329866818290438,0.18274208966760233,0.0314212462587935,9400.0
0.087,0.15,0.03,10000,0.0,0.0,-0.19085162952216028,0.17618676568401784,0.0314212462587935,9400.0
0.0905,0.15,0.03,10000,0.0,0.0,-0.2128681408699351,0.16813946209954622,0.0314212462587935,9400.0
0.094,0.15,0.03,10000,0.0,0.0,-0.22859087442302925,0.1625157130071338,0.0314212462587935,9400.0
0.0975,0.15,0.03,10000,0.0,0.0,-0.24653579806404857,0.15625281545492956,0.0314212462587935,9400.0
0.10099999999999999,0.15,0.03,10000,0.0,0.0,-0.2633550365520934,0.1505048946293765,0.0314212462587935,9400.0
0.1045,0.15,0.03,10000,0.0,0.0,-0.28288005685494316,0.1440155477945002,0.0314212462587935,9400.0
0.108,0.15,0.03,10000,0.0,0.0,-0.2975509304953756,0.1392523187623428,0.0314212462587935,9400.0
0.1115,0.15,0.03,10000,0.0,0.0,-0.3175804135610605,0.13288888021932627,0.0314212462587935,9400.0
0.11499999999999999,0.15,0.03,10000,0.0,0.0,-0.33025614463838704,0.1289714168582496,0.0314212462587935,9400.0
0.1185,0.15,0.03,10000,0.0,0.0,-0.3533240476000208,0.12201480287695668,0.0314212462587935,9400.0
0.122,0.15,0.03,10000,0.0,0.0,-0.36669755101165147,0.1181018999817514,0.0314212462587935,9400.0
0.1255,0.15,0.03,10000,0.0,0.0,-0.38346249835888074,0.11330944852979993,0.0314212462587935,9400.0
0.129,0.15,0.03,10000,0.0,0.0,-0.40104042240300863,0.10842597009068569,0.0314212462587935,9400.0
0.1325,0.15,0.03,10000,0.0,0.0,-0.41622241807449445,0.10430934621372148,0.0314212462587935,9400.0
0.136,0.15,0.03,10000,0.0,0.0,-0.42920360778646555,0.10089156892766385,0.0314212462587935,9400.0
0.1395,0.15,0.03,10000,0.0,0.0,-0.44973277131757483,0.09560133828713266,0.0314212462587935,9400.0
0.14300000000000002,0.15,0.03,10000,0.0,0.0,-0.46051986910397497,0.09290386240736273,0.0314212462587935,9400.0
0.14650000000000002,0.15,0.03,10000,0.0,0.0,-0.47789296554072835,0.08867351829314273,0.0314212462587935,9400.0
0.15000000000000002,0.15,0.03,10000,0.0,0.0,-0.48838104189021614,0.08618414299564658,0.0314212462587935,9400.0
0.15350000000000003,0.15,0.03,10000,0.0,0.0,-0.5020124343520217,0.0830035718840132,0.0314212462587935,9400.0
0.157,0.15,0.03,10000,0.0,0.0,-0.5167582137392589,0.07966702089422309,0.0314212462587935,9400.0
0.1605,0.15,0.03,10000,0.0,0.0,-0.5288063685684042,0.07699269550586647,0.0314212462587935,9400.0
0.164,0.15,0.03,10000,0.0,0.0,-0.5447652139012534,0.07357190405550859,0.0314212462587935,9400.0
0.1675,0.15,0.03,10000,0.0,0.0,-0.5578526736491562,0.07083543821271343,0.0314212462587935,9400.0
0.171,0.15,0.03,10000,0.0,0.0,-0.5731317236925817,0.06770704947950426,0.0314212462587935,9400.0
0.17450000000000002,0.15,0.03,10000,0.0,0.0,-0.5864484314627696,0.06506290037927998,0.0314212462587935,9400.0
0.17800000000000002,0.15,0.03,10000,0.0,0.0,-0.5981884338088197,0.06279326473445405,0.0314212462587935,9400.0
0.18150000000000002,0.15,0.03,10000,0.0,0.0,-0.6132464963284152,0.05996002787213377,0.0314212462587935,9400.0
0.18500000000000003,0.15,0.03,10000,0.0,0.0,-0.6267566107621438,0.05749831742626055,0.0314212462587935,9400.0
0.1885,0.15,0.03,10000,0.0,0.0,-0.6347844489216332,0.056056057617601907,0.0314212462587935,9400.0
0.192,0.15,0.03,10000,0.0,0.0,-0.646232125947191,0.05403581300258085,0.0314212462587935,9400.0
0.1955,0.15,0.03,10000,0.0,0.0,-0.658432553247564,0.05195192969908761,0.0314212462587935,9400.0
0.199,0.15,0.03,10000,0.0,0.0,-0.6719966361256731,0.04968266171731839,0.0314212462587935,9400.0
0.2025,0.15,0.03,10000,0.0,0.0,-0.6812799556913899,0.04817441251030048,0.0314212462587935,9400.0
0.20600000000000002,0.15,0.03,10000,0.0,0.0,-0.6939353961404249,0.04615405996746741,0.0314212462587935,9400.0
0.20950000000000002,0.15,0.03,10000,0.0,0.0,-0.7039375747740987,0.04459683212448427,0.0314212462587935,9400.0
0.21300000000000002,0.15,0.03,10000,0.0,0.0,-0.7150158999174314,0.042907669495412415,0.0314212462587935,9400.0
0.21650000000000003,0.15,0.03,10000,0.0,0.0,-0.7235152947580483,0.041640563853176826,0.0314212462587935,9400.0
0.22,0.15,0.03,10000,0.0,0.0,-0.7362020337586175,0.03979309563566337,0.0314212462587935,9400.0
0.01,0.2,0.03,10000,1.0,0.0,0.2958990522665859,0.38496906697781885,0.03639464301430251,9310.0
0.0135,0.2,0.03,10000,1.0,0.0,0.2692021859414243,0.3726687289985512,0.03639464301430251,9310.0
0.017,0.2,0.03,10000,1.0,0.0,0.23906293756876568,0.35866961529482466,0.03639464301430251,9310.0
0.0205,0.2,0.03,10000,1.0,0.0,0.2157583228858193,0.3478442209006876,0.03639464301430251,9310.0
0.024,0.2,0.03,10000,1.0,0.0,0.18974646662821704,0.3357444310707575,0.03639464301430251,9310.0
0.027500000000000004,0.2,0.03,10000,1.0,0.0,0.16470267017594692,0.32410320008200233,0.03639464301430251,9310.0
0.031,0.2,0.03,10000,1.0,0.0,0.13866180892354552,0.31204562043053147,0.03639464301430251,9310.0
0.0345,0.2,0.03,10000,1.0,0.0,0.11138632727056805,0.2994841293664606,0.03639464301430251,9310.0
0.038,0.2,0.03,10000,1.0,0.0,0.08690199559553424,0.2882965612645698,0.03639464301430251,9310.0
0.0415,0.2,0.03,10000,1.0,0.0,0.06680119540943844,0.2791846087254449,0.03639464301430251,9310.0
0.045000000000000005,0.2,0.03,10000,0.95,0.0,0.03579202868234814,0.2652919513082131,0.03639464301430251,9310.0
0.0485,0.2,0.03,10000,0.7875,0.0,0.020104187369596144,0.2583553920536795,0.03639464301430251,9310.0
0.052000000000000005,0.2,0.03,10000,0.4125,0.0,-0.0015264829277254473,0.24888431795394755,0.03639464301430251,9310.0
0.0555,0.2,0.03,10000,0.0625,0.0,-0.022770950395374846,0.23971018554633755,0.03639464301430251,9310.0
0.059000000000000004,0.2,0.03,10000,0.0125,0.0,-0.04997365599914823,0.22818360836222523,0.03639464301430251,9310.0
0.0625,0.2,0.03,10000,0.0,0.0,-0.06871361323575087,0.22037108119305843,0.03639464301430251,9310.0
0.066,0.2,0.03,10000,0.0,0.0,-0.08896566672699602,0.2120789340701709,0.03639464301430251,9310.0
0.0695,0.2,0.03,10000,0.0,0.0,-0.10686744393427643,0.204877966982918,0.03639464301430251,9310.0
0.073,0.2,0.03,10000,0.0,0.0,-0.12582310223395526,0.197381590714428,0.03639464301430251,9310.0
0.0765,0.2,0.03,10000,0.0,0.0,-0.1500924810480822,0.18798791777423046,0.03639464301430251,9310.0
0.08,0.2,0.03,10000,0.0,0.0,-0.1653030047049149,0.18222698755005068,0.03639464301430251,9310.0
0.08349999999999999,0.2,0.03,10000,0.0,0.0,-0.1925266086630219,0.172183647589774,0.03639464301430251,9310.0
0.087,0.2,0.03,10000,0.0,0.0,-0.2032464480268632,0.16829524142938518,0.03639464301430251,9310.0
0.0905,0.2,0.03,10000,0.0,0.0,-0.22681586872563217,0.1599686746451813,0.03639464301430251,9310.0
0.094,0.2,0.03,10000,0.0,0.0,-0.24125694282208832,0.15497780291457458,0.03639464301430251,9310.0
0.0975,0.2,0.03,10000,0.0,0.0,-0.26337039827224806,0.14751033769255853,0.03639464301430251,9310.0
0.10099999999999999,0.2,0.03,10000,0.0,0.0,-0.2812820513006183,0.141654406981266,0.03639464301430251,9310.0
0.1045,0.2,0.03,10000,0.0,0.0,-0.2987311115286387,0.13607266897545034,0.03639464301430251,9310.0
0.108,0.2,0.03,10000,0.0,0.0,-0.31279761450108795,0.13167157014976452,0.03639464301430251,9310.0
0.1115,0.2,0.03,10000,0.0,0.0,-0.3328928280558636,0.12556340561462373,0.03639464301430251,9310.0
0.11499999999999999,0.2,0.03,10000,0.0,0.0,-0.34834939733474957,0.12096033899170804,0.03639464301430251,9310.0
0.1185,0.2,0.03,10000,0.0,0.0,-0.363686154361619,0.1165240415563975,0.03639464301430251,9310.0
0.122,0.2,0.03,10000,0.0,0.0,-0.380566245954075,0.11176625544728953,0.03639464301430251,9310.0
0.1255,0.2,0.03,10000,0.0,0.0,-0.3970560350350312,0.10722982088770014,0.03639464301430251,9310.0
0.129,0.2,0.03,10000,0.0,0.0,-0.4123360104731718,0.10314998766220604,0.03639464301430251,9310.0
0.1325,0.2,0.03,10000,0.0,0.0,-0.42768315661417267,0.09915363654399027,0.03639464301430251,9310.0
0.136,0.2,0.03,10000,0.0,0.0,-0.4437625609564929,0.09507350618937097,0.03639464301430251,9310.0
0.1395,0.2,0.03,10000,0.0,0.0,-0.4569011874352215,0.09183092343012482,0.03639464301430251,9310.0
0.14300000000000002,0.2,0.03,10000,0.0,0.0,-0.4721793436218472,0.08813890437717575,0.03639464301430251,9310.0
0.14650000000000002,0.2,0.03,10000,0.0,0.0,-0.4887553096539684,0.0842520603142349,0.03639464301430251,9310.0
0.15000000000000002,0.2,0.03,10000,0.0,0.0,-0.5032492093418977,0.08097030280181292,0.03639464301430251,9310.0
0.15350000000000003,0.2,0.03,10000,0.0,0.0,-0.5157201881955874,0.07818802569593819,0.03639464301430251,9310.0
0.157,0.2,0.03,10000,0.0,0.0,-0.5282698172270714,0.0754630557936885,0.03639464301430251,9310.0
0.1605,0.2,0.03,10000,0.0,0.0,-0.5428300556746087,0.07237942215056421,0.03639464301430251,9310.0
0.164,0.2,0.03,10000,0.0,0.0,-0.554276811852409,0.07001196488397123,0.03639464301430251,9310.0
0.1675,0.2,0.03,10000,0.0,0.0,-0.5693908086206397,0.06697394831476108,0.03639464301430251,9310.0
0.171,0.2,0.03,10000,0.0,0.0,-0.5842397697571019,0.06408179183935278,0.03639464301430251,9310.0
0.17450000000000002,0.2,0.03,10000,0.0,0.0,-0.5968014532571315,0.06168690114344989,0.03639464301430251,9310.0
0.17800000000000002,0.2,0.03,10000,0.0,0.0,-0.6064597663925403,0.059894385626110755,0.03639464301430251,9310.0
0.18150000000000002,0.2,0.03,10000,0.0,0.0,-0.6197287643897058,0.05747502850149204,0.03639464301430251,9310.0
0.18500000000000003,0.2,0.03,10000,0.0,0.0,-0.6294274893898888,0.05575924354729382,0.03639464301430251,9310.0
0.1885,0.2,0.03,10000,0.0,0.0,-0.6441407633882139,0.053212095368915927,0.03639464301430251,9310.0
0.192,0.2,0.03,10000,0.0,0.0,-0.6585958311886323,0.05077302012774656,0.03639464301430251,9310.0
0.1955,0.2,0.03,10000,0.0,0.0,-0.6692793611991383,0.04901827723882514,0.03639464301430251,9310.0
0.199,0.2,0.03,10000,0.0,0.0,-0.6769617831545028,0.0477906505878101,0.03639464301430251,9310.0
0.2025,0.2,0.03,10000,0.0,0.0,-0.6888451150273136,0.045912872568690886,0.03639464301430251,9310.0
0.20600000000000002,0.2,0.03,10000,0.0,0.0,-0.7039135491689145,0.043605573191329336,0.03639464301430251,9310.0
0.20950000000000002,0.2,0.03,10000,0.0,0.0,-0.7102239952461705,0.04266512167599515,0.03639464301430251,9310.0
0.21300000000000002,0.2,0.03,10000,0.0,0.0,-0.7216700601950092,0.040986817470860984,0.03639464301430251,9310.0
0.21650000000000003,0.2,0.03,10000,0.0,0.0,-0.7345784635079838,0.03913386309863297,0.03639464301430251,9310.0
0.22,0.2,0.03,10000,0.0,0.0,-0.7417533523735156,0.03813429021736982,0.03639464301430251,9310.0
0.01,0.25,0.03,10000,1.0,0.0,0.2739607755988823,0.36931928569162753,0.041440684091783364,9220.0
0.0135,0.25,0.03,10000,1.0,0.0,0.24617559158875307,0.35652684715280725,0.041440684091783364,9220.0
0.017,0.25,0.03,10000,1.0,0.0,0.22107187765026456,0.34494526396676367,0.041440684091783364,9220.0
0.0205,0.25,0.03,10000,1.0,0.0,0.1920092832850131,0.33151196288766344,0.041440684091783364,9220.0
0.024,0.25,0.03,10000,1.0,0.0,0.1665920432433078,0.31979664474717584,0.041440684091783364,9220.0
0.027500000000000004,0.25,0.03,10000,1.0,0.0,0.1395677012269578,0.3073894651077479,0.041440684091783364,9220.0
0.031,0.25,0.03,10000,1.0,0.0,0.11897682269625573,0.2979852742132013,0.041440684091783364,9220.0
0.0345,0.25,0.03,10000,1.0,0.0,0.09437755030274136,0.2868289564781169,0.041440684091783364,9220.0
0.038,0.25,0.03,10000,1.0,0.0,0.06918458887127618,0.2755074250361873,0.041440684091783364,9220.0
0.0415,0.25,0.03,10000,0.9875,0.0,0.04892793119295498,0.2664916114846736,0.041440684091783364,9220.0
0.045000000000000005,0.25,0.03,10000,0.8875,0.0,0.021868989744135394,0.2546073958705081,0.041440684091783364,9220.0
0.0485,0.25,0.03,10000,0.55,0.0,0.004332549769522211,0.24699984745638925,0.041440684091783364,9220.0
0.052000000000000005,0.25,0.03,10000,0.175,0.0,-0.017158000399764825,0.23780780798324175,0.041440684091783364,9220.0
0.0555,0.25,0.03,10000,0.0125,0.0,-0.044203457231712304,0.2264329920757781,0.041440684091783364,9220.0
0.059000000000000004,0.25,0.03,10000,0.0,0.0,-0.06538912764238938,0.21768141760298496,0.041440684091783364,9220.0
0.0625,0.25,0.03,10000,0.0,0.0,-0.08920807336963435,0.2080492314295388,0.041440684091783364,9220.0
0.066,0.25,0.03,10000,0.0,0.0,-0.10834693037252693,0.20045544125964954,0.041440684091783364,9220.0
0.0695,0.25,0.03,10000,0.0,0.0,-0.12320969707568281,0.1946693996559612,0.041440684091783364,9220.0
0.073,0.25,0.03,10000,0.0,0.0,-0.14976007724035367,0.18451699286175288,0.041440684091783364,9220.0
0.0765,0.25,0.03,10000,0.0,0.0,-0.16824739639685782,0.17765291156431792,0.041440684091783364,9220.0
0.08,0.25,0.03,10000,0.0,0.0,-0.18496212473714507,0.17154516464131614,0.041440684091783364,9220.0
0.08349999999999999,0.25,0.03,10000,0.0,0.0,-0.20282723548615475,0.16517667328312852,0.041440684091783364,9220.0
0.087,0.25,0.03,10000,0.0,0.0,-0.22124859233039712,0.15873271474332934,0.041440684091783364,9220.0
0.0905,0.25,0.03,10000,0.0,0.0,-0.24179418518802906,0.15172437731203706,0.041440684091783364,9220.0
0.094,0.25,0.03,10000,0.0,0.0,-0.2602108761881833,0.14559541594741923,0.041440684091783364,9220.0
0.0975,0.25,0.03,10000,0.0,0.0,-0.27472224792330685,0.14089278075516282,0.041440684091783364,9220.0
0.10099999999999999,0.25,0.03,10000,0.0,0.0,-0.29432175821939327,0.13467609462351865,0.041440684091783364,9220.0
0.1045,0.25,0.03,10000,0.0,0.0,-0.3137439213287367,0.1286919665038658,0.041440684091783364,9220.0
0.108,0.25,0.03,10000,0.0,0.0,-0.3245117453082894,0.12547587618071857,0.041440684091783364,9220.0
0.1115,0.25,0.03,10000,0.0,0.0,-0.3418304117548102,0.12035890972487184,0.041440684091783364,9220.0
0.11499999999999999,0.25,0.03,10000,0.0,0.0,-0.3625008916975593,0.11444513102804695,0.041440684091783364,9220.0
0.1185,0.25,0.03,10000,0.0,0.0,-0.37926432520487696,0.10979966589988457,0.041440684091783364,9220.0
0.122,0.25,0.03,10000,0.0,0.0,-0.39667731364847464,0.10509870831251897,0.041440684091783364,9220.0
0.1255,0.25,0.03,10000,0.0,0.0,-0.41067146006287947,0.1014286821324443,0.041440684091783364,9220.0
0.129,0.25,0.03,10000,0.0,0.0,-0.4230459927493143,0.09823951240688053,0.041440684091783364,9220.0
0.1325,0.25,0.03,10000,0.0,0.0,-0.4438435222294409,0.09303949710816763,0.041440684091783364,9220.0
0.136,0.25,0.03,10000,0.0,0.0,-0.45385083209056026,0.09061182041927211,0.041440684091783364,9220.0
0.1395,0.25,0.03,10000,0.0,0.0,-0.4734048474668353,0.08597861755448044,0.041440684091783364,9220.0
0.14300000000000002,0.25,0.03,10000,0.0,0.0,-0.4830345891675917,0.0837624189824699,0.041440684091783364,9220.0
0.14650000000000002,0.25,0.03,10000,0.0,0.0,-0.4996269398719216,0.0800227106358048,0.041440684091783364,9220.0
0.15000000000000002,0.25,0.03,10000,0.0,0.0,-0.5143479677420105,0.0768015529077283,0.041440684091783364,9220.0
0.15350000000000003,0.25,0.03,10000,0.0,0.0,-0.5275603336020357,0.07399285904501599,0.041440684091783364,9220.0
0.157,0.25,0.03,10000,0.0,0.0,-0.5383599295505579,0.07173012110701386,0.041440684091783364,9220.0
0.1605,0.25,0.03,10000,0.0,0.0,-0.552860583004092,0.0687913296455891,0.041440684091783364,9220.0
0.164,0.25,0.03,10000,0.0,0.0,-0.5670315567429587,0.06598028828688347,0.041440684091783364,9220.0
0.1675,0.25,0.03,10000,0.0,0.0,-0.5816998313057586,0.0631605678521856,0.041440684091783364,9220.0
0.171,0.25,0.03,10000,0.0,0.0,-0.5948894253527696,0.060688087935050226,0.041440684091783364,9220.0
0.17450000000000002,0.25,0.03,10000,0.0,0.0,-0.6058633079910265,0.05868525196491849,0.041440684091783364,9220.0
0.17800000000000002,0.25,0.03,10000,0.0,0.0,-0.6179821043332924,0.056528555303042446,0.041440684091783364,9220.0
0.18150000000000002,0.25,0.03,10000,0.0,0.0,-0.629474062067105,0.0545183138020365,0.041440684091783364,9220.0
0.18500000000000003,0.25,0.03,10000,0.0,0.0,-0.6422809773863023,0.05234270096079713,0.041440684091783364,9220.0
0.1885,0.25,0.03,10000,0.0,0.0,-0.6548024473867906,0.050268129873620525,0.041440684091783364,9220.0
0.192,0.25,0.03,10000,0.0,0.0,-0.6671449000189775,0.04828277846984728,0.041440684091783364,9220.0
0.1955,0.25,0.03,10000,0.0,0.0,-0.6765966525464189,0.04678197991346735,0.041440684091783364,9220.0
0.199,0.25,0.03,10000,0.0,0.0,-0.6881144397704739,0.04501284426258058,0.041440684091783364,9220.0
0.2025,0.25,0.03,10000,0.0,0.0,-0.6996957882948565,0.043265589083427015,0.041440684091783364,9220.0
0.20600000000000002,0.25,0.03,10000,0.0,0.0,-0.7100536346801777,0.041740813160382896,0.041440684091783364,9220.0
0.20950000000000002,0.25,0.03,10000,0.0,0.0,-0.7205493364806654,0.040229355015304155,0.041440684091783364,9220.0
0.21300000000000002,0.25,0.03,10000,0.0,0.0,-0.7298069787705326,0.03892775924197707,0.041440684091783364,9220.0
0.21650000000000003,0.25,0.03,10000,0.0,0.0,-0.7407881026455274,0.03740633810969415,0.041440684091783364,9220.0
0.22,0.25,0.03,10000,0.0,0.0,-0.7523386473249889,0.035854729574784194,0.041440684091783364,9220.0
0.01,0.3,0.03,10000,1.0,0.0,0.2513093577228324,0.35344074557499816,0.04656115536396532,9130.0
0.0135,0.3,0.03,10000,1.0,0.0,0.22435135326992733,0.34108515631100095,0.04656115536396532,9130.0
0.017,0.3,0.03,10000,1.0,0.0,0.2000314299335307,0.3299459518006701,0.04656115536396532,9130.0
0.0205,0.3,0.03,10000,1.0,0.0,0.17381190250973463,0.31794888040071523,0.04656115536396532,9130.0
0.024,0.3,0.03,10000,1.0,0.0,0.14590313243226585,0.30522946443346377,0.04656115536396532,9130.0
0.027500000000000004,0.3,0.03,10000,1.0,0.0,0.1280827889211888,0.29714739301377957,0.04656115536396532,9130.0
0.031,0.3,0.03,10000,1.0,0.0,0.10043944444142554,0.28470714466997726,0.04656115536396532,9130.0
0.0345,0.3,0.03,10000,1.0,0.0,0.0732748603397415,0.272599985260568,0.04656115536396532,9130.0
0.038,0.3,0.03,10000,1.0,0.0,0.051305853617166344,0.2629205401996246,0.04656115536396532,9130.0
0.0415,0.3,0.03,10000,0.9125,0.0,0.029245562251311908,0.2533133333768515,0.04656115536396532,9130.0
0.045000000000000005,0.3,0.03,10000,0.4625,0.0,0.003824050853902414,0.24239559041494402,0.04656115536396532,9130.0
0.0485,0.3,0.03,10000,0.175,0.0,-0.01566518418840323,0.2341574354058499,0.04656115536396532,9130.0
0.052000000000000005,0.3,0.03,10000,0.0125,0.0,-0.041432014100668844,0.22343994958730545,0.04656115536396532,9130.0
0.0555,0.3,0.03,10000,0.0,0.0,-0.05193375028543974,0.21913247034747219,0.04656115536396532,9130.0
0.059000000000000004,0.3,0.03,10000,0.0,0.0,-0.07887949937132663,0.2082615747625683,0.04656115536396532,9130.0
0.0625,0.3,0.03,10000,0.0,0.0,-0.1017120965692859,0.19925887500531955,0.04656115536396532,9130.0
0.066,0.3,0.03,10000,0.0,0.0,-0.1220425200786797,0.19142620623456477,0.04656115536396532,9130.0
0.0695,0.3,0.03,10000,0.0,0.0,-0.14231511318070258,0.18375793594994766,0.04656115536396532,9130.0
0.073,0.3,0.03,10000,0.0,0.0,-0.16100534887373513,0.17683655313658234,0.04656115536396532,9130.0
0.0765,0.3,0.03,10000,0.0,0.0,-0.17747687448240929,0.1708784563758477,0.04656115536396532,9130.0
0.08,0.3,0.03,10000,0.0,0.0,-0.19941294134286439,0.16312389406248312,0.04656115536396532,9130.0
0.08349999999999999,0.3,0.03,10000,0.0,0.0,-0.2208132801719747,0.1557384395751143,0.04656115536396532,9130.0
0.087,0.3,0.03,10000,0.0,0.0,-0.23873127402728822,0.14969953967187913,0.04656115536396532,9130.0
0.0905,0.3,0.03,10000,0.0,0.0,-0.2554151657338379,0.1442257906949387,0.04656115536396532,9130.0
0.094,0.3,0.03,10000,0.0,0.0,-0.2727963068452814,0.13866617264133957,0.04656115536396532,9130.0
0.0975,0.3,0.03,10000,0.0,0.0,-0.2874562229646678,0.1340567942191096,0.04656115536396532,9130.0
0.10099999999999999,0.3,0.03,10000,0.0,0.0,-0.3111555158270632,0.126863966671168,0.04656115536396532,9130.0
0.1045,0.3,0.03,10000,0.0,0.0,-0.32664047416581127,0.12225855706033364,0.04656115536396532,9130.0
0.108,0.3,0.03,10000,0.0,0.0,-0.34051794222598186,0.11824135250318835,0.04656115536396532,9130.0
0.1115,0.3,0.03,10000,0.0,0.0,-0.35680240787150186,0.11364717324115339,0.04656115536396532,9130.0
0.11499999999999999,0.3,0.03,10000,0.0,0.0,-0.37775208963985263,0.1078922503663294,0.04656115536396532,9130.0
0.1185,0.3,0.03,10000,0.0,0.0,-0.38983001000509643,0.10468522962177111,0.04656115536396532,9130.0
0.122,0.3,0.03,10000,0.0,0.0,-0.40773438474068024,0.10002118570934186,0.04656115536396532,9130.0
0.1255,0.3,0.03,10000,0.0,0.0,-0.4235137048068549,0.0960468984184363,0.04656115536396532,9130.0
0.129,0.3,0.03,10000,0.0,0.0,-0.44044995707873086,0.09187624014915716,0.04656115536396532,9130.0
0.1325,0.3,0.03,10000,0.0,0.0,-0.4519987707226921,0.08911665861807933,0.04656115536396532,9130.0
0.136,0.3,0.03,10000,0.0,0.0,-0.46823272136695077,0.08532102291977253,0.04656115536396532,9130.0
0.1395,0.3,0.03,10000,0.0,0.0,-0.47862690465797525,0.08296424019963357,0.04656115536396532,9130.0
0.14300000000000002,0.3,0.03,10000,0.0,0.0,-0.4959748258966018,0.0791014317442361,0.04656115536396532,9130.0
0.14650000000000002,0.3,0.03,10000,0.0,0.0,-0.5110297106074535,0.07583734416701343,0.04656115536396532,9130.0
0.15000000000000002,0.3,0.03,10000,0.0,0.0,-0.5217955073748672,0.07356932912196071,0.04656115536396532,9130.0
0.15350000000000003,0.3,0.03,10000,0.0,0.0,-0.5352498555466907,0.07081311841507013,0.04656115536396532,9130.0
0.157,0.3,0.03,10000,0.0,0.0,-0.5531240714460599,0.06723638649943653,0.04656115536396532,9130.0
0.1605,0.3,0.03,10000,0.0,0.0,-0.5659103671606365,0.064750379197455,0.04656115536396532,9130.0
0.164,0.3,0.03,10000,0.0,0.0,-0.5767868103640279,0.06269953249047422,0.04656115536396532,9130.0
0.1675,0.3,0.03,10000,0.0,0.0,-0.5904758558453029,0.06016595663030797,0.04656115536396532,9130.0
0.171,0.3,0.03,10000,0.0,0.0,-0.6045100748101269,0.057647507400540365,0.04656115536396532,9130.0
0.17450000000000002,0.3,0.03,10000,0.0,0.0,-0.6163492163293336,0.05556317219533611,0.04656115536396532,9130.0
0.17800000000000002,0.3,0.03,10000,0.0,0.0,-0.631222391205956,0.05302255107898731,0.04656115536396532,9130.0
0.18150000000000002,0.3,0.03,10000,0.0,0.0,-0.6384653927243911,0.05181857547525476,0.04656115536396532,9130.0
0.18500000000000003,0.3,0.03,10000,0.0,0.0,-0.6546426102840084,0.049181733197409275,0.04656115536396532,9130.0
0.1885,0.3,0.03,10000,0.0,0.0,-0.665197708669654,0.04750897554373212,0.04656115536396532,9130.0
0.192,0.3,0.03,10000,0.0,0.0,-0.6750243314978133,0.04599606483983185,0.04656115536396532,9130.0
0.1955,0.3,0.03,10000,0.0,0.0,-0.6869516382714271,0.044183327711862105,0.04656115536396532,9130.0
0.199,0.3,0.03,10000,0.0,0.0,-0.6966043494794383,0.042750667366944994,0.04656115536396532,9130.0
0.2025,0.3,0.03,10000,0.0,0.0,-0.7092275700714679,0.040927415374534426,0.04656115536396532,9130.0
0.20600000000000002,0.3,0.03,10000,0.0,0.0,-0.7213863974808472,0.03921101391827601,0.04656115536396532,9130.0
0.20950000000000002,0.3,0.03,10000,0.0,0.0,-0.7298410117174274,0.038043562886848195,0.04656115536396532,9130.0
0.21300000000000002,0.3,0.03,10000,0.0,0.0,-0.7368580642811382,0.03709942012728303,0.04656115536396532,9130.0
0.21650000000000003,0.3,0.03,10000,0.0,0.0,-0.7515510220913352,0.03515488240118328,0.04656115536396532,9130.0
0.22,0.3,0.03,10000,0.0,0.0,-0.7592017822771799,0.034167931037439536,0.04656115536396532,9130.0
0.01,0.35,0.03,10000,1.0,0.0,0.23576704561261433,0.3409556880389263,0.05175790477917808,9040.0
0.0135,0.35,0.03,10000,1.0,0.0,0.20394194313975214,0.3264814401966399,0.05175790477917808,9040.0
0.017,0.35,0.03,10000,1.0,0.0,0.18071859647671534,0.31593153720209977,0.05175790477917808,9040.0
0.0205,0.35,0.03,10000,1.0,0.0,0.15175788033501086,0.30284007968106985,0.05175790477917808,9040.0
0.024,0.35,0.03,10000,1.0,0.0,0.12814581014924542,0.2922307288137209,0.05175790477917808,9040.0
0.027500000000000004,0.35,0.03,10000,1.0,0.0,0.10489386050960818,0.28186144450619777,0.05175790477917808,9040.0
0.031,0.35,0.03,10000,1.0,0.0,0.07702940676826422,0.2695532966066807,0.05175790477917808,9040.0
0.0345,0.35,0.03,10000,1.0,0.0,0.057207907003355075,0.2608977235239168,0.05175790477917808,9040.0
0.038,0.35,0.03,10000,0.9375,0.0,0.03356601764215291,0.2506856389732652,0.05175790477917808,9040.0
0.0415,0.35,0.03,10000,0.5875,0.0,0.007386369818974619,0.2395549367602549,0.05175790477917808,9040.0
0.045000000000000005,0.35,0.03,10000,0.2875,0.0,-0.010900246247695542,0.23190448092625432,0.05175790477917808,9040.0
0.0485,0.35,0.03,10000,0.0625,0.0,-0.03257229230588461,0.22296426941077963,0.05175790477917808,9040.0
0.052000000000000005,0.35,0.03,10000,0.0,0.0,-0.055519641159323826,0.21366836351261007,0.05175790477917808,9040.0
0.0555,0.35,0.03,10000,0.0,0.0,-0.07716948710281135,0.2050535647175571,0.05175790477917808,9040.0
0.059000000000000004,0.35,0.03,10000,0.0,0.0,-0.09459982768674435,0.19824846192899925,0.05175790477917808,9040.0
0.0625,0.35,0.03,10000,0.0,0.0,-0.1157883944184894,0.1901287228884847,0.05175790477917808,9040.0
0.066,0.35,0.03,10000,0.0,0.0,-0.13826323658993314,0.18171758572030697,0.05175790477917808,9040.0
0.0695,0.35,0.03,10000,0.0,0.0,-0.1529443867028597,0.17632110351042868,0.05175790477917808,9040.0
0.073,0.35,0.03,10000,0.0,0.0,-0.17466587157751756,0.1685413382873458,0.05175790477917808,9040.0
0.0765,0.35,0.03,10000,0.0,0.0,-0.19963944633284186,0.15981870256527436,0.05175790477917808,9040.0
0.08,0.35,0.03,10000,0.0,0.0,-0.21393597191036767,0.1549435618087754,0.05175790477917808,9040.0
0.08349999999999999,0.35,0.03,10000,0.0,0.0,-0.23838803494579447,0.14680830319576452,0.05175790477917808,9040.0
0.087,0.35,0.03,10000,0.0,0.0,-0.25243314686834945,0.1422875336643632,0.05175790477917808,9040.0
0.0905,0.35,0.03,10000,0.0,0.0,-0.2717385253762141,0.13617603085003535,0.05175790477917808,9040.0
0.094,0.35,0.03,10000,0.0,0.0,-0.2841470948053016,0.13236022055023433,0.05175790477917808,9040.0
0.0975,0.35,0.03,10000,0.0,0.0,-0.3048235831340375,0.12612226285475542,0.05175790477917808,9040.0
0.10099999999999999,0.35,0.03,10000,0.0,0.0,-0.3219333942197139,0.12109587180914608,0.05175790477917808,9040.0
0.1045,0.35,0.03,10000,0.0,0.0,-0.3407930668675173,0.11571425402014375,0.05175790477917808,9040.0
0.108,0.35,0.03,10000,0.0,0.0,-0.35666213193750407,0.11131964817774184,0.05175790477917808,9040.0
0.1115,0.35,0.03,10000,0.0,0.0,-0.37257094720590433,0.10702458762421388,0.05175790477917808,9040.0
0.11499999999999999,0.35,0.03,10000,0.0,0.0,-0.3880299490639566,0.10296954624576922,0.05175790477917808,9040.0
0.1185,0.35,0.03,10000,0.0,0.0,-0.40478730581274547,0.09866802620349244,0.05175790477917808,9040.0
0.122,0.35,0.03,10000,0.0,0.0,-0.4190457314935676,0.09512598700815245,0.05175790477917808,9040.0
0.1255,0.35,0.03,10000,0.0,0.0,-0.4345351507445949,0.09132472324012633,0.05175790477917808,9040.0
0.129,0.35,0.03,10000,0.0,0.0,-0.45145169831262066,0.08735719967313754,0.05175790477917808,9040.0
0.1325,0.35,0.03,10000,0.0,0.0,-0.4629921558083379,0.08467605676214249,0.05175790477917808,9040.0
0.136,0.35,0.03,10000,0.0,0.0,-0.48019863354087244,0.08081125185222013,0.05175790477917808,9040.0
0.1395,0.35,0.03,10000,0.0,0.0,-0.49193459678034285,0.07825370953068223,0.05175790477917808,9040.0
0.14300000000000002,0.35,0.03,10000,0.0,0.0,-0.5104643795343791,0.074313540767102,0.05175790477917808,9040.0
0.14650000000000002,0.35,0.03,10000,0.0,0.0,-0.5194007074108187,0.07246447020643303,0.05175790477917808,9040.0
0.15000000000000002,0.35,0.03,10000,0.0,0.0,-0.5348734385353681,0.06933781566372461,0.05175790477917808,9040.0
0.15350000000000003,0.35,0.03,10000,0.0,0.0,-0.5507004566070589,0.06623135749769797,0.05175790477917808,9040.0
0.157,0.35,0.03,10000,0.0,0.0,-0.5619451532280928,0.06409378522374919,0.05175790477917808,9040.0
0.1605,0.35,0.03,10000,0.0,0.0,-0.5749017544373114,0.06165985340781066,0.05175790477917808,9040.0
0.164,0.35,0.03,10000,0.0,0.0,-0.5881562617832502,0.059251997119942425,0.05175790477917808,9040.0
0.1675,0.35,0.03,10000,0.0,0.0,-0.5995270455916655,0.05723620027673042,0.05175790477917808,9040.0
0.171,0.35,0.03,10000,0.0,0.0,-0.6150509013820498,0.05455806603656619,0.05175790477917808,9040.0
0.17450000000000002,0.35,0.03,10000,0.0,0.0,-0.6240777817315665,0.053032522911870425,0.05175790477917808,9040.0
0.17800000000000002,0.35,0.03,10000,0.0,0.0,-0.6365023360837635,0.050987449289970024,0.05175790477917808,9040.0
0.18150000000000002,0.35,0.03,10000,0.0,0.0,-0.6497775688964704,0.04885544958733166,0.05175790477917808,9040.0
0.18500000000000003,0.35,0.03,10000,0.0,0.0,-0.6568354256580763,0.04774684189432095,0.05175790477917808,9040.0
0.1885,0.35,0.03,10000,0.0,0.0,-0.6749067151319812,0.044988859006759016,0.05175790477917808,9040.0
0.192,0.35,0.03,10000,0.0,0.0,-0.6854170894094123,0.04342050104623535,0.05175790477917808,9040.0
0.1955,0.35,0.03,10000,0.0,0.0,-0.6974495859740941,0.041669450382102,0.05175790477917808,9040.0
0.199,0.35,0.03,10000,0.0,0.0,-0.7060008340361271,0.040463633545995935,0.05175790477917808,9040.0
0.2025,0.35,0.03,10000,0.0,0.0,-0.7163797517761822,0.03902384603581123,0.05175790477917808,9040.0
0.20600000000000002,0.35,0.03,10000,0.0,0.0,-0.7271197833933196,0.03755857246792858,0.05175790477917808,9040.0
0.20950000000000002,0.35,0.03,10000,0.0,0.0,-0.7373689944882031,0.036196458095878827,0.05175790477917808,9040.0
0.21300000000000002,0.35,0.03,10000,0.0,0.0,-0.7484353638334538,0.03476247631125752,0.05175790477917808,9040.0
0.21650000000000003,0.35,0.03,10000,0.0,0.0,-0.7568889273106894,0.03368959177964631,0.05175790477917808,9040.0
0.22,0.35,0.03,10000,0.0,0.0,-0.76505825742326,0.03266431263788695,0.05175790477917808,9040.0
0.01,0.4,0.03,10000,1.0,0.0,0.21315139448811404,0.32540549690357645,0.05703284516337992,8950.0
0.0135,0.4,0.03,10000,1.0,0.0,0.18416500474400277,0.3123520901096844,0.05703284516337992,8950.0
0.017,0.4,0.03,10000,1.0,0.0,0.1579262781323108,0.3005872293381329,0.05703284516337992,8950.0
0.0205,0.4,0.03,10000,1.0,0.0,0.1370623103174204,0.29128509917689954,0.05703284516337992,8950.0
0.024,0.4,0.03,10000,1.0,0.0,0.10845368670478236,0.2786283745461767,0.05703284516337992,8950.0
0.027500000000000004,0.4,0.03,10000,1.0,0.0,0.08466618025932285,0.26821047887738175,0.05703284516337992,8950.0
0.031,0.4,0.03,10000,1.0,0.0,0.06105528589121645,0.25798336713953296,0.05703284516337992,8950.0
0.0345,0.4,0.03,10000,0.9625,0.0,0.039782184935453706,0.2488805755656159,0.05703284516337992,8950.0
0.038,0.4,0.03,10000,0.7375,0.0,0.015333249045499053,0.23856927802532263,0.05703284516337992,8950.0
0.0415,0.4,0.03,10000,0.25,0.0,-0.009163085276495597,0.22839234866413832,0.05703284516337992,8950.0
0.045000000000000005,0.4,0.03,10000,0.0375,0.0,-0.027474763996744332,0.22091012247326977,0.05703284516337992,8950.0
0.0485,0.4,0.03,10000,0.0,0.0,-0.05228458146444481,0.21096280438944676,0.05703284516337992,8950.0
0.052000000000000005,0.4,0.03,10000,0.0,0.0,-0.07499395261620215,0.2020353480325326,0.05703284516337992,8950.0
0.0555,0.4,0.03,10000,0.0,0.0,-0.09385624167114523,0.19477195852049026,0.05703284516337992,8950.0
0.059000000000000004,0.4,0.03,10000,0.0,0.0,-0.11452660527148076,0.18696671474037824,0.05703284516337992,8950.0
0.0625,0.4,0.03,10000,0.0,0.0,-0.13153917481256636,0.18066824947262333,0.05703284516337992,8950.0
0.066,0.4,0.03,10000,0.0,0.0,-0.15044706549115053,0.17379221388109337,0.05703284516337992,8950.0
0.0695,0.4,0.03,10000,0.0,0.0,-0.17643069117865767,0.1646130995163177,0.05703284516337992,8950.0
0.073,0.4,0.03,10000,0.0,0.0,-0.19146632248806128,0.15942773969505783,0.05703284516337992,8950.0
0.0765,0.4,0.03,10000,0.0,0.0,-0.21177715659216773,0.15256747941680157,0.05703284516337992,8950.0
0.08,0.4,0.03,10000,0.0,0.0,-0.22898157770677852,0.14694123497650674,0.05703284516337992,8950.0
0.08349999999999999,0.4,0.03,10000,0.0,0.0,-0.2478769741076837,0.14084168207544487,0.05703284516337992,8950.0
0.087,0.4,0.03,10000,0.0,0.0,-0.26674784048688754,0.13493709726902642,0.05703284516337992,8950.0
0.0905,0.4,0.03,10000,0.0,0.0,-0.2856696828865683,0.12918379816844935,0.05703284516337992,8950.0
0.094,0.4,0.03,10000,0.0,0.0,-0.29967032537679267,0.1250358965536253,0.05703284516337992,8950.0
0.0975,0.4,0.03,10000,0.0,0.0,-0.3170310339939655,0.1199880662889744,0.05703284516337992,8950.0
0.10099999999999999,0.4,0.03,10000,0.0,0.0,-0.33606831219819877,0.11462009826302082,0.05703284516337992,8950.0
0.1045,0.4,0.03,10000,0.0,0.0,-0.3561892068604311,0.10912917485927931,0.05703284516337992,8950.0
0.108,0.4,0.03,10000,0.0,0.0,-0.3668559518611658,0.10627734375143154,0.05703284516337992,8950.0
0.1115,0.4,0.03,10000,0.0,0.0,-0.38715015395235197,0.10101633861968429,0.05703284516337992,8950.0
0.11499999999999999,0.4,0.03,10000,0.0,0.0,-0.4004794093720877,0.09763880945064593,0.05703284516337992,8950.0
0.1185,0.4,0.03,10000,0.0,0.0,-0.4158892151501751,0.09384353680964104,0.05703284516337992,8950.0
0.122,0.4,0.03,10000,0.0,0.0,-0.42713558525345496,0.09114244894809963,0.05703284516337992,8950.0
0.1255,0.4,0.03,10000,0.0,0.0,-0.44347251351223793,0.0872919600444535,0.05703284516337992,8950.0
0.129,0.4,0.03,10000,0.0,0.0,-0.464329222827599,0.0825568607469215,0.05703284516337992,8950.0
0.1325,0.4,0.03,10000,0.0,0.0,-0.47640344118881633,0.07990696641819361,0.05703284516337992,8950.0
0.136,0.4,0.03,10000,0.0,0.0,-0.48918453182510585,0.07714968151881174,0.05703284516337992,8950.0
0.1395,0.4,0.03,10000,0.0,0.0,-0.5019327525517773,0.07446203565969858,0.05703284516337992,8950.0
0.14300000000000002,0.4,0.03,10000,0.0,0.0,-0.5190701298486525,0.07096283762934781,0.05703284516337992,8950.0
0.14650000000000002,0.4,0.03,10000,0.0,0.0,-0.530453083716534,0.06869827665078727,0.05703284516337992,8950.0
0.15000000000000002,0.4,0.03,10000,0.0,0.0,-0.5462474315349093,0.06563216775780764,0.05703284516337992,8950.0
0.15350000000000003,0.4,0.03,10000,0.0,0.0,-0.5576795862895384,0.0634704118588774,0.05703284516337992,8950.0
0.157,0.4,0.03,10000,0.0,0.0,-0.5732830862567256,0.06060904675396959,0.05703284516337992,8950.0
0.1605,0.4,0.03,10000,0.0,0.0,-0.5861651249772839,0.05830976871175682,0.05703284516337992,8950.0
0.164,0.4,0.03,10000,0.0,0.0,-0.5974300283530278,0.0563371461216431,0.05703284516337992,8950.0
0.1675,0.4,0.03,10000,0.0,0.0,-0.6059082377470055,0.054887336958301634,0.05703284516337992,8950.0
0.171,0.4,0.03,10000,0.0,0.0,-0.6208907061202933,0.052385786647313526,0.05703284516337992,8950.0
0.17450000000000002,0.4,0.03,10000,0.0,0.0,-0.6327491911710723,0.05045879643323352,0.05703284516337992,8950.0
0.17800000000000002,0.4,0.03,10000,0.0,0.0,-0.6441067348710859,0.0486600050654465,0.05703284516337992,8950.0
0.18150000000000002,0.4,0.03,10000,0.0,0.0,-0.6614306181231194,0.04598557167336524,0.05703284516337992,8950.0
0.18500000000000003,0.4,0.03,10000,0.0,0.0,-0.6659698076110456,0.04530016476816482,0.05703284516337992,8950.0
0.1885,0.4,0.03,10000,0.0,0.0,-0.6821244456495899,0.0429257247384917,0.05703284516337992,8950.0
0.192,0.4,0.03,10000,0.0,0.0,-0.6957408627062025,0.04097968981467526,0.05703284516337992,8950.0
0.1955,0.4,0.03,10000,0.0,0.0,-0.7030968526820679,0.039954625863645794,0.05703284516337992,8950.0
0.199,0.4,0.03,10000,0.0,0.0,-0.7165858493522959,0.03811869473470066,0.05703284516337992,8950.0
0.2025,0.4,0.03,10000,0.0,0.0,-0.7239932132933109,0.03712804065103583,0.05703284516337992,8950.0
0.20600000000000002,0.4,0.03,10000,0.0,0.0,-0.7348052504126439,0.035717410385958305,0.05703284516337992,8950.0
0.20950000000000002,0.4,0.03,10000,0.0,0.0,-0.7461729245821023,0.034274068267079606,0.05703284516337992,8950.0
0.21300000000000002,0.4,0.03,10000,0.0,0.0,-0.754993736356794,0.03316478670115477,0.05703284516337992,8950.0
0.21650000000000003,0.4,0.03,10000,0.0,0.0,-0.7643274230422558,0.03201928519790083,0.05703284516337992,8950.0
0.22,0.4,0.03,10000,0.0,0.0,-0.7735217944776707,0.030917956594640177,0.05703284516337992,8950.0
0.01,0.05,0.005,20000,1.0,0.0,0.6191468008127339,0.5376543174771126,0.0,19710.0
0.0135,0.05,0.005,20000,1.0,0.0,0.5794611485392237,0.5224809775781711,0.0,19710.0
0.017,0.05,0.005,20000,1.0,0.0,0.5476176421873277,0.5098656542023738,0.0,19710.0
0.0205,0.05,0.005,20000,1.0,0.0,0.5145321644409657,0.4963165986403607,0.0,19710.0
0.024,0.05,0.005,20000,1.0,0.0,0.48288688393453116,0.482999903545536,0.0,19710.0
0.027500000000000004,0.05,0.005,20000,1.0,0.0,0.44881546517730886,0.468257010465227,0.0,19710.0
0.031,0.05,0.005,20000,1.0,0.0,0.4199221564869423,0.455420982916306,0.0,19710.0
0.0345,0.05,0.005,20000,1.0,0.0,0.39046220882512794,0.44213678166162457,0.0,19710.0
0.038,0.05,0.005,20000,1.0,0.0,0.3641886689734174,0.43005085379399305,0.0,19710.0
0.0415,0.05,0.005,20000,1.0,0.0,0.3313627287226722,0.41478580456737274,0.0,19710.0
0.045000000000000005,0.05,0.005,20000,1.0,0.0,0.3028349921606841,0.40130769150191326,0.0,19710.0
0.0485,0.05,0.005,20000,1.0,0.0,0.2719876462887155,0.38661470160703104,0.0,19710.0
0.052000000000000005,0.05,0.005,20000,1.0,0.0,0.24831027556624935,0.37525914508426955,0.0,19710.0
0.0555,0.05,0.005,20000,1.0,0.0,0.2224552308917934,0.36281565210751926,0.0,19710.0
0.059000000000000004,0.05,0.005,20000,1.0,0.0,0.1986125565072719,0.35131174889064226,0.0,19710.0
0.0625,0.05,0.005,20000,1.0,0.0,0.1754107285447712,0.34011127818747877,0.0,19710.0
0.066,0.05,0.005,20000,1.0,0.0,0.1490864965007208,0.32743165510495154,0.0,19710.0
0.0695,0.05,0.005,20000,1.0,0.0,0.12650180834720165,0.3165928575584989,0.0,19710.0
0.073,0.05,0.005,20000,1.0,0.0,0.10111969521441758,0.3044711828249471,0.0,19710.0
0.0765,0.05,0.005,20000,1.0,0.0,0.08108789772250251,0.29496947210136604,0.0,19710.0
0.08,0.05,0.005,20000,1.0,0.0,0.057215714304457196,0.2837415528813332,0.0,19710.0
0.08349999999999999,0.05,0.005,20000,0.9875,0.0,0.0337931092326755,0.2728384911920379,0.0,19710.0
0.087,0.05,0.005,20000,0.8,0.0,0.012901931847660808,0.26322666705727754,0.0,19710.0
0.0905,0.05,0.005,20000,0.225,0.0,-0.009592105955279432,0.2530018845015108,0.0,19710.0
0.094,0.05,0.005,20000,0.025,0.0,-0.031049542437359922,0.24339686931571278,0.0,19710.0
0.0975,0.05,0.005,20000,0.0,0.0,-0.05200592190696246,0.23414688469054273,0.0,19710.0
0.10099999999999999,0.05,0.005,20000,0.0,0.0,-0.07135708581819598,0.22574506412205536,0.0,19710.0
0.1045,0.05,0.005,20000,0.0,0.0,-0.09108424068045315,0.21732201796561337,0.0,19710.0
0.108,0.05,0.005,20000,0.0,0.0,-0.11257467937550976,0.20831566953608371,0.0,19710.0
0.1115,0.05,0.005,20000,0.0,0.0,-0.1320302308401466,0.20032326520618676,0.0,19710.0
0.11499999999999999,0.05,0.005,20000,0.0,0.0,-0.1513517486382836,0.19253821916636665,0.0,19710.0
0.1185,0.05,0.005,20000,0.0,0.0,-0.1701771632940873,0.1851084135291418,0.0,19710.0
0.122,0.05,0.005,20000,0.0,0.0,-0.18698403572177363,0.17861021739136573,0.0,19710.0
0.1255,0.05,0.005,20000,0.0,0.0,-0.20777781290982572,0.170745792771079,0.0,19710.0
0.129,0.05,0.005,20000,0.0,0.0,-0.2224527724920396,0.16531351301487046,0.0,19710.0
0.1325,0.05,0.005,20000,0.0,0.0,-0.24158771166378248,0.15838761664152207,0.0,19710.0
0.136,0.05,0.005,20000,0.0,0.0,-0.25880714277111877,0.15230246342209464,0.0,19710.0
0.1395,0.05,0.005,20000,0.0,0.0,-0.27738114299207217,0.1459027691063758,0.0,19710.0
0.14300000000000002,0.05,0.005,20000,0.0,0.0,-0.2935238162667978,0.14046497188250043,0.0,19710.0
0.14650000000000002,0.05,0.005,20000,0.0,0.0,-0.3119574715145517,0.1344070276648623,0.0,19710.0
0.15000000000000002,0.05,0.005,20000,0.0,0.0,-0.326518072242479,0.12975326068984122,0.0,19710.0
0.15350000000000003,0.05,0.005,20000,0.0,0.0,-0.3431701407142894,0.12454296587307645,0.0,19710.0
0.157,0.05,0.005,20000,0.0,0.0,-0.35855560253590013,0.11984907830512732,0.0,19710.0
0.1605,0.05,0.005,20000,0.0,0.0,-0.3736260545123343,0.11536470451461649,0.0,19710.0
0.164,0.05,0.005,20000,0.0,0.0,-0.3903645314102866,0.11051388586998807,0.0,19710.0
0.1675,0.05,0.005,20000,0.0,0.0,-0.40444304382824514,0.10653082622985925,0.0,19710.0
0.171,0.05,0.005,20000,0.0,0.0,-0.41968670863303537,0.10232880147328716,0.0,19710.0
0.17450000000000002,0.05,0.005,20000,0.0,0.0,-0.43680980699802996,0.09773514230236258,0.0,19710.0
0.17800000000000002,0.05,0.005,20000,0.0,0.0,-0.44898968506650183,0.09455317064850999,0.0,19710.0
0.18150000000000002,0.05,0.005,20000,0.0,0.0,-0.4624121185717868,0.09112454038897644,0.0,19710.0
0.18500000000000003,0.05,0.005,20000,0.0,0.0,-0.47781969531615776,0.0872932408644417,0.0,19710.0
0.1885,0.05,0.005,20000,0.0,0.0,-0.4921649721612658,0.08382112010364784,0.0,19710.0
0.192,0.05,0.005,20000,0.0,0.0,-0.5048340369490214,0.08083140774451314,0.0,19710.0
0.1955,0.05,0.005,20000,0.0,0.0,-0.517229373177977,0.07796563091554687,0.0,19710.0
0.199,0.05,0.005,20000,0.0,0.0,-0.5313923851376514,0.07477902225401153,0.0,19710.0
0.2025,0.05,0.005,20000,0.0,0.0,-0.5437224756174914,0.07207882972755726,0.0,19710.0
0.20600000000000002,0.05,0.005,20000,0.0,0.0,-0.5567706258934012,0.06928183838453202,0.0,19710.0
0.20950000000000002,0.05,0.005,20000,0.0,0.0,-0.5674848954931714,0.06704766007931383,0.0,19710.0
0.21300000000000002,0.05,0.005,20000,0.0,0.0,-0.5811859950601349,0.06425011409500661,0.0,19710.0
0.21650000000000003,0.05,0.005,20000,0.0,0.0,-0.5923327158216146,0.06203035127112213,0.0,19710.0
0.22,0.05,0.005,20000,0.0,0.0,-0.6025769464595889,0.06003646652163588,0.0,19710.0
0.01,0.1,0.005,20000,1.0,0.0,0.5887220023075322,0.5208364770499587,0.0,19530.0
0.0135,0.1,0.005,20000,1.0,0.0,0.5543342392585462,0.5073069311603922,0.0,19530.0
0.017,0.1,0.005,20000,1.0,0.0,0.5214670212816671,0.4939398737902769,0.0,19530.0
0.0205,0.1,0.005,20000,1.0,0.0,0.48765265509574346,0.4797842000791935,0.0,19530.0
0.024,0.1,0.005,20000,1.0,0.0,0.45622766082382926,0.46622925194533027,0.0,19530.0
0.027500000000000004,0.1,0.005,20000,1.0,0.0,0.4277830031351216,0.45372620804376956,0.0,19530.0
0.031,0.1,0.005,20000,1.0,0.0,0.395720790432532,0.43932514880381507,0.0,19530.0
0.0345,0.1,0.005,20000,1.0,0.0,0.36693116828708366,0.42619552611346145,0.0,19530.0
0.038,0.1,0.005,20000,1.0,0.0,0.33677996279637645,0.41220918799737144,0.0,19530.0
0.0415,0.1,0.005,20000,1.0,0.0,0.31005632289236573,0.3996803010758783,0.0,19530.0
0.045000000000000005,0.1,0.005,20000,1.0,0.0,0.2832584291726555,0.3870075537684461,0.0,19530.0
0.0485,0.1,0.005,20000,1.0,0.0,0.25803011453118946,0.37498825329777963,0.0,19530.0
0.052000000000000005,0.1,0.005,20000,1.0,0.0,0.2302495270775521,0.3617065516551057,0.0,19530.0
0.0555,0.1,0.005,20000,1.0,0.0,0.20565987071340924,0.34991681442455913,0.0,19530.0
0.059000000000000004,0.1,0.005,20000,1.0,0.0,0.17770356722496203,0.3365115890343082,0.0,19530.0
0.0625,0.1,0.005,20000,1.0,0.0,0.15476118960759216,0.32553583447125123,0.0,19530.0
0.066,0.1,0.005,20000,1.0,0.0,0.13220699916714396,0.31477699722008,0.0,19530.0
0.0695,0.1,0.005,20000,1.0,0.0,0.10541853368077532,0.30207386251331736,0.0,19530.0
0.073,0.1,0.005,20000,1.0,0.0,0.08547427776721231,0.29268074993114146,0.0,19530.0
0.0765,0.1,0.005,20000,1.0,0.0,0.06273514559460494,0.28205584802581424,0.0,19530.0
0.08,0.1,0.005,20000,1.0,0.0,0.03641343364180363,0.26989399372047473,0.0,19530.0
0.08349999999999999,0.1,0.005,20000,0.8875,0.0,0.016448208115296313,0.26078304069286773,0.0,19530.0
0.087,0.1,0.005,20000,0.325,0.0,-0.005371069455375128,0.2509445694208961,0.0,19530.0
0.0905,0.1,0.005,20000,0.025,0.0,-0.02450437851623051,0.24243070641537418,0.0,19530.0
0.094,0.1,0.005,20000,0.0,0.0,-0.045539883219335484,0.23321067283841818,0.0,19530.0
0.0975,0.1,0.005,20000,0.0,0.0,-0.06684563496190823,0.2240209409253672,0.0,19530.0
0.10099999999999999,0.1,0.005,20000,0.0,0.0,-0.08758839672877242,0.21523855881289808,0.0,19530.0
0.1045,0.1,0.005,20000,0.0,0.0,-0.1074140104183269,0.20699427358053013,0.0,19530.0
0.108,0.1,0.005,20000,0.0,0.0,-0.1278456414843593,0.19866915707290436,0.0,19530.0
0.1115,0.1,0.005,20000,0.0,0.0,-0.145534896318955,0.19159560817286075,0.0,19530.0
0.11499999999999999,0.1,0.005,20000,0.0,0.0,-0.1670442103992952,0.18318460219781557,0.0,19530.0
0.1185,0.1,0.005,20000,0.0,0.0,-0.18627556718873697,0.1758243915055781,0.0,19530.0
0.122,0.1,0.005,20000,0.0,0.0,-0.20291198689097864,0.16959910276658716,0.0,19530.0
0.1255,0.1,0.005,20000,0.0,0.0,-0.21967887476188572,0.1634511524137326,0.0,19530.0
0.129,0.1,0.005,20000,0.0,0.0,-0.23933565267613463,0.15641155414760982,0.0,19530.0
0.1325,0.1,0.005,20000,0.0,0.0,-0.2560264997707966,0.1505852254017292,0.0,19530.0
0.136,0.1,0.005,20000,0.0,0.0,-0.272990913859421,0.14477643083280686,0.0,19530.0
0.1395,0.1,0.005,20000,0.0,0.0,-0.2908092144345802,0.13884124557558977,0.0,19530.0
0.14300000000000002,0.1,0.005,20000,0.0,0.0,-0.3066172551552865,0.1336975848325169,0.0,19530.0
0.14650000000000002,0.1,0.005,20000,0.0,0.0,-0.32234654802616275,0.12870366571413616,0.0,19530.0
0.15000000000000002,0.1,0.005,20000,0.0,0.0,-0.3407365079533946,0.12301009321579821,0.0,19530.0
0.15350000000000003,0.1,0.005,20000,0.0,0.0,-0.3553118668883726,0.11862580064883081,0.0,19530.0
0.157,0.1,0.005,20000,0.0,0.0,-0.37043580551376526,0.11416973589822108,0.0,19530.0
0.1605,0.1,0.005,20000,0.0,0.0,-0.3842024308561833,0.11021036010465479,0.0,19530.0
0.164,0.1,0.005,20000,0.0,0.0,-0.4002864035126942,0.1056995386226218,0.0,19530.0
0.1675,0.1,0.005,20000,0.0,0.0,-0.4144615911906411,0.1018263363898031,0.0,19530.0
0.171,0.1,0.005,20000,0.0,0.0,-0.4289036964473598,0.09797127376664301,0.0,19530.0
0.17450000000000002,0.1,0.005,20000,0.0,0.0,-0.4459260929225913,0.09355901214111975,0.0,19530.0
0.17800000000000002,0.1,0.005,20000,0.0,0.0,-0.45991219199811423,0.09002575462453848,0.0,19530.0
0.18150000000000002,0.1,0.005,20000,0.0,0.0,-0.4743516211754959,0.08647698722412415,0.0,19530.0
0.18500000000000003,0.1,0.005,20000,0.0,0.0,-0.4901766185913953,0.0826911055120102,0.0,19530.0
0.1885,0.1,0.005,20000,0.0,0.0,-0.4986002567738444,0.08072015834062003,0.0,19530.0
0.192,0.1,0.005,20000,0.0,0.0,-0.5138268559878563,0.07724420520048406,0.0,19530.0
0.1955,0.1,0.005,20000,0.0,0.0,-0.5280781801960691,0.07406961996892406,0.0,19530.0
0.199,0.1,0.005,20000,0.0,0.0,-0.5419582109512674,0.07106528867026576,0.0,19530.0
0.2025,0.1,0.005,20000,0.0,0.0,-0.553790590394095,0.0685654262282522,0.0,19530.0
0.20600000000000002,0.1,0.005,20000,0.0,0.0,-0.5659760479896513,0.06605737636108186,0.0,19530.0
0.20950000000000002,0.1,0.005,20000,0.0,0.0,-0.5781431725084423,0.06360615108130438,0.0,19530.0
0.21300000000000002,0.1,0.005,20000,0.0,0.0,-0.5897145379574292,0.061337712518958365,0.0,19530.0
0.21650000000000003,0.1,0.005,20000,0.0,0.0,-0.6007501424466044,0.059213833307660904,0.0,19530.0
0.22,0.1,0.005,20000,0.0,0.0,-0.6115856703550439,0.05717786272812595,0.0,19530.0
0.01,0.15,0.005,20000,1.0,0.0,0.560905679580599,0.5046674050826203,0.0,19350.0
0.0135,0.15,0.005,20000,1.0,0.0,0.5264465498806788,0.4907418400820965,0.0,19350.0
0.017,0.15,0.005,20000,1.0,0.0,0.495426712449018,0.47781511403574595,0.0,19350.0
0.0205,0.15,0.005,20000,1.0,0.0,0.4627775864006515,0.46385967576748754,0.0,19350.0
0.024,0.15,0.005,20000,1.0,0.0,0.4328365503801729,0.4507408979722527,0.0,19350.0
0.027500000000000004,0.15,0.005,20000,1.0,0.0,0.40464816119330543,0.4381773834282976,0.0,19350.0
0.031,0.15,0.005,20000,1.0,0.0,0.373011438443161,0.4238343601154142,0.0,19350.0
0.0345,0.15,0.005,20000,1.0,0.0,0.34184706426788375,0.409482134590548,0.0,19350.0
0.038,0.15,0.005,20000,1.0,0.0,0.3150394343728381,0.3969813559397646,0.0,19350.0
0.0415,0.15,0.005,20000,1.0,0.0,0.28802117737193106,0.38427336938952295,0.0,19350.0
0.045000000000000005,0.15,0.005,20000,1.0,0.0,0.2622880824964945,0.372097772360779,0.0,19350.0
0.0485,0.15,0.005,20000,1.0,0.0,0.23471993931628266,0.35898550646339167,0.0,19350.0
0.052000000000000005,0.15,0.005,20000,1.0,0.0,0.21043277550769646,0.3474277076609251,0.0,19350.0
0.0555,0.15,0.005,20000,1.0,0.0,0.18490296321573893,0.3352654991991193,0.0,19350.0
0.059000000000000004,0.15,0.005,20000,1.0,0.0,0.15994874233421835,0.32340332673259775,0.0,19350.0
0.0625,0.15,0.005,20000,1.0,0.0,0.13500022998274325,0.31158259586907333,0.0,19350.0
0.066,0.15,0.005,20000,1.0,0.0,0.11088648362911183,0.3002291040852887,0.0,19350.0
0.0695,0.15,0.005,20000,1.0,0.0,0.0881266682892912,0.28958517422392693,0.0,19350.0
0.073,0.15,0.005,20000,1.0,0.0,0.06818078771810927,0.28033263788060875,0.0,19350.0
0.0765,0.15,0.005,20000,1.0,0.0,0.04613554588239284,0.2702065644912299,0.0,19350.0
0.08,0.15,0.005,20000,0.8625,0.0,0.01826375360984981,0.25756820061005686,0.0,19350.0
0.08349999999999999,0.15,0.005,20000,0.45,0.0,-0.00010766270349734722,0.2493563098201507,0.0,19350.0
0.087,0.15,0.005,20000,0.0625,0.0,-0.021991401143830393,0.23969932796264723,0.0,19350.0
0.0905,0.15,0.005,20000,0.0,0.0,-0.0424494108512258,0.2308102186523031,0.0,19350.0
0.094,0.15,0.005,20000,0.0,0.0,-0.06317242761784914,0.22195089328130385,0.0,19350.0
0.0975,0.15,0.005,20000,0.0,0.0,-0.08255441054733018,0.21381103839662266,0.0,19350.0
0.10099999999999999,0.15,0.005,20000,0.0,0.0,-0.10439597179298413,0.2048074654546644,0.0,19350.0
0.1045,0.15,0.005,20000,0.0,0.0,-0.12232345372432181,0.19755295944637932,0.0,19350.0
0.108,0.15,0.005,20000,0.0,0.0,-0.14298559755562584,0.1893631379782681,0.0,19350.0
0.1115,0.15,0.005,20000,0.0,0.0,-0.16266497546845624,0.18173791116665564,0.0,19350.0
0.11499999999999999,0.15,0.005,20000,0.0,0.0,-0.18006388948944707,0.1751275174903036,0.0,19350.0
0.1185,0.15,0.005,20000,0.0,0.0,-0.19870169689691752,0.16820913493815065,0.0,19350.0
0.122,0.15,0.005,20000,0.0,0.0,-0.21697984056313394,0.1615757889373722,0.0,19350.0
0.1255,0.15,0.005,20000,0.0,0.0,-0.23254373700908912,0.1560387902598194,0.0,19350.0
0.129,0.15,0.005,20000,0.0,0.0,-0.25168526852759915,0.1493987460982493,0.0,19350.0
0.1325,0.15,0.005,20000,0.0,0.0,-0.26705150130521027,0.1441947316621664,0.0,19350.0
0.136,0.15,0.005,20000,0.0,0.0,-0.28536822416767216,0.13812413135397894,0.0,19350.0
0.1395,0.15,0.005,20000,0.0,0.0,-0.30212641654463473,0.13272194330808001,0.0,19350.0
0.14300000000000002,0.15,0.005,20000,0.0,0.0,-0.32065663802314043,0.1268958572274166,0.0,19350.0
0.14650000000000002,0.15,0.005,20000,0.0,0.0,-0.33438158623708114,0.12269172555189663,0.0,19350.0
0.15000000000000002,0.15,0.005,20000,0.0,0.0,-0.35107691905968724,0.1176973644870702,0.0,19350.0
0.15350000000000003,0.15,0.005,20000,0.0,0.0,-0.3681475381154885,0.11272289155552748,0.0,19350.0
0.157,0.15,0.005,20000,0.0,0.0,-0.38397801696833705,0.10824383509248894,0.0,19350.0
0.1605,0.15,0.005,20000,0.0,0.0,-0.3977235695744895,0.10443874543120901,0.0,19350.0
0.164,0.15,0.005,20000,0.0,0.0,-0.41242563641474544,0.10046927205357359,0.0,19350.0
0.1675,0.15,0.005,20000,0.0,0.0,-0.4264976860474178,0.09676554215531816,0.0,19350.0
0.171,0.15,0.005,20000,0.0,0.0,-0.44189997149510934,0.0928185524349584,0.0,19350.0
0.17450000000000002,0.15,0.005,20000,0.0,0.0,-0.4569242151734539,0.08906888074607151,0.0,19350.0
0.17800000000000002,0.15,0.005,20000,0.0,0.0,-0.4720352770801803,0.08539474073920084,0.0,19350.0
0.18150000000000002,0.15,0.005,20000,0.0,0.0,-0.4842989569870787,0.08248704846122948,0.0,19350.0
0.18500000000000003,0.15,0.005,20000,0.0,0.0,-0.49758336972693806,0.07942073074469433,0.0,19350.0
0.1885,0.15,0.005,20000,0.0,0.0,-0.5146681453890869,0.07557833711640742,0.0,19350.0
0.192,0.15,0.005,20000,0.0,0.0,-0.525100240514436,0.07329813615932837,0.0,19350.0
0.1955,0.15,0.005,20000,0.0,0.0,-0.5388603864747051,0.07035569155656063,0.0,19350.0
0.199,0.15,0.005,20000,0.0,0.0,-0.5533606513477006,0.0673346985378799,0.0,19350.0
0.2025,0.15,0.005,20000,0.0,0.0,-0.561729523387939,0.06563277034107237,0.0,19350.0
0.20600000000000002,0.15,0.005,20000,0.0,0.0,-0.5754040540829565,0.06291053581851187,0.0,19350.0
0.20950000000000002,0.15,0.005,20000,0.0,0.0,-0.5888110368157473,0.060316847759113335,0.0,19350.0
0.21300000000000002,0.15,0.005,20000,0.0,0.0,-0.5972875137328272,0.05871156343287742,0.0,19350.0
0.21650000000000003,0.15,0.005,20000,0.0,0.0,-0.612274511948896,0.05593556545161928,0.0,19350.0
0.22,0.15,0.005,20000,0.0,0.0,-0.6231244883478573,0.05398330951690426,0.0,19350.0
0.01,0.2,0.005,20000,1.0,0.0,0.5362508937117668,0.48948621692793903,0.0,19170.0
0.0135,0.2,0.005,20000,1.0,0.0,0.5002127743962468,0.47459196035136963,0.0,19170.0
0.017,0.2,0.005,20000,1.0,0.0,0.4676159072273558,0.4607111969165726,0.0,19170.0
0.0205,0.2,0.005,20000,1.0,0.0,0.43943167298290425,0.44845918349153696,0.0,19170.0
0.024,0.2,0.005,20000,1.0,0.0,0.40674054251309455,0.43394660107436456,0.0,19170.0
0.027500000000000004,0.2,0.005,20000,1.0,0.0,0.3814690232496164,0.42254977011134043,0.0,19170.0
0.031,0.2,0.005,20000,1.0,0.0,0.35114997334535736,0.40869103414295643,0.0,19170.0
0.0345,0.2,0.005,20000,1.0,0.0,0.3199083564980104,0.3942315627012397,0.0,19170.0
0.038,0.2,0.005,20000,1.0,0.0,0.2945564184054791,0.38238684424521424,0.0,19170.0
0.0415,0.2,0.005,20000,1.0,0.0,0.2668233437263751,0.3693536780760803,0.0,19170.0
0.045000000000000005,0.2,0.005,20000,1.0,0.0,0.24157360084273946,0.3574228703341079,0.0,19170.0
0.0485,0.2,0.005,20000,1.0,0.0,0.21480260981076685,0.34474980093397684,0.0,19170.0
0.052000000000000005,0.2,0.005,20000,1.0,0.0,0.18937302478806528,0.3327148104546639,0.0,19170.0
0.0555,0.2,0.005,20000,1.0,0.0,0.16649360162721102,0.3219080635449608,0.0,19170.0
0.059000000000000004,0.2,0.005,20000,1.0,0.0,0.1421152008463191,0.3104335723448587,0.0,19170.0
0.0625,0.2,0.005,20000,1.0,0.0,0.11786293345702839,0.2990842644037712,0.0,19170.0
0.066,0.2,0.005,20000,1.0,0.0,0.0953435815894744,0.2886193610057589,0.0,19170.0
0.0695,0.2,0.005,20000,1.0,0.0,0.07226835862963568,0.27799186456522296,0.0,19170.0
0.073,0.2,0.005,20000,1.0,0.0,0.048541630250214,0.2671764531991524,0.0,19170.0
0.0765,0.2,0.005,20000,0.9625,0.0,0.025486763609215486,0.25679865139908253,0.0,19170.0
0.08,0.2,0.005,20000,0.5625,0.0,0.003996256317784349,0.24725495318209326,0.0,19170.0
0.08349999999999999,0.2,0.005,20000,0.0875,0.0,-0.017646333367569173,0.23777934238675574,0.0,19170.0
0.087,0.2,0.005,20000,0.0,0.0,-0.03665817080848982,0.22957859609776357,0.0,19170.0
0.0905,0.2,0.005,20000,0.0,0.0,-0.058348056697082075,0.22037407742942458,0.0,19170.0
0.094,0.2,0.005,20000,0.0,0.0,-0.07861041281437572,0.21192839745688144,0.0,19170.0
0.0975,0.2,0.005,20000,0.0,0.0,-0.10273585985160742,0.2020787378657533,0.0,19170.0
0.10099999999999999,0.2,0.005,20000,0.0,0.0,-0.11992000510511089,0.1952006076529249,0.0,19170.0
0.1045,0.2,0.005,20000,0.0,0.0,-0.13855494052614578,0.18788371500718803,0.0,19170.0
0.108,0.2,0.005,20000,0.0,0.0,-0.15605327805993605,0.18114582283346206,0.0,19170.0
0.1115,0.2,0.005,20000,0.0,0.0,-0.1766619065749633,0.17338503190580573,0.0,19170.0
0.11499999999999999,0.2,0.005,20000,0.0,0.0,-0.19139644115970034,0.16794944374919124,0.0,19170.0
0.1185,0.2,0.005,20000,0.0,0.0,-0.21328474146242477,0.16006419245414097,0.0,19170.0
0.122,0.2,0.005,20000,0.0,0.0,-0.23182394954745672,0.15354698655885962,0.0,19170.0
0.1255,0.2,0.005,20000,0.0,0.0,-0.24544463407034342,0.14887135942766536,0.0,19170.0
0.129,0.2,0.005,20000,0.0,0.0,-0.26461962645266696,0.14243397561571625,0.0,19170.0
0.1325,0.2,0.005,20000,0.0,0.0,-0.28127085667044127,0.13697697490355168,0.0,19170.0
0.136,0.2,0.005,20000,0.0,0.0,-0.2986030769952578,0.13143323229457252,0.0,19170.0
0.1395,0.2,0.005,20000,0.0,0.0,-0.31536571803771524,0.12621032830709175,0.0,19170.0
0.14300000000000002,0.2,0.005,20000,0.0,0.0,-0.3318890498226086,0.12119977601386227,0.0,19170.0
0.14650000000000002,0.2,0.005,20000,0.0,0.0,-0.34858442668253947,0.11626865220866316,0.0,19170.0
0.15000000000000002,0.2,0.005,20000,0.0,0.0,-0.3662503557287528,0.11118893963692451,0.0,19170.0
0.15350000000000003,0.2,0.005,20000,0.0,0.0,-0.3789674123603312,0.10761561693707877,0.0,19170.0
0.157,0.2,0.005,20000,0.0,0.0,-0.39445612162230453,0.10337391890408054,0.0,19170.0
0.1605,0.2,0.005,20000,0.0,0.0,-0.4107133434610476,0.0990400782528773,0.0,19170.0
0.164,0.2,0.005,20000,0.0,0.0,-0.4259238464550073,0.09509994617292447,0.0,19170.0
0.1675,0.2,0.005,20000,0.0,0.0,-0.43852992444797856,0.09190627955946802,0.0,19170.0
0.171,0.2,0.005,20000,0.0,0.0,-0.4520306061888354,0.08856663234176565,0.0,19170.0
0.17450000000000002,0.2,0.005,20000,0.0,0.0,-0.46792980922481914,0.08474373668567434,0.0,19170.0
0.17800000000000002,0.2,0.005,20000,0.0,0.0,-0.4806074677950436,0.08176975787969963,0.0,19170.0
0.18150000000000002,0.2,0.005,20000,0.0,0.0,-0.49593141463607593,0.07827089654624644,0.0,19170.0
0.18500000000000003,0.2,0.005,20000,0.0,0.0,-0.5072617627814392,0.07575318137051008,0.0,19170.0
0.1885,0.2,0.005,20000,0.0,0.0,-0.5232168117060209,0.0722868274752059,0.0,19170.0
0.192,0.2,0.005,20000,0.0,0.0,-0.534732994904311,0.06985391174163294,0.0,19170.0
0.1955,0.2,0.005,20000,0.0,0.0,-0.5503894696362922,0.06663255344488624,0.0,19170.0
0.199,0.2,0.005,20000,0.0,0.0,-0.561711935697257,0.06436114497673756,0.0,19170.0
0.2025,0.2,0.005,20000,0.0,0.0,-0.5737209539303942,0.0620166624884837,0.0,19170.0
0.20600000000000002,0.2,0.005,20000,0.0,0.0,-0.5846301920118957,0.059927899471974765,0.0,19170.0
0.20950000000000002,0.2,0.005,20000,0.0,0.0,-0.5967448657570635,0.05766308380659798,0.0,19170.0
0.21300000000000002,0.2,0.005,20000,0.0,0.0,-0.6103311554157942,0.055195315075870235,0.0,19170.0
0.21650000000000003,0.2,0.005,20000,0.0,0.0,-0.6208745346059438,0.05331995538765264,0.0,19170.0
0.22,0.2,0.005,20000,0.0,0.0,-0.6320624047867497,0.051381523147361996,0.0,19170.0
0.01,0.25,0.005,20000,1.0,0.0,0.5090355272821949,0.4730163542507683,0.0,18990.0
0.0135,0.25,0.005,20000,1.0,0.0,0.4758170114561704,0.4590051091083486,0.0,18990.0
0.017,0.25,0.005,20000,1.0,0.0,0.4471413998180557,0.4466316687778389,0.0,18990.0
0.0205,0.25,0.005,20000,1.0,0.0,0.41547575794032304,0.4326731827751111,0.0,18990.0
0.024,0.25,0.005,20000,1.0,0.0,0.38540218118027336,0.4192011345725846,0.0,18990.0
0.027500000000000004,0.25,0.005,20000,1.0,0.0,0.35522828563530556,0.4054885752194025,0.0,18990.0
0.031,0.25,0.005,20000,1.0,0.0,0.32839803083557634,0.3931466146585699,0.0,18990.0
0.0345,0.25,0.005,20000,1.0,0.0,0.2999747602896792,0.37995029315443796,0.0,18990.0
0.038,0.25,0.005,20000,1.0,0.0,0.2736718256602753,0.3676717003966389,0.0,18990.0
0.0415,0.25,0.005,20000,1.0,0.0,0.2500969971227581,0.35661344157772923,0.0,18990.0
0.045000000000000005,0.25,0.005,20000,1.0,0.0,0.22346938558529664,0.34408904385536865,0.0,18990.0
0.0485,0.25,0.005,20000,1.0,0.0,0.19333868344313263,0.32992717330332594,0.0,18990.0
0.052000000000000005,0.25,0.005,20000,1.0,0.0,0.16875758461801782,0.31839869469884985,0.0,18990.0
0.0555,0.25,0.005,20000,1.0,0.0,0.14574171234290928,0.30764327730247065,0.0,18990.0
0.059000000000000004,0.25,0.005,20000,1.0,0.0,0.1238821851256143,0.2974852256878123,0.0,18990.0
0.0625,0.25,0.005,20000,1.0,0.0,0.09490351557112695,0.2841236477737267,0.0,18990.0
0.066,0.25,0.005,20000,1.0,0.0,0.07572489982349145,0.2753646556925258,0.0,18990.0
0.0695,0.25,0.005,20000,1.0,0.0,0.053031400995169765,0.26510182721641173,0.0,18990.0
0.073,0.25,0.005,20000,1.0,0.0,0.030703989555750395,0.2551246280001167,0.0,18990.0
0.0765,0.25,0.005,20000,0.7125,0.0,0.00949861390570117,0.24577352541018063,0.0,18990.0
0.08,0.25,0.005,20000,0.15,0.0,-0.012588630915199387,0.23617374770790406,0.0,18990.0
0.08349999999999999,0.25,0.005,20000,0.025,0.0,-0.03431573872859863,0.2268838074390283,0.0,18990.0
0.087,0.25,0.005,20000,0.0,0.0,-0.057186027252177106,0.2172721159492877,0.0,18990.0
0.0905,0.25,0.005,20000,0.0,0.0,-0.07592842901198057,0.2095412318606124,0.0,18990.0
0.094,0.25,0.005,20000,0.0,0.0,-0.0953207509608209,0.20168148039094494,0.0,18990.0
0.0975,0.25,0.005,20000,0.0,0.0,-0.11244606028575847,0.19486543949828367,0.0,18990.0
0.10099999999999999,0.25,0.005,20000,0.0,0.0,-0.13513794034936094,0.18601900882019382,0.0,18990.0
0.1045,0.25,0.005,20000,0.0,0.0,-0.15665620281917073,0.17783013325308064,0.0,18990.0
0.108,0.25,0.005,20000,0.0,0.0,-0.17119965521042607,0.17241466078351506,0.0,18990.0
0.1115,0.25,0.005,20000,0.0,0.0,-0.19198460506928855,0.16483487967425353,0.0,18990.0
0.11499999999999999,0.25,0.005,20000,0.0,0.0,-0.20932137794407613,0.15865642884522688,0.0,18990.0
0.1185,0.25,0.005,20000,0.0,0.0,-0.22825796373610152,0.1520687286302375,0.0,18990.0
0.122,0.25,0.005,20000,0.0,0.0,-0.24518450600414637,0.14632187559915044,0.0,18990.0
0.1255,0.25,0.005,20000,0.0,0.0,-0.26120910097638916,0.14099818158239147,0.0,18990.0
0.129,0.25,0.005,20000,0.0,0.0,-0.2799932509517548,0.13492198248450366,0.0,18990.0
0.1325,0.25,0.005,20000,0.0,0.0,-0.29630533342333776,0.12977350930873574,0.0,18990.0
0.136,0.25,0.005,20000,0.0,0.0,-0.3138902257489796,0.12437465229729297,0.0,18990.0
0.1395,0.25,0.005,20000,0.0,0.0,-0.3291809808966367,0.11979078197555841,0.0,18990.0
0.14300000000000002,0.25,0.005,20000,0.0,0.0,-0.34502099364746047,0.11515618022101907,0.0,18990.0
0.14650000000000002,0.25,0.005,20000,0.0,0.0,-0.3604721879575191,0.11074993386484906,0.0,18990.0
0.15000000000000002,0.25,0.005,20000,0.0,0.0,-0.3770891901147363,0.10614520445865697,0.0,18990.0
0.15350000000000003,0.25,0.005,20000,0.0,0.0,-0.3928277860935293,0.10188488184482805,0.0,18990.0
0.157,0.25,0.005,20000,0.0,0.0,-0.4098006509825091,0.09743383503336231,0.0,18990.0
0.1605,0.25,0.005,20000,0.0,0.0,-0.4223549283738576,0.09421257486677713,0.0,18990.0
0.164,0.25,0.005,20000,0.0,0.0,-0.43708766159194196,0.09052880920303655,0.0,18990.0
0.1675,0.25,0.005,20000,0.0,0.0,-0.451487662983656,0.08702606293528412,0.0,18990.0
0.171,0.25,0.005,20000,0.0,0.0,-0.46613991004617683,0.08355013282384999,0.0,18990.0
0.17450000000000002,0.25,0.005,20000,0.0,0.0,-0.47746903236902344,0.08093215101996595,0.0,18990.0
0.17800000000000002,0.25,0.005,20000,0.0,0.0,-0.49142648138234896,0.07777660561642741,0.0,18990.0
0.18150000000000002,0.25,0.005,20000,0.0,0.0,-0.506964198649652,0.07436406591865394,0.0,18990.0
0.18500000000000003,0.25,0.005,20000,0.0,0.0,-0.5196599041475884,0.07164754623915401,0.0,18990.0
0.1885,0.25,0.005,20000,0.0,0.0,-0.5315759360206925,0.06915430167139289,0.0,18990.0
0.192,0.25,0.005,20000,0.0,0.0,-0.5462721580321201,0.06616916197327874,0.0,18990.0
0.1955,0.25,0.005,20000,0.0,0.0,-0.5601270249184205,0.06342391183642473,0.0,18990.0
0.199,0.25,0.005,20000,0.0,0.0,-0.5712366495372567,0.061287542766384207,0.0,18990.0
0.2025,0.25,0.005,20000,0.0,0.0,-0.5831546689034932,0.05903891561570505,0.0,18990.0
0.20600000000000002,0.25,0.005,20000,0.0,0.0,-0.5968423886395848,0.056522409469320044,0.0,18990.0
0.20950000000000002,0.25,0.005,20000,0.0,0.0,-0.6080761834121706,0.054512852636791356,0.0,18990.0
0.21300000000000002,0.25,0.005,20000,0.0,0.0,-0.6195557003275605,0.052508627801291154,0.0,18990.0
0.21650000000000003,0.25,0.005,20000,0.0,0.0,-0.6299997182468271,0.05072072742691147,0.0,18990.0
0.22,0.25,0.005,20000,0.0,0.0,-0.641113730882189,0.048862092505190004,0.0,18990.0
0.01,0.3,0.005,20000,1.0,0.0,0.4823237919053355,0.456548503045628,0.0,18810.0
0.0135,0.3,0.005,20000,1.0,0.0,0.4539129087048133,0.444371503935861,0.0,18810.0
0.017,0.3,0.005,20000,1.0,0.0,0.42335178131720913,0.43101560774795944,0.0,18810.0
0.0205,0.3,0.005,20000,1.0,0.0,0.39155955129186804,0.41686650224176197,0.0,18810.0
0.024,0.3,0.005,20000,1.0,0.0,0.36444717254728437,0.4046297137500268,0.0,18810.0
0.027500000000000004,0.3,0.005,20000,1.0,0.0,0.3329821859083925,0.3902504369612982,0.0,18810.0
0.031,0.3,0.005,20000,1.0,0.0,0.3052696062938495,0.3774695158728106,0.0,18810.0
0.0345,0.3,0.005,20000,1.0,0.0,0.27847573403514925,0.36503940096490795,0.0,18810.0
0.038,0.3,0.005,20000,1.0,0.0,0.2523741327438594,0.3528634329498822,0.0,18810.0
0.0415,0.3,0.005,20000,1.0,0.0,0.22859758421053042,0.3417629592861891,0.0,18810.0
0.045000000000000005,0.3,0.005,20000,1.0,0.0,0.199941192772354,0.3283824515238496,0.0,18810.0
0.0485,0.3,0.005,20000,1.0,0.0,0.17481693678897692,0.3166709926309547,0.0,18810.0
0.052000000000000005,0.3,0.005,20000,1.0,0.0,0.15262053270518572,0.3063725743908332,0.0,18810.0
0.0555,0.3,0.005,20000,1.0,0.0,0.12642495854906163,0.2942819487947396,0.0,18810.0
0.059000000000000004,0.3,0.005,20000,1.0,0.0,0.10613231303924853,0.2849872163313636,0.0,18810.0
0.0625,0.3,0.005,20000,1.0,0.0,0.07884922537932415,0.2726045344549971,0.0,18810.0
0.066,0.3,0.005,20000,1.0,0.0,0.059464776114690476,0.26390170272122,0.0,18810.0
0.0695,0.3,0.005,20000,0.9875,0.0,0.03416856458226035,0.2526800182924409,0.0,18810.0
0.073,0.3,0.005,20000,0.7875,0.0,0.01392512249895586,0.2438253759776292,0.0,18810.0
0.0765,0.3,0.005,20000,0.2,0.0,-0.00925186802702228,0.2338373256396807,0.0,18810.0
0.08,0.3,0.005,20000,0.0,0.0,-0.030522354967814757,0.22481546188050244,0.0,18810.0
0.08349999999999999,0.3,0.005,20000,0.0,0.0,-0.04993879253615775,0.21671403695801858,0.0,18810.0
0.087,0.3,0.005,20000,0.0,0.0,-0.07210307086935541,0.2076346609553717,0.0,18810.0
0.0905,0.3,0.005,20000,0.0,0.0,-0.09063869648224432,0.20018289159870095,0.0,18810.0
0.094,0.3,0.005,20000,0.0,0.0,-0.1094552276692335,0.19276700437952612,0.0,18810.0
0.0975,0.3,0.005,20000,0.0,0.0,-0.12999905969216505,0.18481930954056547,0.0,18810.0
0.10099999999999999,0.3,0.005,20000,0.0,0.0,-0.14915802521641336,0.17757668146386646,0.0,18810.0
0.1045,0.3,0.005,20000,0.0,0.0,-0.16705494957552752,0.17095569530999954,0.0,18810.0
0.108,0.3,0.005,20000,0.0,0.0,-0.18640068896828135,0.1639490107618114,0.0,18810.0
0.1115,0.3,0.005,20000,0.0,0.0,-0.20424970334706946,0.15764474475197537,0.0,18810.0
0.11499999999999999,0.3,0.005,20000,0.0,0.0,-0.22342426052864547,0.15102371575639864,0.0,18810.0
0.1185,0.3,0.005,20000,0.0,0.0,-0.24149190676551346,0.14494337862777135,0.0,18810.0
0.122,0.3,0.005,20000,0.0,0.0,-0.25985150760449793,0.1389193326030457,0.0,18810.0
0.1255,0.3,0.005,20000,0.0,0.0,-0.2774999755165135,0.1332774113345593,0.0,18810.0
0.129,0.3,0.005,20000,0.0,0.0,-0.29406267317074564,0.1281193926436921,0.0,18810.0
0.1325,0.3,0.005,20000,0.0,0.0,-0.3134976858110124,0.12222726731731563,0.0,18810.0
0.136,0.3,0.005,20000,0.0,0.0,-0.3263727213360448,0.11841941666412965,0.0,18810.0
0.1395,0.3,0.005,20000,0.0,0.0,-0.3420851902969739,0.11387670575672107,0.0,18810.0
0.14300000000000002,0.3,0.005,20000,0.0,0.0,-0.3590408678617216,0.10910237005679246,0.0,18810.0
0.14650000000000002,0.3,0.005,20000,0.0,0.0,-0.3724382730527408,0.10542853848053432,0.0,18810.0
0.15000000000000002,0.3,0.005,20000,0.0,0.0,-0.3877745238283702,0.10131889370447208,0.0,18810.0
0.15350000000000003,0.3,0.005,20000,0.0,0.0,-0.4054509951384322,0.0967108191301309,0.0,18810.0
0.157,0.3,0.005,20000,0.0,0.0,-0.41949422752062626,0.09315862220671951,0.0,18810.0
0.1605,0.3,0.005,20000,0.0,0.0,-0.43283677620760963,0.08985995733626424,0.0,18810.0
0.164,0.3,0.005,20000,0.0,0.0,-0.44859725086154806,0.08606533024624045,0.0,18810.0
0.1675,0.3,0.005,20000,0.0,0.0,-0.4619556569730515,0.08292554355934495,0.0,18810.0
0.171,0.3,0.005,20000,0.0,0.0,-0.4757474708682105,0.07977345448554665,0.0,18810.0
0.17450000000000002,0.3,0.005,20000,0.0,0.0,-0.4899511233779294,0.07662100883266085,0.0,18810.0
0.17800000000000002,0.3,0.005,20000,0.0,0.0,-0.5024313098911849,0.073899769774559,0.0,18810.0
0.18150000000000002,0.3,0.005,20000,0.0,0.0,-0.5172508540711508,0.07077029191449101,0.0,18810.0
0.18500000000000003,0.3,0.005,20000,0.0,0.0,-0.533241157310995,0.06749089759520845,0.0,18810.0
0.1885,0.3,0.005,20000,0.0,0.0,-0.5411499348923087,0.0659000575156586,0.0,18810.0
0.192,0.3,0.005,20000,0.0,0.0,-0.5558902430663333,0.0630151833574342,0.0,18810.0
0.1955,0.3,0.005,20000,0.0,0.0,-0.567081840416796,0.060878297605837094,0.0,18810.0
0.199,0.3,0.005,20000,0.0,0.0,-0.58065174136381,0.05834445311344081,0.0,18810.0
0.2025,0.3,0.005,20000,0.0,0.0,-0.5927235084948064,0.05615644734479086,0.0,18810.0
0.20600000000000002,0.3,0.005,20000,0.0,0.0,-0.6055808165331175,0.05388001686085766,0.0,18810.0
0.20950000000000002,0.3,0.005,20000,0.0,0.0,-0.6150499564600121,0.05224378333555402,0.0,18810.0
0.21300000000000002,0.3,0.005,20000,0.0,0.0,-0.6294770394144968,0.04981127546813022,0.0,18810.0
0.21650000000000003,0.3,0.005,20000,0.0,0.0,-0.6379380528138106,0.04842041496560679,0.0,18810.0
0.22,0.3,0.005,20000,0.0,0.0,-0.6508757027110892,0.04633571402732732,0.0,18810.0
0.01,0.35,0.005,20000,1.0,0.0,0.4566629505594994,0.4403751766489754,0.0,18630.0
0.0135,0.35,0.005,20000,1.0,0.0,0.42520144029279444,0.42667515547129015,0.0,18630.0
0.017,0.35,0.005,20000,1.0,0.0,0.39736505049006504,0.41436632866453105,0.0,18630.0
0.0205,0.35,0.005,20000,1.0,0.0,0.370370050625837,0.4022522446775751,0.0,18630.0
0.024,0.35,0.005,20000,1.0,0.0,0.34073760978613715,0.3888022091499961,0.0,18630.0
0.027500000000000004,0.35,0.005,20000,1.0,0.0,0.31151176200011427,0.37542371753311976,0.0,18630.0
0.031,0.35,0.005,20000,1.0,0.0,0.28441635744930294,0.36293005106712617,0.0,18630.0
0.0345,0.35,0.005,20000,1.0,0.0,0.25562654685137803,0.34959265546793417,0.0,18630.0
0.038,0.35,0.005,20000,1.0,0.0,0.23091614372171923,0.3381293953857093,0.0,18630.0
0.0415,0.35,0.005,20000,1.0,0.0,0.20531318043979652,0.3262555848380305,0.0,18630.0
0.045000000000000005,0.35,0.005,20000,1.0,0.0,0.18447564856866364,0.3166052838361007,0.0,18630.0
0.0485,0.35,0.005,20000,1.0,0.0,0.15563021150167028,0.3033074055837478,0.0,18630.0
0.052000000000000005,0.35,0.005,20000,1.0,0.0,0.1298970265285287,0.29152368446402344,0.0,18630.0
0.0555,0.35,0.005,20000,1.0,0.0,0.10689125386239566,0.2810732352123953,0.0,18630.0
0.059000000000000004,0.35,0.005,20000,1.0,0.0,0.085524795820039,0.27145077450739274,0.0,18630.0
0.0625,0.35,0.005,20000,1.0,0.0,0.06165231866768871,0.26081347963625906,0.0,18630.0
0.066,0.35,0.005,20000,0.9875,0.0,0.04045035290678843,0.2514813017937492,0.0,18630.0
0.0695,0.35,0.005,20000,0.9125,0.0,0.01933167260326682,0.24230373124686086,0.0,18630.0
0.073,0.35,0.005,20000,0.2875,0.0,-0.004811512909055758,0.2319733931745601,0.0,18630.0
0.0765,0.35,0.005,20000,0.0,0.0,-0.024896974963345586,0.22352128271992414,0.0,18630.0
0.08,0.35,0.005,20000,0.0,0.0,-0.04381866110542175,0.21567667363208987,0.0,18630.0
0.08349999999999999,0.35,0.005,20000,0.0,0.0,-0.06695494780298222,0.2062757684371963,0.0,18630.0
0.087,0.35,0.005,20000,0.0,0.0,-0.08783706586049689,0.19795674174024241,0.0,18630.0
0.0905,0.35,0.005,20000,0.0,0.0,-0.10902721762765802,0.18968648948192407,0.0,18630.0
0.094,0.35,0.005,20000,0.0,0.0,-0.12550311417069687,0.18338970503456523,0.0,18630.0
0.0975,0.35,0.005,20000,0.0,0.0,-0.1467214955644751,0.17543823431549826,0.0,18630.0
0.10099999999999999,0.35,0.005,20000,0.0,0.0,-0.16357273879039874,0.16926663655967863,0.0,18630.0
0.1045,0.35,0.005,20000,0.0,0.0,-0.18410645887762156,0.1619113435352245,0.0,18630.0
0.108,0.35,0.005,20000,0.0,0.0,-0.2033371203153178,0.15519121345440398,0.0,18630.0
0.1115,0.35,0.005,20000,0.0,0.0,-0.2179612644121894,0.1501999931091472,0.0,18630.0
0.11499999999999999,0.35,0.005,20000,0.0,0.0,-0.23992833900779315,0.14287745729953955,0.0,18630.0
0.1185,0.35,0.005,20000,0.0,0.0,-0.25338601165817376,0.1385062702951425,0.0,18630.0
0.122,0.35,0.005,20000,0.0,0.0,-0.2734840173439631,0.13213166642730964,0.0,18630.0
0.1255,0.35,0.005,20000,0.0,0.0,-0.2860265713531256,0.12824683109793972,0.0,18630.0
0.129,0.35,0.005,20000,0.0,0.0,-0.30356447333986525,0.1229373624740703,0.0,18630.0
0.1325,0.35,0.005,20000,0.0,0.0,-0.3209724168406842,0.11780409800244351,0.0,18630.0
0.136,0.35,0.005,20000,0.0,0.0,-0.3373526182237346,0.11311503478777367,0.0,18630.0
0.1395,0.35,0.005,20000,0.0,0.0,-0.35237324765174344,0.108919137748651,0.0,18630.0
0.14300000000000002,0.35,0.005,20000,0.0,0.0,-0.37080355594638165,0.10389886126155808,0.0,18630.0
0.14650000000000002,0.35,0.005,20000,0.0,0.0,-0.3871624564134255,0.09958547204243232,0.0,18630.0
0.15000000000000002,0.35,0.005,20000,0.0,0.0,-0.39973573995807066,0.09634726020740066,0.0,18630.0
0.15350000000000003,0.35,0.005,20000,0.0,0.0,-0.4164294782236603,0.09215805003764285,0.0,18630.0
0.157,0.35,0.005,20000,0.0,0.0,-0.4303387619831115,0.08876368805123096,0.0,18630.0
0.1605,0.35,0.005,20000,0.0,0.0,-0.44530874228033124,0.08520362282319982,0.0,18630.0
0.164,0.35,0.005,20000,0.0,0.0,-0.45935064249962654,0.08195145074228964,0.0,18630.0
0.1675,0.35,0.005,20000,0.0,0.0,-0.47265364848685343,0.07894743806040103,0.0,18630.0
0.171,0.35,0.005,20000,0.0,0.0,-0.48892776207050714,0.07537023612754892,0.0,18630.0
0.17450000000000002,0.35,0.005,20000,0.0,0.0,-0.5022628141348819,0.07252316456271649,0.0,18630.0
0.17800000000000002,0.35,0.005,20000,0.0,0.0,-0.5146172611001582,0.06994915741154198,0.0,18630.0
0.18150000000000002,0.35,0.005,20000,0.0,0.0,-0.5293232980891165,0.06696242484231585,0.0,18630.0
0.18500000000000003,0.35,0.005,20000,0.0,0.0,-0.5404793294551251,0.06476079489427009,0.0,18630.0
0.1885,0.35,0.005,20000,0.0,0.0,-0.5534059753366257,0.06226242406451214,0.0,18630.0
0.192,0.35,0.005,20000,0.0,0.0,-0.565563428178532,0.05997410324747051,0.0,18630.0
0.1955,0.35,0.005,20000,0.0,0.0,-0.5772689972607967,0.057822941567260686,0.0,18630.0
0.199,0.35,0.005,20000,0.0,0.0,-0.5884102843657705,0.05581946999227305,0.0,18630.0
0.2025,0.35,0.005,20000,0.0,0.0,-0.6037173255672169,0.05314504294701433,0.0,18630.0
0.20600000000000002,0.35,0.005,20000,0.0,0.0,-0.6133209925960017,0.05151438408619159,0.0,18630.0
0.20950000000000002,0.35,0.005,20000,0.0,0.0,-0.6249930887891164,0.04956695169286553,0.0,18630.0
0.21300000000000002,0.35,0.005,20000,0.0,0.0,-0.63777578661583,0.047492450402285134,0.0,18630.0
0.21650000000000003,0.35,0.005,20000,0.0,0.0,-0.648195536172679,0.045843338923813315,0.0,18630.0
0.22,0.35,0.005,20000,0.0,0.0,-0.6599347415049196,0.044025503093153236,0.0,18630.0
0.01,0.4,0.005,20000,1.0,0.0,0.4340450213899458,0.4254009406644391,0.0,18450.0
0.0135,0.4,0.005,20000,1.0,0.0,0.40202165035292126,0.4113296342968133,0.0,18450.0
0.017,0.4,0.005,20000,1.0,0.0,0.37883139079099826,0.4009966357866577,0.0,18450.0
0.0205,0.4,0.005,20000,1.0,0.0,0.3477314912959808,0.3869851030786245,0.0,18450.0
0.024,0.4,0.005,20000,1.0,0.0,0.3185992198607157,0.3737402383296411,0.0,18450.0
0.027500000000000004,0.4,0.005,20000,1.0,0.0,0.2896659180924533,0.3604924748698353,0.0,18450.0
0.031,0.4,0.005,20000,1.0,0.0,0.2646362923904698,0.34897506150335905,0.0,18450.0
0.0345,0.4,0.005,20000,1.0,0.0,0.23913582240520137,0.33723066284795633,0.0,18450.0
0.038,0.4,0.005,20000,1.0,0.0,0.20988320861939608,0.3237590995201321,0.0,18450.0
0.0415,0.4,0.005,20000,1.0,0.0,0.1865109089673383,0.3130156986389682,0.0,18450.0
0.045000000000000005,0.4,0.005,20000,1.0,0.0,0.16120574346890026,0.3014325623977407,0.0,18450.0
0.0485,0.4,0.005,20000,1.0,0.0,0.13783553891677805,0.2908009741714014,0.0,18450.0
0.052000000000000005,0.4,0.005,20000,1.0,0.0,0.11236184043712842,0.27930138220883416,0.0,18450.0
0.0555,0.4,0.005,20000,1.0,0.0,0.09277968909717263,0.27054334007835107,0.0,18450.0
0.059000000000000004,0.4,0.005,20000,1.0,0.0,0.06601892840091339,0.2587031997596222,0.0,18450.0
0.0625,0.4,0.005,20000,1.0,0.0,0.04304377628068272,0.2486760213171495,0.0,18450.0
0.066,0.4,0.005,20000,0.975,0.0,0.02324313584470456,0.24014421078475148,0.0,18450.0
0.0695,0.4,0.005,20000,0.4125,0.0,0.00025288387560509914,0.23038516532263267,0.0,18450.0
0.073,0.4,0.005,20000,0.05,0.0,-0.019464087522783887,0.2221465185428621,0.0,18450.0
0.0765,0.4,0.005,20000,0.0,0.0,-0.04009328698984696,0.21367056879431026,0.0,18450.0
0.08,0.4,0.005,20000,0.0,0.0,-0.061129899450453405,0.20518442700589296,0.0,18450.0
0.08349999999999999,0.4,0.005,20000,0.0,0.0,-0.08519017795615412,0.1956753175400058,0.0,18450.0
0.087,0.4,0.005,20000,0.0,0.0,-0.10438687524815989,0.18825440556134437,0.0,18450.0
0.0905,0.4,0.005,20000,0.0,0.0,-0.12318364982638515,0.1811319655203764,0.0,18450.0
0.094,0.4,0.005,20000,0.0,0.0,-0.14100138163305131,0.17452380884346805,0.0,18450.0
0.0975,0.4,0.005,20000,0.0,0.0,-0.16049552913909015,0.16743835724606476,0.0,18450.0
0.10099999999999999,0.4,0.005,20000,0.0,0.0,-0.17974598230773609,0.16060815718716598,0.0,18450.0
0.1045,0.4,0.005,20000,0.0,0.0,-0.1979115848767849,0.15431517952642787,0.0,18450.0
0.108,0.4,0.005,20000,0.0,0.0,-0.21534432204769605,0.14841911109050793,0.0,18450.0
0.1115,0.4,0.005,20000,0.0,0.0,-0.23400464791556325,0.14226053247230136,0.0,18450.0
0.11499999999999999,0.4,0.005,20000,0.0,0.0,-0.2526464121531635,0.13626315078945175,0.0,18450.0
0.1185,0.4,0.005,20000,0.0,0.0,-0.26870819377367916,0.13122093980685864,0.0,18450.0
0.122,0.4,0.005,20000,0.0,0.0,-0.28500195225466324,0.12623539931711267,0.0,18450.0
0.1255,0.4,0.005,20000,0.0,0.0,-0.3039483959271559,0.12059539573872761,0.0,18450.0
0.129,0.4,0.005,20000,0.0,0.0,-0.32171654959237184,0.11543667707696507,0.0,18450.0
0.1325,0.4,0.005,20000,0.0,0.0,-0.33550612466716023,0.11154815983271486,0.0,18450.0
0.136,0.4,0.005,20000,0.0,0.0,-0.3507012181729342,0.10735413350942427,0.0,18450.0
0.1395,0.4,0.005,20000,0.0,0.0,-0.3700036820645044,0.10217930835491824,0.0,18450.0
0.14300000000000002,0.4,0.005,20000,0.0,0.0,-0.38252261330578874,0.09892124776781001,0.0,18450.0
0.14650000000000002,0.4,0.005,20000,0.0,0.0,-0.39694108379040943,0.0952424303699459,0.0,18450.0
0.15000000000000002,0.4,0.005,20000,0.0,0.0,-0.4133579535237589,0.09117810054402882,0.0,18450.0
0.15350000000000003,0.4,0.005,20000,0.0,0.0,-0.4288513835672175,0.08744217731749988,0.0,18450.0
0.157,0.4,0.005,20000,0.0,0.0,-0.44032456127950803,0.08474093554684821,0.0,18450.0
0.1605,0.4,0.005,20000,0.0,0.0,-0.45621244505527797,0.08109468073364368,0.0,18450.0
0.164,0.4,0.005,20000,0.0,0.0,-0.47147931670367293,0.07769368306289992,0.0,18450.0
0.1675,0.4,0.005,20000,0.0,0.0,-0.4842561890148816,0.07492009710978151,0.0,18450.0
0.171,0.4,0.005,20000,0.0,0.0,-0.49601044248025544,0.0724287694633035,0.0,18450.0
0.17450000000000002,0.4,0.005,20000,0.0,0.0,-0.5102505951298586,0.06948430723930084,0.0,18450.0
0.17800000000000002,0.4,0.005,20000,0.0,0.0,-0.5235760654143682,0.06680282996677482,0.0,18450.0
0.18150000000000002,0.4,0.005,20000,0.0,0.0,-0.5373072855162673,0.06411770613263927,0.0,18450.0
0.18500000000000003,0.4,0.005,20000,0.0,0.0,-0.5496089621693093,0.06176899097004257,0.0,18450.0
0.1885,0.4,0.005,20000,0.0,0.0,-0.5633471683035164,0.059214974250388866,0.0,18450.0
0.192,0.4,0.005,20000,0.0,0.0,-0.575239810963697,0.0570563394370741,0.0,18450.0
0.1955,0.4,0.005,20000,0.0,0.0,-0.5884658016172981,0.05472239558493167,0.0,18450.0
0.199,0.4,0.005,20000,0.0,0.0,-0.5986452544202491,0.05296655012670306,0.0,18450.0
0.2025,0.4,0.005,20000,0.0,0.0,-0.610592990276743,0.05095473629150192,0.0,18450.0
0.20600000000000002,0.4,0.005,20000,0.0,0.0,-0.6218977521719783,0.0490951181534578,0.0,18450.0
0.20950000000000002,0.4,0.005,20000,0.0,0.0,-0.6357474392302127,0.0468760020576742,0.0,18450.0
0.21300000000000002,0.4,0.005,20000,0.0,0.0,-0.6464617301005783,0.045206118614415196,0.0,18450.0
0.21650000000000003,0.4,0.005,20000,0.0,0.0,-0.6553625974158426,0.04384847734572613,0.0,18450.0
0.22,0.4,0.005,20000,0.0,0.0,-0.6681138599230956,0.04194297330523518,0.0,18450.0
0.01,0.05,0.01,20000,1.0,0.0,0.5638298341023483,0.516914398366412,0.0,19600.0
0.0135,0.05,0.01,20000,1.0,0.0,0.5329171691333657,0.5045129153972454,0.0,19600.0
0.017,0.05,0.01,20000,1.0,0.0,0.49526543911392923,0.4889308659894331,0.0,19600.0
0.0205,0.05,0.01,20000,1.0,0.0,0.4664055221788864,0.4766148545752861,0.0,19600.0
0.024,0.05,0.01,20000,1.0,0.0,0.43417424779402697,0.4625488141580643,0.0,19600.0
0.027500000000000004,0.05,0.01,20000,1.0,0.0,0.40210275960061354,0.44823243975959653,0.0,19600.0
0.031,0.05,0.01,20000,1.0,0.0,0.37507502736190174,0.4359424426960855,0.0,19600.0
0.0345,0.05,0.01,20000,1.0,0.0,0.3448530130925952,0.42198160331541956,0.0,19600.0
0.038,0.05,0.01,20000,1.0,0.0,0.31629540325041317,0.40860904692945804,0.0,19600.0
0.0415,0.05,0.01,20000,1.0,0.0,0.29036367791529166,0.39634458964558367,0.0,19600.0
0.045000000000000005,0.05,0.01,20000,1.0,0.0,0.26528800445166206,0.3844038307814229,0.0,19600.0
0.0485,0.05,0.01,20000,1.0,0.0,0.23694008130851446,0.37082224152375626,0.0,19600.0
0.052000000000000005,0.05,0.01,20000,1.0,0.0,0.2121430825880811,0.3588863264312903,0.0,19600.0
0.0555,0.05,0.01,20000,1.0,0.0,0.1851627969148057,0.3458929369507541,0.0,19600.0
0.059000000000000004,0.05,0.01,20000,1.0,0.0,0.15902154072177965,0.3333116413042273,0.0,19600.0
0.0625,0.05,0.01,20000,1.0,0.0,0.13489092208738002,0.3217259579607501,0.0,19600.0
0.066,0.05,0.01,20000,1.0,0.0,0.11015964391150583,0.30991199930536967,0.0,19600.0
0.0695,0.05,0.01,20000,1.0,0.0,0.08746149587684748,0.299133828315037,0.0,19600.0
0.073,0.05,0.01,20000,1.0,0.0,0.06619082522340883,0.289108097241843,0.0,19600.0
0.0765,0.05,0.01,20000,1.0,0.0,0.04285326344074888,0.2782096846287127,0.0,19600.0
0.08,0.05,0.01,20000,0.9125,0.0,0.02008749305050863,0.2676957826198932,0.0,19600.0
0.08349999999999999,0.05,0.01,20000,0.3875,0.0,-0.0024732743473610264,0.25740736218805843,0.0,19600.0
0.087,0.05,0.01,20000,0.025,0.0,-0.020732334464727047,0.24918379173099536,0.0,19600.0
0.0905,0.05,0.01,20000,0.0,0.0,-0.03996562793885533,0.24063185452533906,0.0,19600.0
0.094,0.05,0.01,20000,0.0,0.0,-0.06576062733064925,0.22935543599630098,0.0,19600.0
0.0975,0.05,0.01,20000,0.0,0.0,-0.08604292047334912,0.22065333434700687,0.0,19600.0
0.10099999999999999,0.05,0.01,20000,0.0,0.0,-0.10500673082192964,0.21266101643884924,0.0,19600.0
0.1045,0.05,0.01,20000,0.0,0.0,-0.1240716250932832,0.20475920690990784,0.0,19600.0
0.108,0.05,0.01,20000,0.0,0.0,-0.14301186257069531,0.19706946603091643,0.0,19600.0
0.1115,0.05,0.01,20000,0.0,0.0,-0.16256999658658677,0.18927134123212402,0.0,19600.0
0.11499999999999999,0.05,0.01,20000,0.0,0.0,-0.18149762178109524,0.18189908215055728,0.0,19600.0
0.1185,0.05,0.01,20000,0.0,0.0,-0.19837845412439126,0.175442940706015,0.0,19600.0
0.122,0.05,0.01,20000,0.0,0.0,-0.21942027776498926,0.1675895989177591,0.0,19600.0
0.1255,0.05,0.01,20000,0.0,0.0,-0.23685422617564056,0.16123416689168316,0.0,19600.0
0.129,0.05,0.01,20000,0.0,0.0,-0.2517226239730997,0.15593531871712124,0.0,19600.0
0.1325,0.05,0.01,20000,0.0,0.0,-0.2711347915590826,0.14915894316865236,0.0,19600.0
0.136,0.05,0.01,20000,0.0,0.0,-0.28640841406004564,0.1439618473951394,0.0,19600.0
0.1395,0.05,0.01,20000,0.0,0.0,-0.30553993759376014,0.13760702258417146,0.0,19600.0
0.14300000000000002,0.05,0.01,20000,0.0,0.0,-0.32111288952749373,0.1325682806430594,0.0,19600.0
0.14650000000000002,0.05,0.01,20000,0.0,0.0,-0.34106910582114314,0.12626957212147544,0.0,19600.0
0.15000000000000002,0.05,0.01,20000,0.0,0.0,-0.35560399714495916,0.12181499703733337,0.0,19600.0
0.15350000000000003,0.05,0.01,20000,0.0,0.0,-0.368713750299142,0.11787832199854471,0.0,19600.0
0.157,0.05,0.01,20000,0.0,0.0,-0.38576664498401353,0.1128768191929179,0.0,19600.0
0.1605,0.05,0.01,20000,0.0,0.0,-0.4026531870386803,0.10806608763451961,0.0,19600.0
0.164,0.05,0.01,20000,0.0,0.0,-0.4143573480426193,0.10480458433425391,0.0,19600.0
0.1675,0.05,0.01,20000,0.0,0.0,-0.4302341636947947,0.10048939199307776,0.0,19600.0
0.171,0.05,0.01,20000,0.0,0.0,-0.4455888575577043,0.09642810776675435,0.0,19600.0
0.17450000000000002,0.05,0.01,20000,0.0,0.0,-0.46233974260425315,0.09212015630600663,0.0,19600.0
0.17800000000000002,0.05,0.01,20000,0.0,0.0,-0.4741454948980103,0.08916293101508199,0.0,19600.0
0.18150000000000002,0.05,0.01,20000,0.0,0.0,-0.48837619178074343,0.08568179691644559,0.0,19600.0
0.18500000000000003,0.05,0.01,20000,0.0,0.0,-0.502255280011524,0.08236369872886634,0.0,19600.0
0.1885,0.05,0.01,20000,0.0,0.0,-0.5133012660920997,0.07979108530799492,0.0,19600.0
0.192,0.05,0.01,20000,0.0,0.0,-0.5274990488650909,0.07656290770488394,0.0,19600.0
0.1955,0.05,0.01,20000,0.0,0.0,-0.5437770255353046,0.07296208114732315,0.0,19600.0
0.199,0.05,0.01,20000,0.0,0.0,-0.5521845213911373,0.0711516713058159,0.0,19600.0
0.2025,0.05,0.01,20000,0.0,0.0,-0.5662122661933107,0.0681826162396409,0.0,19600.0
0.20600000000000002,0.05,0.01,20000,0.0,0.0,-0.577742543263144,0.06581122252083928,0.0,19600.0
0.20950000000000002,0.05,0.01,20000,0.0,0.0,-0.5921235315390729,0.06292272080914099,0.0,19600.0
0.21300000000000002,0.05,0.01,20000,0.0,0.0,-0.6020400684648431,0.06097820678352074,0.0,19600.0
0.21650000000000003,0.05,0.01,20000,0.0,0.0,-0.6142567773757476,0.058636162819645524,0.0,19600.0
0.22,0.05,0.01,20000,0.0,0.0,-0.6238186944792421,0.056846894873297374,0.0,19600.0
0.01,0.1,0.01,20000,1.0,0.0,0.5415886899828761,0.5027633675799346,0.0,19420.0
0.0135,0.1,0.01,20000,1.0,0.0,0.5047360748274405,0.4876425971593482,0.0,19420.0
0.017,0.1,0.01,20000,1.0,0.0,0.4707009889286196,0.4732115583395643,0.0,19420.0
0.0205,0.1,0.01,20000,1.0,0.0,0.4430078711639105,0.4612112441781667,0.0,19420.0
0.024,0.1,0.01,20000,1.0,0.0,0.4085131844278605,0.44592269925675954,0.0,19420.0
0.027500000000000004,0.1,0.01,20000,1.0,0.0,0.38095936694729926,0.4334334679693789,0.0,19420.0
0.031,0.1,0.01,20000,1.0,0.0,0.35263882287072196,0.42045054774850665,0.0,19420.0
0.0345,0.1,0.01,20000,1.0,0.0,0.3238867970065608,0.4070961110515364,0.0,19420.0
0.038,0.1,0.01,20000,1.0,0.0,0.2967556740144021,0.39435473903457224,0.0,19420.0
0.0415,0.1,0.01,20000,1.0,0.0,0.2692544606199875,0.38131842070227473,0.0,19420.0
0.045000000000000005,0.1,0.01,20000,1.0,0.0,0.24127988245574494,0.3679944030286766,0.0,19420.0
0.0485,0.1,0.01,20000,1.0,0.0,0.21443687950111223,0.35516200393315467,0.0,19420.0
0.052000000000000005,0.1,0.01,20000,1.0,0.0,0.1891018365754453,0.3430314946232322,0.0,19420.0
0.0555,0.1,0.01,20000,1.0,0.0,0.16642397494503877,0.33219024429550836,0.0,19420.0
0.059000000000000004,0.1,0.01,20000,1.0,0.0,0.14174035366015522,0.3204233619012949,0.0,19420.0
0.0625,0.1,0.01,20000,1.0,0.0,0.11694283964685126,0.30864799609435184,0.0,19420.0
0.066,0.1,0.01,20000,1.0,0.0,0.09340437590878378,0.2975433803284592,0.0,19420.0
0.0695,0.1,0.01,20000,1.0,0.0,0.07331055854893129,0.28812727043631836,0.0,19420.0
0.073,0.1,0.01,20000,1.0,0.0,0.046376407760159964,0.2756382745145566,0.0,19420.0
0.0765,0.1,0.01,20000,0.9375,0.0,0.026563605092286363,0.26654976049208284,0.0,19420.0
0.08,0.1,0.01,20000,0.45,0.0,0.0025062808697049422,0.25565138345380073,0.0,19420.0
0.08349999999999999,0.1,0.01,20000,0.1125,0.0,-0.017544380540530806,0.24669116573679925,0.0,19420.0
0.087,0.1,0.01,20000,0.0,0.0,-0.03984668262666832,0.23687055439619079,0.0,19420.0
0.0905,0.1,0.01,20000,0.0,0.0,-0.06181617792033924,0.2273561442526121,0.0,19420.0
0.094,0.1,0.01,20000,0.0,0.0,-0.08020002007946933,0.21953089898753203,0.0,19420.0
0.0975,0.1,0.01,20000,0.0,0.0,-0.10282563782418697,0.2100639808479828,0.0,19420.0
0.10099999999999999,0.1,0.01,20000,0.0,0.0,-0.11901942620094985,0.20341908200186118,0.0,19420.0
0.1045,0.1,0.01,20000,0.0,0.0,-0.1395560376311576,0.19514222075006027,0.0,19420.0
0.108,0.1,0.01,20000,0.0,0.0,-0.1561941831586045,0.1885669311494529,0.0,19420.0
0.1115,0.1,0.01,20000,0.0,0.0,-0.17878908035866664,0.17982578544050715,0.0,19420.0
0.11499999999999999,0.1,0.01,20000,0.0,0.0,-0.19829519492164974,0.17246227397355052,0.0,19420.0
0.1185,0.1,0.01,20000,0.0,0.0,-0.21550522480892026,0.16611027630618205,0.0,19420.0
0.122,0.1,0.01,20000,0.0,0.0,-0.23301996305018555,0.1597861336493915,0.0,19420.0
0.1255,0.1,0.01,20000,0.0,0.0,-0.24853300740691994,0.15430581192124299,0.0,19420.0
0.129,0.1,0.01,20000,0.0,0.0,-0.26623459355321033,0.14818423008023657,0.0,19420.0
0.1325,0.1,0.01,20000,0.0,0.0,-0.2839144187963197,0.14222593675528755,0.0,19420.0
0.136,0.1,0.01,20000,0.0,0.0,-0.2985970263045593,0.13739374625713788,0.0,19420.0
0.1395,0.1,0.01,20000,0.0,0.0,-0.3155853812915262,0.13192738737860182,0.0,19420.0
0.14300000000000002,0.1,0.01,20000,0.0,0.0,-0.3341591836802675,0.12610120157982752,0.0,19420.0
0.14650000000000002,0.1,0.01,20000,0.0,0.0,-0.35185852234663173,0.12071037197177219,0.0,19420.0
0.15000000000000002,0.1,0.01,20000,0.0,0.0,-0.37052748159942317,0.11518699067010174,0.0,19420.0
0.15350000000000003,0.1,0.01,20000,0.0,0.0,-0.3825036622475954,0.11172185607746206,0.0,19420.0
0.157,0.1,0.01,20000,0.0,0.0,-0.3985897319688731,0.10719267202006874,0.0,19420.0
0.1605,0.1,0.01,20000,0.0,0.0,-0.4108794515280641,0.10379758137405534,0.0,19420.0
0.164,0.1,0.01,20000,0.0,0.0,-0.4273021291937633,0.09939116054093519,0.0,19420.0
0.1675,0.1,0.01,20000,0.0,0.0,-0.44080463721352653,0.09585169136019023,0.0,19420.0
0.171,0.1,0.01,20000,0.0,0.0,-0.4580333769630408,0.09146325066678863,0.0,19420.0
0.17450000000000002,0.1,0.01,20000,0.0,0.0,-0.46944186630324136,0.08862927241148937,0.0,19420.0
0.17800000000000002,0.1,0.01,20000,0.0,0.0,-0.4846857585381306,0.08493546330790044,0.0,19420.0
0.18150000000000002,0.1,0.01,20000,0.0,0.0,-0.49784221191294337,0.08182448696235489,0.0,19420.0
0.18500000000000003,0.1,0.01,20000,0.0,0.0,-0.5099405241703922,0.07903113949379914,0.0,19420.0
0.1885,0.1,0.01,20000,0.0,0.0,-0.5256927289711368,0.07549765699712792,0.0,19420.0
0.192,0.1,0.01,20000,0.0,0.0,-0.5357893995151594,0.0732846538938298,0.0,19420.0
0.1955,0.1,0.01,20000,0.0,0.0,-0.5497862665704811,0.07028437145842345,0.0,19420.0
0.199,0.1,0.01,20000,0.0,0.0,-0.5623793787052691,0.06765984363441482,0.0,19420.0
0.2025,0.1,0.01,20000,0.0,0.0,-0.5759226053261358,0.06489744784307913,0.0,19420.0
0.20600000000000002,0.1,0.01,20000,0.0,0.0,-0.5874651625584136,0.06261050122474496,0.0,19420.0
0.20950000000000002,0.1,0.01,20000,0.0,0.0,-0.5987397373007739,0.06042459784332429,0.0,19420.0
0.21300000000000002,0.1,0.01,20000,0.0,0.0,-0.6126508557647352,0.05779448927753078,0.0,19420.0
0.21650000000000003,0.1,0.01,20000,0.0,0.0,-0.6245516904992428,0.05560701741970282,0.0,19420.0
0.22,0.1,0.01,20000,0.0,0.0,-0.6367036885017688,0.053419775127534166,0.0,19420.0
0.01,0.15,0.01,20000,1.0,0.0,0.5116790074180961,0.4852678959786618,0.0,19240.0
0.0135,0.15,0.01,20000,1.0,0.0,0.4785162011683588,0.4713225402583999,0.0,19240.0
0.017,0.15,0.01,20000,1.0,0.0,0.4461113752741575,0.4573207515630354,0.0,19240.0
0.0205,0.15,0.01,20000,1.0,0.0,0.4167953681391984,0.4444165649233657,0.0,19240.0
0.024,0.15,0.01,20000,1.0,0.0,0.3887226211258682,0.43182129829427784,0.0,19240.0
0.027500000000000004,0.15,0.01,20000,1.0,0.0,0.35842605805542654,0.41799902906294834,0.0,19240.0
0.031,0.15,0.01,20000,1.0,0.0,0.33233114731643515,0.405952852485494,0.0,19240.0
0.0345,0.15,0.01,20000,1.0,0.0,0.30204607121130456,0.3918278492689916,0.0,19240.0
0.038,0.15,0.01,20000,1.0,0.0,0.2754003567718599,0.37927760592059245,0.0,19240.0
0.0415,0.15,0.01,20000,1.0,0.0,0.2479681808170208,0.36629887699385794,0.0,19240.0
0.045000000000000005,0.15,0.01,20000,1.0,0.0,0.2226496425985252,0.3542703000566959,0.0,19240.0
0.0485,0.15,0.01,20000,1.0,0.0,0.19610289487149463,0.3416492017791928,0.0,19240.0
0.052000000000000005,0.15,0.01,20000,1.0,0.0,0.17016819210280051,0.329327259117027,0.0,19240.0
0.0555,0.15,0.01,20000,1.0,0.0,0.14422269753003109,0.3170380921959836,0.0,19240.0
0.059000000000000004,0.15,0.01,20000,1.0,0.0,0.12332791847972502,0.30718380829408637,0.0,19240.0
0.0625,0.15,0.01,20000,1.0,0.0,0.10140384967434006,0.29689985901791094,0.0,19240.0
0.066,0.15,0.01,20000,1.0,0.0,0.07511099160630674,0.2846724522758117,0.0,19240.0
0.0695,0.15,0.01,20000,1.0,0.0,0.051095226063146794,0.2736210738369082,0.0,19240.0
0.073,0.15,0.01,20000,1.0,0.0,0.02940246901971284,0.26374896425508165,0.0,19240.0
0.0765,0.15,0.01,20000,0.625,0.0,0.0068438913069508766,0.2536103289467542,0.0,19240.0
0.08,0.15,0.01,20000,0.075,0.0,-0.015524835300523555,0.24369586412391825,0.0,19240.0
0.08349999999999999,0.15,0.01,20000,0.0,0.0,-0.034932639063673526,0.23522765325399914,0.0,19240.0
0.087,0.15,0.01,20000,0.0,0.0,-0.05712197164561317,0.22568763234587258,0.0,19240.0
0.0905,0.15,0.01,20000,0.0,0.0,-0.07450967671501804,0.21833893491376893,0.0,19240.0
0.094,0.15,0.01,20000,0.0,0.0,-0.09390165498900266,0.2102734166611358,0.0,19240.0
0.0975,0.15,0.01,20000,0.0,0.0,-0.11652584923128892,0.20104361675550467,0.0,19240.0
0.10099999999999999,0.15,0.01,20000,0.0,0.0,-0.13752427290513053,0.1926700116908096,0.0,19240.0
0.1045,0.15,0.01,20000,0.0,0.0,-0.15329040366424307,0.18650086326104706,0.0,19240.0
0.108,0.15,0.01,20000,0.0,0.0,-0.1737990204053131,0.17863818628106537,0.0,19240.0
0.1115,0.15,0.01,20000,0.0,0.0,-0.19066447174490694,0.1723126140601691,0.0,19240.0
0.11499999999999999,0.15,0.01,20000,0.0,0.0,-0.20944267860714066,0.16541610771672913,0.0,19240.0
0.1185,0.15,0.01,20000,0.0,0.0,-0.23048019358451333,0.1578881015999905,0.0,19240.0
0.122,0.15,0.01,20000,0.0,0.0,-0.245506109364167,0.15262916492603606,0.0,19240.0
0.1255,0.15,0.01,20000,0.0,0.0,-0.26279391873373126,0.14671465152392205,0.0,19240.0
0.129,0.15,0.01,20000,0.0,0.0,-0.2809536919712161,0.1406624768794909,0.0,19240.0
0.1325,0.15,0.01,20000,0.0,0.0,-0.2994323112400923,0.13465511703743643,0.0,19240.0
0.136,0.15,0.01,20000,0.0,0.0,-0.31405810232846926,0.13002082682060045,0.0,19240.0
0.1395,0.15,0.01,20000,0.0,0.0,-0.3299443080362984,0.12509753160997159,0.0,19240.0
0.14300000000000002,0.15,0.01,20000,0.0,0.0,-0.34839385519898897,0.11952898457728547,0.0,19240.0
0.14650000000000002,0.15,0.01,20000,0.0,0.0,-0.362530576820325,0.11537195787592074,0.0,19240.0
0.15000000000000002,0.15,0.01,20000,0.0,0.0,-0.37778956620878723,0.11099500134769964,0.0,19240.0
0.15350000000000003,0.15,0.01,20000,0.0,0.0,-0.39405999859046004,0.10644377361339293,0.0,19240.0
0.157,0.15,0.01,20000,0.0,0.0,-0.40840811379519826,0.10253270511509271,0.0,19240.0
0.1605,0.15,0.01,20000,0.0,0.0,-0.4245819933263134,0.09824447287471902,0.0,19240.0
0.164,0.15,0.01,20000,0.0,0.0,-0.43820964386798844,0.09471481342138681,0.0,19240.0
0.1675,0.15,0.01,20000,0.0,0.0,-0.4514164475341076,0.09138409586661511,0.0,19240.0
0.171,0.15,0.01,20000,0.0,0.0,-0.46683780281168874,0.08758588455181357,0.0,19240.0
0.17450000000000002,0.15,0.01,20000,0.0,0.0,-0.481201584301769,0.08413862267738262,0.0,19240.0
0.17800000000000002,0.15,0.01,20000,0.0,0.0,-0.49503679707211407,0.08091201638868543,0.0,19240.0
0.18150000000000002,0.15,0.01,20000,0.0,0.0,-0.510099140200234,0.07748874030998391,0.0,19240.0
0.18500000000000003,0.15,0.01,20000,0.0,0.0,-0.523616779411215,0.07450354362861875,0.0,19240.0
0.1885,0.15,0.01,20000,0.0,0.0,-0.5353933394977268,0.07195887518933594,0.0,19240.0
0.192,0.15,0.01,20000,0.0,0.0,-0.5471933847849652,0.06946977459993818,0.0,19240.0
0.1955,0.15,0.01,20000,0.0,0.0,-0.5593179170880693,0.06697199372334661,0.0,19240.0
0.199,0.15,0.01,20000,0.0,0.0,-0.5737121664022785,0.06407865309592506,0.0,19240.0
0.2025,0.15,0.01,20000,0.0,0.0,-0.5848394734431275,0.06190204626832017,0.0,19240.0
0.20600000000000002,0.15,0.01,20000,0.0,0.0,-0.5968701448009648,0.059603355113542235,0.0,19240.0
0.20950000000000002,0.15,0.01,20000,0.0,0.0,-0.6099578704053508,0.0571633472250066,0.0,19240.0
0.21300000000000002,0.15,0.01,20000,0.0,0.0,-0.6205540021329872,0.05523581458694293,0.0,19240.0
0.21650000000000003,0.15,0.01,20000,0.0,0.0,-0.6332452099675111,0.05297862620210059,0.0,19240.0
0.22,0.15,0.01,20000,0.0,0.0,-0.6470675849556964,0.05059226494630035,0.0,19240.0
0.01,0.2,0.01,20000,1.0,0.0,0.48507174764061284,0.4688619715135677,0.0,19060.0
0.0135,0.2,0.01,20000,1.0,0.0,0.4539392560057106,0.4555179389572636,0.0,19060.0
0.017,0.2,0.01,20000,1.0,0.0,0.4209653961664156,0.44109254618735944,0.0,19060.0
0.0205,0.2,0.01,20000,1.0,0.0,0.39694946758477206,0.43036328038849636,0.0,19060.0
0.024,0.2,0.01,20000,1.0,0.0,0.3672741968368864,0.4169470424384416,0.0,19060.0
0.027500000000000004,0.2,0.01,20000,1.0,0.0,0.3345361185902699,0.40192126716160564,0.0,19060.0
0.031,0.2,0.01,20000,1.0,0.0,0.3053692005574846,0.3883767709280775,0.0,19060.0
0.0345,0.2,0.01,20000,1.0,0.0,0.27976007934413577,0.3763947746687211,0.0,19060.0
0.038,0.2,0.01,20000,1.0,0.0,0.25292894663968957,0.36376418919100056,0.0,19060.0
0.0415,0.2,0.01,20000,1.0,0.0,0.22729483876002585,0.3516728997388667,0.0,19060.0
0.045000000000000005,0.2,0.01,20000,1.0,0.0,0.202333078479547,0.33988189274552516,0.0,19060.0
0.0485,0.2,0.01,20000,1.0,0.0,0.17748622566773822,0.32815695218140783,0.0,19060.0
0.052000000000000005,0.2,0.01,20000,1.0,0.0,0.15245685791548808,0.3163757758533593,0.0,19060.0
0.0555,0.2,0.01,20000,1.0,0.0,0.1275170112194254,0.3046879080389154,0.0,19060.0
0.059000000000000004,0.2,0.01,20000,1.0,0.0,0.10282181193147544,0.2931910539016569,0.0,19060.0
0.0625,0.2,0.01,20000,1.0,0.0,0.0799272107169412,0.2826279875368101,0.0,19060.0
0.066,0.2,0.01,20000,1.0,0.0,0.05999636081772545,0.27351296491458266,0.0,19060.0
0.0695,0.2,0.01,20000,1.0,0.0,0.036481105461911315,0.2628692968871179,0.0,19060.0
0.073,0.2,0.01,20000,0.8375,0.0,0.013484575308112656,0.25259746939965244,0.0,19060.0
0.0765,0.2,0.01,20000,0.1875,0.0,-0.009404877508793475,0.2425185887252536,0.0,19060.0
0.08,0.2,0.01,20000,0.0125,0.0,-0.03105295885922945,0.23313396507511003,0.0,19060.0
0.08349999999999999,0.2,0.01,20000,0.0,0.0,-0.051199616901729764,0.2245389455562318,0.0,19060.0
0.087,0.2,0.01,20000,0.0,0.0,-0.06989064825795133,0.21669610749435897,0.0,19060.0
0.0905,0.2,0.01,20000,0.0,0.0,-0.0927114174114965,0.20728990009655254,0.0,19060.0
0.094,0.2,0.01,20000,0.0,0.0,-0.11170680355076208,0.19961682152325677,0.0,19060.0
0.0975,0.2,0.01,20000,0.0,0.0,-0.13083667980897606,0.19203965251819852,0.0,19060.0
0.10099999999999999,0.2,0.01,20000,0.0,0.0,-0.15152654207913155,0.18401470854833643,0.0,19060.0
0.1045,0.2,0.01,20000,0.0,0.0,-0.17014998559531094,0.17694640324793437,0.0,19060.0
0.108,0.2,0.01,20000,0.0,0.0,-0.1883084829723621,0.17020402735073467,0.0,19060.0
0.1115,0.2,0.01,20000,0.0,0.0,-0.20755207704154072,0.1632266034724959,0.0,19060.0
0.11499999999999999,0.2,0.01,20000,0.0,0.0,-0.22308800254133349,0.15770537261804018,0.0,19060.0
0.1185,0.2,0.01,20000,0.0,0.0,-0.24325825289532546,0.1507110390423376,0.0,19060.0
0.122,0.2,0.01,20000,0.0,0.0,-0.25967013329217536,0.14516305948917776,0.0,19060.0
0.1255,0.2,0.01,20000,0.0,0.0,-0.27804363150648376,0.13909872660833708,0.0,19060.0
0.129,0.2,0.01,20000,0.0,0.0,-0.2955608797822782,0.13346002744778707,0.0,19060.0
0.1325,0.2,0.01,20000,0.0,0.0,-0.3124202780961737,0.12817623080034113,0.0,19060.0
0.136,0.2,0.01,20000,0.0,0.0,-0.327734002602415,0.12348610609425688,0.0,19060.0
0.1395,0.2,0.01,20000,0.0,0.0,-0.34572229986386055,0.11812831120736947,0.0,19060.0
0.14300000000000002,0.2,0.01,20000,0.0,0.0,-0.3615367472213659,0.11353889123532435,0.0,19060.0
0.14650000000000002,0.2,0.01,20000,0.0,0.0,-0.37627702183795125,0.10936804030840241,0.0,19060.0
0.15000000000000002,0.2,0.01,20000,0.0,0.0,-0.3930518913788859,0.10474865050470283,0.0,19060.0
0.15350000000000003,0.2,0.01,20000,0.0,0.0,-0.40678901809564094,0.10105016318854727,0.0,19060.0
0.157,0.2,0.01,20000,0.0,0.0,-0.4227965467795055,0.09686088623060603,0.0,19060.0
0.1605,0.2,0.01,20000,0.0,0.0,-0.4365981302094227,0.09333933514913695,0.0,19060.0
0.164,0.2,0.01,20000,0.0,0.0,-0.4523332589276152,0.08943163072918622,0.0,19060.0
0.1675,0.2,0.01,20000,0.0,0.0,-0.46581187081383,0.086175730397237,0.0,19060.0
0.171,0.2,0.01,20000,0.0,0.0,-0.4782997170667394,0.08322139616410232,0.0,19060.0
0.17450000000000002,0.2,0.01,20000,0.0,0.0,-0.49276099989337735,0.07988943617036862,0.0,19060.0
0.17800000000000002,0.2,0.01,20000,0.0,0.0,-0.5076400862901566,0.07655378742797074,0.0,19060.0
0.18150000000000002,0.2,0.01,20000,0.0,0.0,-0.5162678766984302,0.07466205777336052,0.0,19060.0
0.18500000000000003,0.2,0.01,20000,0.0,0.0,-0.5321005913323799,0.0712645876889074,0.0,19060.0
0.1885,0.2,0.01,20000,0.0,0.0,-0.5464551765684229,0.06828328002813241,0.0,19060.0
0.192,0.2,0.01,20000,0.0,0.0,-0.5575923594776059,0.06602328522693014,0.0,19060.0
0.1955,0.2,0.01,20000,0.0,0.0,-0.5726458232217126,0.06304536475791975,0.0,19060.0
0.199,0.2,0.01,20000,0.0,0.0,-0.5854121907115342,0.060591597477802274,0.0,19060.0
0.2025,0.2,0.01,20000,0.0,0.0,-0.5940270777791022,0.05897012280092151,0.0,19060.0
0.20600000000000002,0.2,0.01,20000,0.0,0.0,-0.6081711546835467,0.05637255476956725,0.0,19060.0
0.20950000000000002,0.2,0.01,20000,0.0,0.0,-0.6196097605622946,0.05432119142358214,0.0,19060.0
0.21300000000000002,0.2,0.01,20000,0.0,0.0,-0.6310573792506232,0.05231783132584371,0.0,19060.0
0.21650000000000003,0.2,0.01,20000,0.0,0.0,-0.6426487597364552,0.05033992050886308,0.0,19060.0
0.22,0.2,0.01,20000,0.0,0.0,-0.6534662308162071,0.04853670748338914,0.0,19060.0
0.01,0.25,0.01,20000,1.0,0.0,0.46228565750112854,0.4539161387117323,0.0,18880.0
0.0135,0.25,0.01,20000,1.0,0.0,0.43157809895707866,0.44057018415770904,0.0,18880.0
0.017,0.25,0.01,20000,1.0,0.0,0.40023402026575844,0.4266710175568581,0.0,18880.0
0.0205,0.25,0.01,20000,1.0,0.0,0.3716934985189101,0.41384560167749945,0.0,18880.0
0.024,0.25,0.01,20000,1.0,0.0,0.34079721806436764,0.39974586669399487,0.0,18880.0
0.027500000000000004,0.25,0.01,20000,1.0,0.0,0.31450750367731084,0.3876366968618996,0.0,18880.0
0.031,0.25,0.01,20000,1.0,0.0,0.2836768908611061,0.3732937509076792,0.0,18880.0
0.0345,0.25,0.01,20000,1.0,0.0,0.2583295965027056,0.361457738764975,0.0,18880.0
0.038,0.25,0.01,20000,1.0,0.0,0.2348350064472439,0.35043336577717754,0.0,18880.0
0.0415,0.25,0.01,20000,1.0,0.0,0.20681824392888082,0.33728837608646567,0.0,18880.0
0.045000000000000005,0.25,0.01,20000,1.0,0.0,0.18259770826270932,0.32593224085231315,0.0,18880.0
0.0485,0.25,0.01,20000,1.0,0.0,0.15877859771872732,0.31479112310322904,0.0,18880.0
0.052000000000000005,0.25,0.01,20000,1.0,0.0,0.13099901629430755,0.30186730426817077,0.0,18880.0
0.0555,0.25,0.01,20000,1.0,0.0,0.10940858566678677,0.2918921205867747,0.0,18880.0
0.059000000000000004,0.25,0.01,20000,1.0,0.0,0.08309999075418933,0.27983568211321225,0.0,18880.0
0.0625,0.25,0.01,20000,1.0,0.0,0.0643851721247912,0.27134146028323336,0.0,18880.0
0.066,0.25,0.01,20000,1.0,0.0,0.04171189526270062,0.2611541423469966,0.0,18880.0
0.0695,0.25,0.01,20000,0.875,0.0,0.01715418821697274,0.2502665523968369,0.0,18880.0
0.073,0.25,0.01,20000,0.3125,0.0,-0.004578928777276987,0.240770394183948,0.0,18880.0
0.0765,0.25,0.01,20000,0.0125,0.0,-0.025667093040050215,0.2316982802290027,0.0,18880.0
0.08,0.25,0.01,20000,0.0,0.0,-0.04679117821944831,0.22275689246820657,0.0,18880.0
0.08349999999999999,0.25,0.01,20000,0.0,0.0,-0.06806493945204188,0.21390723416476215,0.0,18880.0
0.087,0.25,0.01,20000,0.0,0.0,-0.08876272607893684,0.20546489660190997,0.0,18880.0
0.0905,0.25,0.01,20000,0.0,0.0,-0.10732868409435145,0.1980230450827567,0.0,18880.0
0.094,0.25,0.01,20000,0.0,0.0,-0.12520743887062796,0.1909985508434746,0.0,18880.0
0.0975,0.25,0.01,20000,0.0,0.0,-0.14837106842740075,0.18209034385448455,0.0,18880.0
0.10099999999999999,0.25,0.01,20000,0.0,0.0,-0.1657376213153266,0.17555228465368705,0.0,18880.0
0.1045,0.25,0.01,20000,0.0,0.0,-0.1847697309969011,0.16854659268022942,0.0,18880.0
0.108,0.25,0.01,20000,0.0,0.0,-0.2031155630023897,0.16195000769304874,0.0,18880.0
0.1115,0.25,0.01,20000,0.0,0.0,-0.2222522777137495,0.155226448276056,0.0,18880.0
0.11499999999999999,0.25,0.01,20000,0.0,0.0,-0.2393199344846768,0.14937875992527683,0.0,18880.0
0.1185,0.25,0.01,20000,0.0,0.0,-0.2563127401414086,0.14369310325323878,0.0,18880.0
0.122,0.25,0.01,20000,0.0,0.0,-0.272377231421337,0.13842259685207364,0.0,18880.0
0.1255,0.25,0.01,20000,0.0,0.0,-0.29267840529858136,0.13195488547782147,0.0,18880.0
0.129,0.25,0.01,20000,0.0,0.0,-0.30946678598817107,0.12675671413625073,0.0,18880.0
0.1325,0.25,0.01,20000,0.0,0.0,-0.3264849064690899,0.12162074564068923,0.0,18880.0
0.136,0.25,0.01,20000,0.0,0.0,-0.33992056889343786,0.11765172117111518,0.0,18880.0
0.1395,0.25,0.01,20000,0.0,0.0,-0.3554865922859446,0.11316615993769867,0.0,18880.0
0.14300000000000002,0.25,0.01,20000,0.0,0.0,-0.3749435700416863,0.10770913068802282,0.0,18880.0
0.14650000000000002,0.25,0.01,20000,0.0,0.0,-0.3881975068364309,0.10410248233658725,0.0,18880.0
0.15000000000000002,0.25,0.01,20000,0.0,0.0,-0.4035233741153782,0.10002843107085999,0.0,18880.0
0.15350000000000003,0.25,0.01,20000,0.0,0.0,-0.4175673049660261,0.09637990822682208,0.0,18880.0
0.157,0.25,0.01,20000,0.0,0.0,-0.43367159790554843,0.09231763195621931,0.0,18880.0
0.1605,0.25,0.01,20000,0.0,0.0,-0.44705910178283786,0.0890156128416963,0.0,18880.0
0.164,0.25,0.01,20000,0.0,0.0,-0.4609726656771257,0.08568185086461579,0.0,18880.0
0.1675,0.25,0.01,20000,0.0,0.0,-0.4760424100074497,0.08215909540545716,0.0,18880.0
0.171,0.25,0.01,20000,0.0,0.0,-0.48716852716070047,0.07961373179355687,0.0,18880.0
0.17450000000000002,0.25,0.01,20000,0.0,0.0,-0.5047895330460327,0.07570577643329762,0.0,18880.0
0.17800000000000002,0.25,0.01,20000,0.0,0.0,-0.5161098087895128,0.07326019839869485,0.0,18880.0
0.18150000000000002,0.25,0.01,20000,0.0,0.0,-0.5321214406148433,0.06989246127786888,0.0,18880.0
0.18500000000000003,0.25,0.01,20000,0.0,0.0,-0.5426096076541941,0.06774127474276974,0.0,18880.0
0.1885,0.25,0.01,20000,0.0,0.0,-0.5536230038130535,0.06553257017303815,0.0,18880.0
0.192,0.25,0.01,20000,0.0,0.0,-0.5691429192734418,0.06250137053831692,0.0,18880.0
0.1955,0.25,0.01,20000,0.0,0.0,-0.5821811656090754,0.06001686502692951,0.0,18880.0
0.199,0.25,0.01,20000,0.0,0.0,-0.5921987876871562,0.05815995916118544,0.0,18880.0
0.2025,0.25,0.01,20000,0.0,0.0,-0.604995273050225,0.055837666709322796,0.0,18880.0
0.20600000000000002,0.25,0.01,20000,0.0,0.0,-0.6145379293924705,0.054145372373743894,0.0,18880.0
0.20950000000000002,0.25,0.01,20000,0.0,0.0,-0.6295975090492479,0.05154195202261282,0.0,18880.0
0.21300000000000002,0.25,0.01,20000,0.0,0.0,-0.6406511557043361,0.049682533437130666,0.0,18880.0
0.21650000000000003,0.25,0.01,20000,0.0,0.0,-0.6510192772736222,0.04797690413860785,0.0,18880.0
0.22,0.25,0.01,20000,0.0,0.0,-0.6618734637915533,0.04623234070429483,0.0,18880.0
0.01,0.3,0.01,20000,1.0,0.0,0.43609361806725866,0.4373759864822574,0.0,18700.0
0.0135,0.3,0.01,20000,1.0,0.0,0.40112573858446626,0.42195341763115657,0.0,18700.0
0.017,0.3,0.01,20000,1.0,0.0,0.37618646297818703,0.41076790644298666,0.0,18700.0
0.0205,0.3,0.01,20000,1.0,0.0,0.3489469988734492,0.39843626339640187,0.0,18700.0
0.024,0.3,0.01,20000,1.0,0.0,0.3180745996609207,0.3842941187071114,0.0,18700.0
0.027500000000000004,0.3,0.01,20000,1.0,0.0,0.28835394757199,0.37057065470308226,0.0,18700.0
0.031,0.3,0.01,20000,1.0,0.0,0.2646784478195717,0.35956604390669317,0.0,18700.0
0.0345,0.3,0.01,20000,1.0,0.0,0.23960968051968332,0.34789622513070373,0.0,18700.0
0.038,0.3,0.01,20000,1.0,0.0,0.2107610824871431,0.33444914397540976,0.0,18700.0
0.0415,0.3,0.01,20000,1.0,0.0,0.1873712675042152,0.3235533920780923,0.0,18700.0
0.045000000000000005,0.3,0.01,20000,1.0,0.0,0.16309583580221546,0.31228096228763996,0.0,18700.0
0.0485,0.3,0.01,20000,1.0,0.0,0.13562842649621878,0.2995868928498207,0.0,18700.0
0.052000000000000005,0.3,0.01,20000,1.0,0.0,0.11509329433909735,0.29016568200243115,0.0,18700.0
0.0555,0.3,0.01,20000,1.0,0.0,0.09038863115666511,0.2789212882966063,0.0,18700.0
0.059000000000000004,0.3,0.01,20000,1.0,0.0,0.0670035143612772,0.2683842386629861,0.0,18700.0
0.0625,0.3,0.01,20000,1.0,0.0,0.04630866420585781,0.25915846395345643,0.0,18700.0
0.066,0.3,0.01,20000,0.925,0.0,0.01969120499544199,0.24745143047121948,0.0,18700.0
0.0695,0.3,0.01,20000,0.55,0.0,0.0032645359410365727,0.24033110792774348,0.0,18700.0
0.073,0.3,0.01,20000,0.05,0.0,-0.019989620004122105,0.23038634420923348,0.0,18700.0
0.0765,0.3,0.01,20000,0.0,0.0,-0.03994820654323113,0.22198916361916649,0.0,18700.0
0.08,0.3,0.01,20000,0.0,0.0,-0.061539903585375234,0.21306407718622963,0.0,18700.0
0.08349999999999999,0.3,0.01,20000,0.0,0.0,-0.08240338181401069,0.20460429741026162,0.0,18700.0
0.087,0.3,0.01,20000,0.0,0.0,-0.10499693476676426,0.1956300798146305,0.0,18700.0
0.0905,0.3,0.01,20000,0.0,0.0,-0.12534757103171404,0.18771571723388136,0.0,18700.0
0.094,0.3,0.01,20000,0.0,0.0,-0.14304646385969216,0.18098310803149792,0.0,18700.0
0.0975,0.3,0.01,20000,0.0,0.0,-0.16033552800755208,0.17452535904556413,0.0,18700.0
0.10099999999999999,0.3,0.01,20000,0.0,0.0,-0.18357503052590093,0.16605560187912,0.0,18700.0
0.1045,0.3,0.01,20000,0.0,0.0,-0.19898720903673167,0.1605804170854624,0.0,18700.0
0.108,0.3,0.01,20000,0.0,0.0,-0.21680791484033915,0.15437811440474997,0.0,18700.0
0.1115,0.3,0.01,20000,0.0,0.0,-0.23403078039072053,0.14850546189326583,0.0,18700.0
0.11499999999999999,0.3,0.01,20000,0.0,0.0,-0.2542079406997393,0.14181208428791464,0.0,18700.0
0.1185,0.3,0.01,20000,0.0,0.0,-0.27024851924488,0.13662572310438062,0.0,18700.0
0.122,0.3,0.01,20000,0.0,0.0,-0.2886010822528648,0.13083734070178377,0.0,18700.0
0.1255,0.3,0.01,20000,0.0,0.0,-0.30541080425499983,0.12567607021709665,0.0,18700.0
0.129,0.3,0.01,20000,0.0,0.0,-0.3198418669107405,0.1213551397656109,0.0,18700.0
0.1325,0.3,0.01,20000,0.0,0.0,-0.33567335253014247,0.11671742996044938,0.0,18700.0
0.136,0.3,0.01,20000,0.0,0.0,-0.35387862284835336,0.11152586579076411,0.0,18700.0
0.1395,0.3,0.01,20000,0.0,0.0,-0.36922054490149814,0.10726837244772405,0.0,18700.0
0.14300000000000002,0.3,0.01,20000,0.0,0.0,-0.38637892297963655,0.10264992405151889,0.0,18700.0
0.14650000000000002,0.3,0.01,20000,0.0,0.0,-0.39891653559359297,0.09935048732890024,0.0,18700.0
0.15000000000000002,0.3,0.01,20000,0.0,0.0,-0.4160057777531865,0.09496491354654234,0.0,18700.0
0.15350000000000003,0.3,0.01,20000,0.0,0.0,-0.42927121485875486,0.09165848460903386,0.0,18700.0
0.157,0.3,0.01,20000,0.0,0.0,-0.4438759616387026,0.08809982249411191,0.0,18700.0
0.1605,0.3,0.01,20000,0.0,0.0,-0.45830161451694373,0.08467852171234319,0.0,18700.0
0.164,0.3,0.01,20000,0.0,0.0,-0.473001421175689,0.08128390371546589,0.0,18700.0
0.1675,0.3,0.01,20000,0.0,0.0,-0.48978570584871656,0.07751799809339326,0.0,18700.0
0.171,0.3,0.01,20000,0.0,0.0,-0.5020947315295665,0.07483538861081059,0.0,18700.0
0.17450000000000002,0.3,0.01,20000,0.0,0.0,-0.5147845740079515,0.07213518062610554,0.0,18700.0
0.17800000000000002,0.3,0.01,20000,0.0,0.0,-0.5281068913253625,0.06936758346062699,0.0,18700.0
0.18150000000000002,0.3,0.01,20000,0.0,0.0,-0.5406829540735639,0.06682018304541655,0.0,18700.0
0.18500000000000003,0.3,0.01,20000,0.0,0.0,-0.5523528473184622,0.06450818294387389,0.0,18700.0
0.1885,0.3,0.01,20000,0.0,0.0,-0.5644407482410372,0.062172963138173665,0.0,18700.0
0.192,0.3,0.01,20000,0.0,0.0,-0.5794376889546522,0.05935457281886718,0.0,18700.0
0.1955,0.3,0.01,20000,0.0,0.0,-0.5906527524731573,0.05730276566141566,0.0,18700.0
0.199,0.3,0.01,20000,0.0,0.0,-0.6037010171563282,0.054973477464587736,0.0,18700.0
0.2025,0.3,0.01,20000,0.0,0.0,-0.614206912380561,0.05314464666300929,0.0,18700.0
0.20600000000000002,0.3,0.01,20000,0.0,0.0,-0.6255387870790032,0.05121358801781073,0.0,18700.0
0.20950000000000002,0.3,0.01,20000,0.0,0.0,-0.6391899524438859,0.04894715515207708,0.0,18700.0
0.21300000000000002,0.3,0.01,20000,0.0,0.0,-0.6510011470042808,0.047037581670184084,0.0,18700.0
0.21650000000000003,0.3,0.01,20000,0.0,0.0,-0.6586500081653331,0.045823818743134875,0.0,18700.0
0.22,0.3,0.01,20000,0.0,0.0,-0.6720303850549502,0.04375374269216845,0.0,18700.0
0.01,0.35,0.01,20000,1.0,0.0,0.4130644844339685,0.42211362753800435,0.0,18520.0
0.0135,0.35,0.01,20000,1.0,0.0,0.3821603764005335,0.40837633929322636,0.0,18520.0
0.017,0.35,0.01,20000,1.0,0.0,0.35452157045609406,0.39592409288045743,0.0,18520.0
0.0205,0.35,0.01,20000,1.0,0.0,0.3219097273369494,0.38109881293983505,0.0,18520.0
0.024,0.35,0.01,20000,1.0,0.0,0.2984401884056604,0.37032141890817666,0.0,18520.0
0.027500000000000004,0.35,0.01,20000,1.0,0.0,0.2670419600515662,0.3558426313477524,0.0,18520.0
0.031,0.35,0.01,20000,1.0,0.0,0.2428030515499091,0.3446212502141598,0.0,18520.0
0.0345,0.35,0.01,20000,1.0,0.0,0.21390168290087663,0.3312379320275009,0.0,18520.0
0.038,0.35,0.01,20000,1.0,0.0,0.19117076942747904,0.32072968886382164,0.0,18520.0
0.0415,0.35,0.01,20000,1.0,0.0,0.1661738177922852,0.3092040167096702,0.0,18520.0
0.045000000000000005,0.35,0.01,20000,1.0,0.0,0.14117450144900862,0.29773697526126386,0.0,18520.0
0.0485,0.35,0.01,20000,1.0,0.0,0.11970830191038799,0.28795465711750695,0.0,18520.0
0.052000000000000005,0.35,0.01,20000,1.0,0.0,0.0945628393832235,0.2765935292879749,0.0,18520.0
0.0555,0.35,0.01,20000,1.0,0.0,0.06972737129232712,0.26549271607635233,0.0,18520.0
0.059000000000000004,0.35,0.01,20000,1.0,0.0,0.05018114670193785,0.2568503948396893,0.0,18520.0
0.0625,0.35,0.01,20000,0.925,0.0,0.024796551716209335,0.24577340454858915,0.0,18520.0
0.066,0.35,0.01,20000,0.4375,0.0,0.0019437403978850077,0.23595812770672966,0.0,18520.0
0.0695,0.35,0.01,20000,0.1125,0.0,-0.01769761157184343,0.22764805076174105,0.0,18520.0
0.073,0.35,0.01,20000,0.0,0.0,-0.0369568389095092,0.2196227815475551,0.0,18520.0
0.0765,0.35,0.01,20000,0.0,0.0,-0.05951247757217302,0.2103902286330876,0.0,18520.0
0.08,0.35,0.01,20000,0.0,0.0,-0.07954912686939408,0.20234666845491728,0.0,18520.0
0.08349999999999999,0.35,0.01,20000,0.0,0.0,-0.09917247455162292,0.19461742353895561,0.0,18520.0
0.087,0.35,0.01,20000,0.0,0.0,-0.11749120277499632,0.1875424371496947,0.0,18520.0
0.0905,0.35,0.01,20000,0.0,0.0,-0.14028158491516596,0.178925101648187,0.0,18520.0
0.094,0.35,0.01,20000,0.0,0.0,-0.15683050822730488,0.1728081995602381,0.0,18520.0
0.0975,0.35,0.01,20000,0.0,0.0,-0.17387818714416836,0.16662581855473746,0.0,18520.0
0.10099999999999999,0.35,0.01,20000,0.0,0.0,-0.1965353421142881,0.15862452001761831,0.0,18520.0
0.1045,0.35,0.01,20000,0.0,0.0,-0.21525628130792746,0.15218436588406364,0.0,18520.0
0.108,0.35,0.01,20000,0.0,0.0,-0.22894237300255504,0.14756462945133259,0.0,18520.0
0.1115,0.35,0.01,20000,0.0,0.0,-0.247982314260437,0.14130072125578097,0.0,18520.0
0.11499999999999999,0.35,0.01,20000,0.0,0.0,-0.2680141373662314,0.1348849447272777,0.0,18520.0
0.1185,0.35,0.01,20000,0.0,0.0,-0.28459629970932476,0.12971091884123903,0.0,18520.0
0.122,0.35,0.01,20000,0.0,0.0,-0.2999698896982069,0.12502623904962085,0.0,18520.0
0.1255,0.35,0.01,20000,0.0,0.0,-0.31671314760319486,0.12005381189098233,0.0,18520.0
0.129,0.35,0.01,20000,0.0,0.0,-0.33150738058010026,0.11576354433325324,0.0,18520.0
0.1325,0.35,0.01,20000,0.0,0.0,-0.3504732020465276,0.11041236733684576,0.0,18520.0
0.136,0.35,0.01,20000,0.0,0.0,-0.3657851340125081,0.10621750859059617,0.0,18520.0
0.1395,0.35,0.01,20000,0.0,0.0,-0.3826106895986497,0.10172616362024485,0.0,18520.0
0.14300000000000002,0.35,0.01,20000,0.0,0.0,-0.3981525096302606,0.09769187323004129,0.0,18520.0
0.14650000000000002,0.35,0.01,20000,0.0,0.0,-0.4120806145930146,0.09415947392075381,0.0,18520.0
0.15000000000000002,0.35,0.01,20000,0.0,0.0,-0.4274183655222189,0.0903801504138658,0.0,18520.0
0.15350000000000003,0.35,0.01,20000,0.0,0.0,-0.44112225483495954,0.08708458495001181,0.0,18520.0
0.157,0.35,0.01,20000,0.0,0.0,-0.4525551683638282,0.08440317848370793,0.0,18520.0
0.1605,0.35,0.01,20000,0.0,0.0,-0.4713747149935731,0.0801007385517289,0.0,18520.0
0.164,0.35,0.01,20000,0.0,0.0,-0.4837809570275219,0.07734766582030275,0.0,18520.0
0.1675,0.35,0.01,20000,0.0,0.0,-0.49912695778082183,0.07403316705955096,0.0,18520.0
0.171,0.35,0.01,20000,0.0,0.0,-0.5113997659080776,0.07145277059136154,0.0,18520.0
0.17450000000000002,0.35,0.01,20000,0.0,0.0,-0.5243721131632407,0.06878362100512966,0.0,18520.0
0.17800000000000002,0.35,0.01,20000,0.0,0.0,-0.538725835624627,0.06591427902917912,0.0,18520.0
0.18150000000000002,0.35,0.01,20000,0.0,0.0,-0.5501729720224542,0.06367973401163594,0.0,18520.0
0.18500000000000003,0.35,0.01,20000,0.0,0.0,-0.5627822705313428,0.061281177765857134,0.0,18520.0
0.1885,0.35,0.01,20000,0.0,0.0,-0.5758572475954361,0.05885754478337204,0.0,18520.0
0.192,0.35,0.01,20000,0.0,0.0,-0.5889541821346775,0.05649090126610591,0.0,18520.0
0.1955,0.35,0.01,20000,0.0,0.0,-0.6025148997782654,0.05410549249707014,0.0,18520.0
0.199,0.35,0.01,20000,0.0,0.0,-0.6124236637694322,0.052405334963942105,0.0,18520.0
0.2025,0.35,0.01,20000,0.0,0.0,-0.6231120001069155,0.050611661735208834,0.0,18520.0
0.20600000000000002,0.35,0.01,20000,0.0,0.0,-0.6351491910733845,0.04863716434771633,0.0,18520.0
0.20950000000000002,0.35,0.01,20000,0.0,0.0,-0.6481996958244297,0.046548940750911975,0.0,18520.0
0.21300000000000002,0.35,0.01,20000,0.0,0.0,-0.6581124201631745,0.0450051053450521,0.0,18520.0
0.21650000000000003,0.35,0.01,20000,0.0,0.0,-0.6703627408767389,0.04313951059363624,0.0,18520.0
0.22,0.35,0.01,20000,0.0,0.0,-0.6791213379703855,0.041834637913744185,0.0,18520.0
0.01,0.4,0.01,20000,1.0,0.0,0.3872832805385849,0.4055990166482378,0.0,18340.0
0.0135,0.4,0.01,20000,1.0,0.0,0.35980653875881663,0.3932957154473243,0.0,18340.0
0.017,0.4,0.01,20000,1.0,0.0,0.33254196271017467,0.3809807920377665,0.0,18340.0
0.0205,0.4,0.01,20000,1.0,0.0,0.3010897282545801,0.36665186231537505,0.0,18340.0
0.024,0.4,0.01,20000,1.0,0.0,0.2752917155968265,0.35483218775396996,0.0,18340.0
0.027500000000000004,0.4,0.01,20000,1.0,0.0,0.24773213362492372,0.34216470888470896,0.0,18340.0
0.031,0.4,0.01,20000,1.0,0.0,0.22343587652521607,0.3309884853990817,0.0,18340.0
0.0345,0.4,0.01,20000,1.0,0.0,0.19819453856080574,0.31939478124678067,0.0,18340.0
0.038,0.4,0.01,20000,1.0,0.0,0.17340539431211122,0.30803948894021055,0.0,18340.0
0.0415,0.4,0.01,20000,1.0,0.0,0.14980614691211228,0.2972853968718621,0.0,18340.0
0.045000000000000005,0.4,0.01,20000,1.0,0.0,0.12479456874359136,0.28596331985007073,0.0,18340.0
0.0485,0.4,0.01,20000,1.0,0.0,0.10289023336528473,0.2761256546448399,0.0,18340.0
0.052000000000000005,0.4,0.01,20000,1.0,0.0,0.07883875339708622,0.26543456766267404,0.0,18340.0
0.0555,0.4,0.01,20000,1.0,0.0,0.055446159659619895,0.2551606910367057,0.0,18340.0
0.059000000000000004,0.4,0.01,20000,0.975,0.0,0.03042164030013264,0.24431796094452563,0.0,18340.0
0.0625,0.4,0.01,20000,0.6875,0.0,0.009625176049731062,0.23544065339521678,0.0,18340.0
0.066,0.4,0.01,20000,0.1375,0.0,-0.011975317762618398,0.22636032995837868,0.0,18340.0
0.0695,0.4,0.01,20000,0.0,0.0,-0.031232400222877876,0.21839451295928153,0.0,18340.0
0.073,0.4,0.01,20000,0.0,0.0,-0.05660384410540818,0.20809029587889943,0.0,18340.0
0.0765,0.4,0.01,20000,0.0,0.0,-0.0772922736659831,0.19986275120070757,0.0,18340.0
0.08,0.4,0.01,20000,0.0,0.0,-0.09627596007068848,0.19246461825788644,0.0,18340.0
0.08349999999999999,0.4,0.01,20000,0.0,0.0,-0.11820663478813824,0.1840937010226095,0.0,18340.0
0.087,0.4,0.01,20000,0.0,0.0,-0.13389375608460058,0.1782220321763049,0.0,18340.0
0.0905,0.4,0.01,20000,0.0,0.0,-0.15231621193043962,0.1714708953170057,0.0,18340.0
0.094,0.4,0.01,20000,0.0,0.0,-0.17374375166326916,0.163793955173069,0.0,18340.0
0.0975,0.4,0.01,20000,0.0,0.0,-0.19078350751814815,0.15783151861057165,0.0,18340.0
0.10099999999999999,0.4,0.01,20000,0.0,0.0,-0.21300448774721362,0.15025437271486813,0.0,18340.0
0.1045,0.4,0.01,20000,0.0,0.0,-0.22720968952231851,0.14552188638224944,0.0,18340.0
0.108,0.4,0.01,20000,0.0,0.0,-0.24604291120667993,0.1393974717805857,0.0,18340.0
0.1115,0.4,0.01,20000,0.0,0.0,-0.2644957695023326,0.1335479366279769,0.0,18340.0
0.11499999999999999,0.4,0.01,20000,0.0,0.0,-0.27850641635456075,0.1292250065552254,0.0,18340.0
0.1185,0.4,0.01,20000,0.0,0.0,-0.30033705077087236,0.1226419405541241,0.0,18340.0
0.122,0.4,0.01,20000,0.0,0.0,-0.31456785004995597,0.11847644560456783,0.0,18340.0
0.1255,0.4,0.01,20000,0.0,0.0,-0.33116489969384355,0.11373628432394134,0.0,18340.0
0.129,0.4,0.01,20000,0.0,0.0,-0.3493983116144251,0.10866661450256583,0.0,18340.0
0.1325,0.4,0.01,20000,0.0,0.0,-0.3623787193268809,0.1051555302659695,0.0,18340.0
0.136,0.4,0.01,20000,0.0,0.0,-0.37759745312040155,0.10113143883988478,0.0,18340.0
0.1395,0.4,0.01,20000,0.0,0.0,-0.3952130190410479,0.09660608997701758,0.0,18340.0
0.14300000000000002,0.4,0.01,20000,0.0,0.0,-0.4111802718153414,0.09261128322546903,0.0,18340.0
0.14650000000000002,0.4,0.01,20000,0.0,0.0,-0.42480418618618154,0.08930519819091136,0.0,18340.0
0.15000000000000002,0.4,0.01,20000,0.0,0.0,-0.43896737603778774,0.08593655108352645,0.0,18340.0
0.15350000000000003,0.4,0.01,20000,0.0,0.0,-0.4523517715262539,0.08284700261746174,0.0,18340.0
0.157,0.4,0.01,20000,0.0,0.0,-0.4675200433348561,0.07942554051998868,0.0,18340.0
0.1605,0.4,0.01,20000,0.0,0.0,-0.47989655695283256,0.07671054779036265,0.0,18340.0
0.164,0.4,0.01,20000,0.0,0.0,-0.49528788524721057,0.07341665355391078,0.0,18340.0
0.1675,0.4,0.01,20000,0.0,0.0,-0.5097556206943581,0.07041310136409393,0.0,18340.0
0.171,0.4,0.01,20000,0.0,0.0,-0.5197483571420116,0.06838199257618675,0.0,18340.0
0.17450000000000002,0.4,0.01,20000,0.0,0.0,-0.5330470457887427,0.0657426243511647,0.0,18340.0
0.17800000000000002,0.4,0.01,20000,0.0,0.0,-0.5495285190820406,0.06256933818900552,0.0,18340.0
0.18150000000000002,0.4,0.01,20000,0.0,0.0,-0.5615982550317874,0.060308607313149756,0.0,18340.0
0.18500000000000003,0.4,0.01,20000,0.0,0.0,-0.5726787876716507,0.058280881278809406,0.0,18340.0
0.1885,0.4,0.01,20000,0.0,0.0,-0.587406966507415,0.055656463037195535,0.0,18340.0
0.192,0.4,0.01,20000,0.0,0.0,-0.5967395032277236,0.05403657476751926,0.0,18340.0
0.1955,0.4,0.01,20000,0.0,0.0,-0.6098554366619705,0.05180729830519981,0.0,18340.0
0.199,0.4,0.01,20000,0.0,0.0,-0.6229773024651499,0.04963706383911333,0.0,18340.0
0.2025,0.4,0.01,20000,0.0,0.0,-0.6315030998237331,0.04826061796965951,0.0,18340.0
0.20600000000000002,0.4,0.01,20000,0.0,0.0,-0.6451967377234203,0.046098916163493556,0.0,18340.0
0.20950000000000002,0.4,0.01,20000,0.0,0.0,-0.6560927568885573,0.044425392117391584,0.0,18340.0
0.21300000000000002,0.4,0.01,20000,0.0,0.0,-0.6671444823107725,0.042765474580639014,0.0,18340.0
0.21650000000000003,0.4,0.01,20000,0.0,0.0,-0.6765812592913608,0.041377261047352884,0.0,18340.0
0.22,0.4,0.01,20000,0.0,0.0,-0.6862935914269283,0.03997815454973795,0.0,18340.0
0.01,0.05,0.02,20000,1.0,0.0,0.4659164915118687,0.47780798690808446,0.0,19380.0
0.0135,0.05,0.02,20000,1.0,0.0,0.4319210096824488,0.4630501305843705,0.0,19380.0
0.017,0.05,0.02,20000,1.0,0.0,0.40257520212317627,0.4500306580976618,0.0,19380.0
0.0205,0.05,0.02,20000,1.0,0.0,0.37588675528525234,0.43796534705523305,0.0,19380.0
0.024,0.05,0.02,20000,1.0,0.0,0.342141558997597,0.4224754998152916,0.0,19380.0
0.027500000000000004,0.05,0.02,20000,1.0,0.0,0.3136987835985353,0.4092145774065628,0.0,19380.0
0.031,0.05,0.02,20000,1.0,0.0,0.2881816952198871,0.3972063632355947,0.0,19380.0
0.0345,0.05,0.02,20000,1.0,0.0,0.25846626023592695,0.383104520114735,0.0,19380.0
0.038,0.05,0.02,20000,1.0,0.0,0.23422894515244677,0.37153261072058796,0.0,19380.0
0.0415,0.05,0.02,20000,1.0,0.0,0.20742314841943316,0.3586899277115413,0.0,19380.0
0.045000000000000005,0.05,0.02,20000,1.0,0.0,0.18508619871622392,0.3479694904426189,0.0,19380.0
0.0485,0.05,0.02,20000,1.0,0.0,0.15843892804548412,0.3351958225010024,0.0,19380.0
0.052000000000000005,0.05,0.02,20000,1.0,0.0,0.13344514956447834,0.32324016067662437,0.0,19380.0
0.0555,0.05,0.02,20000,1.0,0.0,0.10701662427850847,0.3106605141751538,0.0,19380.0
0.059000000000000004,0.05,0.02,20000,1.0,0.0,0.08410163460775291,0.29981894469159237,0.0,19380.0
0.0625,0.05,0.02,20000,1.0,0.0,0.06313100730200065,0.28996956338310587,0.0,19380.0
0.066,0.05,0.02,20000,1.0,0.0,0.03662401243788932,0.27764225016337907,0.0,19380.0
0.0695,0.05,0.02,20000,0.825,0.0,0.017772440348746116,0.268968328392154,0.0,19380.0
0.073,0.05,0.02,20000,0.3,0.0,-0.005850698437304013,0.2582279069862661,0.0,19380.0
0.0765,0.05,0.02,20000,0.0,0.0,-0.028062369066377595,0.24826953270688384,0.0,19380.0
0.08,0.05,0.02,20000,0.0,0.0,-0.04859423034032542,0.23919983641059525,0.0,19380.0
0.08349999999999999,0.05,0.02,20000,0.0,0.0,-0.07092806100911844,0.22948913427779943,0.0,19380.0
0.087,0.05,0.02,20000,0.0,0.0,-0.09209100399960124,0.22046018513188187,0.0,19380.0
0.0905,0.05,0.02,20000,0.0,0.0,-0.11015530683645727,0.21287686725399987,0.0,19380.0
0.094,0.05,0.02,20000,0.0,0.0,-0.13071372320130376,0.20440179976055478,0.0,19380.0
0.0975,0.05,0.02,20000,0.0,0.0,-0.1478237853381965,0.19748563341619513,0.0,19380.0
0.10099999999999999,0.05,0.02,20000,0.0,0.0,-0.16852920223728848,0.18926874147286332,0.0,19380.0
0.1045,0.05,0.02,20000,0.0,0.0,-0.18578072712079005,0.18257991929112852,0.0,19380.0
0.108,0.05,0.02,20000,0.0,0.0,-0.20502893339988493,0.1752492481419438,0.0,19380.0
0.1115,0.05,0.02,20000,0.0,0.0,-0.2229773470754969,0.16858473153293718,0.0,19380.0
0.11499999999999999,0.05,0.02,20000,0.0,0.0,-0.2427522838093304,0.1613974525212561,0.0,19380.0
0.1185,0.05,0.02,20000,0.0,0.0,-0.25862778589165336,0.15576039099047886,0.0,19380.0
0.122,0.05,0.02,20000,0.0,0.0,-0.27686216523651297,0.14943830371678327,0.0,19380.0
0.1255,0.05,0.02,20000,0.0,0.0,-0.2957951840273855,0.14304999429072032,0.0,19380.0
0.129,0.05,0.02,20000,0.0,0.0,-0.30934385341329507,0.1385592129136129,0.0,19380.0
0.1325,0.05,0.02,20000,0.0,0.0,-0.32836337580883923,0.13242459904945328,0.0,19380.0
0.136,0.05,0.02,20000,0.0,0.0,-0.3431358155226255,0.12778227035498915,0.0,19380.0
0.1395,0.05,0.02,20000,0.0,0.0,-0.36150857547239845,0.12214854246745668,0.0,19380.0
0.14300000000000002,0.05,0.02,20000,0.0,0.0,-0.37635426466711486,0.11771715493905748,0.0,19380.0
0.14650000000000002,0.05,0.02,20000,0.0,0.0,-0.39255148650858296,0.11299408373430646,0.0,19380.0
0.15000000000000002,0.05,0.02,20000,0.0,0.0,-0.41063457468135667,0.1078756849154688,0.0,19380.0
0.15350000000000003,0.05,0.02,20000,0.0,0.0,-0.4221313834895438,0.10470066449665875,0.0,19380.0
0.157,0.05,0.02,20000,0.0,0.0,-0.43538893907070014,0.1011108878972046,0.0,19380.0
0.1605,0.05,0.02,20000,0.0,0.0,-0.4512650970064341,0.09692558214042739,0.0,19380.0
0.164,0.05,0.02,20000,0.0,0.0,-0.46843435935200917,0.09252925626341424,0.0,19380.0
0.1675,0.05,0.02,20000,0.0,0.0,-0.4793166299531215,0.08980730870295221,0.0,19380.0
0.171,0.05,0.02,20000,0.0,0.0,-0.49736581045779743,0.08540910693833592,0.0,19380.0
0.17450000000000002,0.05,0.02,20000,0.0,0.0,-0.5125624692495605,0.0818229961075299,0.0,19380.0
0.17800000000000002,0.05,0.02,20000,0.0,0.0,-0.5239850379399685,0.07918556802378736,0.0,19380.0
0.18150000000000002,0.05,0.02,20000,0.0,0.0,-0.5352246474314587,0.07665088461336278,0.0,19380.0
0.18500000000000003,0.05,0.02,20000,0.0,0.0,-0.5493721007275978,0.0735383337325828,0.0,19380.0
0.1885,0.05,0.02,20000,0.0,0.0,-0.563608438900841,0.07048674830830844,0.0,19380.0
0.192,0.05,0.02,20000,0.0,0.0,-0.5748587727623556,0.06813361491591523,0.0,19380.0
0.1955,0.05,0.02,20000,0.0,0.0,-0.5887582103187123,0.06529835938530792,0.0,19380.0
0.199,0.05,0.02,20000,0.0,0.0,-0.5978618665344999,0.06348548847072862,0.0,19380.0
0.2025,0.05,0.02,20000,0.0,0.0,-0.6137078692801237,0.060400906694198675,0.0,19380.0
0.20600000000000002,0.05,0.02,20000,0.0,0.0,-0.6237673504406974,0.058494302560156995,0.0,19380.0
0.20950000000000002,0.05,0.02,20000,0.0,0.0,-0.6341912231046681,0.05655818026094772,0.0,19380.0
0.21300000000000002,0.05,0.02,20000,0.0,0.0,-0.6479507455015241,0.05406884635888879,0.0,19380.0
0.21650000000000003,0.05,0.02,20000,0.0,0.0,-0.6583061684161964,0.052236127141308056,0.0,19380.0
0.22,0.05,0.02,20000,0.0,0.0,-0.6701732425415028,0.05019208909111698,0.0,19380.0
0.01,0.1,0.02,20000,1.0,0.0,0.44066623562079227,0.46165183649110536,0.0,19200.0
0.0135,0.1,0.02,20000,1.0,0.0,0.40910545931972137,0.4477481483443855,0.0,19200.0
0.017,0.1,0.02,20000,1.0,0.0,0.3803992820072507,0.43485278743189076,0.0,19200.0
0.0205,0.1,0.02,20000,1.0,0.0,0.35140509692889565,0.42161395267147783,0.0,19200.0
0.024,0.1,0.02,20000,1.0,0.0,0.31891034922036454,0.40657922292077925,0.0,19200.0
0.027500000000000004,0.1,0.02,20000,1.0,0.0,0.29244052602584975,0.39417562827164515,0.0,19200.0
0.031,0.1,0.02,20000,1.0,0.0,0.2678277357125685,0.3825871892592995,0.0,19200.0
0.0345,0.1,0.02,20000,1.0,0.0,0.24046947312492017,0.36960441431908636,0.0,19200.0
0.038,0.1,0.02,20000,1.0,0.0,0.21318057861373063,0.3566147119058398,0.0,19200.0
0.0415,0.1,0.02,20000,1.0,0.0,0.18810039867504644,0.34466277134954193,0.0,19200.0
0.045000000000000005,0.1,0.02,20000,1.0,0.0,0.1605467337111474,0.3315355010303799,0.0,19200.0
0.0485,0.1,0.02,20000,1.0,0.0,0.13791169576915158,0.3207800981524106,0.0,19200.0
0.052000000000000005,0.1,0.02,20000,1.0,0.0,0.11450286855125458,0.3097042865140666,0.0,19200.0
0.0555,0.1,0.02,20000,1.0,0.0,0.09058429256719751,0.2984587513377658,0.0,19200.0
0.059000000000000004,0.1,0.02,20000,1.0,0.0,0.06479958438755921,0.2864381393094989,0.0,19200.0
0.0625,0.1,0.02,20000,1.0,0.0,0.04644772358552,0.27795856801726,0.0,19200.0
0.066,0.1,0.02,20000,0.8875,0.0,0.020256074704118,0.26598744773441174,0.0,19200.0
0.0695,0.1,0.02,20000,0.4125,0.0,0.0007729065469237225,0.2571929554639093,0.0,19200.0
0.073,0.1,0.02,20000,0.0375,0.0,-0.02442135538413968,0.24597635171978208,0.0,19200.0
0.0765,0.1,0.02,20000,0.0,0.0,-0.04466532410678702,0.23710910697294135,0.0,19200.0
0.08,0.1,0.02,20000,0.0,0.0,-0.06560833158145786,0.2280766507771737,0.0,19200.0
0.08349999999999999,0.1,0.02,20000,0.0,0.0,-0.08566469939574713,0.21956717968425904,0.0,19200.0
0.087,0.1,0.02,20000,0.0,0.0,-0.10473992337172873,0.211611710678427,0.0,19200.0
0.0905,0.1,0.02,20000,0.0,0.0,-0.12714216242199447,0.20245414267919207,0.0,19200.0
0.094,0.1,0.02,20000,0.0,0.0,-0.14471796650743457,0.19540993786127414,0.0,19200.0
0.0975,0.1,0.02,20000,0.0,0.0,-0.16284835119028745,0.18827871583335323,0.0,19200.0
0.10099999999999999,0.1,0.02,20000,0.0,0.0,-0.18368465224386807,0.18026437952680943,0.0,19200.0
0.1045,0.1,0.02,20000,0.0,0.0,-0.20177925470395816,0.17345578903296152,0.0,19200.0
0.108,0.1,0.02,20000,0.0,0.0,-0.2222140569688718,0.16593362535112816,0.0,19200.0
0.1115,0.1,0.02,20000,0.0,0.0,-0.2381714479057261,0.16020074349367255,0.0,19200.0
0.11499999999999999,0.1,0.02,20000,0.0,0.0,-0.25431774212692454,0.15452500922788337,0.0,19200.0
0.1185,0.1,0.02,20000,0.0,0.0,-0.27481896096967373,0.1474791795040158,0.0,19200.0
0.122,0.1,0.02,20000,0.0,0.0,-0.29043261364255385,0.14225908899682754,0.0,19200.0
0.1255,0.1,0.02,20000,0.0,0.0,-0.3087528731811791,0.1362663073077812,0.0,19200.0
0.129,0.1,0.02,20000,0.0,0.0,-0.3257571297799389,0.13086374977793455,0.0,19200.0
0.1325,0.1,0.02,20000,0.0,0.0,-0.34128981497509214,0.12603022085908855,0.0,19200.0
0.136,0.1,0.02,20000,0.0,0.0,-0.3562288593238998,0.12149943132665877,0.0,19200.0
0.1395,0.1,0.02,20000,0.0,0.0,-0.37465519219336474,0.11605073896789878,0.0,19200.0
0.14300000000000002,0.1,0.02,20000,0.0,0.0,-0.38934171512111815,0.11183142624069946,0.0,19200.0
0.14650000000000002,0.1,0.02,20000,0.0,0.0,-0.40659528341941276,0.10699174678323282,0.0,19200.0
0.15000000000000002,0.1,0.02,20000,0.0,0.0,-0.420690936002915,0.10313725294893453,0.0,19200.0
0.15350000000000003,0.1,0.02,20000,0.0,0.0,-0.43493958665619614,0.09934794227176845,0.0,19200.0
0.157,0.1,0.02,20000,0.0,0.0,-0.45032489317521074,0.09534967099405278,0.0,19200.0
0.1605,0.1,0.02,20000,0.0,0.0,-0.46367762741827256,0.09196864890244409,0.0,19200.0
0.164,0.1,0.02,20000,0.0,0.0,-0.4801968368126685,0.08789810416346129,0.0,19200.0
0.1675,0.1,0.02,20000,0.0,0.0,-0.49070587196166765,0.08536492156073094,0.0,19200.0
0.171,0.1,0.02,20000,0.0,0.0,-0.5079549019516802,0.08132855319696031,0.0,19200.0
0.17450000000000002,0.1,0.02,20000,0.0,0.0,-0.5211393006269505,0.07831444865137675,0.0,19200.0
0.17800000000000002,0.1,0.02,20000,0.0,0.0,-0.5328865329192742,0.07570183866506164,0.0,19200.0
0.18150000000000002,0.1,0.02,20000,0.0,0.0,-0.5457884663929814,0.0728888784748198,0.0,19200.0
0.18500000000000003,0.1,0.02,20000,0.0,0.0,-0.5603363747577272,0.06980896548752978,0.0,19200.0
0.1885,0.1,0.02,20000,0.0,0.0,-0.5708906762996208,0.06763199118798405,0.0,19200.0
0.192,0.1,0.02,20000,0.0,0.0,-0.5834457303531956,0.06509190953805258,0.0,19200.0
0.1955,0.1,0.02,20000,0.0,0.0,-0.5991418854586329,0.06200810358587563,0.0,19200.0
0.199,0.1,0.02,20000,0.0,0.0,-0.6098085008395306,0.05996122737292009,0.0,19200.0
0.2025,0.1,0.02,20000,0.0,0.0,-0.620921520769617,0.05788128411158466,0.0,19200.0
0.20600000000000002,0.1,0.02,20000,0.0,0.0,-0.6313696972966022,0.05596273883193816,0.0,19200.0
0.20950000000000002,0.1,0.02,20000,0.0,0.0,-0.6442395201115754,0.05366042173168145,0.0,19200.0
0.21300000000000002,0.1,0.02,20000,0.0,0.0,-0.6560869492731913,0.051598091792005064,0.0,19200.0
0.21650000000000003,0.1,0.02,20000,0.0,0.0,-0.6655378771635078,0.04998286810044852,0.0,19200.0
0.22,0.1,0.02,20000,0.0,0.0,-0.678682262027907,0.047792549723216615,0.0,19200.0
0.01,0.15,0.02,20000,1.0,0.0,0.41710061457850733,0.4460975129040631,0.0,19020.0
0.0135,0.15,0.02,20000,1.0,0.0,0.38516430098570853,0.43184339287139517,0.0,19020.0
0.017,0.15,0.02,20000,1.0,0.0,0.3561190367502244,0.4186539592152402,0.0,19020.0
0.0205,0.15,0.02,20000,1.0,0.0,0.3269099177263939,0.40521983586564814,0.0,19020.0
0.024,0.15,0.02,20000,1.0,0.0,0.3004849040331232,0.3929406236986089,0.0,19020.0
0.027500000000000004,0.15,0.02,20000,1.0,0.0,0.27177380337731194,0.3794800343439585,0.0,19020.0
0.031,0.15,0.02,20000,1.0,0.0,0.2454489184411383,0.3670686764848091,0.0,19020.0
0.0345,0.15,0.02,20000,1.0,0.0,0.21928932947796795,0.3546950822463508,0.0,19020.0
0.038,0.15,0.02,20000,1.0,0.0,0.19346448364963056,0.3424660306276091,0.0,19020.0
0.0415,0.15,0.02,20000,1.0,0.0,0.16768883499850587,0.33026760273353867,0.0,19020.0
0.045000000000000005,0.15,0.02,20000,1.0,0.0,0.14292972184613678,0.3185821505053418,0.0,19020.0
0.0485,0.15,0.02,20000,1.0,0.0,0.1179817015144156,0.30686267925961125,0.0,19020.0
0.052000000000000005,0.15,0.02,20000,1.0,0.0,0.09417413144830158,0.29575367719500495,0.0,19020.0
0.0555,0.15,0.02,20000,1.0,0.0,0.07032717862712393,0.28471098734487776,0.0,19020.0
0.059000000000000004,0.15,0.02,20000,1.0,0.0,0.049730936952179,0.27526119330711885,0.0,19020.0
0.0625,0.15,0.02,20000,0.975,0.0,0.023772091259486493,0.2634895775092625,0.0,19020.0
0.066,0.15,0.02,20000,0.475,0.0,0.0008479551165415641,0.25323622881699004,0.0,19020.0
0.0695,0.15,0.02,20000,0.0625,0.0,-0.017542188447989087,0.24511687084866757,0.0,19020.0
0.073,0.15,0.02,20000,0.0,0.0,-0.04121508455227945,0.2348151957598012,0.0,19020.0
0.0765,0.15,0.02,20000,0.0,0.0,-0.06191143561182827,0.22596745354105377,0.0,19020.0
0.08,0.15,0.02,20000,0.0,0.0,-0.08334195821255201,0.2169563559713259,0.0,19020.0
0.08349999999999999,0.15,0.02,20000,0.0,0.0,-0.09877885263238535,0.2105780618502627,0.0,19020.0
0.087,0.15,0.02,20000,0.0,0.0,-0.12180224859101241,0.20123093221906796,0.0,19020.0
0.0905,0.15,0.02,20000,0.0,0.0,-0.14208808398813874,0.19317314375133707,0.0,19020.0
0.094,0.15,0.02,20000,0.0,0.0,-0.16333845703148606,0.18490255588872156,0.0,19020.0
0.0975,0.15,0.02,20000,0.0,0.0,-0.18113798898066652,0.17813937242809424,0.0,19020.0
0.10099999999999999,0.15,0.02,20000,0.0,0.0,-0.19704173888373377,0.17221028726396578,0.0,19020.0
0.1045,0.15,0.02,20000,0.0,0.0,-0.21694055838442594,0.1649491650633168,0.0,19020.0
0.108,0.15,0.02,20000,0.0,0.0,-0.23480624628962293,0.1585838860468323,0.0,19020.0
0.1115,0.15,0.02,20000,0.0,0.0,-0.25296473774237954,0.15226864992213035,0.0,19020.0
0.11499999999999999,0.15,0.02,20000,0.0,0.0,-0.26907743935547473,0.14679480551089882,0.0,19020.0
0.1185,0.15,0.02,20000,0.0,0.0,-0.2890140578916496,0.14018363192561437,0.0,19020.0
0.122,0.15,0.02,20000,0.0,0.0,-0.30406552221117517,0.13531430578116305,0.0,19020.0
0.1255,0.15,0.02,20000,0.0,0.0,-0.32326066719444074,0.12927459281231762,0.0,19020.0
0.129,0.15,0.02,20000,0.0,0.0,-0.33594523197316606,0.12536930592276357,0.0,19020.0
0.1325,0.15,0.02,20000,0.0,0.0,-0.35345385955486963,0.12010405038984237,0.0,19020.0
0.136,0.15,0.02,20000,0.0,0.0,-0.37150357993354505,0.11482712284632164,0.0,19020.0
0.1395,0.15,0.02,20000,0.0,0.0,-0.3845509410389611,0.11111202288705964,0.0,19020.0
0.14300000000000002,0.15,0.02,20000,0.0,0.0,-0.40215086664876054,0.106221103363461,0.0,19020.0
0.14650000000000002,0.15,0.02,20000,0.0,0.0,-0.41745846683612886,0.10208308030416235,0.0,19020.0
0.15000000000000002,0.15,0.02,20000,0.0,0.0,-0.42970558304165607,0.09885722093199398,0.0,19020.0
0.15350000000000003,0.15,0.02,20000,0.0,0.0,-0.4450512828150096,0.09489178302130519,0.0,19020.0
0.157,0.15,0.02,20000,0.0,0.0,-0.4597761015608464,0.09119811533730407,0.0,19020.0
0.1605,0.15,0.02,20000,0.0,0.0,-0.47545022850278434,0.08737377637215656,0.0,19020.0
0.164,0.15,0.02,20000,0.0,0.0,-0.48940149445311576,0.08405534014017776,0.0,19020.0
0.1675,0.15,0.02,20000,0.0,0.0,-0.5010082813126916,0.08135725063287244,0.0,19020.0
0.171,0.15,0.02,20000,0.0,0.0,-0.5176650076121551,0.07759285403781116,0.0,19020.0
0.17450000000000002,0.15,0.02,20000,0.0,0.0,-0.5307712295345492,0.07470655758245093,0.0,19020.0
0.17800000000000002,0.15,0.02,20000,0.0,0.0,-0.5438840329212974,0.07189450283760344,0.0,19020.0
0.18150000000000002,0.15,0.02,20000,0.0,0.0,-0.5567149211776614,0.06921371875934157,0.0,19020.0
0.18500000000000003,0.15,0.02,20000,0.0,0.0,-0.5688072922949632,0.0667439244444016,0.0,19020.0
0.1885,0.15,0.02,20000,0.0,0.0,-0.5817531513619283,0.06416198579830744,0.0,19020.0
0.192,0.15,0.02,20000,0.0,0.0,-0.5933979224225623,0.06189648297381008,0.0,19020.0
0.1955,0.15,0.02,20000,0.0,0.0,-0.6081998270319516,0.05909507534082309,0.0,19020.0
0.199,0.15,0.02,20000,0.0,0.0,-0.6183490644357832,0.057222348494064226,0.0,19020.0
0.2025,0.15,0.02,20000,0.0,0.0,-0.6315382392575515,0.05483977737598374,0.0,19020.0
0.20600000000000002,0.15,0.02,20000,0.0,0.0,-0.6418244395593796,0.05303199672481609,0.0,19020.0
0.20950000000000002,0.15,0.02,20000,0.0,0.0,-0.6543119754513336,0.05088572615131912,0.0,19020.0
0.21300000000000002,0.15,0.02,20000,0.0,0.0,-0.6653141990953779,0.04903901459698016,0.0,19020.0
0.21650000000000003,0.15,0.02,20000,0.0,0.0,-0.6764910287612625,0.04720557226437964,0.0,19020.0
0.22,0.15,0.02,20000,0.0,0.0,-0.6891484546294513,0.04518279073792822,0.0,19020.0
0.01,0.2,0.02,20000,1.0,0.0,0.39084364634126645,0.4292251148549914,0.0,18840.0
0.0135,0.2,0.02,20000,1.0,0.0,0.3626174434722693,0.4165103121498065,0.0,18840.0
0.017,0.2,0.02,20000,1.0,0.0,0.3339035083268331,0.4033764944511913,0.0,18840.0
0.0205,0.2,0.02,20000,1.0,0.0,0.3088037011355842,0.39179246004708773,0.0,18840.0
0.024,0.2,0.02,20000,1.0,0.0,0.27802380534580695,0.37746404753839535,0.0,18840.0
0.027500000000000004,0.2,0.02,20000,1.0,0.0,0.24735281840948992,0.36310367276225647,0.0,18840.0
0.031,0.2,0.02,20000,1.0,0.0,0.22876767089461775,0.3543611943817753,0.0,18840.0
0.0345,0.2,0.02,20000,1.0,0.0,0.1965442660874171,0.33920547774471377,0.0,18840.0
0.038,0.2,0.02,20000,1.0,0.0,0.17469118774335732,0.32892560551793953,0.0,18840.0
0.0415,0.2,0.02,20000,1.0,0.0,0.14556436064439762,0.3152728053478179,0.0,18840.0
0.045000000000000005,0.2,0.02,20000,1.0,0.0,0.1245245891598091,0.30545127055828786,0.0,18840.0
0.0485,0.2,0.02,20000,1.0,0.0,0.10087268643826657,0.29448657891011176,0.0,18840.0
0.052000000000000005,0.2,0.02,20000,1.0,0.0,0.07589369544258284,0.28299819701061624,0.0,18840.0
0.0555,0.2,0.02,20000,1.0,0.0,0.05267079520317819,0.2724254360341947,0.0,18840.0
0.059000000000000004,0.2,0.02,20000,0.95,0.0,0.02996483269312785,0.2622016512046291,0.0,18840.0
0.0625,0.2,0.02,20000,0.675,0.0,0.008182682473984569,0.25251899371291764,0.0,18840.0
0.066,0.2,0.02,20000,0.0875,0.0,-0.014738793944722023,0.24247166568998066,0.0,18840.0
0.0695,0.2,0.02,20000,0.0,0.0,-0.03565120713392733,0.2334486644767157,0.0,18840.0
0.073,0.2,0.02,20000,0.0,0.0,-0.0556632820054192,0.2249432323156455,0.0,18840.0
0.0765,0.2,0.02,20000,0.0,0.0,-0.0746449335537572,0.2170099095019884,0.0,18840.0
0.08,0.2,0.02,20000,0.0,0.0,-0.09954889372143925,0.20679411558094635,0.0,18840.0
0.08349999999999999,0.2,0.02,20000,0.0,0.0,-0.11523577500172713,0.2004925200383417,0.0,18840.0
0.087,0.2,0.02,20000,0.0,0.0,-0.137340395014515,0.19176114612898396,0.0,18840.0
0.0905,0.2,0.02,20000,0.0,0.0,-0.1561596794888596,0.18449950049786956,0.0,18840.0
0.094,0.2,0.02,20000,0.0,0.0,-0.1758803291023419,0.17704288012931807,0.0,18840.0
0.0975,0.2,0.02,20000,0.0,0.0,-0.1929644239386161,0.17072886181553742,0.0,18840.0
0.10099999999999999,0.2,0.02,20000,0.0,0.0,-0.2122507081940035,0.16375875927266453,0.0,18840.0
0.1045,0.2,0.02,20000,0.0,0.0,-0.23271950737099711,0.15652949071607924,0.0,18840.0
0.108,0.2,0.02,20000,0.0,0.0,-0.25008811325946595,0.1505546191141371,0.0,18840.0
0.1115,0.2,0.02,20000,0.0,0.0,-0.26260484794192673,0.14634326626360278,0.0,18840.0
0.11499999999999999,0.2,0.02,20000,0.0,0.0,-0.2840744772941763,0.13927364621325874,0.0,18840.0
0.1185,0.2,0.02,20000,0.0,0.0,-0.3020516279303597,0.13351349395163994,0.0,18840.0
0.122,0.2,0.02,20000,0.0,0.0,-0.31924662739438026,0.12816408686123695,0.0,18840.0
0.1255,0.2,0.02,20000,0.0,0.0,-0.3354735075759222,0.12323077596359502,0.0,18840.0
0.129,0.2,0.02,20000,0.0,0.0,-0.35109251616271087,0.11859205629496525,0.0,18840.0
0.1325,0.2,0.02,20000,0.0,0.0,-0.3665956172331307,0.11410832914788546,0.0,18840.0
0.136,0.2,0.02,20000,0.0,0.0,-0.38256483572312777,0.1096131350951233,0.0,18840.0
0.1395,0.2,0.02,20000,0.0,0.0,-0.39770651407109114,0.1054527000883549,0.0,18840.0
0.14300000000000002,0.2,0.02,20000,0.0,0.0,-0.41349450782533725,0.10121926700672809,0.0,18840.0
0.14650000000000002,0.2,0.02,20000,0.0,0.0,-0.4313098265900619,0.09658678363991016,0.0,18840.0
0.15000000000000002,0.2,0.02,20000,0.0,0.0,-0.44604045236864814,0.09286735054286036,0.0,18840.0
0.15350000000000003,0.2,0.02,20000,0.0,0.0,-0.4563190218735517,0.09032675406025739,0.0,18840.0
0.157,0.2,0.02,20000,0.0,0.0,-0.4704893324359786,0.08689694077903858,0.0,18840.0
0.1605,0.2,0.02,20000,0.0,0.0,-0.4851648576696526,0.0834395078702231,0.0,18840.0
0.164,0.2,0.02,20000,0.0,0.0,-0.5007254340922381,0.0798754303073611,0.0,18840.0
0.1675,0.2,0.02,20000,0.0,0.0,-0.5131164096597697,0.07710583716358675,0.0,18840.0
0.171,0.2,0.02,20000,0.0,0.0,-0.5259360265888535,0.07430730803583824,0.0,18840.0
0.17450000000000002,0.2,0.02,20000,0.0,0.0,-0.5406381228538706,0.07119404538319482,0.0,18840.0
0.17800000000000002,0.2,0.02,20000,0.0,0.0,-0.5529797725515986,0.06863607757793026,0.0,18840.0
0.18150000000000002,0.2,0.02,20000,0.0,0.0,-0.5698574747701126,0.0652428470347524,0.0,18840.0
0.18500000000000003,0.2,0.02,20000,0.0,0.0,-0.5793906157189487,0.0633780315982552,0.0,18840.0
0.1885,0.2,0.02,20000,0.0,0.0,-0.5920508624511909,0.060950817478344674,0.0,18840.0
0.192,0.2,0.02,20000,0.0,0.0,-0.6052102050038124,0.058492240571247786,0.0,18840.0
0.1955,0.2,0.02,20000,0.0,0.0,-0.6172376487563707,0.05630826215004918,0.0,18840.0
0.199,0.2,0.02,20000,0.0,0.0,-0.628389619008073,0.05432640835805429,0.0,18840.0
0.2025,0.2,0.02,20000,0.0,0.0,-0.640361245635922,0.05224348638494756,0.0,18840.0
0.20600000000000002,0.2,0.02,20000,0.0,0.0,-0.6501840576720819,0.05057701826785157,0.0,18840.0
0.20950000000000002,0.2,0.02,20000,0.0,0.0,-0.6621787689965141,0.04858504158170568,0.0,18840.0
0.21300000000000002,0.2,0.02,20000,0.0,0.0,-0.6727666228328554,0.046872638710907244,0.0,18840.0
0.21650000000000003,0.2,0.02,20000,0.0,0.0,-0.6841884377262366,0.045061840131158146,0.0,18840.0
0.22,0.2,0.02,20000,0.0,0.0,-0.6949758523179512,0.04339641450150751,0.0,18840.0
0.01,0.25,0.02,20000,1.0,0.0,0.36997618563871393,0.41472052936852516,0.0,18660.0
0.0135,0.25,0.02,20000,1.0,0.0,0.3394151433769884,0.4008523444342516,0.0,18660.0
0.017,0.25,0.02,20000,1.0,0.0,0.3130122634763632,0.388740865539779,0.0,18660.0
0.0205,0.25,0.02,20000,1.0,0.0,0.2844456464332289,0.3755259085915556,0.0,18660.0
0.024,0.25,0.02,20000,1.0,0.0,0.2560726361686682,0.3623210715063046,0.0,18660.0
0.027500000000000004,0.25,0.02,20000,1.0,0.0,0.22807415733753067,0.34925139930658256,0.0,18660.0
0.031,0.25,0.02,20000,1.0,0.0,0.20710566460524352,0.33944574835064967,0.0,18660.0
0.0345,0.25,0.02,20000,1.0,0.0,0.17764695851959483,0.32568634444952704,0.0,18660.0
0.038,0.25,0.02,20000,1.0,0.0,0.1535198472517997,0.31444633424721047,0.0,18660.0
0.0415,0.25,0.02,20000,1.0,0.0,0.12802259955247686,0.30263226686893974,0.0,18660.0
0.045000000000000005,0.25,0.02,20000,1.0,0.0,0.1069965715251435,0.29294789790742504,0.0,18660.0
0.0485,0.25,0.02,20000,1.0,0.0,0.07972043572663776,0.2804939167189217,0.0,18660.0
0.052000000000000005,0.25,0.02,20000,1.0,0.0,0.059085045878999286,0.27116406594551723,0.0,18660.0
0.0555,0.25,0.02,20000,1.0,0.0,0.037120282961197945,0.2613376227140253,0.0,18660.0
0.059000000000000004,0.25,0.02,20000,0.775,0.0,0.012138508298505709,0.25030713450970493,0.0,18660.0
0.0625,0.25,0.02,20000,0.2375,0.0,-0.008583858462912073,0.24129214332308674,0.0,18660.0
0.066,0.25,0.02,20000,0.0,0.0,-0.03259475487832798,0.23100690001700422,0.0,18660.0
0.0695,0.25,0.02,20000,0.0,0.0,-0.05518575126504026,0.22150343399719663,0.0,18660.0
0.073,0.25,0.02,20000,0.0,0.0,-0.07171555390125457,0.21466750124652328,0.0,18660.0
0.0765,0.25,0.02,20000,0.0,0.0,-0.0923080888707693,0.20628231213740453,0.0,18660.0
0.08,0.25,0.02,20000,0.0,0.0,-0.11069995728791726,0.19893924706280908,0.0,18660.0
0.08349999999999999,0.25,0.02,20000,0.0,0.0,-0.13319833998362832,0.19013412636094915,0.0,18660.0
0.087,0.25,0.02,20000,0.0,0.0,-0.1498421215820949,0.1837585917688651,0.0,18660.0
0.0905,0.25,0.02,20000,0.0,0.0,-0.17277233818388119,0.17516099180522215,0.0,18660.0
0.094,0.25,0.02,20000,0.0,0.0,-0.19313335920081448,0.16772068523682374,0.0,18660.0
0.0975,0.25,0.02,20000,0.0,0.0,-0.20705851136610195,0.16273732217427261,0.0,18660.0
0.10099999999999999,0.25,0.02,20000,0.0,0.0,-0.2283204807192427,0.15530036112621795,0.0,18660.0
0.1045,0.25,0.02,20000,0.0,0.0,-0.24346916340824007,0.15012006419745297,0.0,18660.0
0.108,0.25,0.02,20000,0.0,0.0,-0.2641531622100117,0.1432324020636187,0.0,18660.0
0.1115,0.25,0.02,20000,0.0,0.0,-0.28039514170616003,0.13795053239117397,0.0,18660.0
0.11499999999999999,0.25,0.02,20000,0.0,0.0,-0.2966212445423865,0.1328115628214493,0.0,18660.0
0.1185,0.25,0.02,20000,0.0,0.0,-0.3165754753792525,0.12664500786290112,0.0,18660.0
0.122,0.25,0.02,20000,0.0,0.0,-0.33007841475610256,0.12258079832154145,0.0,18660.0
0.1255,0.25,0.02,20000,0.0,0.0,-0.34633079019553886,0.11780605265913854,0.0,18660.0
0.129,0.25,0.02,20000,0.0,0.0,-0.364984704254727,0.11247357033820408,0.0,18660.0
0.1325,0.25,0.02,20000,0.0,0.0,-0.3771356000557602,0.10907565685370857,0.0,18660.0
0.136,0.25,0.02,20000,0.0,0.0,-0.39651393313309535,0.1038149686771063,0.0,18660.0
0.1395,0.25,0.02,20000,0.0,0.0,-0.41165377260535313,0.09981154725852641,0.0,18660.0
0.14300000000000002,0.25,0.02,20000,0.0,0.0,-0.4254330239009697,0.09627475249996573,0.0,18660.0
0.14650000000000002,0.25,0.02,20000,0.0,0.0,-0.43865436145268566,0.09294007580044131,0.0,18660.0
0.15000000000000002,0.25,0.02,20000,0.0,0.0,-0.45689386580646707,0.0884841168865064,0.0,18660.0
0.15350000000000003,0.25,0.02,20000,0.0,0.0,-0.46870219737063523,0.08566918356873306,0.0,18660.0
0.157,0.25,0.02,20000,0.0,0.0,-0.48336572590344085,0.08226740409601627,0.0,18660.0
0.1605,0.25,0.02,20000,0.0,0.0,-0.49901838010048544,0.07873028542039802,0.0,18660.0
0.164,0.25,0.02,20000,0.0,0.0,-0.5102211725052677,0.07626099246154357,0.0,18660.0
0.1675,0.25,0.02,20000,0.0,0.0,-0.5243053752065426,0.07323225938596746,0.0,18660.0
0.171,0.25,0.02,20000,0.0,0.0,-0.5383143780033283,0.07030081677314096,0.0,18660.0
0.17450000000000002,0.25,0.02,20000,0.0,0.0,-0.5502585383378014,0.06786227612762155,0.0,18660.0
0.17800000000000002,0.25,0.02,20000,0.0,0.0,-0.5642970635873912,0.0650669652206481,0.0,18660.0
0.18150000000000002,0.25,0.02,20000,0.0,0.0,-0.5789690286407695,0.06223055922690127,0.0,18660.0
0.18500000000000003,0.25,0.02,20000,0.0,0.0,-0.5907941369016168,0.05999933499952122,0.0,18660.0
0.1885,0.25,0.02,20000,0.0,0.0,-0.603428545353071,0.05767801206782662,0.0,18660.0
0.192,0.25,0.02,20000,0.0,0.0,-0.6141775576391695,0.05575037698138415,0.0,18660.0
0.1955,0.25,0.02,20000,0.0,0.0,-0.6240058498552712,0.05402200713806079,0.0,18660.0
0.199,0.25,0.02,20000,0.0,0.0,-0.6355232509425226,0.05203879277951708,0.0,18660.0
0.2025,0.25,0.02,20000,0.0,0.0,-0.6471081662352093,0.05009072582842329,0.0,18660.0
0.20600000000000002,0.25,0.02,20000,0.0,0.0,-0.6589615836790148,0.0481542122006378,0.0,18660.0
0.20950000000000002,0.25,0.02,20000,0.0,0.0,-0.6707376419856861,0.046266631468406594,0.0,18660.0
0.21300000000000002,0.25,0.02,20000,0.0,0.0,-0.6822486160791473,0.044473579095621316,0.0,18660.0
0.21650000000000003,0.25,0.02,20000,0.0,0.0,-0.6934143514177199,0.04277520725957443,0.0,18660.0
0.22,0.25,0.02,20000,0.0,0.0,-0.7030849029362495,0.041333693603062764,0.0,18660.0
0.01,0.3,0.02,20000,1.0,0.0,0.34620051200349095,0.39890593167999144,0.0,18480.0
0.0135,0.3,0.02,20000,1.0,0.0,0.3159872397769624,0.3851219109123506,0.0,18480.0
0.017,0.3,0.02,20000,1.0,0.0,0.2910203800235051,0.37363841967466344,0.0,18480.0
0.0205,0.3,0.02,20000,1.0,0.0,0.2614424858599435,0.3599756141809675,0.0,18480.0
0.024,0.3,0.02,20000,1.0,0.0,0.2376141463492431,0.34892157108256205,0.0,18480.0
0.027500000000000004,0.3,0.02,20000,1.0,0.0,0.20877756701992886,0.33552311532611095,0.0,18480.0
0.031,0.3,0.02,20000,1.0,0.0,0.18584515152052034,0.324891371100165,0.0,18480.0
0.0345,0.3,0.02,20000,1.0,0.0,0.1605916888297193,0.31320504822841866,0.0,18480.0
0.038,0.3,0.02,20000,1.0,0.0,0.13447231440504948,0.301175385100742,0.0,18480.0
0.0415,0.3,0.02,20000,1.0,0.0,0.11129216736620964,0.29057573099774614,0.0,18480.0
0.045000000000000005,0.3,0.02,20000,1.0,0.0,0.08460915901503234,0.2784774972470127,0.0,18480.0
0.0485,0.3,0.02,20000,1.0,0.0,0.06424042056148231,0.2693343814898447,0.0,18480.0
0.052000000000000005,0.3,0.02,20000,1.0,0.0,0.03961206831753529,0.2584034442663585,0.0,18480.0
0.0555,0.3,0.02,20000,0.8875,0.0,0.02028776816519153,0.24993163417480627,0.0,18480.0
0.059000000000000004,0.3,0.02,20000,0.2625,0.0,-0.0028922529642087047,0.23990902544060547,0.0,18480.0
0.0625,0.3,0.02,20000,0.025,0.0,-0.026939141858093117,0.2296778821840222,0.0,18480.0
0.066,0.3,0.02,20000,0.0,0.0,-0.04664982380550503,0.22143602744245983,0.0,18480.0
0.0695,0.3,0.02,20000,0.0,0.0,-0.06761188189989335,0.2128179133923517,0.0,18480.0
0.073,0.3,0.02,20000,0.0,0.0,-0.09007247306642764,0.20376048360704907,0.0,18480.0
0.0765,0.3,0.02,20000,0.0,0.0,-0.10821206146214801,0.1965945900946871,0.0,18480.0
0.08,0.3,0.02,20000,0.0,0.0,-0.12955829851099865,0.18832400139643607,0.0,18480.0
0.08349999999999999,0.3,0.02,20000,0.0,0.0,-0.14750569813402054,0.18151070827335306,0.0,18480.0
0.087,0.3,0.02,20000,0.0,0.0,-0.16901178698215574,0.17353153254059253,0.0,18480.0
0.0905,0.3,0.02,20000,0.0,0.0,-0.18660433663508894,0.16714568974500105,0.0,18480.0
0.094,0.3,0.02,20000,0.0,0.0,-0.20442458352764975,0.16082710548471604,0.0,18480.0
0.0975,0.3,0.02,20000,0.0,0.0,-0.22461146251851835,0.15383474503978384,0.0,18480.0
0.10099999999999999,0.3,0.02,20000,0.0,0.0,-0.23885289014522465,0.14901625469444257,0.0,18480.0
0.1045,0.3,0.02,20000,0.0,0.0,-0.2605356442145636,0.14185517790309593,0.0,18480.0
0.108,0.3,0.02,20000,0.0,0.0,-0.2782989698376164,0.13614437127318998,0.0,18480.0
0.1115,0.3,0.02,20000,0.0,0.0,-0.29482395871641776,0.13097135058068524,0.0,18480.0
0.11499999999999999,0.3,0.02,20000,0.0,0.0,-0.31222198690499486,0.12565660989004884,0.0,18480.0
0.1185,0.3,0.02,20000,0.0,0.0,-0.32583972773088027,0.12159066359825772,0.0,18480.0
0.122,0.3,0.02,20000,0.0,0.0,-0.34449250209904747,0.11617027553580546,0.0,18480.0
0.1255,0.3,0.02,20000,0.0,0.0,-0.36062313984367894,0.11160343449085697,0.0,18480.0
0.129,0.3,0.02,20000,0.0,0.0,-0.37431475241757667,0.10782381393389409,0.0,18480.0
0.1325,0.3,0.02,20000,0.0,0.0,-0.39156902490617207,0.10318720947672921,0.0,18480.0
0.136,0.3,0.02,20000,0.0,0.0,-0.4064798857218519,0.09927552130933415,0.0,18480.0
0.1395,0.3,0.02,20000,0.0,0.0,-0.42213820319628714,0.09528596524348698,0.0,18480.0
0.14300000000000002,0.3,0.02,20000,0.0,0.0,-0.4351092700276727,0.09206281575332238,0.0,18480.0
0.14650000000000002,0.3,0.02,20000,0.0,0.0,-0.4527854204985287,0.08778778495316827,0.0,18480.0
0.15000000000000002,0.3,0.02,20000,0.0,0.0,-0.4654656953125905,0.08479934992415698,0.0,18480.0
0.15350000000000003,0.3,0.02,20000,0.0,0.0,-0.4809605897271778,0.08124385504596805,0.0,18480.0
0.157,0.3,0.02,20000,0.0,0.0,-0.49427565729606754,0.07826614723736089,0.0,18480.0
0.1605,0.3,0.02,20000,0.0,0.0,-0.506795112119487,0.07553869570450933,0.0,18480.0
0.164,0.3,0.02,20000,0.0,0.0,-0.522059490839401,0.07229662817154418,0.0,18480.0
0.1675,0.3,0.02,20000,0.0,0.0,-0.5337801349301532,0.06987021577611877,0.0,18480.0
0.171,0.3,0.02,20000,0.0,0.0,-0.5490657440645055,0.06678779571826882,0.0,18480.0
0.17450000000000002,0.3,0.02,20000,0.0,0.0,-0.5615330851668101,0.0643432728577693,0.0,18480.0
0.17800000000000002,0.3,0.02,20000,0.0,0.0,-0.5771086397453559,0.06137076226423962,0.0,18480.0
0.18150000000000002,0.3,0.02,20000,0.0,0.0,-0.5873592505570712,0.05946198786934202,0.0,18480.0
0.18500000000000003,0.3,0.02,20000,0.0,0.0,-0.601199788510175,0.05695343017020471,0.0,18480.0
0.1885,0.3,0.02,20000,0.0,0.0,-0.6111438784441087,0.055190111614170576,0.0,18480.0
0.192,0.3,0.02,20000,0.0,0.0,-0.6231921998123873,0.05310258398499823,0.0,18480.0
0.1955,0.3,0.02,20000,0.0,0.0,-0.6363007267886894,0.05089360991960736,0.0,18480.0
0.199,0.3,0.02,20000,0.0,0.0,-0.6471655129928999,0.049098931706671727,0.0,18480.0
0.2025,0.3,0.02,20000,0.0,0.0,-0.6567379029411964,0.04756008199372284,0.0,18480.0
0.20600000000000002,0.3,0.02,20000,0.0,0.0,-0.6690583950837409,0.045617170162004485,0.0,18480.0
0.20950000000000002,0.3,0.02,20000,0.0,0.0,-0.6786905669506218,0.044135580425788315,0.0,18480.0
0.21300000000000002,0.3,0.02,20000,0.0,0.0,-0.690857113115873,0.04230843346176653,0.0,18480.0
0.21650000000000003,0.3,0.02,20000,0.0,0.0,-0.7000363146820275,0.040956325488631665,0.0,18480.0
0.22,0.3,0.02,20000,0.0,0.0,-0.7130013274992308,0.03909962699552862,0.0,18480.0
0.01,0.35,0.02,20000,1.0,0.0,0.32252520018560704,0.3831391602092944,0.0,18300.0
0.0135,0.35,0.02,20000,1.0,0.0,0.2951944110553587,0.3706571154992451,0.0,18300.0
0.017,0.35,0.02,20000,1.0,0.0,0.2673634593458802,0.35787907280912323,0.0,18300.0
0.0205,0.35,0.02,20000,1.0,0.0,0.2399430264837119,0.3452399429751707,0.0,18300.0
0.024,0.35,0.02,20000,1.0,0.0,0.2155710270582679,0.3339974527934173,0.0,18300.0
0.027500000000000004,0.35,0.02,20000,1.0,0.0,0.18928866667155245,0.3218859999785158,0.0,18300.0
0.031,0.35,0.02,20000,1.0,0.0,0.16184710512573044,0.3092810826473472,0.0,18300.0
0.0345,0.35,0.02,20000,1.0,0.0,0.1391481885488322,0.2989064857686642,0.0,18300.0
0.038,0.35,0.02,20000,1.0,0.0,0.11554130082350597,0.28818694979602244,0.0,18300.0
0.0415,0.35,0.02,20000,1.0,0.0,0.0947428821493533,0.2788157398146758,0.0,18300.0
0.045000000000000005,0.35,0.02,20000,1.0,0.0,0.07024535802850915,0.2678844128894726,0.0,18300.0
0.0485,0.35,0.02,20000,1.0,0.0,0.04475382114968589,0.256648920458818,0.0,18300.0
0.052000000000000005,0.35,0.02,20000,0.9125,0.0,0.02087170087457184,0.24627136018591886,0.0,18300.0
0.0555,0.35,0.02,20000,0.4875,0.0,-0.00012446714662428721,0.23728012113968772,0.0,18300.0
0.059000000000000004,0.35,0.02,20000,0.05,0.0,-0.02152117929195472,0.2282522999492044,0.0,18300.0
0.0625,0.35,0.02,20000,0.0,0.0,-0.04437318897333554,0.21877472156301855,0.0,18300.0
0.066,0.35,0.02,20000,0.0,0.0,-0.06297261368740932,0.21119399023802768,0.0,18300.0
0.0695,0.35,0.02,20000,0.0,0.0,-0.08419834210435435,0.20270009335983552,0.0,18300.0
0.073,0.35,0.02,20000,0.0,0.0,-0.1036018592288797,0.19508360621208648,0.0,18300.0
0.0765,0.35,0.02,20000,0.0,0.0,-0.12574601084238052,0.18657615628366545,0.0,18300.0
0.08,0.35,0.02,20000,0.0,0.0,-0.14364365149561406,0.1798437270944944,0.0,18300.0
0.08349999999999999,0.35,0.02,20000,0.0,0.0,-0.1627512614713174,0.17281070883072774,0.0,18300.0
0.087,0.35,0.02,20000,0.0,0.0,-0.17998635681966682,0.16660059057797563,0.0,18300.0
0.0905,0.35,0.02,20000,0.0,0.0,-0.19767905590010293,0.16035372398650477,0.0,18300.0
0.094,0.35,0.02,20000,0.0,0.0,-0.2194942940989219,0.1528534730206635,0.0,18300.0
0.0975,0.35,0.02,20000,0.0,0.0,-0.2368321075465154,0.14703941666823656,0.0,18300.0
0.10099999999999999,0.35,0.02,20000,0.0,0.0,-0.2572290488013097,0.1403860135129601,0.0,18300.0
0.1045,0.35,0.02,20000,0.0,0.0,-0.27488344935491404,0.13476938012592493,0.0,18300.0
0.108,0.35,0.02,20000,0.0,0.0,-0.2919201296016863,0.1294903956629912,0.0,18300.0
0.1115,0.35,0.02,20000,0.0,0.0,-0.30713912877430244,0.12488743368719271,0.0,18300.0
0.11499999999999999,0.35,0.02,20000,0.0,0.0,-0.32346784444988047,0.12006275357858534,0.0,18300.0
0.1185,0.35,0.02,20000,0.0,0.0,-0.34045563714707267,0.11518276159223753,0.0,18300.0
0.122,0.35,0.02,20000,0.0,0.0,-0.3594361104738841,0.10987446559399601,0.0,18300.0
0.1255,0.35,0.02,20000,0.0,0.0,-0.3746035363013034,0.10575863102134339,0.0,18300.0
0.129,0.35,0.02,20000,0.0,0.0,-0.3859853906319512,0.1027286708016951,0.0,18300.0
0.1325,0.35,0.02,20000,0.0,0.0,-0.4024763377187746,0.09844717622554049,0.0,18300.0
0.136,0.35,0.02,20000,0.0,0.0,-0.42192542040862147,0.093552489073987,0.0,18300.0
0.1395,0.35,0.02,20000,0.0,0.0,-0.4347613008869593,0.09041479710642589,0.0,18300.0
0.14300000000000002,0.35,0.02,20000,0.0,0.0,-0.44863608856752357,0.08709791229084185,0.0,18300.0
0.14650000000000002,0.35,0.02,20000,0.0,0.0,-0.4593563134588091,0.08459023233081023,0.0,18300.0
0.15000000000000002,0.35,0.02,20000,0.0,0.0,-0.47839340099012234,0.08026846292036344,0.0,18300.0
0.15350000000000003,0.35,0.02,20000,0.0,0.0,-0.49124420063010293,0.07743241786185294,0.0,18300.0
0.157,0.35,0.02,20000,0.0,0.0,-0.5065048699668177,0.07415464630516566,0.0,18300.0
0.1605,0.35,0.02,20000,0.0,0.0,-0.5187379181640877,0.07159378180887413,0.0,18300.0
0.164,0.35,0.02,20000,0.0,0.0,-0.5350776689033747,0.0682621602226807,0.0,18300.0
0.1675,0.35,0.02,20000,0.0,0.0,-0.5472137786795228,0.06585660376349593,0.0,18300.0
0.171,0.35,0.02,20000,0.0,0.0,-0.5596892020342654,0.06345248117041914,0.0,18300.0
0.17450000000000002,0.35,0.02,20000,0.0,0.0,-0.5724381270896419,0.061045086409456786,0.0,18300.0
0.17800000000000002,0.35,0.02,20000,0.0,0.0,-0.5860215870723124,0.05854814858817081,0.0,18300.0
0.18150000000000002,0.35,0.02,20000,0.0,0.0,-0.5951006536040968,0.056917224209999714,0.0,18300.0
0.18500000000000003,0.35,0.02,20000,0.0,0.0,-0.6073190206934393,0.054774378978644456,0.0,18300.0
0.1885,0.35,0.02,20000,0.0,0.0,-0.6220710390823021,0.05225259727802336,0.0,18300.0
0.192,0.35,0.02,20000,0.0,0.0,-0.6317499219140713,0.050635248309689115,0.0,18300.0
0.1955,0.35,0.02,20000,0.0,0.0,-0.644183919800568,0.04861605157818448,0.0,18300.0
0.199,0.35,0.02,20000,0.0,0.0,-0.6550773070464895,0.04688301047320304,0.0,18300.0
0.2025,0.35,0.02,20000,0.0,0.0,-0.6657054234468684,0.045230476501448916,0.0,18300.0
0.20600000000000002,0.35,0.02,20000,0.0,0.0,-0.6767689684022328,0.04355223486758997,0.0,18300.0
0.20950000000000002,0.35,0.02,20000,0.0,0.0,-0.6883433898138286,0.04183594611878607,0.0,18300.0
0.21300000000000002,0.35,0.02,20000,0.0,0.0,-0.6993020670718011,0.04025223566509802,0.0,18300.0
0.21650000000000003,0.35,0.02,20000,0.0,0.0,-0.7113309905788096,0.03855482571356139,0.0,18300.0
0.22,0.35,0.02,20000,0.0,0.0,-0.719729340816174,0.03739572800540779,0.0,18300.0
0.01,0.4,0.02,20000,1.0,0.0,0.30249720904359173,0.3690843086027157,0.0,18120.0
0.0135,0.4,0.02,20000,1.0,0.0,0.27646570174693774,0.35721601162915373,0.0,18120.0
0.017,0.4,0.02,20000,1.0,0.0,0.24488445714596346,0.3427639529803477,0.0,18120.0
0.0205,0.4,0.02,20000,1.0,0.0,0.2222505633576885,0.33239476052992517,0.0,18120.0
0.024,0.4,0.02,20000,1.0,0.0,0.19194768236107262,0.3185344128525157,0.0,18120.0
0.027500000000000004,0.4,0.02,20000,1.0,0.0,0.16902232993743033,0.30807472127593527,0.0,18120.0
0.031,0.4,0.02,20000,1.0,0.0,0.14525439098902854,0.2972853036601794,0.0,18120.0
0.0345,0.4,0.02,20000,1.0,0.0,0.12153516811106206,0.28658700457383823,0.0,18120.0
0.038,0.4,0.02,20000,1.0,0.0,0.09864830621897178,0.27635184458649986,0.0,18120.0
0.0415,0.4,0.02,20000,1.0,0.0,0.07556808564713295,0.266129429570462,0.0,18120.0
0.045000000000000005,0.4,0.02,20000,1.0,0.0,0.05078192288838214,0.2552812816024601,0.0,18120.0
0.0485,0.4,0.02,20000,0.975,0.0,0.027253181692389845,0.2451260071082082,0.0,18120.0
0.052000000000000005,0.4,0.02,20000,0.65,0.0,0.0072270175718578255,0.23660064275466386,0.0,18120.0
0.0555,0.4,0.02,20000,0.0875,0.0,-0.01624142947358697,0.22676469363806814,0.0,18120.0
0.059000000000000004,0.4,0.02,20000,0.0,0.0,-0.03902466089013331,0.21739141931009093,0.0,18120.0
0.0625,0.4,0.02,20000,0.0,0.0,-0.059361258194440394,0.20916780120355,0.0,18120.0
0.066,0.4,0.02,20000,0.0,0.0,-0.07774762077185904,0.20186393690999616,0.0,18120.0
0.0695,0.4,0.02,20000,0.0,0.0,-0.10190357289452527,0.19247021374464107,0.0,18120.0
0.073,0.4,0.02,20000,0.0,0.0,-0.12024133432231462,0.1854900585269838,0.0,18120.0
0.0765,0.4,0.02,20000,0.0,0.0,-0.13988866389855464,0.17815838163338604,0.0,18120.0
0.08,0.4,0.02,20000,0.0,0.0,-0.15986671812961498,0.1708730316711809,0.0,18120.0
0.08349999999999999,0.4,0.02,20000,0.0,0.0,-0.1779254277222865,0.16444231650103408,0.0,18120.0
0.087,0.4,0.02,20000,0.0,0.0,-0.19595103383612528,0.15815959113962402,0.0,18120.0
0.0905,0.4,0.02,20000,0.0,0.0,-0.2142362017095528,0.15191965335998373,0.0,18120.0
0.094,0.4,0.02,20000,0.0,0.0,-0.23112604065664072,0.14630614576526385,0.0,18120.0
0.0975,0.4,0.02,20000,0.0,0.0,-0.24980694759984826,0.1402460908239454,0.0,18120.0
0.10099999999999999,0.4,0.02,20000,0.0,0.0,-0.2693160733977586,0.13408372811468322,0.0,18120.0
0.1045,0.4,0.02,20000,0.0,0.0,-0.28778141611425295,0.12839354240288098,0.0,18120.0
0.108,0.4,0.02,20000,0.0,0.0,-0.30293474605182175,0.12385905862650634,0.0,18120.0
0.1115,0.4,0.02,20000,0.0,0.0,-0.319896248629331,0.11890161067862008,0.0,18120.0
0.11499999999999999,0.4,0.02,20000,0.0,0.0,-0.3338678146005952,0.11490949283963348,0.0,18120.0
0.1185,0.4,0.02,20000,0.0,0.0,-0.35253676120542743,0.10971732965778527,0.0,18120.0
0.122,0.4,0.02,20000,0.0,0.0,-0.36875675943723285,0.10534026626402175,0.0,18120.0
0.1255,0.4,0.02,20000,0.0,0.0,-0.38536396268789835,0.10096724826427836,0.0,18120.0
0.129,0.4,0.02,20000,0.0,0.0,-0.401369776682165,0.0968807271294995,0.0,18120.0
0.1325,0.4,0.02,20000,0.0,0.0,-0.418040580067338,0.09273705274473279,0.0,18120.0
0.136,0.4,0.02,20000,0.0,0.0,-0.43074393177030074,0.08966733065306763,0.0,18120.0
0.1395,0.4,0.02,20000,0.0,0.0,-0.44504821806669204,0.08627979096787101,0.0,18120.0
0.14300000000000002,0.4,0.02,20000,0.0,0.0,-0.460096427905342,0.08281860053973918,0.0,18120.0
0.14650000000000002,0.4,0.02,20000,0.0,0.0,-0.4742165195563219,0.07966076356236805,0.0,18120.0
0.15000000000000002,0.4,0.02,20000,0.0,0.0,-0.48971686896715927,0.07628238566455758,0.0,18120.0
0.15350000000000003,0.4,0.02,20000,0.0,0.0,-0.5026102704953401,0.0735463161410524,0.0,18120.0
0.157,0.4,0.02,20000,0.0,0.0,-0.5171741056836943,0.07052938047027464,0.0,18120.0
0.1605,0.4,0.02,20000,0.0,0.0,-0.5307386904203979,0.06780202875983711,0.0,18120.0
0.164,0.4,0.02,20000,0.0,0.0,-0.5410883113544471,0.06576992522832895,0.0,18120.0
0.1675,0.4,0.02,20000,0.0,0.0,-0.5545331098258474,0.06318995022627624,0.0,18120.0
0.171,0.4,0.02,20000,0.0,0.0,-0.5691613035515205,0.06046034056614278,0.0,18120.0
0.17450000000000002,0.4,0.02,20000,0.0,0.0,-0.5811434805489901,0.058282138318210386,0.0,18120.0
0.17800000000000002,0.4,0.02,20000,0.0,0.0,-0.596089394486748,0.05563642889157146,0.0,18120.0
0.18150000000000002,0.4,0.02,20000,0.0,0.0,-0.6067873923753101,0.05379429442418204,0.0,18120.0
0.18500000000000003,0.4,0.02,20000,0.0,0.0,-0.6188177296148725,0.05176820485535594,0.0,18120.0
0.1885,0.4,0.02,20000,0.0,0.0,-0.6300090219453522,0.04993080626514332,0.0,18120.0
0.192,0.4,0.02,20000,0.0,0.0,-0.6432915061984158,0.04779827581912423,0.0,18120.0
0.1955,0.4,0.02,20000,0.0,0.0,-0.6532676134969921,0.046241397163375206,0.0,18120.0
0.199,0.4,0.02,20000,0.0,0.0,-0.6642729989873095,0.044558426318046115,0.0,18120.0
0.2025,0.4,0.02,20000,0.0,0.0,-0.6761434590399847,0.04278311253334042,0.0,18120.0
0.20600000000000002,0.4,0.02,20000,0.0,0.0,-0.6891430353415628,0.04089564561070408,0.0,18120.0
0.20950000000000002,0.4,0.02,20000,0.0,0.0,-0.6978092486759861,0.039664906248075754,0.0,18120.0
0.21300000000000002,0.4,0.02,20000,0.0,0.0,-0.7076391035740883,0.03829852863761094,0.0,18120.0
0.21650000000000003,0.4,0.02,20000,0.0,0.0,-0.7197804754385958,0.036646007404359277,0.0,18120.0
0.22,0.4,0.02,20000,0.0,0.0,-0.7292012476304408,0.035396335492831256,0.0,18120.0
0.01,0.05,0.03,20000,1.0,0.0,0.3728371012430367,0.4382187456428384,0.0,19160.0
0.0135,0.05,0.03,20000,1.0,0.0,0.3416678983348297,0.42396899407594546,0.0,19160.0
0.017,0.05,0.03,20000,1.0,0.0,0.3127534996825811,0.4105696667566603,0.0,19160.0
0.0205,0.05,0.03,20000,1.0,0.0,0.28708158702523556,0.39853558230139013,0.0,19160.0
0.024,0.05,0.03,20000,1.0,0.0,0.26041305769620904,0.3859496835179951,0.0,19160.0
0.027500000000000004,0.05,0.03,20000,1.0,0.0,0.23163044831608234,0.3722702565007568,0.0,19160.0
0.031,0.05,0.03,20000,1.0,0.0,0.20488854298930512,0.3595139099427008,0.0,19160.0
0.0345,0.05,0.03,20000,1.0,0.0,0.17736076411911378,0.3463558937018953,0.0,19160.0
0.038,0.05,0.03,20000,1.0,0.0,0.15492915162677856,0.33564961511680147,0.0,19160.0
0.0415,0.05,0.03,20000,1.0,0.0,0.12996097568415738,0.32375036757577674,0.0,19160.0
0.045000000000000005,0.05,0.03,20000,1.0,0.0,0.10575352756470276,0.31226775440530885,0.0,19160.0
0.0485,0.05,0.03,20000,1.0,0.0,0.08440067823393851,0.3021927926713774,0.0,19160.0
0.052000000000000005,0.05,0.03,20000,1.0,0.0,0.05873709146583463,0.29018164837128557,0.0,19160.0
0.0555,0.05,0.03,20000,0.9875,0.0,0.03607940174742707,0.2796797718368528,0.0,19160.0
0.059000000000000004,0.05,0.03,20000,0.775,0.0,0.012087956536745999,0.2686792474050764,0.0,19160.0
0.0625,0.05,0.03,20000,0.2125,0.0,-0.009529410084774268,0.25888856495596696,0.0,19160.0
0.066,0.05,0.03,20000,0.0,0.0,-0.031118901722902846,0.24924100017092238,0.0,19160.0
0.0695,0.05,0.03,20000,0.0,0.0,-0.05306391231107973,0.23957945368240088,0.0,19160.0
0.073,0.05,0.03,20000,0.0,0.0,-0.07249235222019476,0.23115875525654922,0.0,19160.0
0.0765,0.05,0.03,20000,0.0,0.0,-0.09253796075865603,0.22260967509314647,0.0,19160.0
0.08,0.05,0.03,20000,0.0,0.0,-0.11322182795616706,0.2139391518503507,0.0,19160.0
0.08349999999999999,0.05,0.03,20000,0.0,0.0,-0.13573002347197521,0.2046944172587814,0.0,19160.0
0.087,0.05,0.03,20000,0.0,0.0,-0.154560553999245,0.19711933647033092,0.0,19160.0
0.0905,0.05,0.03,20000,0.0,0.0,-0.17353347325678997,0.18963515976773504,0.0,19160.0
0.094,0.05,0.03,20000,0.0,0.0,-0.19259113948724274,0.18227024662042607,0.0,19160.0
0.0975,0.05,0.03,20000,0.0,0.0,-0.21193161248222497,0.17495740356168962,0.0,19160.0
0.10099999999999999,0.05,0.03,20000,0.0,0.0,-0.23057862141001856,0.16806944291897863,0.0,19160.0
0.1045,0.05,0.03,20000,0.0,0.0,-0.24776443908038362,0.16185784343579904,0.0,19160.0
0.108,0.05,0.03,20000,0.0,0.0,-0.26395052078346076,0.15614288108644045,0.0,19160.0
0.1115,0.05,0.03,20000,0.0,0.0,-0.28269584650465057,0.14966594119355894,0.0,19160.0
0.11499999999999999,0.05,0.03,20000,0.0,0.0,-0.2993894381119304,0.14403743506128924,0.0,19160.0
0.1185,0.05,0.03,20000,0.0,0.0,-0.3191362492185258,0.13755629451922227,0.0,19160.0
0.122,0.05,0.03,20000,0.0,0.0,-0.33688511869216575,0.13188817072401524,0.0,19160.0
0.1255,0.05,0.03,20000,0.0,0.0,-0.3514417849726367,0.12735240399539977,0.0,19160.0
0.129,0.05,0.03,20000,0.0,0.0,-0.36433197910741927,0.12340759363388346,0.0,19160.0
0.1325,0.05,0.03,20000,0.0,0.0,-0.38238148052368043,0.11803316092212879,0.0,19160.0
0.136,0.05,0.03,20000,0.0,0.0,-0.39710196657101393,0.11375690155259241,0.0,19160.0
0.1395,0.05,0.03,20000,0.0,0.0,-0.41483008427566564,0.10873780366794014,0.0,19160.0
0.14300000000000002,0.05,0.03,20000,0.0,0.0,-0.4299079743116444,0.10459542285528997,0.0,19160.0
0.14650000000000002,0.05,0.03,20000,0.0,0.0,-0.44654750525047815,0.10013104874342145,0.0,19160.0
0.15000000000000002,0.05,0.03,20000,0.0,0.0,-0.45887568315756955,0.09691630838978789,0.0,19160.0
0.15350000000000003,0.05,0.03,20000,0.0,0.0,-0.47764322214221444,0.09214090637608888,0.0,19160.0
0.157,0.05,0.03,20000,0.0,0.0,-0.4890654644176857,0.0893111003097236,0.0,19160.0
0.1605,0.05,0.03,20000,0.0,0.0,-0.5032009896791484,0.08589421333472412,0.0,19160.0
0.164,0.05,0.03,20000,0.0,0.0,-0.516701843168298,0.08270445421959227,0.0,19160.0
0.1675,0.05,0.03,20000,0.0,0.0,-0.5304235016422469,0.07955383483579702,0.0,19160.0
0.171,0.05,0.03,20000,0.0,0.0,-0.5454848320772558,0.076174231056122,0.0,19160.0
0.17450000000000002,0.05,0.03,20000,0.0,0.0,-0.5583208359721833,0.0733774831328082,0.0,19160.0
0.17800000000000002,0.05,0.03,20000,0.0,0.0,-0.569396508605263,0.0710125997389005,0.0,19160.0
0.18150000000000002,0.05,0.03,20000,0.0,0.0,-0.5803045438017034,0.06874088489397256,0.0,19160.0
0.18500000000000003,0.05,0.03,20000,0.0,0.0,-0.5942911686762364,0.06589089749722295,0.0,19160.0
0.1885,0.05,0.03,20000,0.0,0.0,-0.6079188718097521,0.06318942790013235,0.0,19160.0
0.192,0.05,0.03,20000,0.0,0.0,-0.6194750466602267,0.06095331880919597,0.0,19160.0
0.1955,0.05,0.03,20000,0.0,0.0,-0.6350417259214332,0.058023501802905574,0.0,19160.0
0.199,0.05,0.03,20000,0.0,0.0,-0.6440457237800741,0.05636852532362918,0.0,19160.0
0.2025,0.05,0.03,20000,0.0,0.0,-0.6569490388127954,0.05405182477826653,0.0,19160.0
0.20600000000000002,0.05,0.03,20000,0.0,0.0,-0.6676265047790665,0.05217931254571996,0.0,19160.0
0.20950000000000002,0.05,0.03,20000,0.0,0.0,-0.6769706176261772,0.050575938418189914,0.0,19160.0
0.21300000000000002,0.05,0.03,20000,0.0,0.0,-0.6899103077937936,0.0484044870585329,0.0,19160.0
0.21650000000000003,0.05,0.03,20000,0.0,0.0,-0.6999426721293014,0.04676126608507151,0.0,19160.0
0.22,0.05,0.03,20000,0.0,0.0,-0.7114076370615037,0.04492465490816948,0.0,19160.0
0.01,0.1,0.03,20000,1.0,0.0,0.3503416772260045,0.4228211993564475,0.0,18980.0
0.0135,0.1,0.03,20000,1.0,0.0,0.32148922768146965,0.4095416059359618,0.0,18980.0
0.017,0.1,0.03,20000,1.0,0.0,0.28906289369830096,0.3944449695615529,0.0,18980.0
0.0205,0.1,0.03,20000,1.0,0.0,0.2634125127626226,0.3823967908896759,0.0,18980.0
0.024,0.1,0.03,20000,1.0,0.0,0.23776257041104493,0.3702810609140402,0.0,18980.0
0.027500000000000004,0.1,0.03,20000,1.0,0.0,0.20969067050080178,0.35696570806814343,0.0,18980.0
0.031,0.1,0.03,20000,1.0,0.0,0.18401126122755831,0.34477734834018553,0.0,18980.0
0.0345,0.1,0.03,20000,1.0,0.0,0.15885667761819483,0.3328374268457271,0.0,18980.0
0.038,0.1,0.03,20000,1.0,0.0,0.13370246056594887,0.3209408025436116,0.0,18980.0
0.0415,0.1,0.03,20000,1.0,0.0,0.10896974951374605,0.3092890053766382,0.0,18980.0
0.045000000000000005,0.1,0.03,20000,1.0,0.0,0.08600764528784652,0.29853882801153986,0.0,18980.0
0.0485,0.1,0.03,20000,1.0,0.0,0.061945259806730976,0.2873572564166594,0.0,18980.0
0.052000000000000005,0.1,0.03,20000,1.0,0.0,0.041382725882045376,0.2778935836261537,0.0,18980.0
0.0555,0.1,0.03,20000,0.775,0.0,0.0165491968893134,0.26658727408437644,0.0,18980.0
0.059000000000000004,0.1,0.03,20000,0.4,0.0,-0.0028503666850590898,0.25786167452401976,0.0,18980.0
0.0625,0.1,0.03,20000,0.025,0.0,-0.025415239494419962,0.2478437041680211,0.0,18980.0
0.066,0.1,0.03,20000,0.0,0.0,-0.0492893025559051,0.2374102955525063,0.0,18980.0
0.0695,0.1,0.03,20000,0.0,0.0,-0.06880175122717996,0.2290238741237894,0.0,18980.0
0.073,0.1,0.03,20000,0.0,0.0,-0.088589393902516,0.22065133871510517,0.0,18980.0
0.0765,0.1,0.03,20000,0.0,0.0,-0.10942652911810927,0.2119920718265865,0.0,18980.0
0.08,0.1,0.03,20000,0.0,0.0,-0.13121511902035662,0.20312462426710845,0.0,18980.0
0.08349999999999999,0.1,0.03,20000,0.0,0.0,-0.1502570076375958,0.19551843169468663,0.0,18980.0
0.087,0.1,0.03,20000,0.0,0.0,-0.16743100598855026,0.18878889479528277,0.0,18980.0
0.0905,0.1,0.03,20000,0.0,0.0,-0.189715834078967,0.18025031475697156,0.0,18980.0
0.094,0.1,0.03,20000,0.0,0.0,-0.20828907128967353,0.17329856313038053,0.0,18980.0
0.0975,0.1,0.03,20000,0.0,0.0,-0.22659986720000475,0.1665998686913796,0.0,18980.0
0.10099999999999999,0.1,0.03,20000,0.0,0.0,-0.24336447011256243,0.16059265875549586,0.0,18980.0
0.1045,0.1,0.03,20000,0.0,0.0,-0.26121965564159444,0.15434068484276203,0.0,18980.0
0.108,0.1,0.03,20000,0.0,0.0,-0.2787078286891093,0.14836299728127295,0.0,18980.0
0.1115,0.1,0.03,20000,0.0,0.0,-0.29816758413090777,0.1418799930922315,0.0,18980.0
0.11499999999999999,0.1,0.03,20000,0.0,0.0,-0.31607365739757454,0.13606611303321642,0.0,18980.0
0.1185,0.1,0.03,20000,0.0,0.0,-0.3318691432578432,0.1310648012031373,0.0,18980.0
0.122,0.1,0.03,20000,0.0,0.0,-0.3468325451075618,0.1264358285855411,0.0,18980.0
0.1255,0.1,0.03,20000,0.0,0.0,-0.36390109226659906,0.12128893054459466,0.0,18980.0
0.129,0.1,0.03,20000,0.0,0.0,-0.3803299882678476,0.11646245298576666,0.0,18980.0
0.1325,0.1,0.03,20000,0.0,0.0,-0.39724378880874367,0.11161970529595586,0.0,18980.0
0.136,0.1,0.03,20000,0.0,0.0,-0.41016715161584505,0.1080072920035768,0.0,18980.0
0.1395,0.1,0.03,20000,0.0,0.0,-0.4299497878957205,0.10262709207946993,0.0,18980.0
0.14300000000000002,0.1,0.03,20000,0.0,0.0,-0.4403223034732687,0.09988965916690762,0.0,18980.0
0.14650000000000002,0.1,0.03,20000,0.0,0.0,-0.4565180760782647,0.09569797090635454,0.0,18980.0
0.15000000000000002,0.1,0.03,20000,0.0,0.0,-0.46915425151064466,0.09250844465117723,0.0,18980.0
0.15350000000000003,0.1,0.03,20000,0.0,0.0,-0.4863293826184412,0.08828192600647981,0.0,18980.0
0.157,0.1,0.03,20000,0.0,0.0,-0.5009279650461178,0.08479863358719224,0.0,18980.0
0.1605,0.1,0.03,20000,0.0,0.0,-0.5144019213561271,0.0816665568671083,0.0,18980.0
0.164,0.1,0.03,20000,0.0,0.0,-0.52701440919936,0.07879822247267658,0.0,18980.0
0.1675,0.1,0.03,20000,0.0,0.0,-0.539856620172291,0.07594482099047786,0.0,18980.0
0.171,0.1,0.03,20000,0.0,0.0,-0.5515560140832081,0.07341051914978466,0.0,18980.0
0.17450000000000002,0.1,0.03,20000,0.0,0.0,-0.566989718844038,0.0701516203601309,0.0,18980.0
0.17800000000000002,0.1,0.03,20000,0.0,0.0,-0.5803329158682121,0.06740550338404636,0.0,18980.0
0.18150000000000002,0.1,0.03,20000,0.0,0.0,-0.5948299662120939,0.06451173635194951,0.0,18980.0
0.18500000000000003,0.1,0.03,20000,0.0,0.0,-0.6045444643949331,0.06261504021220682,0.0,18980.0
0.1885,0.1,0.03,20000,0.0,0.0,-0.6160215147694087,0.060420123795992466,0.0,18980.0
0.192,0.1,0.03,20000,0.0,0.0,-0.6290093879312177,0.057997603055957095,0.0,18980.0
0.1955,0.1,0.03,20000,0.0,0.0,-0.6422073638730401,0.05559766051318147,0.0,18980.0
0.199,0.1,0.03,20000,0.0,0.0,-0.6531742877046639,0.053653485174345206,0.0,18980.0
0.2025,0.1,0.03,20000,0.0,0.0,-0.6656716988650473,0.05149169605592614,0.0,18980.0
0.20600000000000002,0.1,0.03,20000,0.0,0.0,-0.6773349001486352,0.04952473644328917,0.0,18980.0
0.20950000000000002,0.1,0.03,20000,0.0,0.0,-0.6877148680427717,0.04781068934622841,0.0,18980.0
0.21300000000000002,0.1,0.03,20000,0.0,0.0,-0.6986704402124069,0.046042534166126345,0.0,18980.0
0.21650000000000003,0.1,0.03,20000,0.0,0.0,-0.710039268907961,0.04425410849768649,0.0,18980.0
0.22,0.1,0.03,20000,0.0,0.0,-0.7201980345899471,0.04268698024987539,0.0,18980.0
0.01,0.15,0.03,20000,1.0,0.0,0.32718900059262196,0.4070916070703687,0.0,18800.0
0.0135,0.15,0.03,20000,1.0,0.0,0.3009222444307553,0.3949537059309189,0.0,18800.0
0.017,0.15,0.03,20000,1.0,0.0,0.26989615589079663,0.3804929475858837,0.0,18800.0
0.0205,0.15,0.03,20000,1.0,0.0,0.2424063854052823,0.36758556362119116,0.0,18800.0
0.024,0.15,0.03,20000,1.0,0.0,0.21693077667855737,0.3555717767970147,0.0,18800.0
0.027500000000000004,0.15,0.03,20000,1.0,0.0,0.19031396117118626,0.3430203212238531,0.0,18800.0
0.031,0.15,0.03,20000,1.0,0.0,0.16484320402505398,0.3310119715051799,0.0,18800.0
0.0345,0.15,0.03,20000,1.0,0.0,0.14047069455129962,0.3195492630069723,0.0,18800.0
0.038,0.15,0.03,20000,1.0,0.0,0.11639860590338622,0.3082811259921214,0.0,18800.0
0.0415,0.15,0.03,20000,1.0,0.0,0.0932013106591757,0.2974901629935003,0.0,18800.0
0.045000000000000005,0.15,0.03,20000,1.0,0.0,0.07058193240029922,0.2870433741809296,0.0,18800.0
0.0485,0.15,0.03,20000,1.0,0.0,0.04411503643604542,0.2749415716944862,0.0,18800.0
0.052000000000000005,0.15,0.03,20000,0.8625,0.0,0.018527018217767543,0.2633881295767913,0.0,18800.0
0.0555,0.15,0.03,20000,0.3375,0.0,-0.0018672834253228813,0.2543010936904751,0.0,18800.0
0.059000000000000004,0.15,0.03,20000,0.025,0.0,-0.023288408212350446,0.24488071112307078,0.0,18800.0
0.0625,0.15,0.03,20000,0.0,0.0,-0.041910364845798145,0.23680168245655686,0.0,18800.0
0.066,0.15,0.03,20000,0.0,0.0,-0.06419229848824579,0.22728733636502724,0.0,18800.0
0.0695,0.15,0.03,20000,0.0,0.0,-0.0854354163007638,0.2183778303983203,0.0,18800.0
0.073,0.15,0.03,20000,0.0,0.0,-0.10630391028386485,0.20978225222033764,0.0,18800.0
0.0765,0.15,0.03,20000,0.0,0.0,-0.12398267611134854,0.20263051818358263,0.0,18800.0
0.08,0.15,0.03,20000,0.0,0.0,-0.14402389920884737,0.19468347836739142,0.0,18800.0
0.08349999999999999,0.15,0.03,20000,0.0,0.0,-0.16721363063932437,0.18568033346929563,0.0,18800.0
0.087,0.15,0.03,20000,0.0,0.0,-0.18640194012988495,0.17841516699292184,0.0,18800.0
0.0905,0.15,0.03,20000,0.0,0.0,-0.2079449695504587,0.17043479909481682,0.0,18800.0
0.094,0.15,0.03,20000,0.0,0.0,-0.22321707436953933,0.1649139526991697,0.0,18800.0
0.0975,0.15,0.03,20000,0.0,0.0,-0.2395263038752463,0.1591295660421684,0.0,18800.0
0.10099999999999999,0.15,0.03,20000,0.0,0.0,-0.25779551379501914,0.152794356445734,0.0,18800.0
0.1045,0.15,0.03,20000,0.0,0.0,-0.27566011360863785,0.14675019534535635,0.0,18800.0
0.108,0.15,0.03,20000,0.0,0.0,-0.29393079543780787,0.14072116243624996,0.0,18800.0
0.1115,0.15,0.03,20000,0.0,0.0,-0.31014297244839606,0.1355085370838683,0.0,18800.0
0.11499999999999999,0.15,0.03,20000,0.0,0.0,-0.32543917519057025,0.13068772137579102,0.0,18800.0
0.1185,0.15,0.03,20000,0.0,0.0,-0.3429248696577405,0.12532221779627065,0.0,18800.0
0.122,0.15,0.03,20000,0.0,0.0,-0.35997562041877407,0.12022548353688951,0.0,18800.0
0.1255,0.15,0.03,20000,0.0,0.0,-0.3762058391721469,0.11551291084767186,0.0,18800.0
0.129,0.15,0.03,20000,0.0,0.0,-0.39222163919448694,0.11096293978726321,0.0,18800.0
0.1325,0.15,0.03,20000,0.0,0.0,-0.40802769877334155,0.10659179107310068,0.0,18800.0
0.136,0.15,0.03,20000,0.0,0.0,-0.42459995918414534,0.10213122338628802,0.0,18800.0
0.1395,0.15,0.03,20000,0.0,0.0,-0.4403872894572932,0.09800642318899914,0.0,18800.0
0.14300000000000002,0.15,0.03,20000,0.0,0.0,-0.4525198662364575,0.09491352976534975,0.0,18800.0
0.14650000000000002,0.15,0.03,20000,0.0,0.0,-0.46629829699099445,0.09147028533027853,0.0,18800.0
0.15000000000000002,0.15,0.03,20000,0.0,0.0,-0.48276523666163007,0.08746576395991221,0.0,18800.0
0.15350000000000003,0.15,0.03,20000,0.0,0.0,-0.49679401032153053,0.0841535670545441,0.0,18800.0
0.157,0.15,0.03,20000,0.0,0.0,-0.50858382593268,0.08142601430342435,0.0,18800.0
0.1605,0.15,0.03,20000,0.0,0.0,-0.5243458476172099,0.07787857583917432,0.0,18800.0
0.164,0.15,0.03,20000,0.0,0.0,-0.5381619925277674,0.07485761283869238,0.0,18800.0
0.1675,0.15,0.03,20000,0.0,0.0,-0.5509575340066719,0.07212539950254311,0.0,18800.0
0.171,0.15,0.03,20000,0.0,0.0,-0.5651544083879546,0.06917281639049792,0.0,18800.0
0.17450000000000002,0.15,0.03,20000,0.0,0.0,-0.5763256629554487,0.0669050533059858,0.0,18800.0
0.17800000000000002,0.15,0.03,20000,0.0,0.0,-0.5897417437680474,0.06425118215363673,0.0,18800.0
0.18150000000000002,0.15,0.03,20000,0.0,0.0,-0.6024753732868471,0.06179152325491588,0.0,18800.0
0.18500000000000003,0.15,0.03,20000,0.0,0.0,-0.6153709011644901,0.0593629328193204,0.0,18800.0
0.1885,0.15,0.03,20000,0.0,0.0,-0.6254237133949123,0.05751469276149694,0.0,18800.0
0.192,0.15,0.03,20000,0.0,0.0,-0.6381818378930614,0.05522322640731153,0.0,18800.0
0.1955,0.15,0.03,20000,0.0,0.0,-0.651572769854474,0.05287927203769112,0.0,18800.0
0.199,0.15,0.03,20000,0.0,0.0,-0.6614928402929916,0.05118471661334436,0.0,18800.0
0.2025,0.15,0.03,20000,0.0,0.0,-0.6724965168883822,0.049346288069328385,0.0,18800.0
0.20600000000000002,0.15,0.03,20000,0.0,0.0,-0.6836256189160423,0.04752946103439826,0.0,18800.0
0.20950000000000002,0.15,0.03,20000,0.0,0.0,-0.6938811178310642,0.045889222487050754,0.0,18800.0
0.21300000000000002,0.15,0.03,20000,0.0,0.0,-0.7051510821017555,0.04412845657221156,0.0,18800.0
0.21650000000000003,0.15,0.03,20000,0.0,0.0,-0.7179257304040604,0.042183826540909276,0.0,18800.0
0.22,0.15,0.03,20000,0.0,0.0,-0.7264621081162668,0.040915280389177654,0.0,18800.0
0.01,0.2,0.03,20000,1.0,0.0,0.30554791674018106,0.39205858053000986,0.0,18620.0
0.0135,0.2,0.03,20000,1.0,0.0,0.27710155556450183,0.3788839093643115,0.0,18620.0
0.017,0.2,0.03,20000,1.0,0.0,0.24700297419781014,0.36486088148309476,0.0,18620.0
0.0205,0.2,0.03,20000,1.0,0.0,0.22115299811103376,0.35275276641556996,0.0,18620.0
0.024,0.2,0.03,20000,1.0,0.0,0.19825215431957327,0.3420226455389861,0.0,18620.0
0.027500000000000004,0.2,0.03,20000,1.0,0.0,0.1689005993253786,0.32827405123877235,0.0,18620.0
0.031,0.2,0.03,20000,1.0,0.0,0.14806344278749606,0.31853772968862837,0.0,18620.0
0.0345,0.2,0.03,20000,1.0,0.0,0.12103260467809454,0.3059678232859233,0.0,18620.0
0.038,0.2,0.03,20000,1.0,0.0,0.09658573860142304,0.2946743888821672,0.0,18620.0
0.0415,0.2,0.03,20000,1.0,0.0,0.07395465716203248,0.2843033736301198,0.0,18620.0
0.045000000000000005,0.2,0.03,20000,1.0,0.0,0.04804181702334461,0.2725435872781815,0.0,18620.0
0.0485,0.2,0.03,20000,0.9625,0.0,0.02872309794896035,0.2638753376149552,0.0,18620.0
0.052000000000000005,0.2,0.03,20000,0.6,0.0,0.004496753779569854,0.25313804430331494,0.0,18620.0
0.0555,0.2,0.03,20000,0.125,0.0,-0.014790726299106693,0.24469882652811922,0.0,18620.0
0.059000000000000004,0.2,0.03,20000,0.0,0.0,-0.04037081035866015,0.23368927574656423,0.0,18620.0
0.0625,0.2,0.03,20000,0.0,0.0,-0.0605762313696117,0.22514017467838512,0.0,18620.0
0.066,0.2,0.03,20000,0.0,0.0,-0.08013428077200771,0.21700005966107624,0.0,18620.0
0.0695,0.2,0.03,20000,0.0,0.0,-0.10131874916165659,0.20833976062225412,0.0,18620.0
0.073,0.2,0.03,20000,0.0,0.0,-0.1221176922172162,0.20000932262391538,0.0,18620.0
0.0765,0.2,0.03,20000,0.0,0.0,-0.1427775044424549,0.19189616172435442,0.0,18620.0
0.08,0.2,0.03,20000,0.0,0.0,-0.15887710563324337,0.18569748865717156,0.0,18620.0
0.08349999999999999,0.2,0.03,20000,0.0,0.0,-0.1789591909775389,0.17812436932976347,0.0,18620.0
0.087,0.2,0.03,20000,0.0,0.0,-0.19942414285922402,0.17058397899355984,0.0,18620.0
0.0905,0.2,0.03,20000,0.0,0.0,-0.2182421344867566,0.1638098761611674,0.0,18620.0
0.094,0.2,0.03,20000,0.0,0.0,-0.2382204272019659,0.15680005695786048,0.0,18620.0
0.0975,0.2,0.03,20000,0.0,0.0,-0.2556746534368214,0.15082224059486848,0.0,18620.0
0.10099999999999999,0.2,0.03,20000,0.0,0.0,-0.27380634292623424,0.14475626267745423,0.0,18620.0
0.1045,0.2,0.03,20000,0.0,0.0,-0.28931832930792156,0.13969228975777143,0.0,18620.0
0.108,0.2,0.03,20000,0.0,0.0,-0.30596108045695447,0.13437611142574707,0.0,18620.0
0.1115,0.2,0.03,20000,0.0,0.0,-0.3257397992613301,0.12823361991619456,0.0,18620.0
0.11499999999999999,0.2,0.03,20000,0.0,0.0,-0.34033136196672614,0.12382099787969085,0.0,18620.0
0.1185,0.2,0.03,20000,0.0,0.0,-0.35880074159619996,0.11837372142239658,0.0,18620.0
0.122,0.2,0.03,20000,0.0,0.0,-0.373137239137732,0.11424616067547029,0.0,18620.0
0.1255,0.2,0.03,20000,0.0,0.0,-0.3906162144972275,0.10935086386473832,0.0,18620.0
0.129,0.2,0.03,20000,0.0,0.0,-0.4052635349094283,0.10536246850407438,0.0,18620.0
0.1325,0.2,0.03,20000,0.0,0.0,-0.4232793089298846,0.10057334838512996,0.0,18620.0
0.136,0.2,0.03,20000,0.0,0.0,-0.43464105377792306,0.09764189257863383,0.0,18620.0
0.1395,0.2,0.03,20000,0.0,0.0,-0.4523206440849224,0.09317168846976483,0.0,18620.0
0.14300000000000002,0.2,0.03,20000,0.0,0.0,-0.4661375446219214,0.08978533643640496,0.0,18620.0
0.14650000000000002,0.2,0.03,20000,0.0,0.0,-0.47986794523581955,0.0864966714843157,0.0,18620.0
0.15000000000000002,0.2,0.03,20000,0.0,0.0,-0.4935342737129262,0.08330400508772003,0.0,18620.0
0.15350000000000003,0.2,0.03,20000,0.0,0.0,-0.5084735982373687,0.07990379140583517,0.0,18620.0
0.157,0.2,0.03,20000,0.0,0.0,-0.523631088065266,0.07655080620220418,0.0,18620.0
0.1605,0.2,0.03,20000,0.0,0.0,-0.5355246078306534,0.07398197346664032,0.0,18620.0
0.164,0.2,0.03,20000,0.0,0.0,-0.5506100114941249,0.0708096762785988,0.0,18620.0
0.1675,0.2,0.03,20000,0.0,0.0,-0.5635593783562195,0.06816596382350526,0.0,18620.0
0.171,0.2,0.03,20000,0.0,0.0,-0.5758107380671891,0.06571665451775591,0.0,18620.0
0.17450000000000002,0.2,0.03,20000,0.0,0.0,-0.5888535135240638,0.06317799747020582,0.0,18620.0
0.17800000000000002,0.2,0.03,20000,0.0,0.0,-0.599042757436903,0.06123730227597879,0.0,18620.0
0.18150000000000002,0.2,0.03,20000,0.0,0.0,-0.6138843769084849,0.058481922259220234,0.0,18620.0
0.18500000000000003,0.2,0.03,20000,0.0,0.0,-0.6238568840021896,0.05667655343784517,0.0,18620.0
0.1885,0.2,0.03,20000,0.0,0.0,-0.6391656027701776,0.053971718976473015,0.0,18620.0
0.192,0.2,0.03,20000,0.0,0.0,-0.6483906985867544,0.05238584399555753,0.0,18620.0
0.1955,0.2,0.03,20000,0.0,0.0,-0.6610017204459137,0.050261883393585095,0.0,18620.0
0.199,0.2,0.03,20000,0.0,0.0,-0.6723800688603323,0.04839414557371276,0.0,18620.0
0.2025,0.2,0.03,20000,0.0,0.0,-0.6802132465133892,0.04713479743198409,0.0,18620.0
0.20600000000000002,0.2,0.03,20000,0.0,0.0,-0.6929399828578167,0.045131047783971,0.0,18620.0
0.20950000000000002,0.2,0.03,20000,0.0,0.0,-0.705541459829452,0.043202341802643374,0.0,18620.0
0.21300000000000002,0.2,0.03,20000,0.0,0.0,-0.714192904171913,0.0419031807717928,0.0,18620.0
0.21650000000000003,0.2,0.03,20000,0.0,0.0,-0.7254936246151822,0.040245835281297174,0.0,18620.0
0.22,0.2,0.03,20000,0.0,0.0,-0.7344731375413336,0.038956347388879695,0.0,18620.0
0.01,0.25,0.03,20000,1.0,0.0,0.2820674103457793,0.3762671190457382,0.0,18440.0
0.0135,0.25,0.03,20000,1.0,0.0,0.2551607337779969,0.3637906124868889,0.0,18440.0
0.017,0.25,0.03,20000,1.0,0.0,0.2284809053243742,0.3513872181916169,0.0,18440.0
0.0205,0.25,0.03,20000,1.0,0.0,0.20158727568529483,0.33886197610861346,0.0,18440.0
0.024,0.25,0.03,20000,1.0,0.0,0.1789265905259437,0.32831487931895637,0.0,18440.0
0.027500000000000004,0.25,0.03,20000,1.0,0.0,0.1477142842693269,0.3138364611148406,0.0,18440.0
0.031,0.25,0.03,20000,1.0,0.0,0.12848946846864934,0.3049585312084817,0.0,18440.0
0.0345,0.25,0.03,20000,1.0,0.0,0.10240112001743795,0.2929860504557077,0.0,18440.0
0.038,0.25,0.03,20000,1.0,0.0,0.08042106531110516,0.2829797568817057,0.0,18440.0
0.0415,0.25,0.03,20000,1.0,0.0,0.0550012901794182,0.2715167648571592,0.0,18440.0
0.045000000000000005,0.25,0.03,20000,0.975,0.0,0.031159516149728568,0.2608979033654294,0.0,18440.0
0.0485,0.25,0.03,20000,0.6625,0.0,0.007796189797863529,0.25062813257537125,0.0,18440.0
0.052000000000000005,0.25,0.03,20000,0.125,0.0,-0.01383641330761424,0.2412564190559542,0.0,18440.0
0.0555,0.25,0.03,20000,0.0125,0.0,-0.03584298825429823,0.2318662649642559,0.0,18440.0
0.059000000000000004,0.25,0.03,20000,0.0,0.0,-0.05752237128096309,0.2227695528355647,0.0,18440.0
0.0625,0.25,0.03,20000,0.0,0.0,-0.0765772445743262,0.21490843066054605,0.0,18440.0
0.066,0.25,0.03,20000,0.0,0.0,-0.0975115930957972,0.20642928897249163,0.0,18440.0
0.0695,0.25,0.03,20000,0.0,0.0,-0.11957984997039661,0.19766430877332514,0.0,18440.0
0.073,0.25,0.03,20000,0.0,0.0,-0.13848614024650568,0.19031611129892928,0.0,18440.0
0.0765,0.25,0.03,20000,0.0,0.0,-0.1573338025035875,0.18313469366753476,0.0,18440.0
0.08,0.25,0.03,20000,0.0,0.0,-0.17667258472128677,0.17592085547494657,0.0,18440.0
0.08349999999999999,0.25,0.03,20000,0.0,0.0,-0.19672037088746616,0.16860759260751193,0.0,18440.0
0.087,0.25,0.03,20000,0.0,0.0,-0.21370565997537092,0.16255590509187345,0.0,18440.0
0.0905,0.25,0.03,20000,0.0,0.0,-0.23174715704402624,0.15626814288143198,0.0,18440.0
0.094,0.25,0.03,20000,0.0,0.0,-0.2528263322307104,0.14910204485821515,0.0,18440.0
0.0975,0.25,0.03,20000,0.0,0.0,-0.2691580539926635,0.1436997987689673,0.0,18440.0
0.10099999999999999,0.25,0.03,20000,0.0,0.0,-0.28779612537411925,0.13768216268603758,0.0,18440.0
0.1045,0.25,0.03,20000,0.0,0.0,-0.30430020255793666,0.13247780322228733,0.0,18440.0
0.108,0.25,0.03,20000,0.0,0.0,-0.32048577847306037,0.1275052862003868,0.0,18440.0
0.1115,0.25,0.03,20000,0.0,0.0,-0.3374349654074367,0.12242676700764701,0.0,18440.0
0.11499999999999999,0.25,0.03,20000,0.0,0.0,-0.35236669985066654,0.11805284058521441,0.0,18440.0
0.1185,0.25,0.03,20000,0.0,0.0,-0.3711118063736425,0.1127179667501376,0.0,18440.0
0.122,0.25,0.03,20000,0.0,0.0,-0.385799167554936,0.10865527118651194,0.0,18440.0
0.1255,0.25,0.03,20000,0.0,0.0,-0.4030616335425776,0.1039902052564479,0.0,18440.0
0.129,0.25,0.03,20000,0.0,0.0,-0.41464135181650386,0.10093622481467782,0.0,18440.0
0.1325,0.25,0.03,20000,0.0,0.0,-0.43369873564204137,0.09604391430312505,0.0,18440.0
0.136,0.25,0.03,20000,0.0,0.0,-0.4483379953509834,0.09239801704084549,0.0,18440.0
0.1395,0.25,0.03,20000,0.0,0.0,-0.4624530928445945,0.08896974870346919,0.0,18440.0
0.14300000000000002,0.25,0.03,20000,0.0,0.0,-0.4760965296646093,0.08573728534310406,0.0,18440.0
0.14650000000000002,0.25,0.03,20000,0.0,0.0,-0.4890898442921868,0.08273429559854059,0.0,18440.0
0.15000000000000002,0.25,0.03,20000,0.0,0.0,-0.5074395620985166,0.07861097955953553,0.0,18440.0
0.15350000000000003,0.25,0.03,20000,0.0,0.0,-0.5186051709549606,0.07617062040245934,0.0,18440.0
0.157,0.25,0.03,20000,0.0,0.0,-0.5329200930006042,0.07311568172114392,0.0,18440.0
0.1605,0.25,0.03,20000,0.0,0.0,-0.5475115833795811,0.07008441828822018,0.0,18440.0
0.164,0.25,0.03,20000,0.0,0.0,-0.5588184438568485,0.06779378937473078,0.0,18440.0
0.1675,0.25,0.03,20000,0.0,0.0,-0.5705256445502623,0.06547712721498053,0.0,18440.0
0.171,0.25,0.03,20000,0.0,0.0,-0.5852280192892617,0.06263748772012614,0.0,18440.0
0.17450000000000002,0.25,0.03,20000,0.0,0.0,-0.5993534513603346,0.059989408575977066,0.0,18440.0
0.17800000000000002,0.25,0.03,20000,0.0,0.0,-0.6102627019764493,0.05799601638054318,0.0,18440.0
0.18150000000000002,0.25,0.03,20000,0.0,0.0,-0.6234219324531363,0.055644316251453385,0.0,18440.0
0.18500000000000003,0.25,0.03,20000,0.0,0.0,-0.6330775333046464,0.05396583032083944,0.0,18440.0
0.1885,0.25,0.03,20000,0.0,0.0,-0.646636351061719,0.051659225099815,0.0,18440.0
0.192,0.25,0.03,20000,0.0,0.0,-0.6591016281429037,0.04958735011503469,0.0,18440.0
0.1955,0.25,0.03,20000,0.0,0.0,-0.6720226897875736,0.04750151385490771,0.0,18440.0
0.199,0.25,0.03,20000,0.0,0.0,-0.6806540202863246,0.0461404737998301,0.0,18440.0
0.2025,0.25,0.03,20000,0.0,0.0,-0.6902287186722333,0.0446596039067528,0.0,18440.0
0.20600000000000002,0.25,0.03,20000,0.0,0.0,-0.7017344493489241,0.04291562728869312,0.0,18440.0
0.20950000000000002,0.25,0.03,20000,0.0,0.0,-0.7137539365061272,0.04113790608803806,0.0,18440.0
0.21300000000000002,0.25,0.03,20000,0.0,0.0,-0.7234867131647499,0.03973359700124255,0.0,18440.0
0.21650000000000003,0.25,0.03,20000,0.0,0.0,-0.7342868681521579,0.03820805293274454,0.0,18440.0
0.22,0.25,0.03,20000,0.0,0.0,-0.7427147296434387,0.03704427052085424,0.0,18440.0
0.01,0.3,0.03,20000,1.0,0.0,0.26112216732349897,0.36170020952049997,0.0,18260.0
0.0135,0.3,0.03,20000,1.0,0.0,0.23161413629895514,0.34806232868953374,0.0,18260.0
0.017,0.3,0.03,20000,1.0,0.0,0.2054984824881365,0.335986176519515,0.0,18260.0
0.0205,0.3,0.03,20000,1.0,0.0,0.18224658002819094,0.32523815494010516,0.0,18260.0
0.024,0.3,0.03,20000,1.0,0.0,0.1543892122827626,0.3123974098049581,0.0,18260.0
0.027500000000000004,0.3,0.03,20000,1.0,0.0,0.13085539633580323,0.30160453128205744,0.0,18260.0
0.031,0.3,0.03,20000,1.0,0.0,0.10958321876620461,0.2919155420209262,0.0,18260.0
0.0345,0.3,0.03,20000,1.0,0.0,0.0828713092107198,0.2798387439744168,0.0,18260.0
0.038,0.3,0.03,20000,1.0,0.0,0.058585362282745176,0.26897634586351493,0.0,18260.0
0.0415,0.3,0.03,20000,1.0,0.0,0.036085160040138814,0.25903105945188326,0.0,18260.0
0.045000000000000005,0.3,0.03,20000,0.7875,0.0,0.014991907571224445,0.24982175935607764,0.0,18260.0
0.0485,0.3,0.03,20000,0.2875,0.0,-0.00899598172540752,0.23949576453963028,0.0,18260.0
0.052000000000000005,0.3,0.03,20000,0.0125,0.0,-0.025941718073758595,0.23230483205243377,0.0,18260.0
0.0555,0.3,0.03,20000,0.0,0.0,-0.050815517983124746,0.22192053444817034,0.0,18260.0
0.059000000000000004,0.3,0.03,20000,0.0,0.0,-0.07084160001776736,0.2137186737532517,0.0,18260.0
0.0625,0.3,0.03,20000,0.0,0.0,-0.09141247009285168,0.20543827752408075,0.0,18260.0
0.066,0.3,0.03,20000,0.0,0.0,-0.1117546735658006,0.19740536351915403,0.0,18260.0
0.0695,0.3,0.03,20000,0.0,0.0,-0.1337252162495604,0.18891953413490645,0.0,18260.0
0.073,0.3,0.03,20000,0.0,0.0,-0.1554887099211606,0.18070015607838094,0.0,18260.0
0.0765,0.3,0.03,20000,0.0,0.0,-0.17229943932696914,0.17449638895043246,0.0,18260.0
0.08,0.3,0.03,20000,0.0,0.0,-0.19167574356729994,0.16748298936707048,0.0,18260.0
0.08349999999999999,0.3,0.03,20000,0.0,0.0,-0.21201525336482394,0.16031672254825585,0.0,18260.0
0.087,0.3,0.03,20000,0.0,0.0,-0.22916439230378033,0.15440516534032364,0.0,18260.0
0.0905,0.3,0.03,20000,0.0,0.0,-0.24935663551915752,0.1476126568399299,0.0,18260.0
0.094,0.3,0.03,20000,0.0,0.0,-0.26465032271627553,0.142591830669826,0.0,18260.0
0.0975,0.3,0.03,20000,0.0,0.0,-0.282987467340904,0.1367235954614352,0.0,18260.0
0.10099999999999999,0.3,0.03,20000,0.0,0.0,-0.299770142958808,0.13148151196774743,0.0,18260.0
0.1045,0.3,0.03,20000,0.0,0.0,-0.3171568141092407,0.12618735258326458,0.0,18260.0
0.108,0.3,0.03,20000,0.0,0.0,-0.3369084096979167,0.12034687584637198,0.0,18260.0
0.1115,0.3,0.03,20000,0.0,0.0,-0.3504148210869073,0.11644629977330692,0.0,18260.0
0.11499999999999999,0.3,0.03,20000,0.0,0.0,-0.3651117807351048,0.11230026470726236,0.0,18260.0
0.1185,0.3,0.03,20000,0.0,0.0,-0.383513867837863,0.10725198473075223,0.0,18260.0
0.122,0.3,0.03,20000,0.0,0.0,-0.3975603244153211,0.10349494588109413,0.0,18260.0
0.1255,0.3,0.03,20000,0.0,0.0,-0.4139886771952089,0.09922486777066321,0.0,18260.0
0.129,0.3,0.03,20000,0.0,0.0,-0.4268079020307958,0.09596684888336604,0.0,18260.0
0.1325,0.3,0.03,20000,0.0,0.0,-0.4445751551502209,0.0915717766326672,0.0,18260.0
0.136,0.3,0.03,20000,0.0,0.0,-0.4578804537173511,0.08838394091571822,0.0,18260.0
0.1395,0.3,0.03,20000,0.0,0.0,-0.47424407110348754,0.08453364987795198,0.0,18260.0
0.14300000000000002,0.3,0.03,20000,0.0,0.0,-0.4889824858314281,0.08118369103571584,0.0,18260.0
0.14650000000000002,0.3,0.03,20000,0.0,0.0,-0.5030166920214094,0.0780730150823195,0.0,18260.0
0.15000000000000002,0.3,0.03,20000,0.0,0.0,-0.5163853011937135,0.0751811712200263,0.0,18260.0
0.15350000000000003,0.3,0.03,20000,0.0,0.0,-0.5305218739537988,0.07220389098701248,0.0,18260.0
0.157,0.3,0.03,20000,0.0,0.0,-0.5430336086463494,0.06963812361150956,0.0,18260.0
0.1605,0.3,0.03,20000,0.0,0.0,-0.5567266036642347,0.06689929776596105,0.0,18260.0
0.164,0.3,0.03,20000,0.0,0.0,-0.568471417192673,0.06460356629714074,0.0,18260.0
0.1675,0.3,0.03,20000,0.0,0.0,-0.5844484608584658,0.06156790159627057,0.0,18260.0
0.171,0.3,0.03,20000,0.0,0.0,-0.5953446155447468,0.05955211822147766,0.0,18260.0
0.17450000000000002,0.3,0.03,20000,0.0,0.0,-0.6088608985968966,0.057113802203692776,0.0,18260.0
0.17800000000000002,0.3,0.03,20000,0.0,0.0,-0.6200531901492582,0.05514395920298183,0.0,18260.0
0.18150000000000002,0.3,0.03,20000,0.0,0.0,-0.6312614481464971,0.05321535209741997,0.0,18260.0
0.18500000000000003,0.3,0.03,20000,0.0,0.0,-0.643225175734792,0.051208409838751856,0.0,18260.0
0.1885,0.3,0.03,20000,0.0,0.0,-0.6550711808984212,0.049264204769991125,0.0,18260.0
0.192,0.3,0.03,20000,0.0,0.0,-0.6669691863975116,0.047361480914714725,0.0,18260.0
0.1955,0.3,0.03,20000,0.0,0.0,-0.6787844800025917,0.045519394549630124,0.0,18260.0
0.199,0.3,0.03,20000,0.0,0.0,-0.6889861012188484,0.043963039993541245,0.0,18260.0
0.2025,0.3,0.03,20000,0.0,0.0,-0.6993184650077702,0.04242329742804238,0.0,18260.0
0.20600000000000002,0.3,0.03,20000,0.0,0.0,-0.7107857358268542,0.04075021581853709,0.0,18260.0
0.20950000000000002,0.3,0.03,20000,0.0,0.0,-0.7217764794443086,0.03918504181658594,0.0,18260.0
0.21300000000000002,0.3,0.03,20000,0.0,0.0,-0.7321031056923509,0.03774947719531898,0.0,18260.0
0.21650000000000003,0.3,0.03,20000,0.0,0.0,-0.7422276640315552,0.036373356699861595,0.0,18260.0
0.22,0.3,0.03,20000,0.0,0.0,-0.7510111523535901,0.035206073905856096,0.0,18260.0
0.01,0.35,0.03,20000,1.0,0.0,0.23794138505392343,0.346215501717862,0.0,18080.0
0.0135,0.35,0.03,20000,1.0,0.0,0.2114451353062936,0.3340465254976679,0.0,18080.0
0.017,0.35,0.03,20000,1.0,0.0,0.18572789324569952,0.32223812667905494,0.0,18080.0
0.0205,0.35,0.03,20000,1.0,0.0,0.1636373041383204,0.31212786537296816,0.0,18080.0
0.024,0.35,0.03,20000,1.0,0.0,0.13552465981218353,0.29932218310143366,0.0,18080.0
0.027500000000000004,0.35,0.03,20000,1.0,0.0,0.11018025748950813,0.28786172719830755,0.0,18080.0
0.031,0.35,0.03,20000,1.0,0.0,0.08876711613138867,0.2782569536646588,0.0,18080.0
0.0345,0.35,0.03,20000,1.0,0.0,0.06374179066978046,0.267143933643197,0.0,18080.0
0.038,0.35,0.03,20000,1.0,0.0,0.042071433848529974,0.25763111950529183,0.0,18080.0
0.0415,0.35,0.03,20000,0.8625,0.0,0.01744525644854828,0.24696254508843635,0.0,18080.0
0.045000000000000005,0.35,0.03,20000,0.425,0.0,-0.0015014711237087692,0.23886832125772486,0.0,18080.0
0.0485,0.35,0.03,20000,0.0625,0.0,-0.02339919841667231,0.2296499463686538,0.0,18080.0
0.052000000000000005,0.35,0.03,20000,0.0,0.0,-0.04648895510722695,0.2200924433493469,0.0,18080.0
0.0555,0.35,0.03,20000,0.0,0.0,-0.06973280108060557,0.21065362321822043,0.0,18080.0
0.059000000000000004,0.35,0.03,20000,0.0,0.0,-0.08774952934189853,0.2034779110588739,0.0,18080.0
0.0625,0.35,0.03,20000,0.0,0.0,-0.10810001811928811,0.19551751536913026,0.0,18080.0
0.066,0.35,0.03,20000,0.0,0.0,-0.13081242630441783,0.18682690006989117,0.0,18080.0
0.0695,0.35,0.03,20000,0.0,0.0,-0.14934744559063556,0.1798837737444164,0.0,18080.0
0.073,0.35,0.03,20000,0.0,0.0,-0.1675923025722425,0.17319638019251204,0.0,18080.0
0.0765,0.35,0.03,20000,0.0,0.0,-0.18901664653083833,0.16552162303581347,0.0,18080.0
0.08,0.35,0.03,20000,0.0,0.0,-0.2063923531320257,0.15944340334107732,0.0,18080.0
0.08349999999999999,0.35,0.03,20000,0.0,0.0,-0.22558079701651393,0.15289442339671783,0.0,18080.0
0.087,0.35,0.03,20000,0.0,0.0,-0.24240522070061193,0.1472763551914668,0.0,18080.0
0.0905,0.35,0.03,20000,0.0,0.0,-0.2643520027604045,0.14015236595282068,0.0,18080.0
0.094,0.35,0.03,20000,0.0,0.0,-0.27912920654088663,0.13547215460055284,0.0,18080.0
0.0975,0.35,0.03,20000,0.0,0.0,-0.294705200876139,0.13065550442411747,0.0,18080.0
0.10099999999999999,0.35,0.03,20000,0.0,0.0,-0.3138693240406138,0.12487276139676355,0.0,18080.0
0.1045,0.35,0.03,20000,0.0,0.0,-0.3316588516167589,0.11965590604961011,0.0,18080.0
0.108,0.35,0.03,20000,0.0,0.0,-0.3491892202679769,0.1146533457630492,0.0,18080.0
0.1115,0.35,0.03,20000,0.0,0.0,-0.36400498005894943,0.1105343627531036,0.0,18080.0
0.11499999999999999,0.35,0.03,20000,0.0,0.0,-0.38051475086332875,0.10607097115977708,0.0,18080.0
0.1185,0.35,0.03,20000,0.0,0.0,-0.39496574483206814,0.10225677317540834,0.0,18080.0
0.122,0.35,0.03,20000,0.0,0.0,-0.4104636854443092,0.0982604747279926,0.0,18080.0
0.1255,0.35,0.03,20000,0.0,0.0,-0.4255875304255933,0.09447173804812521,0.0,18080.0
0.129,0.35,0.03,20000,0.0,0.0,-0.43899639385262273,0.09119094877464298,0.0,18080.0
0.1325,0.35,0.03,20000,0.0,0.0,-0.4574341042452338,0.08680641601645722,0.0,18080.0
0.136,0.35,0.03,20000,0.0,0.0,-0.4715843179362297,0.08354128541222416,0.0,18080.0
0.1395,0.35,0.03,20000,0.0,0.0,-0.4855473946968365,0.08039597209144642,0.0,18080.0
0.14300000000000002,0.35,0.03,20000,0.0,0.0,-0.5022206156824522,0.0767509991118144,0.0,18080.0
0.14650000000000002,0.35,0.03,20000,0.0,0.0,-0.5122062556054012,0.0746207616057489,0.0,18080.0
0.15000000000000002,0.35,0.03,20000,0.0,0.0,-0.526282225098182,0.07168377176382824,0.0,18080.0
0.15350000000000003,0.35,0.03,20000,0.0,0.0,-0.5432072831597259,0.0682606187643241,0.0,18080.0
0.157,0.35,0.03,20000,0.0,0.0,-0.5520840908847542,0.06651513878323853,0.0,18080.0
0.1605,0.35,0.03,20000,0.0,0.0,-0.5691263616284505,0.0632302409320104,0.0,18080.0
0.164,0.35,0.03,20000,0.0,0.0,-0.5804825763722382,0.06110363708363768,0.0,18080.0
0.1675,0.35,0.03,20000,0.0,0.0,-0.5901850608599591,0.05932973750467067,0.0,18080.0
0.171,0.35,0.03,20000,0.0,0.0,-0.6061109717356158,0.05648398076975788,0.0,18080.0
0.17450000000000002,0.35,0.03,20000,0.0,0.0,-0.6189710738983842,0.054249472557700004,0.0,18080.0
0.17800000000000002,0.35,0.03,20000,0.0,0.0,-0.6294637753494706,0.052476952058810936,0.0,18080.0
0.18150000000000002,0.35,0.03,20000,0.0,0.0,-0.6419477818123221,0.050412014507517325,0.0,18080.0
0.18500000000000003,0.35,0.03,20000,0.0,0.0,-0.6518876682752092,0.04880206512058098,0.0,18080.0
0.1885,0.35,0.03,20000,0.0,0.0,-0.6627160228939135,0.047090209161919604,0.0,18080.0
0.192,0.35,0.03,20000,0.0,0.0,-0.676962531400981,0.044897555210694086,0.0,18080.0
0.1955,0.35,0.03,20000,0.0,0.0,-0.6861729140350168,0.04351190569063326,0.0,18080.0
0.199,0.35,0.03,20000,0.0,0.0,-0.6996583105105986,0.04153317887932083,0.0,18080.0
0.2025,0.35,0.03,20000,0.0,0.0,-0.7090451460176821,0.04018889670915286,0.0,18080.0
0.20600000000000002,0.35,0.03,20000,0.0,0.0,-0.718557810219037,0.03885520629615331,0.0,18080.0
0.20950000000000002,0.35,0.03,20000,0.0,0.0,-0.7301700999615509,0.03726123390840554,0.0,18080.0
0.21300000000000002,0.35,0.03,20000,0.0,0.0,-0.7409227048278403,0.03582408464786405,0.0,18080.0
0.21650000000000003,0.35,0.03,20000,0.0,0.0,-0.7484575541547335,0.03483574248324429,0.0,18080.0
0.22,0.35,0.03,20000,0.0,0.0,-0.7587704574556653,0.033507546137622135,0.0,18080.0
0.01,0.4,0.03,20000,1.0,0.0,0.21684398459698778,0.3318497640575503,0.0,17900.0
0.0135,0.4,0.03,20000,1.0,0.0,0.18855340779259003,0.3189564348124915,0.0,17900.0
0.017,0.4,0.03,20000,1.0,0.0,0.16949458809267032,0.31029454256042455,0.0,17900.0
0.0205,0.4,0.03,20000,1.0,0.0,0.14339220837185856,0.29848441424250505,0.0,17900.0
0.024,0.4,0.03,20000,1.0,0.0,0.11726371447596969,0.2867421315545563,0.0,17900.0
0.027500000000000004,0.4,0.03,20000,1.0,0.0,0.09518443355331967,0.27690287219993326,0.0,17900.0
0.031,0.4,0.03,20000,1.0,0.0,0.06761385544776513,0.2647497335048028,0.0,17900.0
0.0345,0.4,0.03,20000,1.0,0.0,0.047418217822293565,0.25594986349327226,0.0,17900.0
0.038,0.4,0.03,20000,0.9625,0.0,0.02605520013584085,0.24675177451216318,0.0,17900.0
0.0415,0.4,0.03,20000,0.4125,0.0,-0.0016966651034771227,0.23499505269130844,0.0,17900.0
0.045000000000000005,0.4,0.03,20000,0.0625,0.0,-0.01860432253682269,0.2279423264669692,0.0,17900.0
0.0485,0.4,0.03,20000,0.0,0.0,-0.04553575354046338,0.21689878563244727,0.0,17900.0
0.052000000000000005,0.4,0.03,20000,0.0,0.0,-0.060473626317796916,0.21088311064897067,0.0,17900.0
0.0555,0.4,0.03,20000,0.0,0.0,-0.08594746181712914,0.20080092970800792,0.0,17900.0
0.059000000000000004,0.4,0.03,20000,0.0,0.0,-0.1028371531757702,0.1942547434201624,0.0,17900.0
0.0625,0.4,0.03,20000,0.0,0.0,-0.12604771153231145,0.18544378353280516,0.0,17900.0
0.066,0.4,0.03,20000,0.0,0.0,-0.14270579310909298,0.17925140841506185,0.0,17900.0
0.0695,0.4,0.03,20000,0.0,0.0,-0.16347130769099297,0.17169259388030428,0.0,17900.0
0.073,0.4,0.03,20000,0.0,0.0,-0.18491725854383362,0.1640821481844963,0.0,17900.0
0.0765,0.4,0.03,20000,0.0,0.0,-0.20477090593289843,0.15722071977470178,0.0,17900.0
0.08,0.4,0.03,20000,0.0,0.0,-0.22224290572756183,0.1513120991065599,0.0,17900.0
0.08349999999999999,0.4,0.03,20000,0.0,0.0,-0.23762612184353143,0.1462275539440606,0.0,17900.0
0.087,0.4,0.03,20000,0.0,0.0,-0.2580862851168126,0.13963250883046735,0.0,17900.0
0.0905,0.4,0.03,20000,0.0,0.0,-0.2744433054462493,0.13449038113803194,0.0,17900.0
0.094,0.4,0.03,20000,0.0,0.0,-0.29511335455237075,0.1281700978764023,0.0,17900.0
0.0975,0.4,0.03,20000,0.0,0.0,-0.30855368390375365,0.12416399372451754,0.0,17900.0
0.10099999999999999,0.4,0.03,20000,0.0,0.0,-0.3274010034162321,0.11868911089205207,0.0,17900.0
0.1045,0.4,0.03,20000,0.0,0.0,-0.34253998812405095,0.1143975489875387,0.0,17900.0
0.108,0.4,0.03,20000,0.0,0.0,-0.35973347892467344,0.1096589667129251,0.0,17900.0
0.1115,0.4,0.03,20000,0.0,0.0,-0.37701699665544725,0.10502029698234723,0.0,17900.0
0.11499999999999999,0.4,0.03,20000,0.0,0.0,-0.39284880025350766,0.10088525673141321,0.0,17900.0
0.1185,0.4,0.03,20000,0.0,0.0,-0.4106901146269328,0.09636435204261765,0.0,17900.0
0.122,0.4,0.03,20000,0.0,0.0,-0.42543503365492114,0.09273233329384449,0.0,17900.0
0.1255,0.4,0.03,20000,0.0,0.0,-0.4379681099422772,0.08971853284907957,0.0,17900.0
0.129,0.4,0.03,20000,0.0,0.0,-0.45278064080200864,0.08623344751666406,0.0,17900.0
0.1325,0.4,0.03,20000,0.0,0.0,-0.4668928546546634,0.08300600476621392,0.0,17900.0
0.136,0.4,0.03,20000,0.0,0.0,-0.4849980758570599,0.07899074915842488,0.0,17900.0
0.1395,0.4,0.03,20000,0.0,0.0,-0.4974104496215763,0.0763111174526169,0.0,17900.0
0.14300000000000002,0.4,0.03,20000,0.0,0.0,-0.5127542529335363,0.07307508874913766,0.0,17900.0
0.14650000000000002,0.4,0.03,20000,0.0,0.0,-0.5205508073054741,0.07147116475233858,0.0,17900.0
0.15000000000000002,0.4,0.03,20000,0.0,0.0,-0.5381699060127471,0.06793501924625288,0.0,17900.0
0.15350000000000003,0.4,0.03,20000,0.0,0.0,-0.5523152957962161,0.06517991593216076,0.0,17900.0
0.157,0.4,0.03,20000,0.0,0.0,-0.5653567656097713,0.06270544481582448,0.0,17900.0
0.1605,0.4,0.03,20000,0.0,0.0,-0.5759378337327178,0.0607453961812419,0.0,17900.0
0.164,0.4,0.03,20000,0.0,0.0,-0.5908571007782906,0.058054956665636516,0.0,17900.0
0.1675,0.4,0.03,20000,0.0,0.0,-0.603079846333204,0.055907235907885225,0.0,17900.0
0.171,0.4,0.03,20000,0.0,0.0,-0.6139702348427427,0.05404140166935971,0.0,17900.0
0.17450000000000002,0.4,0.03,20000,0.0,0.0,-0.6290489956107728,0.051512662042373626,0.0,17900.0
0.17800000000000002,0.4,0.03,20000,0.0,0.0,-0.6402586339015429,0.049694037037658366,0.0,17900.0
0.18150000000000002,0.4,0.03,20000,0.0,0.0,-0.6535052944829205,0.047591066135879954,0.0,17900.0
0.18500000000000003,0.4,0.03,20000,0.0,0.0,-0.6624911235349973,0.04619755128877713,0.0,17900.0
0.1885,0.4,0.03,20000,0.0,0.0,-0.677057575227309,0.043994330368786444,0.0,17900.0
0.192,0.4,0.03,20000,0.0,0.0,-0.685565856384096,0.04274118493410671,0.0,17900.0
0.1955,0.4,0.03,20000,0.0,0.0,-0.6961106390543248,0.04121801707472502,0.0,17900.0
0.199,0.4,0.03,20000,0.0,0.0,-0.7055464453139293,0.039881943117189234,0.0,17900.0
0.2025,0.4,0.03,20000,0.0,0.0,-0.7158209518137776,0.03845929397451599,0.0,17900.0
0.20600000000000002,0.4,0.03,20000,0.0,0.0,-0.726964122032121,0.03694986745426106,0.0,17900.0
0.20950000000000002,0.4,0.03,20000,0.0,0.0,-0.7377438722530572,0.0355260876094422,0.0,17900.0
0.21300000000000002,0.4,0.03,20000,0.0,0.0,-0.7464664364119905,0.034397679502538005,0.0,17900.0
0.21650000000000003,0.4,0.03,20000,0.0,0.0,-0.7586474081680447,0.0328567867743967,0.0,17900.0
0.22,0.4,0.03,20000,0.0,0.0,-0.7670138460266955,0.03182177291696566,0.0,17900.0
