scenario,t,qber_mean,qber_q05,qber_q50,qber_q95,psi_mean,psi_q05,psi_q50,psi_q95,uvif_score_mean,uvif_score_q05,uvif_score_q50,uvif_score_q95,early_warning_mean,early_warning_q95,p_conventional_secure,p_uvif_stable
secure_reference,0,0.046536309036309044,0.04279279279279279,0.04688779688779689,0.049605855855855856,3.8185588034585964,3.57684123100441,3.7894555751970405,4.118051722786152,0.4532083555787852,0.4412963254765143,0.4518810846311412,0.46766754594261706,0.06553924362298898,0.24528888585215888,1.0,0.0
secure_reference,1,0.047397397397397394,0.044671375921375926,0.046938984438984435,0.050537469287469286,3.75047184799709,3.504930176946488,3.785412958925834,3.9660384308915204,0.449879545429574,0.43769588601044457,0.4516905945099642,0.46040911421963476,0.03185840667702475,0.11775443957945872,1.0,0.0
secure_reference,2,0.04737350987350987,0.04427211302211302,0.047092547092547093,0.05098280098280098,3.752408705387212,3.470714146621936,3.773291249095641,3.9981570628502783,0.44997034344015313,0.4359842876781649,0.45108811038782454,0.4619340125202736,0.029606303130331597,0.11565370944301596,1.0,0.0
secure_reference,3,0.04797866047866048,0.04391891891891892,0.048013923013923016,0.05197072072072072,3.705407789481636,3.3952125428053774,3.700853585923136,4.02665688105799,0.44763009837205425,0.43217823390794485,0.44752838751389573,0.4632822407095055,0.03208015572552458,0.11840507975526837,1.0,0.0
secure_reference,4,0.04812881062881063,0.044763513513513514,0.048013923013923016,0.05292792792792793,3.6933919637105275,3.3225416480782193,3.700853585923136,3.958651624699121,0.4470501256548446,0.42849984433996835,0.44753017438221926,0.46001461547077455,0.03283827530585305,0.12495425965971604,1.0,0.0
secure_reference,5,0.04893074893074893,0.04456900081900082,0.04908886158886159,0.05257473382473382,3.6309670379453314,3.349298174721064,3.616958873582944,3.9742662520400165,0.44395350022672575,0.4298736734071724,0.4433707770951343,0.4607506306255604,0.03200451249903383,0.11693730326731658,1.0,0.0
secure_reference,6,0.04872144872144872,0.044886363636363634,0.04862817362817363,0.05257473382473382,3.647089748253355,3.349298174721064,3.652833025360779,3.9487746116266824,0.4447628758803541,0.4298864189263581,0.44515348210974587,0.45951539494982624,0.025774151573980338,0.10699635452293062,1.0,0.0
secure_reference,7,0.04923218673218673,0.04610462735462736,0.04919123669123669,0.05262080262080262,3.6070724579895517,3.3458038824280494,3.6090029084610484,3.851519046952293,0.4428001624768794,0.4297213929708314,0.44298850683658575,0.45481643433296237,0.03411864979631969,0.10610413047666574,1.0,0.0
secure_reference,8,0.05000796250796251,0.046309377559377564,0.050266175266175266,0.053245290745290746,3.5470147078151664,3.2985585583170174,3.5258172377880688,3.835260012528484,0.4398115995428924,0.42732867072677716,0.4388375870718713,0.45401721808596884,0.03063261043948838,0.11047043793737336,1.0,0.0
secure_reference,9,0.050144462644462644,0.046933865683865685,0.05006142506142506,0.053644553644553644,3.5364494233887607,3.2684545935915956,3.5416126409245052,3.7858172205529543,0.43928826292422546,0.42580519982838994,0.4396426681417074,0.4516071854486775,0.020029242399824614,0.09702035058614143,1.0,0.0
secure_reference,10,0.05005801255801256,0.04703624078624079,0.05006142506142506,0.05315315315315315,3.542806957170095,3.305524881059776,3.5416126409245052,3.777734750553083,0.4396216237549193,0.4277074809326327,0.4396306922133218,0.4512023433330995,0.026598188597293435,0.08629443548197117,1.0,0.0
secure_reference,11,0.05053803803803803,0.047445741195741194,0.050573300573300575,0.05370085995085995,3.5060336597361217,3.2642168532522686,3.5021701583785267,3.7454660769417654,0.43777403122903913,0.42561229663055394,0.4376685035492853,0.44962011678553454,0.03187001951226369,0.10937704498644178,1.0,0.0
secure_reference,12,0.05108631358631359,0.0476504914004914,0.050778050778050775,0.05477067977067977,3.4640682012599675,3.183995504771553,3.4864293136785074,3.7293682880325707,0.4356708909992859,0.4215183473071119,0.4368775068873001,0.4488238851953815,0.031099282459390275,0.11625586293467031,1.0,0.0
secure_reference,13,0.051590226590226586,0.04800368550368551,0.051597051597051594,0.05548730548730549,3.4255928125935577,3.1305841605581928,3.423704670860305,3.701658733180154,0.43373936537954444,0.41878670011650504,0.4337435413347037,0.4474597800911484,0.024807496262293005,0.0943154056393194,1.0,0.0
secure_reference,14,0.051349076349076345,0.047706797706797706,0.0514946764946765,0.05474508599508599,3.4438556139805954,3.185924286969825,3.431528290878671,3.724944899734892,0.4346625231904812,0.42163838108622737,0.43413036944699634,0.44858620540757854,0.02928313349765266,0.11925136022315573,1.0,0.0
secure_reference,15,0.05231595231595231,0.048525798525798525,0.05210892710892711,0.05579443079443079,3.3702352239010804,3.1077724529471773,3.3846847027010383,3.6608215264075548,0.43096092694641835,0.41763399479608054,0.4317874072089164,0.4454402077992825,0.03333246832247508,0.11191022281796065,1.0,0.0
secure_reference,16,0.052596915096915095,0.049493243243243244,0.052518427518427516,0.0559531122031122,3.3486088751520167,3.096005465163033,3.3535689764125265,3.585567006175826,0.4298888626810082,0.41703796864431253,0.4302174919469279,0.44173310904369195,0.02392146400962178,0.09341852919365252,1.0,0.0
secure_reference,17,0.05276867776867777,0.04887899262899263,0.05292792792792793,0.05639332514332514,3.335900293005026,3.063455829972557,3.3225416480782193,3.6332870194639355,0.4292318859888164,0.41536890299199547,0.4286488793898723,0.44406999549584536,0.02239815635983971,0.08886908900681012,1.0,0.0
secure_reference,18,0.05279939029939029,0.04944717444717445,0.05292792792792793,0.056464987714987716,3.333524722744678,3.0581304134222855,3.3225416480782193,3.5891379549251075,0.4291130024042738,0.4151040086146041,0.42865541595610723,0.44189022209255685,0.02591460131069058,0.1179732642760567,1.0,0.0
secure_reference,19,0.05291427791427791,0.0486537674037674,0.05292792792792793,0.056992219492219484,3.325274150988524,3.01937750685744,3.3225416480782193,3.6508551981739705,0.42867805237898743,0.41310816460863936,0.4286467549990307,0.4449134713731012,0.02899177451657011,0.10648070368907324,1.0,0.0
secure_reference,20,0.05336245336245336,0.04914004914004914,0.05323505323505324,0.05730446355446355,3.2913069360103266,2.9963092153372544,3.29932877398894,3.6129794201031493,0.42696542586076114,0.41192614891798807,0.4274763979620693,0.44304619235285525,0.03195844714596809,0.10157498449826535,1.0,0.0
secure_reference,21,0.0538970788970789,0.050414619164619166,0.053951678951678954,0.05754504504504505,3.250744181296891,2.978637888766445,3.2453558532414677,3.5143806901353187,0.4249276660712174,0.4110194659995665,0.42474493212439374,0.4381758889776537,0.028485174669840543,0.10826648245112373,1.0,0.0
secure_reference,22,0.053876603876603875,0.05010749385749386,0.053951678951678954,0.057283988533988535,3.2522170620043065,2.9977982086106914,3.2453558532414677,3.538057377011032,0.4250072921970304,0.41201839047615757,0.4247521647684741,0.43933901408666487,0.0277923702484803,0.11774439599583614,1.0,0.0
secure_reference,23,0.05433842933842934,0.05087018837018837,0.05466830466830467,0.05789823914823915,3.2177690759505166,2.952763113818397,3.191646863509323,3.4793574885030503,0.42324893348125636,0.4096927994647061,0.4220093896042304,0.4364272902231513,0.023787766591803813,0.09532223731388302,1.0,0.0
secure_reference,24,0.05412799162799163,0.05051699426699427,0.05436117936117936,0.057125307125307126,3.233401395858193,3.0094613569563666,3.2146328951177257,3.506499961202413,0.4240491797727094,0.4126345294613556,0.4231932680286577,0.437765586926309,0.024657872111117266,0.10687763168488926,1.0,0.0
secure_reference,25,0.05444194194194194,0.05091625716625717,0.05400286650286651,0.05795454545454545,3.210060797764699,2.9486458724286995,3.241511455827055,3.4758254137155684,0.4228520149862151,0.4094911274349255,0.424541720717659,0.4362400258317096,0.02700673551636277,0.10341140585040762,1.0,0.0
secure_reference,26,0.054479479479479474,0.05047092547092547,0.05466830466830467,0.05831797706797707,3.2073010613267856,2.9220985552923486,3.191649523321479,3.5100448694244233,0.42271179078530974,0.4081190080018469,0.4220236634803113,0.43793005487353825,0.0217142170028193,0.09320656054887184,1.0,0.0
secure_reference,27,0.05436117936117937,0.05088042588042588,0.05441236691236691,0.058364045864045866,3.215933771955348,2.9187344246947764,3.2107992221894808,3.4785688837290425,0.4231638322949971,0.40794906066475173,0.4229872626807698,0.4363663452757351,0.027491973489661373,0.10390821795733672,1.0,0.0
secure_reference,28,0.05466830466830467,0.05122338247338248,0.05477067977067977,0.05832821457821458,3.1931384814129387,2.921361484789087,3.183995504771553,3.4522841602499206,0.4219934326347119,0.4080891966640342,0.4216331110487396,0.435057806494337,0.028718858269594694,0.09012876514207849,1.0,0.0
secure_reference,29,0.05521316771316771,0.0519963144963145,0.055077805077805075,0.05838452088452088,3.15195703356022,2.9172607675421056,3.1610732527977414,3.393259872071052,0.41993054202423846,0.4078797042830188,0.42047029277800385,0.43211821379344556,0.02373584415779491,0.09357996374235024,1.0,0.0
secure_reference,30,0.054810492310492315,0.05108005733005733,0.05482186732186732,0.05843058968058968,3.1823911407455276,2.9138943780892324,3.1801724805307447,3.463342279995323,0.4214571335057867,0.40770809373735273,0.4214337686122227,0.43559751185061196,0.017080787041188754,0.07739215736881934,1.0,0.0
secure_reference,31,0.054792292292292294,0.05132575757575758,0.054719492219492225,0.05846130221130221,3.1835565976587463,2.911714597682995,3.187821184140438,3.4444484037025456,0.4215271991294308,0.4075959662324454,0.4218167860843425,0.43465943595858736,0.02960738114808058,0.09174723084815647,1.0,0.0
secure_reference,32,0.055499817999818006,0.05230343980343981,0.055231367731367734,0.05963861588861589,3.130928761949998,2.8261431252048848,3.1496306290055163,3.369896414309716,0.4188428047747185,0.40314848786164764,0.4198875829142619,0.43094568996965726,0.024282155185939104,0.08718238636737145,1.0,0.0
secure_reference,33,0.055143780143780144,0.05117731367731368,0.05528255528255528,0.05853296478296478,3.1574750947506303,2.90643226846501,3.1458181787855652,3.455808593320191,0.42019450634754146,0.40732638767729124,0.419694544675231,0.43522033141149297,0.020893909528469548,0.07889427269756077,1.0,0.0
secure_reference,34,0.05518131768131768,0.05132575757575758,0.055077805077805075,0.058763308763308764,3.154754372345922,2.8896453683982646,3.1610732527977414,3.4444484037025456,0.4200495317087354,0.4064554250244341,0.42046374086009564,0.43465514962964574,0.016454698939535904,0.08122471403747931,1.0,0.0
secure_reference,35,0.054622804622804624,0.05088042588042588,0.054719492219492225,0.05800061425061425,3.1963474402132377,2.9452749540381373,3.187821184140438,3.4785688837290425,0.4221686704702829,0.40934381578683804,0.4218121795109685,0.43634835930862303,0.026899421084628818,0.09206070477568622,1.0,0.0
secure_reference,36,0.05532691782691782,0.051463963963963966,0.055231367731367734,0.05986384111384111,3.144225602640337,2.809875885996024,3.1496306290055163,3.433897895557068,0.4194981689444378,0.4023027718908022,0.41988597171109004,0.43413005103992386,0.02942068729285926,0.09885426070245237,1.0,0.0
secure_reference,37,0.055384930384930385,0.051893939393939395,0.05548730548730549,0.059024365274365276,3.1395718202552088,2.870668738585172,3.1305841605581928,3.4010588320194257,0.41927436372877197,0.4054682312920133,0.41891296405024014,0.43249740646812757,0.021215594103100262,0.10269844853599694,1.0,0.0
secure_reference,38,0.05495722995722996,0.05210892710892711,0.05482186732186732,0.05913697788697789,3.171239896239686,2.8624973131540585,3.1801724805307447,3.3846847027010383,0.4208988180851532,0.40504184462603504,0.42142871453792674,0.43168275048300403,0.021838601831808753,0.09399199044696466,1.0,0.0
secure_reference,39,0.055316680316680314,0.05168918918918919,0.055231367731367734,0.05912674037674038,3.1445344400097928,2.8632354751120372,3.1496306290055163,3.4166735252929743,0.41953796269608495,0.40507869715766104,0.4198875830520653,0.4332776742209335,0.023064807491630143,0.09066064127056703,1.0,0.0
secure_reference,40,0.05521999271999272,0.05165847665847666,0.05518018018018018,0.05842035217035217,3.1516255177081183,2.9146309647386417,3.153443079225467,3.4190593076280567,0.41990167481451457,0.40774776429284204,0.4200826932606726,0.43339724204809,0.022718081856729657,0.10923883185517472,1.0,0.0
secure_reference,41,0.05532919282919283,0.0519502457002457,0.055128992628992624,0.05964373464373464,3.1438615597902695,2.825859620896925,3.157258166011604,3.3967666412619137,0.41949094113241253,0.4031259845546225,0.42027597613180667,0.4322913927697759,0.02120671384980701,0.09469093748239626,1.0,0.0
secure_reference,42,0.05525184275184276,0.05133599508599509,0.055384930384930385,0.05851248976248976,3.1491976366189225,2.907909465223524,3.1381985422833374,3.4436595513162565,0.4197804990603717,0.4073931706079257,0.4192936740235962,0.43462750120895727,0.01594619019886449,0.06816135037361774,1.0,0.0
secure_reference,43,0.0545955045955046,0.05168918918918919,0.05446355446355446,0.058056920556920556,3.1981680764074745,2.941160478040181,3.2069655492612354,3.4166735252929743,0.4222714273957772,0.4091153665329545,0.4227916232189611,0.43328917791084354,0.01926839505958074,0.08282223520851073,1.0,0.0
secure_reference,44,0.05506870506870507,0.05113124488124488,0.055128992628992624,0.058374283374283374,3.163000314923053,2.917995095336214,3.157258166011604,3.459335568813104,0.42047294988471934,0.4079092407765384,0.42026541609026913,0.4354134981326161,0.01950008859447107,0.08753065661636081,1.0,0.0
secure_reference,45,0.054426016926016924,0.05128992628992629,0.05451474201474202,0.05827190827190827,3.2110497244749334,2.925464944745222,3.2031398793135244,3.447183984386527,0.42291766136388426,0.4082926588958076,0.42260568845367374,0.4348145302734085,0.023265807929568463,0.09240778690870438,1.0,0.0
secure_reference,46,0.05496064246064246,0.05072174447174447,0.05482186732186732,0.059183046683046685,3.171338942678074,2.859151120401569,3.1801724805307447,3.490755687188275,0.42088661969609836,0.4048419636693521,0.4214323734865695,0.4369807483176643,0.021252259826050748,0.08808722687974578,1.0,0.0
secure_reference,47,0.05425425425425425,0.050414619164619166,0.05425880425880426,0.05784193284193284,3.224051878114249,2.9568831251846395,3.222305588915465,3.5143806901353187,0.4235695706786168,0.40991261413968944,0.42358173891151263,0.438155458246344,0.015935598994205737,0.0765621123597381,1.0,0.0
secure_reference,48,0.05427927927927928,0.05031224406224406,0.054565929565929566,0.05769348894348894,3.2220033160673545,2.9677545620145365,3.199303541871405,3.522267161696979,0.423474745125955,0.41047052913542653,0.4224026802699482,0.43855099139170556,0.01618652206756578,0.07114666809309693,1.0,0.0
secure_reference,49,0.05367071617071618,0.05025593775593776,0.0537981162981163,0.057125307125307126,3.2676553511049438,3.0094613569563666,3.256899822713592,3.526609310861107,0.4257903617856837,0.41262348126235243,0.42533156878607276,0.4387714015371068,0.017872238424531856,0.08773461699785655,1.0,0.0
secure_reference,50,0.053867503867503864,0.050153562653562654,0.05374692874692875,0.05766789516789517,3.252885506995401,2.9696518331672697,3.260749611156456,3.534504709513109,0.4250437111232243,0.41055655186236567,0.42553093993523317,0.4391677005779022,0.024057990400870914,0.08925952821634722,1.0,0.0
secure_reference,51,0.05371735371735372,0.04985667485667486,0.053286240786240786,0.058568796068796065,3.264735319248605,2.903808747976542,3.2954708724699016,3.55743116806076,0.4256106391004036,0.40713536555762386,0.42727853511967634,0.44030610735538656,0.020343706497058876,0.08462920733757832,1.0,0.0
secure_reference,52,0.053744653744653745,0.05082411957411957,0.053593366093366096,0.05707923832923833,3.261955356853415,3.0128505427607144,3.272309792448905,3.482892120201248,0.4255100976406513,0.41277988158028905,0.42611191104357,0.4366266196535604,0.017963569636548087,0.08771069426777056,1.0,0.0
secure_reference,53,0.05302120302120302,0.04965192465192465,0.05297911547911548,0.056157862407862406,3.3166072533117545,3.080839893208887,3.3186701001638124,3.5732729091588977,0.42826731517295447,0.4162828754599338,0.4284538237919338,0.44110078553639814,0.01598755205578918,0.07457875232569922,1.0,0.0
secure_reference,54,0.05290972790972791,0.048561629811629814,0.053132678132678135,0.05677211302211302,3.325669286015217,3.035467375340434,3.3070609308720886,3.6580314999939247,0.4286914101725926,0.4139349220400376,0.42787039538848287,0.4452735987299416,0.020737283049332,0.08596610981364819,1.0,0.0
secure_reference,55,0.05283920283920284,0.04932432432432432,0.05272317772317772,0.056987100737100733,3.330636428356826,3.0196358203987215,3.338044303113139,3.5986798120237484,0.4289623566636551,0.41310971178154965,0.42943707700953493,0.4423658778138224,0.02465265848913787,0.10141198369160952,1.0,0.0
secure_reference,56,0.052650377650377646,0.048674242424242425,0.05272317772317772,0.056587837837837836,3.3452058989657383,3.049074937401571,3.338044303113139,3.649240873974199,0.42968280886792587,0.4146227465245119,0.4294331658947805,0.44485743771249303,0.019951503661573597,0.07659885095351822,1.0,0.0
secure_reference,57,0.052561652561652565,0.048981367731367735,0.052671990171990174,0.055748361998362,3.3515500765530426,3.111191855355764,3.3419240927705944,3.625318968318675,0.43002015913473024,0.41781737387438894,0.4296230231521239,0.44369079566412867,0.01992281490204937,0.08652671775138705,1.0,0.0
secure_reference,58,0.052172627172627176,0.048674242424242425,0.0519041769041769,0.05657760032760033,3.381236285670736,3.049820352890499,3.4002787130290395,3.649240873974199,0.4315098618343491,0.4146466709117991,0.4325648996081621,0.44487251495666325,0.019297503414197722,0.07798193795584542,1.0,0.0
secure_reference,59,0.05180748930748931,0.04826474201474201,0.05164823914823914,0.05558968058968059,3.4091090466291165,3.122975024483474,3.419797077004119,3.681219923285527,0.4329067848501749,0.41840865203849,0.43354426660567624,0.4464468402589713,0.019295128422867906,0.08080704860678722,1.0,0.0
secure_reference,60,0.051592501592501595,0.04826474201474201,0.0514946764946765,0.0558507371007371,3.425383867832717,3.103596053496356,3.4315254765895205,3.681219923285527,0.43373008410610114,0.4174038415380996,0.4341352692969356,0.4464545131245895,0.016356714761212063,0.08818463728141081,1.0,0.0
secure_reference,61,0.050985075985075984,0.04718468468468469,0.05134111384111384,0.054724610974610975,3.472007849724597,3.1874386162035497,3.443267947641782,3.7660283297074586,0.43605637767952854,0.42170399335899683,0.4347265243034959,0.45060046235673884,0.02144034427807172,0.07968968878601236,1.0,0.0
secure_reference,62,0.0515037765037765,0.047788697788697786,0.051392301392301394,0.05497542997542997,3.4320786818194304,3.1687087087313985,3.439351910897037,3.7185271968172806,0.43407149656052046,0.42073570843556524,0.43452565779960883,0.4482928840038988,0.02443463531012064,0.0879927317333629,1.0,0.0
secure_reference,63,0.051171626171626176,0.047322891072891074,0.05098280098280098,0.05463247338247338,3.4576257617136124,3.19433202479191,3.470714146621936,3.7551545277632226,0.4353452192822396,0.4220421825957966,0.43610248086595255,0.4500858970827334,0.01670360549747546,0.07016019758518463,1.0,0.0
secure_reference,64,0.05074051324051324,0.0476965601965602,0.05077805077805078,0.05437141687141687,3.490749430692676,3.2138685671056386,3.4864321655308363,3.7257518752453715,0.4369981602058918,0.4230356768403944,0.43688601412869255,0.4486608873059991,0.014408140369074722,0.06602332371647697,1.0,0.0
secure_reference,65,0.05005801255801256,0.04640151515151515,0.049959049959049956,0.05349610974610974,3.5432379308918973,3.27963711154889,3.5495190083873593,3.8279638733391144,0.43961815495701106,0.42639009105825465,0.44001878292805346,0.45363678289578485,0.018796124376896855,0.08059685813939697,1.0,0.0
secure_reference,66,0.05023318773318773,0.046196764946764945,0.05052211302211303,0.05339373464373464,3.529776796154157,3.2873553799937154,3.5061060825110784,3.8442117418661725,0.43894612889026313,0.4267766558386598,0.43786475000156566,0.4544306055415263,0.018172662280874486,0.07362857436210514,1.0,0.0
secure_reference,67,0.04977249977249978,0.04631961506961507,0.0497031122031122,0.05288185913185913,3.565116045801441,3.3260285092025517,3.5693110201859515,3.8344415554425053,0.4407177232255965,0.4287400001655134,0.4410094306899552,0.45396552910206367,0.01602967994191846,0.07865523966392207,1.0,0.0
secure_reference,68,0.04984416234416234,0.04589987714987715,0.050010237510237504,0.052677108927108925,3.559506184417679,3.3415361138048487,3.5455658246559323,3.8678030860497197,0.4404441431792051,0.42952209319137696,0.439835654153353,0.4555854704276817,0.017332614009263232,0.0661956898457586,1.0,0.0
secure_reference,69,0.049407361907361905,0.046468058968058966,0.04965192465192465,0.05241605241605242,3.5931593312676164,3.3613395952194014,3.5732729091588977,3.8226725543441025,0.4421244702866224,0.4305219682238623,0.4412182602392352,0.45340896281863147,0.016222164349351927,0.061006296716361645,1.0,0.0
secure_reference,70,0.049339111839111834,0.046114864864864866,0.04924242424242424,0.05308660933660934,3.5988098406230877,3.310542860491881,3.6050293328566587,3.850699316387054,0.4423849368448671,0.42793177367162233,0.442788208458838,0.45477220860842793,0.017897032554847318,0.08049633818960526,1.0,0.0
secure_reference,71,0.04909113659113659,0.045730958230958234,0.04893529893529894,0.052518427518427516,3.618048858283041,3.3535689764125265,3.6289031293462592,3.8812773559355502,0.4433403467793744,0.43011474723511417,0.4439678325836468,0.4562544011644156,0.01945694407328413,0.08985442385111815,1.0,0.0
secure_reference,72,0.04897624897624897,0.04552620802620803,0.04878173628173628,0.05326576576576576,3.627074087130542,3.2970344868536166,3.64086215268753,3.897607392921012,0.4437864427289578,0.42723086980521563,0.44456072969688076,0.4570477026696365,0.019825932348307988,0.08864178368812466,1.0,0.0
secure_reference,73,0.04881244881244881,0.04564905814905815,0.048832923832923834,0.052165233415233415,3.6396916060095963,3.3804017126764525,3.6368738386511255,3.887781362674555,0.4444151810662782,0.43146595004428573,0.44437051741436057,0.4565804776102727,0.02429564938693967,0.10313620620772655,1.0,0.0
secure_reference,74,0.04927768677768678,0.04595618345618346,0.04919123669123669,0.05274365274365274,3.6035273097016955,3.3365039458286576,3.6090029084610484,3.8633185978611424,0.4426209544337636,0.42923045726278813,0.44298050159299573,0.45540481871808686,0.02237256833724427,0.10212342090003607,1.0,0.0
secure_reference,75,0.04862476112476113,0.04563882063882064,0.048372235872235866,0.052323914823914824,3.654520397433363,3.368340629020568,3.6728161925628466,3.888607134231543,0.44513828866523364,0.43084383449589847,0.4461426074703345,0.4566299498145582,0.02068968886040858,0.09613791461802418,1.0,0.0
secure_reference,76,0.04886022386022386,0.04535217035217035,0.04903767403767404,0.05268734643734643,3.6362706176481536,3.340765664980619,3.6209383270627393,3.9114795420222217,0.4442279595857589,0.42943821578007885,0.4435682653490762,0.45773692314406605,0.02758629852291009,0.10671743535678065,1.0,0.0
secure_reference,77,0.0486930111930112,0.04408271908271908,0.04873054873054873,0.05289209664209664,3.649652819882174,3.3252591401380855,3.6448504667239345,4.0134811875213705,0.44487236970644783,0.42864538234955246,0.4447587921480022,0.4626304727403565,0.022442262669260214,0.0800115968333838,1.0,0.0
secure_reference,78,0.048402948402948405,0.044533169533169534,0.04832104832104832,0.052323914823914824,3.6721071527166527,3.368340629020568,3.6768164033654127,3.9771403195813426,0.44599043305049935,0.43083193814872006,0.4463491103994019,0.46089774081405044,0.020526751849930077,0.08169209196263162,1.0,0.0
secure_reference,79,0.048274410774410775,0.044681613431613434,0.04821867321867322,0.051597051597051594,3.682033708653426,3.423704670860305,3.684822803220166,3.9652096286627314,0.4464861264387367,0.4336353942230831,0.44674465994257434,0.4603290906855323,0.02065343927005557,0.0805497834343809,1.0,0.0
secure_reference,80,0.0481936481936482,0.045147420147420146,0.04811629811629812,0.051320638820638816,3.6881440044082456,3.444858934953039,3.6928351933728383,3.927856362001973,0.44680277385432776,0.43470186030789554,0.44714006784117416,0.45853829913380306,0.018084154914285284,0.0821129959976131,1.0,0.0
secure_reference,81,0.04776481026481027,0.044067362817362815,0.047553235053235055,0.05118755118755119,3.7216983044831036,3.455021707704112,3.7370117178407316,4.014669707155648,0.44845776131413617,0.4352140350048937,0.44929930867996964,0.46270087863095705,0.02096494549967098,0.08622015113455976,1.0,0.0
secure_reference,82,0.04805942305942306,0.045193488943488944,0.04786036036036036,0.05161752661752662,3.698400742095472,3.4221523065167636,3.7128932099484766,3.9241701457240588,0.4473243202717221,0.43354992976814366,0.4481241619909865,0.4583649229978673,0.026279163413401103,0.11355194057675504,1.0,0.0
secure_reference,83,0.04812426062426063,0.044681613431613434,0.04811629811629812,0.052175470925470924,3.693751269155084,3.3796285473790464,3.6928351933728383,3.9652096286627314,0.4470692215115243,0.43139392042557834,0.4471356375337565,0.4603369158303712,0.01782074181989489,0.0812753536057153,1.0,0.0
secure_reference,84,0.04775571025571026,0.04415950040950041,0.0476044226044226,0.05192465192465192,3.7225999051088765,3.398726853902141,3.7329874239124896,4.0072422401645795,0.4484917964625019,0.43236157335996167,0.4491067221669937,0.4623494000596974,0.021614385751886105,0.08605872268721179,1.0,0.0
secure_reference,85,0.047772772772772774,0.04396498771498772,0.04811629811629812,0.0513001638001638,3.721055264996624,3.446403319460221,3.6928351933728383,4.022935811320593,0.44842920457817576,0.4347747050330888,0.44713476967050786,0.46309936596829476,0.030868700405574805,0.10556910474644844,1.0,0.0
secure_reference,86,0.04826758576758577,0.04415950040950041,0.048167485667485674,0.05202702702702702,3.682657668821378,3.390929552780792,3.6888289982965023,4.0072422401645795,0.4465129109791781,0.4319664755708803,0.44693574542534764,0.4623492147921617,0.02464190582756315,0.08232463162245879,1.0,0.0
secure_reference,87,0.04798207298207298,0.04554668304668305,0.047706797706797706,0.050890663390663386,3.704340693314582,3.477785971797393,3.724944899734892,3.8959482206838936,0.44762210287155696,0.4363605914056982,0.4487133184264446,0.4570068436405394,0.01563762531088356,0.06562832037668861,1.0,0.0
secure_reference,88,0.047831922831922835,0.04447686322686323,0.04791154791154791,0.05062960687960688,3.716278736896926,3.4978377790519266,3.708877993022503,3.9816704080529677,0.4482018952625518,0.43737301922310146,0.44792746491664515,0.46112382020429515,0.02290607590622491,0.09116159116934729,1.0,0.0
secure_reference,89,0.048088998088998094,0.04411343161343161,0.048065110565110564,0.052006552006552006,3.6963559777041053,3.392477523125175,3.6968443896479872,4.010954510303589,0.4472075256358669,0.43204959586522285,0.4473364153268722,0.4625224206566308,0.017899340318981508,0.07806198437772627,1.0,0.0
secure_reference,90,0.047662435162435166,0.04473791973791974,0.047450859950859944,0.0513001638001638,3.7296466192535553,3.446403319460221,3.7450633437442384,3.9606866395525624,0.44885413616306663,0.4347818617968031,0.44968832842795536,0.4601136860919775,0.0263124217920048,0.0943110634010927,1.0,0.0
secure_reference,91,0.0482982982982983,0.044522932022932026,0.048013923013923016,0.05221130221130221,3.680054265153741,3.3768974481108827,3.700853585923136,3.9779668794937915,0.4463986300116062,0.43126486894299615,0.4475277819240542,0.4609387268202427,0.03498833828304502,0.10832661683871848,1.0,0.0
secure_reference,92,0.048839748839748835,0.04535217035217035,0.04924242424242424,0.05226760851760852,3.637782303605196,3.372617513622615,3.6050263968189475,3.9114795420222217,0.44430396008685236,0.4310512235781623,0.44276689711795475,0.45774240937523797,0.02725283045193761,0.09221078110361303,1.0,0.0
secure_reference,93,0.04843934843934844,0.044886363636363634,0.04857698607698607,0.052175470925470924,3.6688764308360273,3.3796285473790464,3.656827275884167,3.9487746116266824,0.4458542381982571,0.4314109972974167,0.4453590653150613,0.4595311302790369,0.021764617583472014,0.07577810896545611,1.0,0.0
secure_reference,94,0.048693011193011185,0.04529586404586405,0.04862817362817363,0.05197072072072072,3.649164973846963,3.3952125428053774,3.6528359965657446,3.915981417560301,0.4448740430014041,0.43220604810207375,0.44516111822736015,0.4579501488137754,0.023397455944727162,0.08930267050044485,1.0,0.0
secure_reference,95,0.048768086268086264,0.04576167076167076,0.04873054873054873,0.05191441441441441,3.643079599367264,3.399498594038653,3.6448504667239345,3.8788019910454574,0.44458811532009046,0.43242862363965184,0.4447676516375659,0.4561531235002185,0.017439722841276598,0.07072808072446898,1.0,0.0
secure_reference,96,0.04839498589498589,0.04509111384111384,0.04862817362817363,0.0514946764946765,3.6722340638329944,3.4315254765895205,3.652833025360779,3.932365244925689,0.44602583589446304,0.43405612597206905,0.44515339594423686,0.45872706491702236,0.026267616384624458,0.08679376418840025,1.0,0.0
secure_reference,97,0.04924356174356174,0.045807739557739556,0.04914004914004914,0.05308660933660934,3.6064067195986462,3.310542860491881,3.6129794201031493,3.8751328643457126,0.4427533034124728,0.42792078249339577,0.44319034013943615,0.4559638720512291,0.028647228228042214,0.10405744035489053,1.0,0.0
secure_reference,98,0.04908886158886158,0.046114864864864866,0.04893529893529894,0.05226760851760852,3.618104126632891,3.372617513622615,3.6289031293462592,3.850699316387054,0.4433497391112798,0.4310840030084432,0.4439659840151061,0.45477650436287637,0.02175986486231515,0.09036149064064519,1.0,0.0
secure_reference,99,0.04937551187551188,0.04617117117117117,0.04919123669123669,0.052835790335790334,3.596005507172468,3.3295178428439334,3.6090029084610484,3.8462251720398974,0.4422449025812699,0.42890075093721264,0.44298068386146594,0.45455279255774583,0.030068185046104062,0.10720129650623911,1.0,0.0
secure_reference,100,0.04990103740103741,0.04658067158067158,0.0497031122031122,0.054187141687141685,3.5553500234047495,3.2277035675155075,3.5693110201859515,3.8137482344355615,0.4402242756368821,0.42371273246703567,0.4410185107318294,0.4529720418448646,0.02730541919123526,0.08563455726602316,1.0,0.0
secure_reference,101,0.0498987623987624,0.04668304668304668,0.05016380016380016,0.05334766584766585,3.5553349340146068,3.290832396032266,3.53371205445012,3.80564450826038,0.4402320477646728,0.4269460956255215,0.43924598913492524,0.4525706867929626,0.02504162667392623,0.08835955307995694,1.0,0.0
secure_reference,102,0.05021498771498772,0.04631961506961507,0.05067567567567567,0.053291359541359544,3.53127277603937,3.2950790877196003,3.4942983046381206,3.8344415554425053,0.4390131983015857,0.42717133641711613,0.4372706445492048,0.4539575887243544,0.03084614072817441,0.09427515487085898,1.0,0.0
secure_reference,103,0.05061311311311311,0.047594185094185094,0.05062448812448812,0.05416666666666667,3.500433974210489,3.2292182501891946,3.498231371465182,3.7337950113536365,0.4374870234868502,0.42381673994331875,0.43747741444500954,0.4490578167272599,0.025398325213297455,0.11211567648120985,1.0,0.0
secure_reference,104,0.0503935753935754,0.047240990990990994,0.050573300573300575,0.053403972153972155,3.5170058106801423,3.286588693513441,3.5021701583785267,3.76158819771276,0.43833368336057554,0.4267568249220327,0.43766556565899956,0.45040224469840934,0.02400223380940808,0.0875958721843084,1.0,0.0
secure_reference,105,0.051088588588588585,0.048013923013923016,0.051085176085176084,0.053905610155610156,3.4635958976331107,3.2488182347046353,3.462865091538643,3.700853585923136,0.4356630622187998,0.4248384404093168,0.4357073664375222,0.44743013215738864,0.03590089068524037,0.12559996492295927,1.0,0.0
secure_reference,106,0.05167326417326417,0.047901310401310404,0.05134111384111384,0.05503173628173628,3.419503176863286,3.164509207967887,3.443267947641782,3.7096837484463587,0.43342037195256966,0.42053034419555474,0.434723845615153,0.4478510443281438,0.02798900979710511,0.11259654232273872,1.0,0.0
secure_reference,107,0.05202247702247702,0.04842342342342342,0.0519041769041769,0.05548730548730549,3.392427718652958,3.1305841605581928,3.400275919737427,3.66881598176028,0.4320871859221933,0.41879811278890344,0.4325684422571,0.445841462715,0.02909583933820121,0.09538722769932047,1.0,0.0
secure_reference,108,0.05225793975793976,0.048822686322686326,0.052006552006552006,0.056157862407862406,3.3745110264592135,3.080839893208887,3.392477523125175,3.6376741649039808,0.43118291298952277,0.416248265510051,0.4321747186667781,0.4443033568336137,0.028195648570389413,0.09604202962299647,1.0,0.0
secure_reference,109,0.05281417781417781,0.049846437346437344,0.052825552825552825,0.0560554873054873,3.3322814607573794,3.0884200813811304,3.3302902283545133,3.5582255759414645,0.42905723571103194,0.41665012849218136,0.4290366504008089,0.4403823921154417,0.02936388003636844,0.09120007678969136,1.0,0.0
secure_reference,110,0.05285854035854035,0.04924242424242424,0.05262080262080262,0.056941031941031936,3.329141863663142,3.0230319200220004,3.3458038824280494,3.6050263968189475,0.4288874965691375,0.4132873687955181,0.4298226128653858,0.44267620824063497,0.024981955638571116,0.09252780637416139,1.0,0.0
secure_reference,111,0.053271453271453266,0.04969799344799345,0.053132678132678135,0.056976863226863225,3.298007293025687,3.0203843674842217,3.3070609308720886,3.569707209083246,0.42731728102720185,0.4131625730557363,0.42787269719370613,0.44092500621121156,0.025887758220273154,0.088889060339404,1.0,0.0
secure_reference,112,0.05314177814177814,0.04931408681408682,0.05303030303030303,0.05637285012285012,3.3078531818438934,3.064943487527661,3.3147985522494054,3.5994888890060106,0.4278051187093489,0.41547516271805296,0.4282479338607289,0.44237866172060303,0.030713394060801473,0.11177013192874997,1.0,0.0
secure_reference,113,0.0537037037037037,0.049846437346437344,0.05354217854217854,0.058102989352989354,3.265683865111608,2.9377918259940654,3.2761649913062145,3.5582255759414645,0.42566308605553244,0.40891031675273226,0.4262997475709287,0.44033402582934644,0.03348209510883935,0.11327273067888471,1.0,0.0
secure_reference,114,0.05427472927472928,0.050813882063882064,0.05441236691236691,0.05687448812448812,3.22207923104445,3.027923308792938,3.2107992221894808,3.4836838620128177,0.4234908320021076,0.4135888848785418,0.42299701723436156,0.4366352728863132,0.03714324087300317,0.12066617992017324,1.0,0.0
secure_reference,115,0.05506301756301756,0.05179156429156429,0.05497542997542997,0.05851248976248976,3.1633396064721784,2.907909465223524,3.1687087087313985,3.408863379613205,0.42049671870361616,0.40738428721951925,0.42085179168149156,0.4329059195145346,0.026761052122412022,0.10242320075989099,1.0,0.0
secure_reference,116,0.05482527982527982,0.051597051597051594,0.05477067977067977,0.05908067158067158,3.1813369409562546,2.866581667864527,3.184006125301402,3.423704670860305,0.42139802987952374,0.40524874397894517,0.4216274080100083,0.43363164906054014,0.029757531773327146,0.11347544836499752,1.0,0.0
secure_reference,117,0.05559195559195559,0.0520986895986896,0.055692055692055695,0.05943386568386568,3.124249708125863,2.8409653035572604,3.115371124966259,3.3854664893687434,0.418490787953809,0.403928269017994,0.4181364044871188,0.4317143928904439,0.03649076584721451,0.1251660118616973,1.0,0.0
secure_reference,118,0.055955955955955955,0.05117731367731368,0.056050368550368546,0.060048116298116294,3.097559702969634,2.7965575304796375,3.088799233558537,3.455808593320191,0.41711597354491076,0.40162663238893986,0.41678113015032414,0.43520076799086294,0.030696478493108605,0.10244721048070077,1.0,0.0
secure_reference,119,0.05635976885976886,0.05307637182637183,0.056050368550368546,0.06005835380835381,3.0671869954508564,2.7958237133028008,3.088799233558537,3.311316622629613,0.415588324767383,0.4016011362526482,0.41677869998829187,0.4279838905054524,0.058376268379773756,0.2446862294266154,1.0,0.0
near_boundary,0,0.09664816172619671,0.09211794280925946,0.09657484026395727,0.10113648266471142,0.33377163668984766,0.07240606134310391,0.33685562348041886,0.6012759008306886,0.2670309123974891,0.2540918684204991,0.26718680331786654,0.28028346450524577,0.070071659568025,0.2246500505130105,0.9777777777777777,0.0
near_boundary,1,0.09798540553751614,0.09241122865821724,0.09819838692783073,0.10344087147795118,0.2559817690684668,-0.058886928568535946,0.24204093334902022,0.5836973444167958,0.26318845842414923,0.24766887688097305,0.26250145900656874,0.27939671014901196,0.03435236938592226,0.10807154558818342,0.8888888888888888,0.0
near_boundary,2,0.09825657856452871,0.09405048706399916,0.09814601445480256,0.10307950141405677,0.2396998788840605,-0.03839670619685545,0.24507739434726097,0.48587313085420214,0.26238034944772215,0.248678884900474,0.26266267205871424,0.27452373705507543,0.026335453881632487,0.09279676483343878,0.9222222222222223,0.0
near_boundary,3,0.0984264981436868,0.09358437205404839,0.09798889703571803,0.10443071121818372,0.2303556518731598,-0.11482072574824721,0.25422253030877556,0.513600428006036,0.2619228113987065,0.24496686773876325,0.263102317145131,0.27588864314953276,0.022443422455684738,0.08293256941162279,0.8444444444444444,0.0
near_boundary,4,0.09853938991888085,0.09342201738766105,0.09835550434691526,0.10333612653189483,0.22372607474778278,-0.05295187512280715,0.23289580047320196,0.5232757096186534,0.26159794437861683,0.24798820267551905,0.2620492834952806,0.27635853558119344,0.030600540372175297,0.10263164208033694,0.8333333333333334,0.0
near_boundary,5,0.09919230008263212,0.09431758667644285,0.09924583638839427,0.10370797109039488,0.1857525290461072,-0.07400612606496228,0.18126895056540976,0.47001264716690105,0.2597284073604016,0.24697161687856156,0.2595200651743713,0.27370611377235854,0.030466291933049748,0.09585815946122725,0.8333333333333334,0.0
near_boundary,6,0.09960778836865566,0.09530742641667539,0.09950769875353514,0.1046035403791767,0.1615144120025387,-0.12455521039008179,0.16612841091535852,0.4114320376741892,0.25853709447200385,0.2445236029305334,0.2587737192103233,0.270798882334677,0.0280082092470174,0.10673216294698835,0.8666666666666667,0.0
near_boundary,7,0.10019668773203916,0.09545930658845711,0.09987430606473238,0.10545197444223316,0.12760931854462207,-0.1722323618998344,0.14496633181006213,0.40247179458095356,0.2568742168272714,0.24222393350049012,0.257735024989281,0.27034653904844974,0.02808885006385278,0.09988942462272779,0.7333333333333333,0.0
near_boundary,8,0.10046320542811588,0.09563213574945009,0.10024091337592961,0.10505918089452183,0.11234926681665135,-0.15019123060145514,0.12384266791496044,0.3922781239131684,0.25613399360482614,0.24329939729932284,0.2566997895094158,0.26983357971286986,0.025037765546044904,0.10217953325262112,0.7444444444444445,0.0
near_boundary,9,0.10057027803964014,0.09497224258929507,0.10086938305226772,0.10506965538912748,0.10640690517923328,-0.15077828871629634,0.08772222799050086,0.4312490211932842,0.25584050452943247,0.24328016456833412,0.25493546567174913,0.2717482758279553,0.029459357321001016,0.09920917126069757,0.6333333333333333,0.0
near_boundary,10,0.10128370750555729,0.09603016654446422,0.10128836283649315,0.10669843930030376,0.06547994553624345,-0.2419288362486328,0.06370701853708721,0.36885133606393977,0.2538452993135923,0.23889040715008597,0.2537619757501388,0.26865988438313226,0.03355176601400453,0.11773849591446035,0.6222222222222222,0.0
near_boundary,11,0.10165497014769037,0.0962029957054572,0.1018120875667749,0.10681365874096575,0.04418907148280131,-0.24834317879904264,0.03375556302713949,0.35868509118922565,0.25280505770375583,0.23859097117380124,0.25229851077718646,0.26814981472431315,0.03092882384483455,0.10860446339008141,0.5444444444444444,0.0
near_boundary,12,0.10218218637617403,0.0970304807793024,0.10238818477008485,0.10663035508536713,0.013933925558189479,-0.23813666092425415,0.0009019515249644667,0.31016766168332854,0.2513311508043913,0.23908968343326503,0.2506957669464468,0.2657561612850172,0.029766311490370675,0.11106107983240301,0.4111111111111111,0.0
near_boundary,13,0.10229624198410205,0.0978317796166335,0.10196920498585943,0.1081648685450927,0.007522140496049254,-0.32337047852545897,0.024789494784345598,0.26337417834589816,0.25102120498429775,0.23501267414211777,0.251865551693635,0.26345383630774594,0.023354882019163793,0.08710650260136667,0.5,0.0
near_boundary,14,0.1024871105524714,0.09814601445480256,0.10238818477008485,0.10717502880486017,-0.003615117093317047,-0.26845933352223805,0.0009019515249644667,0.24507739434726097,0.2504792770001696,0.23764932237337624,0.2507071778377904,0.2625504062576332,0.02426125465483209,0.0847071301811476,0.4111111111111111,0.0
near_boundary,15,0.10262327898234466,0.09854404524981669,0.10233581229705667,0.10790824342725464,-0.011369243245609593,-0.3091580103927962,0.0038843662627725626,0.22194987911997952,0.25010006987382294,0.2357074292982846,0.2508427297653604,0.2614126808201222,0.03191694078115018,0.12430415988701951,0.4777777777777778,0.0
near_boundary,16,0.10354154300943869,0.09854404524981669,0.10354037917670472,0.10947941761809993,-0.06296045338249147,-0.3958772851238578,-0.06452235111375244,0.22194987911997952,0.24761228232010205,0.231583035475463,0.24753002346376127,0.261404854502313,0.03078111686779346,0.10898520866366011,0.35555555555555557,0.0
near_boundary,17,0.1035927516497329,0.09865926469047868,0.10338326175762019,0.1094113334031633,-0.06595853932029992,-0.39213876066257053,-0.055623417589037216,0.21525714197573853,0.24746994179565052,0.231767186830852,0.24797091267447702,0.2610705499786804,0.024676560272928874,0.11383663176316045,0.3333333333333333,0.0
near_boundary,18,0.10351710252202553,0.09866973918508432,0.10306902691945113,0.10925945323138159,-0.06175205033579219,-0.3837811548357345,-0.03780380920291722,0.2146477411354395,0.247668725357412,0.23217085006676216,0.24881818299755565,0.26103359181486785,0.02567462484887411,0.07847435300733831,0.3333333333333333,0.0
near_boundary,19,0.10406410390698648,0.10024091337592961,0.10390698648790196,0.10889808316748717,-0.09320229573092435,-0.3638715816044856,-0.08526070763923374,0.12384266791496044,0.24614191074217592,0.23312414543661023,0.24653917884836418,0.2566092331518617,0.026796993752770323,0.10159768425608463,0.26666666666666666,0.0
near_boundary,20,0.1041211317109505,0.09926678537760553,0.10422122132607102,0.10915994553262805,-0.09600566701882743,-0.37824237816294265,-0.10300596913519026,0.18007093391627427,0.24601787039150305,0.23244919498507616,0.2456830811691882,0.2593356912089246,0.029479046313791342,0.095318578176836,0.26666666666666666,0.0
near_boundary,21,0.10490904647184107,0.10060228343982403,0.10443071121818373,0.11041164763800147,-0.14018385094141156,-0.44702057984067417,-0.11481918716625408,0.10305981368594186,0.2438938236734688,0.22919187920644435,0.24511273774166897,0.25558948505415646,0.022210554725575628,0.08410894635471167,0.2111111111111111,0.0
near_boundary,22,0.10436437275234803,0.09941866554938725,0.10458782863726826,0.10851576411438148,-0.10961007487371446,-0.34277464913631916,-0.12367333032196416,0.17129328950360448,0.24536088631662792,0.2341461239266167,0.24468793475738243,0.25889694416315756,0.02476394233109183,0.09198261387402759,0.24444444444444444,0.0
near_boundary,23,0.10480895685672055,0.10018330365559862,0.10490206347543732,0.10996648161726197,-0.1347941250936899,-0.42261299408805497,-0.14135857461873497,0.1271598411582728,0.24414924341527447,0.23035746477279975,0.24383739683028,0.2567468347477932,0.031054547325874447,0.12010798028500254,0.18888888888888888,0.0
near_boundary,24,0.10520815148446866,0.10091651827799308,0.10532104325966271,0.11005027757410706,-0.1573670816426507,-0.4272228919592584,-0.16489600356079837,0.08501820047229874,0.24306355601152846,0.23014301440985296,0.24270200531604597,0.2547004460866367,0.027372290257641554,0.10126461975737419,0.16666666666666666,0.0
near_boundary,25,0.10547234151507746,0.10060228343982403,0.1055829056248036,0.11041164763800147,-0.17198386899729262,-0.44702057984067417,-0.179582451380334,0.10305981368594186,0.2423656047951318,0.2292106171028158,0.241995973068459,0.2555693057026161,0.029184953407201612,0.09164961341012665,0.17777777777777778,0.0
near_boundary,26,0.10572023788741082,0.10049753849376768,0.10652561013931078,0.11010788729443804,-0.1858496977891352,-0.430378552219746,-0.23229487828741965,0.10908004218096841,0.24170110190102143,0.23000166348763376,0.2394572313905545,0.2558569036973181,0.02240177344837838,0.08116023629628173,0.13333333333333333,0.0
near_boundary,27,0.10519069399345926,0.10039279354771133,0.10532104325966271,0.10978317796166336,-0.15639283946788385,-0.4125705069692318,-0.16489600356079837,0.1151034542899503,0.24310698858907634,0.23084836636128664,0.24270507867307858,0.2561451809123514,0.021614186713936754,0.09850596402552318,0.16666666666666666,0.0
near_boundary,28,0.10557941412660174,0.1015449879543312,0.10568765057085995,0.10985126217659998,-0.17843712880789575,-0.4163000592253461,-0.18545154232969896,0.049020536084554554,0.24204897099654282,0.23067494957097487,0.241722827130673,0.2529459307055669,0.02896499068980001,0.08897543351324813,0.1,0.0
near_boundary,29,0.10589830429570662,0.10072797737509165,0.10626374777416989,0.11072588247617053,-0.19577457351563415,-0.46420602765033875,-0.21767680838827147,0.09595291303103168,0.24122810786551815,0.22841173003091547,0.24017052413729273,0.25521570842271957,0.02711359492509328,0.08502631144738174,0.07777777777777778,0.0
near_boundary,30,0.10624512645042654,0.10120980412695088,0.10626374777416989,0.11208756677490311,-0.21490085445507542,-0.5383731677564342,-0.21767680838827147,0.06821451345324836,0.24031561041991434,0.22492581233083714,0.24017279697013522,0.2538679655092395,0.02170547970658931,0.0908595361684501,0.12222222222222222,0.0
near_boundary,31,0.10592390861585373,0.10033518382738033,0.10626374777416989,0.11099298208861423,-0.1972965317265527,-0.4787911686610154,-0.21767680838827147,0.11841887256402217,0.24115361804544105,0.2277280045658234,0.2401746646598846,0.25629560823971625,0.023949559648994655,0.08552479181243924,0.12222222222222222,0.0
near_boundary,32,0.10607986220220429,0.10268670786634546,0.10589714046297266,0.11019168325128313,-0.20627752329856205,-0.4349765328646691,-0.19718059236429333,-0.01608201876380947,0.24072190626796083,0.22979820517998556,0.2411617752551416,0.2498031313806478,0.024258268158743768,0.0911475102373713,0.03333333333333333,0.0
near_boundary,33,0.10552355015537168,0.09986906881742956,0.10605425788205719,0.11041164763800147,-0.17475112439632323,-0.44702057984067417,-0.2059690205184156,0.1452683725330066,0.2422362574380632,0.2292297661845376,0.24074168555941486,0.25759577719056886,0.02492156519722478,0.10394439800935765,0.17777777777777778,0.0
near_boundary,34,0.1063324139054735,0.10159212318005656,0.10594951293600083,0.1122603959358961,-0.2200570510011627,-0.5477441253328498,-0.20011057456261702,0.04632646744368341,0.24007059187522242,0.2244919645632651,0.24102123460672678,0.25280563194181227,0.027127017502878287,0.09832596585594,0.07777777777777778,0.0
near_boundary,35,0.10612176018062684,0.10110505918089452,0.10594951293600083,0.11156384204462134,-0.20839312328382617,-0.5099054635996381,-0.20011057456261702,0.07421634348954667,0.24062350224382972,0.2262669640192469,0.24102097029120367,0.25415250096286984,0.015665744803023546,0.0810866790910481,0.1,0.0
near_boundary,36,0.10568997823632788,0.10122027862155651,0.10542578820571907,0.11057400230438881,-0.18429778677257475,-0.45590120554806796,-0.17077271861255466,0.06760824209163313,0.2417724842840976,0.22881106899442546,0.24241264381678435,0.25383305374762466,0.019274678284415,0.07863438930345706,0.1,0.0
near_boundary,37,0.10572954854928249,0.10206871268461297,0.10542578820571907,0.11083062742222688,-0.1866767349607377,-0.46992866149536633,-0.17076966710160169,0.019109256614922375,0.24165790057085437,0.22814845918208246,0.24241343130368692,0.25149412294992995,0.02908435179288493,0.09721428104890976,0.05555555555555555,0.0
near_boundary,38,0.10637082038569418,0.10185922279250026,0.10668272755839531,0.11071540798156489,-0.22242743669181028,-0.4636350505200943,-0.24105604168947825,0.031064328075861774,0.23994724300188391,0.22844445423905496,0.23905093641757735,0.2520709657469352,0.02171104305614115,0.07319292655124354,0.08888888888888889,0.0
near_boundary,39,0.10570278039640144,0.10102126322404945,0.1055829056248036,0.11087776264795224,-0.185191696792204,-0.47250397766211055,-0.179582451380334,0.07901067705177911,0.2417270195116834,0.2280248794349831,0.24199711382652458,0.2543868346455738,0.020641250180086824,0.09238632616465046,0.1,0.0
near_boundary,40,0.10585757015001804,0.10100031423483817,0.10615900282811355,0.11057400230438881,-0.1936824375350807,-0.45590120554806796,-0.21182443091371572,0.08022134016695436,0.24132430305018887,0.22880692281599943,0.2404558023109375,0.25444741444794045,0.022293259534943207,0.09219681206089696,0.08888888888888889,0.0
near_boundary,41,0.10542462437298512,0.10002094898921127,0.1058447679899445,0.11029642819733948,-0.16926157820464685,-0.44071409697464664,-0.1942490904012596,0.13651350991650918,0.24249600637884278,0.22952254459621788,0.2413018174554255,0.2571764666869521,0.019267997166939402,0.08031739907297716,0.18888888888888888,0.0
near_boundary,42,0.10533966458340607,0.09974337488216194,0.1051639258405782,0.11024929297161412,-0.16469849503570413,-0.4381321931251567,-0.15607558581888883,0.1525293654546346,0.24271147903362286,0.22964242704350282,0.2431195709378162,0.25795700666804094,0.020634539062295874,0.08004011283080295,0.12222222222222222,0.0
near_boundary,43,0.10508711288013686,0.10041897978422541,0.10526867078663454,0.11019692049858594,-0.15049533077620456,-0.4352195185380512,-0.16195688282286935,0.11361109864546416,0.2433909216725744,0.22977970513756976,0.24284269537192918,0.25607126366049104,0.024376277002979875,0.08913504774583864,0.2111111111111111,0.0
near_boundary,44,0.10526634312116663,0.10070702838588039,0.10547816067874725,0.1102126322404944,-0.16034788922187349,-0.4361184691118583,-0.17371031292638195,0.09704276586053728,0.2429267076286745,0.2297325123582121,0.24228632450265683,0.25527126277057327,0.024771350272491027,0.10218625940908009,0.18888888888888888,0.0
near_boundary,45,0.10528380061217602,0.1002670996124437,0.10505918089452183,0.11087776264795224,-0.16132686775543628,-0.47250397766211055,-0.15019123060145514,0.12234522847478269,0.2428793522620613,0.22801064044524785,0.24340831277403854,0.25650103501088073,0.021184882737257875,0.08542299811588033,0.13333333333333333,0.0
near_boundary,46,0.10518138333158758,0.09980098460249293,0.10521629831360638,0.11020215774588876,-0.15566352357747232,-0.4355489684506121,-0.15901623432087908,0.14920162801804485,0.243149359152451,0.22975265420545254,0.2429901051515445,0.2578081955152497,0.019308409816469287,0.07567885713834639,0.14444444444444443,0.0
near_boundary,47,0.1047763695401697,0.09945008903320415,0.10495443594846549,0.11014454802555777,-0.13305342636875028,-0.43239330819012445,-0.14430381447979443,0.1694579148130523,0.24423103203723093,0.22989821068149874,0.24369582954483876,0.25879672841587575,0.022494810467253174,0.08967566704322766,0.16666666666666666,0.0
near_boundary,48,0.10509060437833874,0.10064941866554938,0.10495443594846549,0.10995600712265634,-0.15065527243996782,-0.422047179186956,-0.14430381447979443,0.10035292897990886,0.24338676866042175,0.2303844765800556,0.24369525615473156,0.2554468847040031,0.02752177570613049,0.09485887715109291,0.18888888888888888,0.0
near_boundary,49,0.10527216228483643,0.09988478055933801,0.10532104325966271,0.11030690269194511,-0.16078841090015367,-0.4412862403871207,-0.16489600356079837,0.14438721161366588,0.24290051092250947,0.22946949331364708,0.24269362704765293,0.25758780243403767,0.021634897136946378,0.07817666915137222,0.16666666666666666,0.0
near_boundary,50,0.10428872362464067,0.09761181522991516,0.10464020111029643,0.10951607834921966,-0.10498294514091104,-0.3978982510700367,-0.12662317369978787,0.27620100038708945,0.24559167271774204,0.23152044400721658,0.24454388756640727,0.2640206994337257,0.015371147169182834,0.064145229961651,0.25555555555555554,0.0
near_boundary,51,0.10418979784225411,0.09939247931287315,0.10437833874515554,0.10889808316748717,-0.10015618079398807,-0.3638715816044856,-0.11186780656830747,0.17278918682757516,0.24581038382840503,0.23313334084813406,0.24525567535262688,0.2589773879009785,0.023153174871815254,0.09040119075343747,0.24444444444444444,0.0
near_boundary,52,0.10396750579006785,0.09927725987221117,0.10401173143395831,0.10846862888865612,-0.0875172612876822,-0.3401701400428167,-0.09117270577169917,0.1794570418477378,0.24641890841072794,0.23425777457681837,0.24624956802118436,0.25930725115879866,0.018723479210909243,0.09699610190723579,0.2777777777777778,0.0
near_boundary,53,0.10356016433318203,0.0990206347543731,0.10348800670367655,0.10851576411438148,-0.06442047348385763,-0.34277464913631916,-0.061555522950571775,0.1943087492313583,0.24753687611032743,0.23412854850559156,0.24767395990928845,0.2600358383690072,0.020247921781576163,0.08928416576301273,0.3111111111111111,0.0
near_boundary,54,0.1036299942972196,0.09961244369959149,0.10354037917670472,0.10928040222059286,-0.06841463620025334,-0.38492243592829617,-0.06452235111375244,0.16007797921246802,0.2473436646849299,0.23211777144492157,0.24753719974670657,0.2583750491332124,0.018771305518458868,0.0946850063387906,0.32222222222222224,0.0
near_boundary,55,0.10321450601119607,0.09855975699172514,0.10317377186550748,0.10808107258824762,-0.04478378634193559,-0.31871770811891925,-0.04374678802143355,0.22107973160493882,0.2484851332454043,0.23526733727288685,0.2485380176504198,0.2613541683881299,0.02042123977935438,0.0885390233004136,0.35555555555555557,0.0
near_boundary,56,0.1029549713115231,0.09701476903739395,0.10322614433853566,0.10767780454593066,-0.029894277170110024,-0.29638875552444954,-0.04671672228720197,0.3111873904859136,0.24920979508387373,0.236329081631107,0.2484005955799906,0.26577218457977314,0.022263946926391304,0.10182201993037478,0.35555555555555557,0.0
near_boundary,57,0.1030643715885153,0.09765895045564052,0.10280716455431024,0.10956321357494501,-0.03599496639894622,-0.40048942389333186,-0.022932346266991126,0.27345355002342026,0.24891763155854407,0.23136208774382297,0.24954805168206112,0.26392486093216405,0.026095988380509548,0.10367038836403752,0.4111111111111111,0.0
near_boundary,58,0.10328200830976571,0.09766942495024615,0.1031213993924793,0.10847910338326176,-0.048446572325091315,-0.34074594381089923,-0.04077529861217538,0.2728394135851773,0.248313717201295,0.23419874869215396,0.24868135747913783,0.26390064134608204,0.02197959447504175,0.10038507164567403,0.32222222222222224,0.0
near_boundary,59,0.10270241960825391,0.09661150099507698,0.10285953702733842,0.1083743584372054,-0.015375089783842848,-0.3349571012020138,-0.025908509510086924,0.3347093885558258,0.24991685050715443,0.2344693460589776,0.24940213957188934,0.2669421000858068,0.019322751537730352,0.0820149880342203,0.3888888888888889,0.0
near_boundary,60,0.10270474727372182,0.09751754477846444,0.10285953702733842,0.10737404420236724,-0.015760359075916983,-0.2795251115858218,-0.025908509510086924,0.28170030866866574,0.24989265678664888,0.2371147693057702,0.2493963274867557,0.26434670283644063,0.019193061735785753,0.09009367102761061,0.4,0.0
near_boundary,61,0.10200295613514425,0.09641248559756992,0.10165497014769037,0.10737404420236724,0.02436589642106969,-0.2795251115858218,0.04273264184917315,0.3463819083065041,0.2518420454626931,0.23710915311395156,0.2527320031193036,0.267528055435735,0.018992347615211916,0.08161230590539174,0.5333333333333333,0.0
near_boundary,62,0.10204136261536492,0.09691526133864041,0.10233581229705667,0.10658321985964177,0.021973199077728985,-0.23550785873767863,0.0038843662627725626,0.31691789820086724,0.25172554659163576,0.23921733018305164,0.25084309593439735,0.26608649183465416,0.022201160997574642,0.09064322435028392,0.45555555555555555,0.0
near_boundary,63,0.10173527460633358,0.09741279983240808,0.10191683251283126,0.10719597779407143,0.03952993506381519,-0.26960632700059145,0.027776613032864404,0.2878155547384066,0.25257736445714807,0.2375746531174217,0.2520091815112711,0.2646644188137411,0.017621540366625242,0.07347068766096686,0.5222222222222223,0.0
near_boundary,64,0.10156302736170757,0.09704095527390803,0.10155022520163402,0.10632659474180371,0.049085226478007234,-0.22118565945865268,0.04872103748142607,0.30955154151399183,0.2530366012834676,0.23989567900038594,0.25303226205286855,0.2657364671458399,0.018708147079957823,0.07760480009488152,0.5666666666666667,0.0
near_boundary,65,0.1011801263922349,0.09665863622080234,0.10118361789043678,0.10581334450612757,0.07120494634571288,-0.19248440933966768,0.06970488575246046,0.3319486688993708,0.2541205110225785,0.2412743617374719,0.2540575832764417,0.26684250594066544,0.01539069346621241,0.06743148619312007,0.6222222222222222,0.0
near_boundary,66,0.10105326862423332,0.09730805488635173,0.10086938305226772,0.10527914528124017,0.07811168371546547,-0.16254333198280005,0.08772222799050086,0.29393407401072,0.2544524631458681,0.24271587826520097,0.25493460419377123,0.26498182447619884,0.017989609029802532,0.0844686224247753,0.6777777777777778,0.0
near_boundary,67,0.10059588235978724,0.09515554624489368,0.10060752068712685,0.1059652246779093,0.10496142126502138,-0.20098653114894138,0.102758889765999,0.4204001195563004,0.2557702275452982,0.2408533584518185,0.25566817391775687,0.27121180198628986,0.018738690910612716,0.09080574219936653,0.6555555555555556,0.0
near_boundary,68,0.10054932905042888,0.09598303131873887,0.1007122656331832,0.10580287001152194,0.10733014276028996,-0.19190251984872586,0.0967420008932003,0.37162096612491907,0.25588189846860643,0.2412865520846784,0.25537491929081646,0.26881123986941874,0.02287276222097385,0.10483462356499651,0.7111111111111111,0.0
near_boundary,69,0.10046436926084983,0.09544883209385147,0.10024091337592961,0.1056981250654656,0.1124938204072297,-0.18603677676217453,0.12384904962442385,0.40309625832064977,0.2561336758665377,0.24156484876770482,0.25669936373123803,0.27036861632503123,0.020961782560997854,0.0860549923887236,0.6222222222222222,0.0
near_boundary,70,0.10030957950723322,0.09515554624489368,0.10045040326804232,0.1046611500995077,0.12113839973077803,-0.12779666070343276,0.11179138182740146,0.4204001195563004,0.2565540543269182,0.24437950083067655,0.25610753688450505,0.27122775081164646,0.019161975939943898,0.07721245191175441,0.6888888888888889,0.0
near_boundary,71,0.09987896139566822,0.0955169163087881,0.09929820886142243,0.10526867078663454,0.1460431801649687,-0.16195688282286935,0.17823891257393432,0.39907207119318777,0.25777768277912877,0.2427195358975464,0.2593543362079715,0.2701797844976802,0.020659932725923237,0.09677107426020834,0.7666666666666667,0.0
near_boundary,72,0.10003607881475275,0.09535456164240075,0.10003142348381691,0.10578715826961349,0.13701651332718554,-0.19099385492363874,0.1359083098915278,0.4086519461644049,0.25733773525191,0.24131313966903742,0.25728988031163846,0.27065728797721006,0.022843384807212968,0.08271243800662523,0.7555555555555555,0.0
near_boundary,73,0.0995263200772785,0.0940609615586048,0.0994029538074788,0.10419503508955692,0.16652203153397044,-0.10151871759919115,0.1721820543657109,0.4852491150983824,0.2587891729161491,0.24564275491330975,0.2590682979499845,0.274450724525517,0.01977826272535057,0.08515314646967012,0.8333333333333334,0.0
near_boundary,74,0.09917367875888876,0.09394574211794281,0.09935058133445061,0.10381271603645124,0.18673015250824282,-0.07993017680065079,0.1752104834698226,0.49209843014628896,0.25977535336530744,0.24668888537960393,0.2592197394891056,0.2747945205674124,0.02486323942182967,0.09583189160041726,0.8111111111111111,0.0
near_boundary,75,0.09957403721937083,0.09439090813868231,0.09976956111867602,0.10469781083062742,0.16366042169149952,-0.12986631196827508,0.15100874764627914,0.4656829614080356,0.25864392911445416,0.24425835648449795,0.2580250149745843,0.2734899603499647,0.02339444075315936,0.08706656253140986,0.8111111111111111,0.0
near_boundary,76,0.09893858454662896,0.09358437205404839,0.09898397402325337,0.10413742536922593,0.2005904770378807,-0.09827050650125743,0.1964288059466614,0.513600428006036,0.26045845661889194,0.2457897534361005,0.26026054584555935,0.2758687676633212,0.01916434119859625,0.07744952329692291,0.8333333333333334,0.0
near_boundary,77,0.09957520105210478,0.09562166125484445,0.09919346391536608,0.10371844558500053,0.1633851167907872,-0.0745940724635079,0.18429898855688523,0.39289708635477644,0.25862546453358803,0.24693901643893962,0.2596681247925146,0.26989887229421516,0.026658135106077112,0.10883552446269874,0.8222222222222222,0.0
near_boundary,78,0.09925398321753198,0.09452707656855557,0.09945532628050696,0.10443071121818372,0.18211936991525235,-0.11482072574824721,0.16915523264053473,0.457589367591789,0.2595477801996647,0.24497959763953886,0.25891448923906046,0.27309828142281356,0.017416649379057528,0.07871122660935462,0.8222222222222222,0.0
near_boundary,79,0.09856266657356004,0.09442233162249922,0.09846024929297162,0.10413742536922593,0.22238022385117132,-0.09827050650125743,0.2268098729065632,0.4637993245201331,0.2615307157078406,0.24578171887824973,0.26175137307432084,0.2734082386601336,0.022020707855281114,0.08516520324537906,0.8777777777777778,0.0
near_boundary,80,0.09894789520850063,0.09415523201005552,0.09908871896930974,0.10402220592856394,0.1999679587957315,-0.09176900097727156,0.19036228533786642,0.4796512092034023,0.26042731002965863,0.24609571982146336,0.25996166833373907,0.27419567998782435,0.02610882547061378,0.08932252803055571,0.8333333333333334,0.0
near_boundary,81,0.09877681179660859,0.09446946684822458,0.09882685660416884,0.10282287629621871,0.20961358564654373,-0.023822075277194314,0.20553827354105045,0.4610056764624868,0.2608984605157304,0.24940798043865534,0.2607112227894258,0.27327386955474314,0.024931042876197983,0.11613705344143282,0.9111111111111111,0.0
near_boundary,82,0.09893392921569312,0.09484131140672462,0.09856499423902797,0.104394050487064,0.2006119505135836,-0.11275060393011287,0.22072718748367284,0.43897965774847375,0.260458930411042,0.2450730096534707,0.26145947396131053,0.27218535860262705,0.023732291538286408,0.11549926427194433,0.8444444444444444,0.0
near_boundary,83,0.09875237130919544,0.09285115743165392,0.0987221116581125,0.10369749659578925,0.21151656957943718,-0.07341508355349385,0.21160963596740695,0.5573544534358443,0.2609985860203705,0.24698528617770105,0.2610127609026651,0.278058348605582,0.026815772419795172,0.10695057126985132,0.8222222222222222,0.0
near_boundary,84,0.09885478858978387,0.09273070074368912,0.09877448413114068,0.10495443594846549,0.2058175654918118,-0.14430381447979443,0.20857153079937443,0.5646411029213335,0.2607222603300888,0.24354082855585957,0.26086133474596673,0.2784238706734907,0.026092292255594025,0.11558389910262089,0.8333333333333334,0.0
near_boundary,85,0.09854870058075255,0.09274641248559758,0.09856499423902797,0.10333612653189483,0.22305679992937247,-0.05295187512280715,0.22072718748367284,0.5636186679009405,0.2615625757025433,0.24798225353727713,0.26146109492635566,0.278370784519235,0.02577414465365385,0.11264856456371396,0.8555555555555555,0.0
near_boundary,86,0.09880707144769155,0.09437519639677386,0.09856499423902797,0.10411647638001466,0.20830867585098908,-0.09709396825384796,0.22072718748367284,0.46659448632343137,0.2608418839807177,0.24583244834771042,0.2614608159173316,0.27355331150012796,0.023613779770467438,0.08547736809269603,0.8222222222222222,0.0
near_boundary,87,0.09838110866706237,0.09363150727977375,0.09830313187388709,0.10381271603645124,0.23287930487672712,-0.07993017680065079,0.23594038686625782,0.5107946276584808,0.26204908145999106,0.2466683415575745,0.2622032658731195,0.2757441591861673,0.02766660012147587,0.09776427875912762,0.8777777777777778,0.0
near_boundary,88,0.09906311464916262,0.09430711218183722,0.09935058133445061,0.10334660102650046,0.1932862500466698,-0.053542445263114295,0.1752136997361219,0.4706375000231825,0.260098275371171,0.24795559524210084,0.25920784551101156,0.27375179871854566,0.027547448559211644,0.11261818704901015,0.8666666666666667,0.0
near_boundary,89,0.09892461855382145,0.09339059390384415,0.09861736671205615,0.10444118571278936,0.2012447866122038,-0.11540961714404273,0.21768746430955616,0.525174274309356,0.2604911364408382,0.24494573947593412,0.2613090627612178,0.276456178550503,0.023657662915247006,0.09637438580090747,0.8333333333333334,0.0
near_boundary,90,0.09915040210420958,0.09420236723578088,0.0987221116581125,0.10465067560490206,0.18825116280446025,-0.12721145292823374,0.21160963596740695,0.4768545321496544,0.25985425714140215,0.24437480959830696,0.26101045436865755,0.27405617562302226,0.024704884617012927,0.10282894822976449,0.7888888888888889,0.0
near_boundary,91,0.09910850412578703,0.09332774693621033,0.09929820886142243,0.10375510631612024,0.1907822050535697,-0.07667348092358667,0.17823891257393432,0.5288949458432475,0.25997490962634995,0.24683366961394157,0.25936360487086607,0.27663569752450035,0.022372337611661818,0.08150562609892827,0.8111111111111111,0.0
near_boundary,92,0.09889668656820641,0.0940033518382738,0.09887922907719703,0.10402220592856394,0.20282934031898378,-0.09176900097727156,0.20249855341956363,0.4886728429367988,0.26056695748387526,0.24610166661349758,0.26056075279510454,0.27463645594820896,0.022868634595129795,0.10385868938873029,0.8444444444444444,0.0
near_boundary,93,0.09850680260233,0.09358437205404839,0.09835550434691526,0.10458782863726825,0.22562807092974677,-0.12363567373254923,0.23289580047320196,0.513600428006036,0.2616919150002049,0.2445579909484816,0.2620413109561817,0.2758698110588628,0.02812541267122082,0.1008331598546408,0.8777777777777778,0.0
near_boundary,94,0.09942972196035986,0.09378338745155547,0.09919346391536608,0.10449879543312035,0.1722862316391153,-0.11865444485964881,0.18430059895590037,0.5017564219905687,0.2590720774979188,0.24480182898078778,0.25966693525055035,0.27527829583871793,0.03229415468003319,0.11049210932054762,0.7666666666666667,0.0
near_boundary,95,0.09965434167801403,0.09450612757934429,0.10003142348381691,0.10366083586466952,0.15885790478125514,-0.07133737658644378,0.13590990828716384,0.4588410764252822,0.2584045992967978,0.24710710273640782,0.25728135039965694,0.27314748927474336,0.024523683816531153,0.09836479538172985,0.8,0.0
near_boundary,96,0.099252819384798,0.09395621661254844,0.09966481617261967,0.10470828532523306,0.18244957386918254,-0.13045290324158473,0.15705757497743267,0.49147407480459404,0.25956746508975415,0.2442375338609933,0.2583284282164171,0.274759282269117,0.028338914748213914,0.12714358532164688,0.8,0.0
near_boundary,97,0.09980680376616273,0.0942128417303865,0.0998219335917042,0.1056981250654656,0.1506130425428021,-0.18603677676217453,0.1479867390395068,0.4762293388802287,0.2580089280888916,0.24155187384524565,0.2578866455749671,0.27399859763732914,0.03432414041291096,0.12770720795690202,0.7222222222222222,0.0
near_boundary,98,0.1002269473831221,0.09482036241751335,0.10039803079501414,0.1051953493243951,0.1261740998307802,-0.15782667275046405,0.11480539844019408,0.44022932231877204,0.25680575415378754,0.24292138009493783,0.25625313204558897,0.272211501971264,0.03108713721927985,0.1148115531670443,0.6888888888888889,0.0
near_boundary,99,0.10060402918892497,0.09597255682413323,0.10081701057923956,0.1051639258405782,0.10420377862559586,-0.15607558581888883,0.0907282896051656,0.3722437351684379,0.25572863883118546,0.24301100318799604,0.25507066531885914,0.26885010482511434,0.026999333758145175,0.10663494858911031,0.6555555555555556,0.0
near_boundary,100,0.10059239086158538,0.09581020215774588,0.10024091337592961,0.10486016549701477,0.10494638540246505,-0.13900100289391737,0.1238442633415427,0.3818036503717845,0.2557662070395866,0.24384402979695688,0.2566974904955226,0.26931511003434444,0.021692332772259126,0.09311812671828304,0.6666666666666666,0.0
near_boundary,101,0.1004853182500611,0.09583638839425998,0.10034565832198597,0.10611186760238818,0.11128607383971606,-0.20914480432521165,0.1178146346893752,0.3802968377675974,0.25608222950912113,0.24046116726677333,0.25639856936709055,0.2692353673909035,0.02475477907842192,0.11048639037661649,0.7111111111111111,0.0
near_boundary,102,0.10082282974290935,0.09526029119095003,0.10123599036346496,0.10528961977584582,0.0917099477266079,-0.16312672588016489,0.06670516176072774,0.4142136295369067,0.25511874838622295,0.24268847055396317,0.25390633820370845,0.2708999510303364,0.03168466998469664,0.12169311291862295,0.6444444444444445,0.0
near_boundary,103,0.10149552506313793,0.09712475123075312,0.10107887294438044,0.10647847491358542,0.053110315197378,-0.22966471542572928,0.07570749817611257,0.3046595199826752,0.2532364490134258,0.2394839913953127,0.25434566279896403,0.2655003584161269,0.027092182252769107,0.11121378812278472,0.5666666666666667,0.0
near_boundary,104,0.10157466568904717,0.09644914632868964,0.10165497014769037,0.10669843930030376,0.04875342902021774,-0.2419288362486328,0.0427420961174515,0.34423633980805624,0.25302396053377074,0.23890121465691813,0.2527378110702816,0.26743678790322906,0.02635335212921925,0.10484830820687381,0.5222222222222223,0.0
near_boundary,105,0.10202506895708947,0.09713522572535875,0.10207394993191579,0.10722216403058553,0.022935737038558175,-0.27108270475729557,0.018810544790070514,0.30404044968469385,0.2517695274168171,0.23750842369875683,0.2515748877307905,0.26545428036953655,0.029493129141593643,0.09782391518366584,0.5,0.0
near_boundary,106,0.10267215995717097,0.09918298942076045,0.10254530218916938,0.10709123284801508,-0.014317490035744377,-0.26378080688239103,-0.008042162698673276,0.18490676759409694,0.24995626483852681,0.23786734166903117,0.2502667573104084,0.2596221746892961,0.023648876346371382,0.1021491691875812,0.43333333333333335,0.0
near_boundary,107,0.10260698532406921,0.09735519011207709,0.10301665444642297,0.10659369435424741,-0.010512791824942117,-0.23608901471773477,-0.03483076325153306,0.291180740338179,0.2501410042112503,0.2392050495904621,0.24896458520746725,0.2648067907722865,0.02317892776309843,0.09660285777882348,0.37777777777777777,0.0
near_boundary,108,0.10284207953632904,0.09772703467057714,0.10296428197339477,0.107840159212318,-0.023448597254840733,-0.30539058403250297,-0.03185615935650207,0.2694796235984963,0.24951882181135723,0.23588847784036743,0.2491184240994025,0.26373486695137194,0.02771888453807394,0.10607025134439844,0.4,0.0
near_boundary,109,0.10341235757596919,0.09933486959254216,0.10301665444642295,0.10779302398659264,-0.05609552080523347,-0.3027766720876198,-0.034827648765760236,0.17612222861819815,0.24793636919214254,0.2360219260524718,0.2489730799998372,0.25916863174906785,0.0245613090891195,0.10446539856653585,0.35555555555555557,0.0
near_boundary,110,0.10317377186550748,0.09882161935686604,0.10296428197339479,0.10811773331936735,-0.042495842837712336,-0.32075925883449785,-0.03185771730014889,0.20583869097845955,0.24859606973781542,0.235170912372462,0.24910656573630482,0.2606071256712575,0.02676533210442211,0.10064524054391966,0.35555555555555557,0.0
near_boundary,111,0.10397099728826972,0.09850738451869698,0.10395935896093014,0.10953702733843092,-0.08756539018600915,-0.3990410305772628,-0.0882197948215601,0.22407266446626253,0.24642213325651757,0.23145225793558336,0.246395603696595,0.26148740856212205,0.03289224279590644,0.10812724866847956,0.24444444444444444,0.0
near_boundary,112,0.10425264480988793,0.09934534408714779,0.10395935896093014,0.10904996333926888,-0.10332739846849985,-0.37224473153896004,-0.0882197948215601,0.17551332638023376,0.24566229093611297,0.23273389277267598,0.24638917505955088,0.259110903765447,0.0229586923992914,0.08225542547375016,0.25555555555555554,0.0
near_boundary,113,0.10415022752929948,0.09895255053943647,0.10406410390698648,0.109620823295276,-0.09757045650752547,-0.4036547904436958,-0.09413642512886722,0.19826376828276207,0.24593661161040506,0.2312507449957227,0.24609711628651593,0.2602096870350885,0.02966391777116748,0.11977891094435002,0.3,0.0
near_boundary,114,0.10503590423984266,0.099942390279669,0.10521629831360638,0.11010788729443804,-0.14770783042150928,-0.430378552219746,-0.15901623432087908,0.14105947417707612,0.24352494179455014,0.22999382085918943,0.24298667355375225,0.2574172026648592,0.03070782977135145,0.11299639682590536,0.15555555555555556,0.0
near_boundary,115,0.10524306646648743,0.10012569393526763,0.10484969100240914,0.11005027757410706,-0.15915201155668154,-0.4272228919592584,-0.1384133347576755,0.13047877100207245,0.24298018834445922,0.23015229042109542,0.24396659467196913,0.2568930439080947,0.027178265599612325,0.10729538304144723,0.14444444444444443,0.0
near_boundary,116,0.10572372938561271,0.10123075311616214,0.10568765057085995,0.11045878286372683,-0.1862279802634275,-0.44960116396409927,-0.18545154232969896,0.067005134159901,0.24168232430417613,0.22910302397232873,0.24172170866871268,0.2538097065205785,0.0352745152452298,0.11021737467562304,0.1111111111111111,0.0
near_boundary,117,0.10652211864110889,0.1012778883418875,0.10642086519325442,0.11236514088195244,-0.2304970951332415,-0.5534242216351686,-0.22644855875621084,0.06430680525862449,0.23957567802670515,0.22422996165864198,0.23975942814671258,0.2536693530863379,0.03153379114218222,0.10121686467774905,0.1111111111111111,0.0
near_boundary,118,0.1070504987023265,0.10189588352361999,0.10694458992353618,0.11223944694668482,-0.2599018740781674,-0.5466163389620862,-0.25564389263468723,0.028977119680211078,0.23817558406679104,0.22455759380639895,0.2383646961126339,0.25195497578195236,0.026315592667361148,0.09493529643190984,0.05555555555555555,0.0
near_boundary,119,0.10645345250980529,0.1018120875667749,0.10663035508536714,0.11129674243217764,-0.22704629487198358,-0.4953600831670231,-0.23813515037106103,0.03375556302713949,0.23972822760409432,0.22697340283026674,0.23919887268871437,0.2521749140015834,0.03850009399969761,0.19008489248568325,0.1111111111111111,0.0
resource_limited_transition,0,0.10229582895198036,0.09166666666666666,0.10199789695057834,0.11227655099894847,-0.2872311974655463,-0.8486841846899247,-0.276915145280741,0.32842488275702053,0.13872488698427743,0.12172487738147279,0.13880760469451017,0.15804050647820678,0.10993559481935732,0.4646595887584578,0.23333333333333334,0.0
resource_limited_transition,1,0.10304357985745999,0.09119348054679285,0.10304942166140904,0.11572029442691903,-0.3277097992017912,-1.0338907615778499,-0.3367549936749342,0.3568405612189288,0.13756473048771437,0.11648413759315623,0.13697800370308283,0.15896631339478756,0.06287792233120293,0.24963899529513112,0.25555555555555554,0.0
resource_limited_transition,2,0.10407757915644351,0.09458464773922187,0.10357518401682439,0.11280231335436383,-0.39056631763961036,-0.8771638477720937,-0.36655706874912247,0.15415520435696756,0.1354784687340778,0.12091968807817155,0.136069053039345,0.15234540307918046,0.0721542544461223,0.3146349145564158,0.08888888888888889,0.0
resource_limited_transition,3,0.10493632433695524,0.09382229232386961,0.10541535226077813,0.11729758149316509,-0.43453322616456647,-1.117710664912959,-0.4702420030733262,0.19938474509247783,0.13432342696418498,0.1141689387920933,0.1329252973887418,0.15380003353502064,0.047619428220261925,0.17438410875254845,0.15555555555555556,0.0
resource_limited_transition,4,0.10456244888421544,0.09382229232386961,0.1046267087276551,0.11466876971608833,-0.41624347735766304,-0.9776569862078159,-0.4259272828904958,0.19938474509247783,0.13476199440852946,0.11807843877526415,0.1342691969838818,0.15379313061159125,0.06225784985578747,0.22248447847024944,0.13333333333333333,0.0
resource_limited_transition,5,0.10561397359504616,0.09411146161934805,0.10620399579390116,0.11706098843322818,-0.47341846906903423,-1.1051346118184904,-0.5144029433653302,0.18218523307493625,0.13311800775901186,0.11452881063928139,0.13160044461113443,0.15322867921076225,0.06037709784807393,0.20917147193005978,0.14444444444444443,0.0
resource_limited_transition,6,0.10633251548078046,0.09645110410094637,0.10620399579390116,0.117534174553102,-0.5159629538045672,-1.130255068758564,-0.5144029433653302,0.04406131606031906,0.1317511557344031,0.1138380817724057,0.13160638793423418,0.14878868341847806,0.06253301878779274,0.23525543636792792,0.07777777777777778,0.0
resource_limited_transition,7,0.10653697861899754,0.09487381703470031,0.10725552050473186,0.11963722397476341,-0.5252920386900745,-1.2409103512622788,-0.5730042237709043,0.13700246997641657,0.1315541206907457,0.11082479941145956,0.12985126406919778,0.15175748622460009,0.04866852092772603,0.2137820364930163,0.13333333333333333,0.0
resource_limited_transition,8,0.10629162285313705,0.09616193480546793,0.10620399579390116,0.11706098843322818,-0.5136496591117534,-1.1051346118184904,-0.5144029433653302,0.061075104342483116,0.131819109616086,0.11454441327373246,0.1316085016581862,0.1493193178997036,0.0612434816401145,0.2520772354022784,0.07777777777777778,0.0
resource_limited_transition,9,0.1069166958756864,0.09382229232386961,0.10751840168243953,0.1194006309148265,-0.5456916372949593,-1.2284913239545272,-0.5875976672405927,0.19938474509247783,0.13097995342661048,0.11117203004701826,0.12942673319968007,0.15375981153004695,0.05876466123343757,0.23116189903267384,0.1111111111111111,0.0
resource_limited_transition,10,0.10778712466409626,0.09726603575184017,0.10778128286014721,0.1185856992639327,-0.5953962438159236,-1.1857214543599044,-0.602191110710281,-0.00367440643090327,0.12944771748767475,0.11233839694131835,0.12899634851495081,0.14724773371501734,0.060909301997583036,0.21770188452811476,0.044444444444444446,0.0
resource_limited_transition,11,0.10741324921135646,0.09487381703470031,0.10804416403785488,0.11863827549947423,-0.5734004668183598,-1.1884187918071214,-0.6167468536296357,0.13700246997641657,0.13015259805788498,0.11227287012154767,0.12856874359730838,0.15173222430125027,0.052948762592104556,0.2316948443802242,0.1,0.0
resource_limited_transition,12,0.10788059352728122,0.09750262881177708,0.10804416403785488,0.11777076761303891,-0.6015337979535337,-1.1427679465155531,-0.6167468536296357,-0.01748275382924593,0.1292296474164996,0.11352324322043059,0.12857159682234864,0.146799786216929,0.049371927535651394,0.17580190592975592,0.044444444444444446,0.0
resource_limited_transition,13,0.10821941815632667,0.10042060988433228,0.10804416403785488,0.11777076761303891,-0.6217484494312122,-1.1427679465155531,-0.6167468536296357,-0.18656072925823913,0.1285747439799194,0.11352777069878173,0.1285715825152874,0.14150774832348448,0.05713159489974577,0.27197760230350637,0.011111111111111112,0.0
resource_limited_transition,14,0.10775791564435097,0.09411146161934805,0.10725552050473186,0.12092534174553102,-0.5914945653136906,-1.308150115739189,-0.5730042237709043,0.18218523307493625,0.12965913695276984,0.10904850872067871,0.12984792880292764,0.15317231755111346,0.05486101724737344,0.2198188172560506,0.1,0.0
resource_limited_transition,15,0.1082018927444795,0.09779179810725552,0.10804416403785488,0.12016298633017876,-0.6189418817705128,-1.268401402455234,-0.6167468536296357,-0.03435962287166454,0.12873068924092376,0.1101197572153369,0.1285625648285483,0.14625037091064777,0.06983456292613824,0.228420714527575,0.044444444444444446,0.0
resource_limited_transition,16,0.10966234373174437,0.09721345951629863,0.10988433228180862,0.12355415352260778,-0.6969425740187257,-1.4440903095381596,-0.7181878495525542,-0.0005604661153185628,0.12655207365383683,0.10546033656120521,0.12559695168981788,0.14731481433558863,0.07676797864719688,0.24837636740141278,0.05555555555555555,0.0
resource_limited_transition,17,0.11094169879658838,0.09697686645636172,0.11093585699263933,0.12197686645636173,-0.7680750268653618,-1.362729054590953,-0.775740162024863,0.013247881283024095,0.1244461337948625,0.10760672147220253,0.12392119880779698,0.1477460355952217,0.05696129760927694,0.2097935593095183,0.05555555555555555,0.0
resource_limited_transition,18,0.11039256922537681,0.10031545741324921,0.11067297581493166,0.11987381703470032,-0.7410956902553094,-1.2532983340510686,-0.7613705397404582,-0.18035254975462106,0.12510685995677376,0.11053794725641337,0.12434382127757443,0.14168239788467465,0.052027353477380085,0.22643157695514535,0.022222222222222223,0.0
resource_limited_transition,19,0.11058534875569576,0.10013144058885384,0.10988433228180862,0.12250262881177708,-0.7496081367515215,-1.3899168431631213,-0.7181878495525542,-0.16990773227911518,0.12493736145206649,0.10689441359366779,0.1256049074837142,0.14199489913435298,0.05184219916436493,0.19856690742675576,0.011111111111111112,0.0
resource_limited_transition,20,0.11071386844257507,0.09802839116719243,0.111198738170347,0.12360672975814932,-0.7555659161525894,-1.446758795111398,-0.7900730258551165,-0.04813098779047525,0.12481059913259106,0.10540579434848475,0.1235169436443803,0.14579394605724263,0.0431524133195824,0.20243510098601275,0.044444444444444446,0.0
resource_limited_transition,21,0.10963313471199906,0.09592534174553102,0.10962145110410094,0.12097791798107255,-0.6973144209165257,-1.3108517658934131,-0.7037442492281798,0.07495795341788881,0.1264618235322,0.10900304004072439,0.12601421977434735,0.14969247493583068,0.05342859699054852,0.22076446053969356,0.06666666666666667,0.0
resource_limited_transition,22,0.11119289636639795,0.10141955835962145,0.11146161934805468,0.12092534174553102,-0.7847373143035624,-1.308150115739189,-0.8044058896853701,-0.24382906728580628,0.12384881724405997,0.10907656423479783,0.12310778174269464,0.13970463642923936,0.05550757474191644,0.2001752348740459,0.011111111111111112,0.0
resource_limited_transition,23,0.11043930365696929,0.0996056782334385,0.1101472134595163,0.12197686645636173,-0.7423350730433469,-1.362729054590953,-0.7325943835043038,-0.139585203363531,0.12511857233574528,0.10762542705893652,0.12517782401840086,0.14292150155055255,0.051033914197590104,0.1956587184219232,0.011111111111111112,0.0
resource_limited_transition,24,0.11173618413366046,0.10113038906414301,0.11093585699263933,0.12255520504731861,-0.8127731926733107,-1.3925985229134739,-0.775740162024863,-0.22722021646836524,0.12310540629707396,0.10683933665352817,0.12393962464946345,0.1402108718707204,0.056670597414547066,0.21287304750831532,0.0,0.0
resource_limited_transition,25,0.11095338240448652,0.10013144058885384,0.111198738170347,0.12097791798107255,-0.771047541844495,-1.3108517658934131,-0.7900730258551165,-0.16990773227911518,0.12426631623938494,0.10901334137550599,0.12352656067839568,0.14197404957550952,0.044240259208612964,0.18810072284798282,0.011111111111111112,0.0
resource_limited_transition,26,0.11159598083888304,0.10118296529968454,0.11093585699263933,0.12384332281808623,-0.8046680474851398,-1.4589327039373967,-0.775740162024863,-0.2303117471202141,0.1233581703622468,0.10510154535799343,0.12393477855826385,0.140106849160073,0.055699690538501795,0.19679618887572065,0.011111111111111112,0.0
resource_limited_transition,27,0.11078397008996378,0.09855415352260778,0.11067297581493166,0.12226603575184017,-0.7590245105677689,-1.3776823383056456,-0.7613705397404582,-0.07869721478411464,0.12472314704373964,0.1072383293362863,0.12434356701921816,0.14481187064955608,0.05272844976333013,0.1802677880828764,0.03333333333333333,0.0
resource_limited_transition,28,0.11205164154690969,0.10036803364879075,0.11251314405888538,0.12174027339642482,-0.8307613677956607,-1.350464083336887,-0.8615180053182728,-0.1834967920388398,0.12255584326543119,0.10796161234432822,0.1214758406363531,0.14154769504092563,0.0636469976858636,0.2418110208252539,0.0,0.0
resource_limited_transition,29,0.1119055964481832,0.10118296529968454,0.11146161934805468,0.12308096740273396,-0.8220396856234224,-1.4197122496693924,-0.8044058896853701,-0.2303117471202141,0.12283400428269904,0.1061345043144995,0.12311309352956008,0.14010075026074556,0.05693605649955808,0.26772572355782553,0.0,0.0
resource_limited_transition,30,0.11272929080500058,0.09931650893796004,0.11251314405888538,0.12594637223974764,-0.8637498979987563,-1.5663320813781172,-0.8615180053182728,-0.12284329256149275,0.12177138039755986,0.10232953834203463,0.1214787355744965,0.14342785151296886,0.05357962213463422,0.19263694798016884,0.022222222222222223,0.0
resource_limited_transition,31,0.11214511041009463,0.10118296529968454,0.11146161934805468,0.12308096740273396,-0.8349510196256467,-1.4197122496693924,-0.8044058896853701,-0.2303117471202141,0.12247223212080897,0.10613665683430465,0.12311064412276379,0.14009801687753456,0.04993911272903467,0.19433610365028672,0.022222222222222223,0.0
resource_limited_transition,32,0.11173034232971142,0.10118296529968454,0.11198738170347003,0.12331756046267087,-0.8130922548400696,-1.431916400712161,-0.8329984039219436,-0.2303117471202141,0.12307491884162249,0.10581592702462647,0.12229908936643893,0.14009705102736852,0.04938746052255222,0.20161033201454942,0.022222222222222223,0.0
resource_limited_transition,33,0.11124547260193947,0.09989484752891693,0.11041009463722397,0.1277602523659306,-0.7834331598954576,-1.6581250374910317,-0.7470009174560535,-0.15628255293255905,0.12405031682555155,0.0999969461481182,0.12474699414270682,0.14238295889352492,0.061252184875674805,0.18259024905202711,0.011111111111111112,0.0
resource_limited_transition,34,0.11347704171048019,0.10036803364879075,0.11251314405888538,0.12465825446898002,-0.9065458915181958,-1.5006513224682407,-0.8615180053182728,-0.1834967920388398,0.12045975277769679,0.1040261737030476,0.12148168941615885,0.14154103587267702,0.05815191380189539,0.22283317359526036,0.0,0.0
resource_limited_transition,35,0.11150251197569809,0.10328601472134595,0.10988433228180862,0.12226603575184017,-0.8018311863155659,-1.3776823383056456,-0.7181878495525542,-0.35016592745831904,0.123345565681236,0.10724533073997908,0.12557365484359576,0.13643912188425325,0.04993188631217786,0.19113529767405973,0.0,0.0
resource_limited_transition,36,0.11284028508003273,0.09855415352260778,0.11303890641430074,0.12489484752891693,-0.8719391805215979,-1.5127650777811161,-0.8899649915979471,-0.07869721478411464,0.12144955931890035,0.10371142229921773,0.12066695663792025,0.144802901180712,0.05174314912695476,0.20116308873059505,0.022222222222222223,0.0
resource_limited_transition,37,0.11242551699964949,0.09855415352260778,0.11198738170347003,0.12494742376445846,-0.849586406074413,-1.5153840339821236,-0.8329984039219436,-0.07869721478411464,0.12208390401530209,0.10364655315353029,0.1222982993206945,0.14480324929242172,0.052787991035159826,0.20861279469434515,0.03333333333333333,0.0
resource_limited_transition,38,0.11284612688398177,0.10223449001051525,0.11303890641430074,0.12652471083070452,-0.8734245142028343,-1.5956165301109708,-0.8899649915979471,-0.2903968419537151,0.12136234933320161,0.10158577682909409,0.1206661401637641,0.13825644695082717,0.04898532765026445,0.18939652019877518,0.011111111111111112,0.0
resource_limited_transition,39,0.1126825563734081,0.10065720294426919,0.11251314405888538,0.12331756046267087,-0.8646563605608741,-1.431916400712161,-0.8615180053182728,-0.20014978901796376,0.12160482964246422,0.10581550732611385,0.12148021006188951,0.14102680190187583,0.0313611534152899,0.18392217320361168,0.022222222222222223,0.0
resource_limited_transition,40,0.111000116836079,0.10013144058885384,0.111198738170347,0.12016298633017876,-0.7744970891029668,-1.268401402455234,-0.7900730258551165,-0.16990773227911518,0.12413327492271892,0.1101601700107384,0.1235193061785376,0.14196317789302884,0.044699143241051384,0.18376869891422187,0.0,0.0
resource_limited_transition,41,0.11097674962028276,0.09907991587802313,0.11172450052576235,0.12068874868559411,-0.771250725323308,-1.2958238699465792,-0.8187021468036568,-0.10918182473228784,0.12430378705309,0.10942219250044198,0.12270543874685011,0.14385344819509926,0.05793801971179717,0.19247683935308632,0.011111111111111112,0.0
resource_limited_transition,42,0.1124664096272929,0.10223449001051525,0.11198738170347003,0.12460567823343849,-0.8520344642413423,-1.4979959374239702,-0.8329984039219436,-0.2903968419537151,0.1220013859434529,0.10408913721742982,0.12229713245317156,0.13826112807133434,0.049023169223158615,0.21448840575893832,0.03333333333333333,0.0
resource_limited_transition,43,0.1110410094637224,0.09989484752891693,0.11146161934805468,0.12331756046267087,-0.7744710662072154,-1.431916400712161,-0.8044058896853701,-0.15628255293255905,0.12422176298778825,0.10581107463671742,0.12311531508851076,0.14238993078094359,0.05282473411080156,0.23232890906495557,0.022222222222222223,0.0
resource_limited_transition,44,0.11188807103633602,0.09850157728706625,0.11146161934805468,0.12331756046267087,-0.8194608111174024,-1.431916400712161,-0.8044058896853701,-0.0755634735698625,0.12297863154320153,0.10580954222632867,0.12311706362716304,0.14491435489035426,0.05171614973069953,0.22809429363905848,0.03333333333333333,0.0
resource_limited_transition,45,0.11191143825213226,0.10065720294426919,0.11146161934805468,0.12407991587802314,-0.8221013372380088,-1.471076481173136,-0.8044058896853701,-0.20014978901796376,0.12284989284164502,0.10478416225987669,0.12311789820243724,0.14103660123108736,0.05279831506564852,0.24101676898990865,0.011111111111111112,0.0
resource_limited_transition,46,0.11062624138333918,0.0998422712933754,0.10935856992639327,0.12365930599369085,-0.7513539580673351,-1.4493603450065882,-0.6893006489038055,-0.15321038271008713,0.12490743852099884,0.10535528731417398,0.1264192054271374,0.14249363343546273,0.04540266617694667,0.20551139473613747,0.03333333333333333,0.0
resource_limited_transition,47,0.11062039957939011,0.09697686645636172,0.1101472134595163,0.12407991587802314,-0.7499963798719693,-1.471076481173136,-0.7325943835043038,0.013247881283024095,0.1249895935172327,0.104780380322008,0.12517499673341367,0.14771826080801573,0.0530638971437061,0.21291183829144358,0.05555555555555555,0.0
resource_limited_transition,48,0.11063208318728823,0.10036803364879075,0.11041009463722397,0.12174027339642482,-0.752161371661148,-1.350464083336887,-0.7470009174560535,-0.1834967920388398,0.1248684995236388,0.10795173505087786,0.1247637827079589,0.14156015839534583,0.05226600036083089,0.24242814480581973,0.044444444444444446,0.0
resource_limited_transition,49,0.10931767729874985,0.09539957939011567,0.10988433228180862,0.12279179810725552,-0.6782836369201376,-1.4048330277709495,-0.7181878495525542,0.1059382007445244,0.12708446624014008,0.10651128830091233,0.12559368668892676,0.1506790777173366,0.06799535717480548,0.24342195906113834,0.08888888888888889,0.0
resource_limited_transition,50,0.11253066947073256,0.09907991587802313,0.11251314405888538,0.12460567823343849,-0.8545692502648461,-1.4979959374239702,-0.8615180053182728,-0.10918182473228784,0.1219685017510208,0.10407425962419009,0.12145972874316079,0.1438746602954201,0.07070122070758403,0.24112602115832632,0.022222222222222223,0.0
resource_limited_transition,51,0.11137983409276786,0.09797581493165089,0.11067297581493166,0.12489484752891693,-0.7916250983304061,-1.5127650777811161,-0.7613705397404582,-0.04498867750759424,0.12378782725401785,0.10368981634069996,0.12435327237942727,0.14589420803916558,0.04528448826313021,0.22090783482115686,0.044444444444444446,0.0
resource_limited_transition,52,0.11036920200958057,0.0998422712933754,0.11041009463722397,0.12068874868559411,-0.7378561991300608,-1.2958238699465792,-0.7470009174560535,-0.15321038271008713,0.1252747286024432,0.10940026097792128,0.1247689468680161,0.14251128712407754,0.040076340969811684,0.18796972024123906,0.03333333333333333,0.0
resource_limited_transition,53,0.10934688631849515,0.09907991587802313,0.10856992639327025,0.11963722397476341,-0.6815540316570401,-1.2409103512622788,-0.645820799810563,-0.10918182473228784,0.1269204229389336,0.11087623414919694,0.12769889420991248,0.14388459932938424,0.0574857013609178,0.2105395349763192,0.044444444444444446,0.0
resource_limited_transition,54,0.11123963079799043,0.09802839116719243,0.11146161934805468,0.12226603575184017,-0.7852095156931151,-1.3776823383056456,-0.8044058896853701,-0.04813098779047525,0.12391827316253516,0.10721502686421301,0.12309411101440798,0.14580209880798115,0.05183544539004434,0.19465338336819948,0.044444444444444446,0.0
resource_limited_transition,55,0.10931183549480078,0.09721345951629863,0.10988433228180862,0.12039957939011567,-0.6797723101706757,-1.2807584584222782,-0.7181878495525542,-0.0005604661153185628,0.12696846414990348,0.10979584111113018,0.12560245752758456,0.14730851711766513,0.034468092237443994,0.1702799707396355,0.05555555555555555,0.0
resource_limited_transition,56,0.1090255871012969,0.09697686645636172,0.10830704521556257,0.11992639327024185,-0.6635148174548076,-1.256013419666444,-0.6313025965489905,0.013247881283024095,0.1274586809021677,0.11046082766840219,0.12813080239929694,0.1477483830524295,0.037413640646031136,0.14264881708528737,0.05555555555555555,0.0
resource_limited_transition,57,0.10786306811543404,0.09726603575184017,0.10751840168243953,0.11829652996845426,-0.60106256017431,-1.1705045547526678,-0.5875976672405927,-0.00367440643090327,0.12922688473580377,0.11277911739011055,0.129411926488107,0.14721572920852902,0.05218111441084733,0.1950079669934662,0.044444444444444446,0.0
resource_limited_transition,58,0.10870428788409861,0.09674027339642481,0.10804416403785488,0.12202944269190326,-0.6444049502204087,-1.3654173670515797,-0.6167468536296357,0.02709338941260119,0.1280749766380255,0.10752941531818283,0.12856259544874193,0.14819501492738144,0.06053631121589459,0.22753613975028292,0.06666666666666667,0.0
resource_limited_transition,59,0.10900221988550066,0.09802839116719243,0.1090956887486856,0.12174027339642482,-0.662376434831415,-1.350464083336887,-0.6748198259879705,-0.04813098779047525,0.1274897804318056,0.10792198988027607,0.1268647859893161,0.14582092943529573,0.05316785788749891,0.20575305943649913,0.022222222222222223,0.0
resource_limited_transition,60,0.1079857459983643,0.09726603575184017,0.10830704521556257,0.1185856992639327,-0.607019131632295,-1.1857214543599044,-0.6313025965489905,-0.00367440643090327,0.12908441786157113,0.11235457495502474,0.12814454715096057,0.14722736472510958,0.051609866020228455,0.21959094043133165,0.03333333333333333,0.0
resource_limited_transition,61,0.10952798224091599,0.09936908517350158,0.1090956887486856,0.12308096740273396,-0.6914830508205736,-1.4197122496693924,-0.6748198259879705,-0.1259237355343261,0.12663322240196703,0.10608819255423688,0.1268579078706881,0.1433915478723962,0.04854537231890312,0.18274541563232394,0.03333333333333333,0.0
resource_limited_transition,62,0.10783385909568874,0.09645110410094637,0.10778128286014721,0.11724500525762356,-0.5990779898409168,-1.1149615515000217,-0.602191110710281,0.04406131606031906,0.12929884195174612,0.11428942336925547,0.1290014953862113,0.14875065149946645,0.04053559459630665,0.17067932981590478,0.07777777777777778,0.0
resource_limited_transition,63,0.10772870662460568,0.09726603575184017,0.10830704521556257,0.11782334384858044,-0.593851073927454,-1.145510203288977,-0.6313025965489905,-0.00367440643090327,0.1294294111603383,0.11344715667545534,0.12813826440129805,0.14723900100254678,0.03804062660714736,0.1711834049564189,0.03333333333333333,0.0
resource_limited_transition,64,0.10660123846243721,0.09511041009463722,0.10699263932702419,0.11882229232386961,-0.5288690842878486,-1.1981716449476434,-0.5583729172546199,0.1230443903526014,0.13144553225487537,0.11200257216730675,0.13029484215027676,0.15128577819020106,0.047040495501419255,0.1952408983992303,0.1,0.0
resource_limited_transition,65,0.10789227713517935,0.09592534174553102,0.10830704521556257,0.1204521556256572,-0.6009653570769864,-1.2834668139795349,-0.6313025965489905,0.07495795341788881,0.12929884499474717,0.1096948324623067,0.128131534336618,0.14974749546002658,0.05254276341863321,0.21500196812388403,0.08888888888888889,0.0
resource_limited_transition,66,0.10625657202944269,0.09539957939011567,0.10672975814931651,0.11514195583596215,-0.5111838120797354,-1.0030326421274944,-0.5437416107383355,0.1059382007445244,0.13191152145925414,0.1173925238200586,0.1307323055240314,0.15074289753419576,0.053966017717650326,0.19147367391696907,0.1,0.0
resource_limited_transition,67,0.10712700081785255,0.0935856992639327,0.10699263932702419,0.11934805467928496,-0.5570596376262339,-1.2257694834093136,-0.5583729172546199,0.21345707310683018,0.130661855041718,0.11124414344126643,0.13029906784446835,0.15421597617090765,0.0521017761675258,0.17900622109295794,0.07777777777777778,0.0
resource_limited_transition,68,0.10659539665848815,0.09592534174553102,0.10751840168243953,0.11629863301787592,-0.5297170542449723,-1.0645935422823845,-0.5875976672405927,0.07495795341788881,0.13137732611699063,0.11567334769123673,0.12942359395787645,0.1497584175043585,0.04205869585233323,0.17708261254213448,0.07777777777777778,0.0
resource_limited_transition,69,0.10601705806753124,0.09487381703470031,0.10620399579390116,0.11619348054679285,-0.4973869933526764,-1.0591383138554136,-0.5144029433653302,0.13700246997641657,0.1323416681225665,0.11581559784206527,0.13160909277577001,0.15175164842291247,0.04702582162638347,0.2320455058471182,0.07777777777777778,0.0
resource_limited_transition,70,0.10603458347937844,0.09563617245005258,0.10620399579390116,0.11805993690851735,-0.49778812081091967,-1.1580230810459662,-0.5144029433653302,0.09201782851366272,0.13235459500967311,0.1130827281848311,0.13161205551349164,0.1503121749145982,0.04308131685577428,0.1979566859581725,0.1111111111111111,0.0
resource_limited_transition,71,0.10546792849631967,0.09539957939011567,0.10515247108307045,0.11658780231335436,-0.46700885140757964,-1.0798870595409267,-0.4554961160449786,0.1059382007445244,0.13323899879391762,0.11524444406985904,0.13336693863518484,0.1507600697071455,0.05175454837959453,0.19086819801788268,0.1111111111111111,0.0
resource_limited_transition,72,0.10692253767963547,0.09674027339642481,0.10725552050473186,0.11735015772870662,-0.5490978137858094,-1.1203897463489034,-0.5730042237709043,0.02709338941260119,0.1307553649128801,0.1141183019887061,0.1298479886244374,0.1482457616317723,0.059771549857552404,0.20042732507617766,0.06666666666666667,0.0
resource_limited_transition,73,0.10563149900689334,0.09329652996845426,0.10541535226077813,0.11706098843322818,-0.4748007289449899,-1.1051346118184904,-0.4702420030733262,0.23070359827406556,0.13305851706233307,0.11453408771144155,0.13293276584248795,0.15479685330574783,0.04058703047227533,0.1896877051019305,0.15555555555555556,0.0
resource_limited_transition,74,0.10539198504498189,0.0906677181913775,0.10541535226077813,0.11700841219768665,-0.461140667007215,-1.1024171476544167,-0.4702420030733262,0.3885924068011178,0.13348185549827007,0.11460370752601325,0.13293401855856785,0.15998356461699692,0.05087496091985206,0.20864163351330972,0.1,0.0
resource_limited_transition,75,0.10508236943568174,0.09253417455310199,0.10620399579390116,0.11595688748685594,-0.4445782451847426,-1.0465304872147163,-0.5144029433653302,0.2762576216338986,0.1339468096978165,0.11615318490439719,0.13160178373955628,0.15628796665884415,0.053340913739554095,0.18885658863373092,0.1111111111111111,0.0
resource_limited_transition,76,0.10585932936090664,0.09539957939011567,0.10541535226077813,0.11911146161934805,-0.48862794125343745,-1.213350456101562,-0.4702420030733262,0.1059382007445244,0.13260477599766374,0.11156073228418678,0.13293403067130488,0.15077339401717058,0.06034405487017256,0.21653703849223255,0.08888888888888889,0.0
resource_limited_transition,77,0.10603458347937844,0.09516298633017876,0.10515247108307045,0.11834910620399579,-0.49747324400856485,-1.1732399806532028,-0.4554961160449786,0.11989628036833958,0.1323798731036514,0.11265304974257355,0.13338083931380224,0.15122308099383472,0.05540822675468253,0.20588300147861133,0.1,0.0
resource_limited_transition,78,0.10545040308447248,0.0935856992639327,0.10594111461619349,0.11572029442691903,-0.4657873147010852,-1.0338907615778499,-0.49969541673350204,0.21345707310683018,0.13328393141428518,0.11650223471595055,0.1320409044948317,0.1542473135496185,0.044415937099328305,0.17846547616606429,0.14444444444444443,0.0
resource_limited_transition,79,0.10528099076994976,0.09434805467928496,0.10541535226077813,0.11729758149316509,-0.4549563766385904,-1.117710664912959,-0.4702420030733262,0.1681511776726671,0.13366763058780393,0.1141746175579525,0.13293176912104374,0.15278174167769615,0.04936352329471541,0.2105197829396266,0.13333333333333333,0.0
resource_limited_transition,80,0.10537445963313471,0.0935856992639327,0.10594111461619349,0.11595688748685594,-0.46132947157740445,-1.0465304872147163,-0.49969541673350204,0.21345707310683018,0.1334264448568831,0.11614579333950448,0.13203821268482535,0.15425037766897526,0.049093194925692675,0.22717602270964019,0.13333333333333333,0.0
resource_limited_transition,81,0.10477275382638158,0.09516298633017876,0.1046267087276551,0.11700841219768665,-0.42759142802480954,-1.1024171476544167,-0.4259272828904958,0.11989628036833958,0.13444436062537113,0.11459352973930366,0.13427112593820603,0.15122909436734222,0.051456844277488076,0.20784210487708116,0.12222222222222222,0.0
resource_limited_transition,82,0.10570160065428205,0.09382229232386961,0.1046267087276551,0.11882229232386961,-0.47936127432403824,-1.1981716449476434,-0.4259272828904958,0.19938474509247783,0.1329009122620206,0.11196604031924956,0.13427192940744187,0.15379618976457082,0.053832957051835925,0.19631069393208,0.08888888888888889,0.0
resource_limited_transition,83,0.10491879892510807,0.09511041009463722,0.10488958990536278,0.11805993690851735,-0.4358957306564309,-1.1580230810459662,-0.4407116994677372,0.1230443903526014,0.13418866408724495,0.11306229760625994,0.13382414089867714,0.1513335797457235,0.0434479068603381,0.158656800645472,0.1,0.0
resource_limited_transition,84,0.10472601939478911,0.09300736067297581,0.1046267087276551,0.11543112513144059,-0.4240853581859569,-1.0184811956836644,-0.4259272828904958,0.24799737479671763,0.13458070022754245,0.11692711403527518,0.13427282388594697,0.1553793572044206,0.050129889325867386,0.19258911639306847,0.14444444444444443,0.0
resource_limited_transition,85,0.10474354480663628,0.09458464773922187,0.1046267087276551,0.117534174553102,-0.4260019475154428,-1.130255068758564,-0.4259272828904958,0.15415520435696756,0.13448906809939326,0.1138243140313208,0.13427290521039445,0.15233577904843806,0.05872925303321434,0.20344463687468875,0.13333333333333333,0.0
resource_limited_transition,86,0.10555555555555556,0.0946372239747634,0.1056782334384858,0.117534174553102,-0.47137511707369617,-1.130255068758564,-0.4849878901016738,0.1509984432921161,0.13313191502181326,0.11382445977590847,0.13248025506615307,0.15223197105033565,0.05440390949751871,0.2116748962977862,0.12222222222222222,0.0
resource_limited_transition,87,0.10484869727771937,0.0935856992639327,0.10515247108307045,0.11595688748685594,-0.4306900331469698,-1.0465304872147163,-0.4554961160449786,0.21345707310683018,0.13439583476824396,0.11614382901327854,0.13337596392805134,0.1542528740119196,0.05098961420132731,0.22153509264665272,0.16666666666666666,0.0
resource_limited_transition,88,0.1054620866923706,0.09516298633017876,0.1046267087276551,0.117534174553102,-0.46565933116322433,-1.130255068758564,-0.4259272828904958,0.11989628036833958,0.13332421676635087,0.11382541055364102,0.1342716415537816,0.1512296637277944,0.060527968799482926,0.23625524278576235,0.1,0.0
resource_limited_transition,89,0.10535693422128753,0.09219242902208202,0.10515247108307045,0.11729758149316509,-0.45855642034393657,-1.117710664912959,-0.4554961160449786,0.29683844179103025,0.13358526871729234,0.11417298708039178,0.13337756212135052,0.15697627814363102,0.05616265436312936,0.22217960339442752,0.12222222222222222,0.0
resource_limited_transition,90,0.10640845893211824,0.09721345951629863,0.10620399579390116,0.11777076761303891,-0.5203241871746204,-1.1427679465155531,-0.5144029433653302,-0.0005604661153185628,0.13161825340968647,0.1134828712010007,0.1315941183629467,0.14738673576130723,0.05222277728617993,0.22467870197509185,0.05555555555555555,0.0
resource_limited_transition,91,0.105205047318612,0.09382229232386961,0.1056782334384858,0.11437960042060988,-0.45248878975115,-0.9621692902340011,-0.4849878901016738,0.19938474509247783,0.1336675853867406,0.11851513788671642,0.13248486751139285,0.15379187132416394,0.028731460317484997,0.1657559759465987,0.15555555555555556,0.0
resource_limited_transition,92,0.10438719476574367,0.09353312302839117,0.10515247108307045,0.11332807570977918,-0.40659637189254827,-0.9055710579344214,-0.4554961160449786,0.2166312702597132,0.1350518432313699,0.1201224170001299,0.13338152204290205,0.15435112098954026,0.04551704938206955,0.2041301170179316,0.14444444444444443,0.0
resource_limited_transition,93,0.10493632433695524,0.09487381703470031,0.1046267087276551,0.11700841219768665,-0.4370180366903491,-1.1024171476544167,-0.4259272828904958,0.13700246997641657,0.13415302039724644,0.1145993966073087,0.13426440469161666,0.15177224861593,0.06098370294108034,0.19041292735033463,0.08888888888888889,0.0
resource_limited_transition,94,0.10567823343848581,0.09592534174553102,0.1056782334384858,0.1167192429022082,-0.47858268209227905,-1.0870850985097882,-0.4849878901016738,0.07495795341788881,0.13290221534914082,0.11502518312652948,0.1324906859666751,0.1497797956441261,0.05471807555646351,0.21864999078510047,0.07777777777777778,0.0
resource_limited_transition,95,0.10626825563734081,0.09587276550998948,0.10515247108307045,0.11834910620399579,-0.5114076361014936,-1.1732399806532028,-0.4554961160449786,0.07813497943825704,0.13192515715992797,0.1126581768827447,0.13337491079526506,0.1498822445081635,0.045137121280205764,0.18365378642808056,0.06666666666666667,0.0
resource_limited_transition,96,0.10521088912256106,0.09779179810725552,0.10515247108307045,0.11409043112513144,-0.45436279005861513,-0.9466422956393199,-0.4554961160449786,-0.03435962287166454,0.13354812127354362,0.118963820023035,0.13337220741357753,0.14630334556819422,0.06213759232721155,0.23718635813727623,0.03333333333333333,0.0
resource_limited_transition,97,0.10726136230868093,0.09516298633017876,0.10725552050473186,0.11963722397476341,-0.5661338603146845,-1.2409103512622788,-0.5730042237709043,0.11989628036833958,0.1303196984722429,0.11082228957975614,0.1298483862679557,0.1512102230221283,0.04936022261006465,0.17566686212812088,0.1111111111111111,0.0
resource_limited_transition,98,0.10481948825797406,0.09487381703470031,0.10515247108307045,0.11543112513144059,-0.4297724147321249,-1.0184811956836644,-0.4554961160449786,0.13700246997641657,0.13438828735337077,0.11694665207245136,0.13336607313620294,0.15175721550164756,0.04474333391586097,0.1949790038298893,0.15555555555555556,0.0
resource_limited_transition,99,0.10587685477275383,0.09516298633017876,0.10594111461619349,0.1167192429022082,-0.49064331954978085,-1.0870850985097882,-0.49969541673350204,0.11989628036833958,0.1324986513344533,0.11503814289616308,0.13204720061163366,0.15120288514004546,0.0654015411850319,0.23954924933510693,0.1111111111111111,0.0
resource_limited_transition,100,0.10649024418740506,0.09487381703470031,0.10594111461619349,0.11829652996845426,-0.5226265849570846,-1.1705045547526678,-0.49969541673350204,0.13700246997641657,0.13163403219732464,0.11274506372340293,0.13204358133911087,0.15174934012791452,0.039011609617092775,0.1712412058105994,0.08888888888888889,0.0
resource_limited_transition,101,0.1054328776726253,0.09434805467928496,0.1046267087276551,0.11700841219768665,-0.4646143425756463,-1.1024171476544167,-0.4259272828904958,0.1681511776726671,0.1333258747113926,0.1146208544753945,0.134239826935023,0.15274943905591595,0.05800969787282226,0.22066175247553538,0.12222222222222222,0.0
resource_limited_transition,102,0.1068874868559411,0.09592534174553102,0.1056782334384858,0.12039957939011567,-0.5441609727189464,-1.2807584584222782,-0.4849878901016738,0.07495795341788881,0.131018262070855,0.10976341944384961,0.13247220485284683,0.14975079473801778,0.067563045325615,0.2594766683740413,0.1,0.0
resource_limited_transition,103,0.10679985979670523,0.09621451104100946,0.10778128286014721,0.11921661409043112,-0.539906578682878,-1.218662728064252,-0.602191110710281,0.05794416513572475,0.13112398143587342,0.11145402056501783,0.12899865787994103,0.14920257626895206,0.0509717880542413,0.18965309704267524,0.07777777777777778,0.0
resource_limited_transition,104,0.10628578104918798,0.09674027339642481,0.10620399579390116,0.11724500525762356,-0.5132058914186082,-1.1149615515000217,-0.5144029433653302,0.02709338941260119,0.13183678282767605,0.11428529248120309,0.13159048277505214,0.14821581515993115,0.05730499213625412,0.20141997777654624,0.07777777777777778,0.0
resource_limited_transition,105,0.10767028858511508,0.09750262881177708,0.10856992639327025,0.11911146161934805,-0.5896460910177712,-1.213350456101562,-0.645820799810563,-0.01748275382924593,0.12958858340657387,0.11159623840066632,0.12771162465491692,0.14679901224389286,0.06471468114974047,0.20611079339529867,0.044444444444444446,0.0
resource_limited_transition,106,0.10844724851033999,0.097739221871714,0.10830704521556257,0.12016298633017876,-0.6320939442602264,-1.268401402455234,-0.6313025965489905,-0.031254118748056635,0.12836317608078032,0.11011168289444176,0.12814636772784083,0.14636038519826644,0.05832368407855169,0.2299770562982463,0.044444444444444446,0.0
resource_limited_transition,107,0.10900221988550066,0.09936908517350158,0.10935856992639327,0.12016298633017876,-0.6636307837822183,-1.268401402455234,-0.6893006489038055,-0.1259237355343261,0.12740344445584292,0.11011595429842015,0.12643678221606658,0.14338485480782548,0.06120563916320177,0.20333713086436547,0.03333333333333333,0.0
resource_limited_transition,108,0.10884449117887603,0.09750262881177708,0.10883280757097792,0.12121451104100946,-0.6532570452827035,-1.323178011686023,-0.6603390030721354,-0.01748275382924593,0.12776902137530183,0.10865209161825257,0.12729262024203195,0.14678264497483107,0.05408472079479436,0.19825169209755494,0.044444444444444446,0.0
resource_limited_transition,109,0.10872181329594578,0.09621451104100946,0.10751840168243953,0.12121451104100946,-0.6454168547993314,-1.323178011686023,-0.5875976672405927,0.05794416513572475,0.12804194005922317,0.1086565750204341,0.12940944266271726,0.14917003175549096,0.06681603006707328,0.27462012584770235,0.1,0.0
resource_limited_transition,110,0.10929431008295361,0.097739221871714,0.1090956887486856,0.12145110410094637,-0.6774718964062152,-1.335473562915251,-0.6748198259879705,-0.031254118748056635,0.1270844251737574,0.10833297202002648,0.12686290452540772,0.14633760121411987,0.05902845376181303,0.23986999649431825,0.044444444444444446,0.0
resource_limited_transition,111,0.10947540600537445,0.09750262881177708,0.11041009463722397,0.12150368033648791,-0.6887783941598076,-1.3381685321076593,-0.7470009174560535,-0.01748275382924593,0.12670131376506696,0.1082675166428099,0.1247659044046629,0.14676481116287743,0.06413024288491272,0.23528835037334345,0.03333333333333333,0.0
resource_limited_transition,112,0.11029910036219186,0.09931650893796004,0.1101472134595163,0.12039957939011567,-0.7345440990922744,-1.2807584584222782,-0.7325943835043038,-0.12284329256149275,0.12535180970657256,0.10980635244670581,0.1251855748355144,0.14345355534569257,0.047157591962912235,0.21847014265896733,0.022222222222222223,0.0
resource_limited_transition,113,0.10948708961327258,0.09779179810725552,0.1101472134595163,0.11992639327024185,-0.6905932557730574,-1.256013419666444,-0.7325943835043038,-0.03435962287166454,0.1266020486226363,0.11047929695190162,0.12518061319404078,0.14621931689521456,0.055025691542855505,0.24667983362647272,0.022222222222222223,0.0
resource_limited_transition,114,0.11055613973595046,0.09936908517350158,0.11067297581493166,0.12197686645636173,-0.7476118269197771,-1.362729054590953,-0.7613705397404582,-0.1259237355343261,0.1250125603190506,0.10762790968170945,0.12435046557404279,0.14334323944642588,0.07208169115755243,0.24209364599206554,0.022222222222222223,0.0
resource_limited_transition,115,0.11237878256805701,0.10118296529968454,0.11093585699263933,0.12460567823343849,-0.8474368166332651,-1.4979959374239702,-0.775740162024863,-0.2303117471202141,0.12212521446413677,0.1040857058779612,0.12393394026628127,0.14010591897616265,0.06600194559520074,0.23816306797502224,0.0,0.0
resource_limited_transition,116,0.1125540366865288,0.10299684542586751,0.11198738170347003,0.1254206098843323,-0.8576532688829549,-1.5395816314053912,-0.8329984039219436,-0.3337316401084811,0.12180918988353559,0.10301648584407375,0.12229882667954153,0.1369422136219102,0.05820449830749252,0.2368919975028246,0.011111111111111112,0.0
resource_limited_transition,117,0.11278770884449119,0.1019453207150368,0.11172450052576235,0.12576235541535224,-0.8691477248431506,-1.5568544471141363,-0.8187021468036568,-0.273875672862436,0.12152514413402342,0.1025830822107787,0.12270098811000443,0.1387588320807259,0.0563395109019678,0.18609189871974297,0.011111111111111112,0.0
resource_limited_transition,118,0.11330762939595748,0.10170872765509989,0.11356466876971609,0.12355415352260778,-0.8981242335016435,-1.4440903095381596,-0.9183396576642641,-0.26039397618946186,0.12066460768692804,0.1055047336386038,0.11986564405870775,0.13916365526643057,0.05573574422327453,0.20431294962577562,0.0,0.0
resource_limited_transition,119,0.11398527865404837,0.10299684542586751,0.11409043112513144,0.12513144058885384,-0.9346608693377076,-1.5248489198915083,-0.9466422956393199,-0.3337316401084811,0.11963595547326425,0.10341074370487308,0.11906750585101968,0.13692329869923708,0.10828327739383707,0.40761413228406923,0.0,0.0
elevated_pressure,0,0.13634883278657348,0.129204107830552,0.136339323919555,0.1415971330765939,-1.8446537929417237,-2.0973071199666795,-1.8457573011726163,-1.4944877849790934,0.1640982396217273,0.15428434429154694,0.1640182669823077,0.17791537982028904,0.04709060404751595,0.18329261373708175,0.0,0.0
elevated_pressure,1,0.13657585698664004,0.13076059050064184,0.1367137355584082,0.1413938810440736,-1.8557450243821156,-2.0876899898695482,-1.863870866372332,-1.572108729316267,0.16365861113088875,0.1546573194141875,0.16331301814357185,0.17478286396417755,0.027626511213058765,0.1046391468836278,0.0,0.0
elevated_pressure,2,0.13734013217325156,0.13189987163029526,0.13756953359007273,0.142201540436457,-1.892877527201506,-2.1258300118270514,-1.9051598717499798,-1.628570573840286,0.16220768031882846,0.15321729234942544,0.16170247339893948,0.17252167992071166,0.022759955423014774,0.09186832769873356,0.0,0.0
elevated_pressure,3,0.13715827509152284,0.13172336328626444,0.13740907145913567,0.1432017543859649,-1.8841318460755203,-2.172881009438222,-1.8974304646916667,-1.6198400171563303,0.16254802109874356,0.15144956950221314,0.1620112353845874,0.17286155310574558,0.02434811830494929,0.10566564545378557,0.0,0.0
elevated_pressure,4,0.1373246802643465,0.13162708600770218,0.13724860932819855,0.14314291827128797,-1.8918101556535576,-2.1701212346188923,-1.8896959925774697,-1.6150790763864127,0.16226347480727601,0.15156002248253275,0.1623021119496391,0.173043393266142,0.032726286458991956,0.09152160345968849,0.0,0.0
elevated_pressure,5,0.13841106832120953,0.13211382113821138,0.1386392811296534,0.14475288831835686,-1.944021605739815,-2.245364435050652,-1.9565406756332568,-1.6391399559630868,0.16024716577100315,0.14875694984804116,0.15972383733324583,0.17207904902858762,0.030353004843832614,0.09969794596573349,0.0,0.0
elevated_pressure,6,0.13843246327200112,0.13323170731707318,0.13789045785194692,0.14389174154899442,-1.9453276745066626,-2.2052097465761045,-1.9205997179601573,-1.6941946819558353,0.1601840983831017,0.15025779230186648,0.16110414276944224,0.16989371954785595,0.025202788536819953,0.10336457455106594,0.0,0.0
elevated_pressure,7,0.13892811296534016,0.1335900727428327,0.1386392811296534,0.1448277706461275,-1.9690025223041472,-2.2488890405408903,-1.9565419324533744,-1.7117789139102015,0.15928153359009536,0.14863696705503693,0.15972674215373397,0.16919446986905043,0.031120642579973247,0.10894947210261492,0.0,0.0
elevated_pressure,8,0.13939761327437836,0.1334456568249893,0.13933461703038083,0.1460793752674369,-1.9910568838018077,-2.307037163953788,-1.9898050623669084,-1.7046991095604445,0.15845220928090628,0.14649168831472684,0.15845655226738747,0.16946562534955836,0.025711624720130926,0.09905077775753313,0.0,0.0
elevated_pressure,9,0.1393928588408691,0.13387355584082156,0.1391206675224647,0.14502032520325203,-1.9912192741288124,-2.2578662274877734,-1.9795814411031092,-1.7256768290013873,0.15843074676821825,0.14831562894338632,0.15883855545877495,0.16863415321161138,0.027647228209305066,0.09585294489763219,0.0,0.0
elevated_pressure,10,0.14004183901488138,0.13388960205391529,0.13986949080017114,0.14582798459563542,-2.021899652596527,-2.2953827712254102,-2.015320339096547,-1.7264425097914007,0.1572695390230616,0.14693381054725957,0.15748078029443996,0.16859840652608107,0.026316605014736687,0.08070439916851327,0.0,0.0
elevated_pressure,11,0.14061118242761375,0.1355370132648695,0.14088575096277278,0.14624518613607188,-2.049407991332795,-2.314712986027083,-2.063627989306719,-1.8068355460076142,0.15620787014299156,0.1462274419156908,0.15564137236458084,0.16545277373497835,0.028968353254122576,0.11699411912091928,0.0,0.0
elevated_pressure,12,0.14069438501402556,0.13531236628155754,0.14013692768506633,0.14720795892169447,-2.0530164879352837,-2.3591734977042345,-2.028054884809548,-1.7959103018621925,0.15608565465692695,0.14460329828504515,0.15698850991540608,0.16587087266977443,0.022578393026620604,0.08937512538876244,0.0,0.0
elevated_pressure,13,0.14115318784766795,0.13493260590500641,0.14131364997860504,0.14717051775780915,-2.0749180924031263,-2.3574418882502934,-2.0839008821898686,-1.777416251982482,0.15525148298943778,0.1446724945881183,0.15488006958361564,0.16658459648271354,0.02607820558063159,0.08592679355261103,0.0,0.0
elevated_pressure,14,0.14150263871059762,0.1371897732135216,0.14142062473256312,0.14586542575952074,-2.0918379865867083,-2.2971231821874665,-2.0889629171184265,-1.8868581607609052,0.15460045452564836,0.14689220429505245,0.15469303986243768,0.16234485724306116,0.02445270190690557,0.09444018456774758,0.0,0.0
elevated_pressure,15,0.14168330718394903,0.13509841677364143,0.14190201112537443,0.1477428326914848,-2.0998965627225323,-2.383790025516687,-2.1117111953501446,-1.7854959966959312,0.15431742387362438,0.1437217602159394,0.15383417710069575,0.16625791303252546,0.02204156030602544,0.07997858093864692,0.0,0.0
elevated_pressure,16,0.14183426044786765,0.1355370132648695,0.14200898587933247,0.14818142918271288,-2.1069526343943634,-2.4039275658016903,-2.116759652725042,-1.8068355460076142,0.15405126280573517,0.14299512329397898,0.1536471695245466,0.16542274221275352,0.029048338703249434,0.1146827500268419,0.0,0.0
elevated_pressure,17,0.14320234869015358,0.13740372272143775,0.14339965768078733,0.14769469405220367,-2.171871383751498,-2.3815755056639523,-2.1821659689046955,-1.8971727333997503,0.15160070439662746,0.14381224126760053,0.15118567092567892,0.16193262999716448,0.027169384765415725,0.10956734095103994,0.0,0.0
elevated_pressure,18,0.1423144582323016,0.13609863072314934,0.14259734702610183,0.1472560975609756,-2.129804189825968,-2.3613923179431624,-2.144481251605588,-1.8340881889684095,0.153184870554321,0.1445527722010111,0.15260788304596762,0.16435689599787634,0.01793547203005866,0.07258457852318884,0.0,0.0
elevated_pressure,19,0.14294560928065422,0.13745186136071888,0.14313222079589216,0.14783910997004707,-2.159601482041066,-2.3882158454098112,-2.169619090405795,-1.899491175762368,0.15206935765814047,0.14357934126287758,0.1516665103978752,0.16183397907376032,0.02645607480962653,0.08673737258427403,0.0,0.0
elevated_pressure,20,0.14322255503256787,0.13787976037655114,0.14329268292682928,0.14928861788617886,-2.1724436523488286,-2.45459828813393,-2.177149418736157,-1.9200853933189037,0.15159755988397464,0.1411811832985504,0.15138768458573137,0.16104137029137233,0.028828093499243805,0.11167566312189685,0.0,0.0
elevated_pressure,21,0.143787144011791,0.1379653401797176,0.1436670945656825,0.14944373127941807,-2.198848458066811,-2.4616765029491816,-2.194696961437839,-1.9241893915353836,0.1506176906460085,0.14093031672459164,0.15073329409643155,0.16088088794840227,0.02523321704349172,0.10692877479369518,0.0,0.0
elevated_pressure,22,0.1435672514619883,0.13745186136071888,0.1435066324347454,0.14987163029525033,-2.188617759491591,-2.4811760780967966,-2.187180075371647,-1.899491175762368,0.1509939837254255,0.14023375290219528,0.1510176167426937,0.1618211364306373,0.01984216280914868,0.06775410796363113,0.0,0.0
elevated_pressure,23,0.1438002187039414,0.13924903722721438,0.14382755669661962,0.14910676080445015,-2.1999295016336617,-2.446279649740389,-2.2022077477176447,-1.9857059734301667,0.15055801127567076,0.1414924388158218,0.15045932546338758,0.15853407721876595,0.027487015105606197,0.08777066606664599,0.0,0.0
elevated_pressure,24,0.1444111634098797,0.13809370988446726,0.14452289259734702,0.15021394950791614,-2.2278909225300048,-2.4967439366739406,-2.2346927996931103,-1.9303673439305988,0.14954803330022248,0.13968297500937393,0.14924952948658193,0.16063335609935733,0.023901610843228647,0.08468191079000863,0.0,0.0
elevated_pressure,25,0.14381567061284647,0.13721651690201112,0.14468335472828414,0.1490158322635858,-2.1997686857927787,-2.4421391432580264,-2.2421743942971086,-1.8881370563177449,0.15059891198761857,0.14164687103100954,0.14897398269057507,0.1622467267305328,0.019696083689158782,0.09789435782077176,0.0,0.0
elevated_pressure,26,0.14382993391337423,0.1375,0.14393453145057766,0.14946512623020966,-2.2008025517408223,-2.4626477026989755,-2.207212094521252,-1.9018084796050527,0.15054876810513967,0.14091107328530939,0.15027002009175222,0.16171919415716618,0.03231378383802041,0.10546851211417331,0.0,0.0
elevated_pressure,27,0.1450506347168735,0.1404257595207531,0.14484381685922124,0.150497432605905,-2.2582111694845746,-2.5096121136022,-2.2496511375910866,-2.041779293121358,0.1484114611390565,0.13923142465084656,0.14870103102788554,0.15640779206870406,0.02292577011496744,0.09072585284373202,0.0,0.0
elevated_pressure,28,0.14431845195644938,0.13913136499786052,0.14425545571245185,0.1487056054771074,-2.2241771085715083,-2.4279497057631416,-2.2222105240994283,-1.980073327861284,0.14966263223576082,0.14216636178413172,0.149716110996498,0.15873372926995621,0.017007223971907053,0.07114269589627367,0.0,0.0
elevated_pressure,29,0.14419364807683166,0.13815789473684212,0.144469405220368,0.14931001283697048,-2.217940101034429,-2.4555678290212377,-2.232194887839155,-1.9334200186593156,0.149906507875503,0.14117208504762183,0.14934936021455714,0.1605057408561121,0.01736329532503746,0.08509682411324172,0.0,0.0
elevated_pressure,30,0.14398564161080207,0.13835579803166453,0.1441484809584938,0.1505134788189987,-2.2080516777077595,-2.5103547891570703,-2.217213481208293,-1.942947428989919,0.15027659952681785,0.13920937734320685,0.149895536085112,0.16013939649520567,0.029058219569029785,0.10012398587759933,0.0,0.0
elevated_pressure,31,0.14508985879332476,0.13967693624304664,0.14489730423620026,0.15104835258878904,-2.259810618695274,-2.534605807234469,-2.2521417694930017,-2.0061312209879447,0.14836044665231457,0.13834679604374844,0.1486153597698297,0.15774283796842356,0.032856095569741756,0.1163745302103476,0.0,0.0
elevated_pressure,32,0.14535135263633336,0.1381525459991442,0.14543217800599056,0.15194694052203678,-2.271529421930488,-2.5751974080481985,-2.277017836530742,-1.9331940471580509,0.1479508021787577,0.1369104463088641,0.1476938654016397,0.16050850156187113,0.02544128026646145,0.10274223903680771,0.0,0.0
elevated_pressure,33,0.14563780725526554,0.1394629867351305,0.14575310226786478,0.15206996148908858,-2.2850229413054275,-2.5807624722966622,-2.2919144815591226,-1.995923599604669,0.1474473587462144,0.13671363166148787,0.1471438398467545,0.15812658170690846,0.020365439178494014,0.10160549047809461,0.0,0.0
elevated_pressure,34,0.14474635097228164,0.13949507916131793,0.14468335472828414,0.15135323063756953,-2.243651800413188,-2.548388518307906,-2.2421743942971086,-1.9974665195143375,0.1489623785700855,0.13786023975791845,0.14897987444232189,0.15806716215365124,0.01818044723076735,0.06915006072421982,0.0,0.0
elevated_pressure,35,0.14523724623211143,0.13922229353872487,0.14516474112109543,0.15025139067180146,-2.2665373366020436,-2.4984500842751425,-2.264587664675972,-1.9844389135881066,0.14811849034736382,0.13963815464016296,0.14815574540441492,0.15855978817655314,0.023460280912328112,0.07960234907711798,0.0,0.0
elevated_pressure,36,0.14467741168639756,0.1392811296534018,0.14468335472828414,0.1496790757381258,-2.2406694398326055,-2.47240126928037,-2.2421743942971086,-1.9872504092138352,0.14906220959962094,0.14057167615774788,0.14897977994993866,0.15845343578204746,0.02041219878472977,0.0761110402249243,0.0,0.0
elevated_pressure,37,0.1448081586079019,0.1384627727856226,0.1452717158750535,0.15037976037655112,-2.246559829474864,-2.5042756014029033,-2.2695616671174648,-1.9480784496071262,0.14885302371540463,0.13942992753879366,0.14797091467227846,0.15994061427954928,0.02698341628105274,0.09310927855649904,0.0,0.0
elevated_pressure,38,0.14507440688441972,0.1384520753102268,0.14505776636713735,0.1516260162601626,-2.2586831884350405,-2.560712695942191,-2.2596112432621243,-1.9475604788093006,0.1484188906470608,0.13742292825883395,0.14833930265057688,0.15996126073253383,0.020392882845516287,0.09634229818302158,0.0,0.0
elevated_pressure,39,0.14432201778158132,0.1382969619169876,0.14441591784338897,0.14994116388532305,-2.2238927969886424,-2.484338573133005,-2.2297006185711465,-1.9401221127577077,0.14968790016475128,0.14014159370624027,0.14943708833912392,0.16024528009177566,0.02184614663188019,0.097441019858592,0.0,0.0
elevated_pressure,40,0.14483906242571198,0.13905648267008985,0.14468335472828414,0.1507862644415918,-2.2479711862193246,-2.522729841132602,-2.2421719686420984,-1.976511472711264,0.14880074609096186,0.13876877475691718,0.14898150703787205,0.15886339175168596,0.024657735807705375,0.09229199951732206,0.0,0.0
elevated_pressure,41,0.1447237674131127,0.13943624304664098,0.1448438168592212,0.1501444159178434,-2.242812780283086,-2.4935870851952138,-2.2496499258800036,-1.9946577773174416,0.14898469341007378,0.13980789704867191,0.14870597172194716,0.15817781970172765,0.01821647852643464,0.09208160606693702,0.0,0.0
elevated_pressure,42,0.14382517947986498,0.13852160890029952,0.14377406931964057,0.1487056054771074,-2.200837584165761,-2.4279497057631416,-2.1997049650921365,-1.950900994551889,0.15053595712751403,0.14216740627868207,0.15053972354357734,0.15983906531876682,0.0221402983579674,0.10402589319113104,0.0,0.0
elevated_pressure,43,0.14474872818903628,0.13852160890029952,0.1446298673513051,0.15110718870346598,-2.2435176203669656,-2.537269553799406,-2.2396813382291265,-1.950900994551889,0.14897503235749138,0.1382469809918988,0.14907325066210964,0.15984100864601583,0.026054701581172936,0.10557623386127445,0.0,0.0
elevated_pressure,44,0.14436124185803262,0.13779952931108258,0.14479032948224219,0.15101091142490372,-2.225549407175724,-2.532907535008702,-2.247159293978089,-1.9162129912115742,0.1496353435034341,0.1384002365296223,0.1487930187811906,0.16116681018907097,0.02716657663381355,0.10990638994804469,0.0,0.0
elevated_pressure,45,0.14480934721627917,0.13904578519469407,0.14457637997432604,0.1521394950791613,-2.2463942971011677,-2.5838919948018146,-2.237187068961118,-1.9759961548871294,0.14886860798300447,0.13659272396726901,0.14916181083455093,0.15889275552776638,0.024392409149562057,0.10734866907308774,0.0,0.0
elevated_pressure,46,0.14393334284220036,0.13728605049208387,0.1436670945656825,0.15046534017971758,-2.2053236885229994,-2.508169030601945,-2.1946957414807935,-1.8914984640259171,0.15038961459750627,0.13927704466661414,0.15073242367900014,0.16211757707511545,0.021800775413081775,0.09650181770061204,0.0,0.0
elevated_pressure,47,0.14414134930822992,0.13787976037655114,0.14420196833547283,0.15073812580231066,-2.215511517735928,-2.520546194890046,-2.219712610749674,-1.9200853933189037,0.14999811510604166,0.13883318572413278,0.14980821175318818,0.16102589148512417,0.026694074008297673,0.10763571760140463,0.0,0.0
elevated_pressure,48,0.14411163409879713,0.13834510055626872,0.14409499358151476,0.15068998716302953,-2.213804300126765,-2.5183614927998903,-2.214714351666912,-1.9424292032364514,0.15007111096228784,0.13890845043770544,0.1499920457834561,0.16017685650465716,0.021492356835498615,0.07755277745040022,0.0,0.0
elevated_pressure,49,0.143749108543717,0.13813115104835258,0.14372058194266152,0.14945977749251177,-2.1971810309780153,-2.462359021468662,-2.197200963264988,-1.9321590960548907,0.15067472255282033,0.140913099057713,0.15064424203151972,0.16057151117659269,0.020659596558764134,0.07254750075291387,0.0,0.0
elevated_pressure,50,0.1438382541720154,0.13810440735986307,0.14377406931964057,0.14977535301668807,-2.201190485052965,-2.4767907965628555,-2.1997049650921365,-1.9308824247862417,0.15053180609761943,0.14038899739613797,0.15054726879583788,0.16062312595295386,0.02415019424844197,0.08250269918130752,0.0,0.0
elevated_pressure,51,0.14388104407359864,0.13659606332905436,0.14356011981172442,0.14973791185280275,-2.203055173979896,-2.4750792194911786,-2.189686517869451,-1.8581811045601926,0.15047133990555292,0.14044763010570804,0.1509193733953137,0.163414547714596,0.0146338615975423,0.06676435134385589,0.0,0.0
elevated_pressure,52,0.1424927494888984,0.13681001283697047,0.14275780915703895,0.1482509627727856,-2.138340587566802,-2.4071072807025495,-2.1520299591234227,-1.8685238601348109,0.1528630052809802,0.14289698218121286,0.15232326746742736,0.16301990228291022,0.018935392726078717,0.09503750873410327,0.0,0.0
elevated_pressure,53,0.1425914039842153,0.13649443731279418,0.1427043217800599,0.14840607616602483,-2.142663901556757,-2.4142223620021,-2.1495137235398634,-1.8532278646452804,0.15271500882385017,0.1426354389647597,0.15241982717191171,0.16361505119418726,0.01944605690940914,0.07186410024360984,0.0,0.0
elevated_pressure,54,0.1424428279370513,0.1369758237056055,0.14227642276422764,0.14757702182284982,-2.1359491807130997,-2.376166170239023,-2.1293690987404217,-1.8765334443934782,0.15295067689506642,0.14401415487429775,0.15316977870870518,0.162719460864879,0.01811708486369584,0.07733897236089626,0.0,0.0
elevated_pressure,55,0.14211358341653593,0.13692768506632436,0.14190201112537443,0.14795678219940095,-2.1205760306770802,-2.393619938963907,-2.1117111953501446,-1.8742092982368252,0.15352171637481551,0.14337538428284682,0.15382936326435093,0.16281280385151814,0.024745984823229195,0.10071871611732416,0.0,0.0
elevated_pressure,56,0.1425759520753102,0.13663350449293968,0.14200898587933247,0.1488821138211382,-2.1420728175231383,-2.4360186260105974,-2.116759652725042,-1.8599852093213165,0.1527282313635085,0.141836261638997,0.15364557359258602,0.16336488436465355,0.022394937774627637,0.07980857291736367,0.0,0.0
elevated_pressure,57,0.14193648076831647,0.136227000427899,0.14163457424047926,0.14833654257595208,-2.111865072843599,-2.411043115417354,-2.099079571976086,-1.8403168624714643,0.1538634946783578,0.1427357285647425,0.1543073894213814,0.16412754047584324,0.019274319082960036,0.0811693730636041,0.0,0.0
elevated_pressure,58,0.1418913136499786,0.13676187419768934,0.14179503637141633,0.14732563115104835,-2.109791133186554,-2.364590707714963,-2.1066602727926353,-1.8661985709720736,0.15393720446872342,0.14442178724762736,0.15402581530365989,0.1631334783055112,0.017419629243463134,0.07275159676365135,0.0,0.0
elevated_pressure,59,0.14119360053249655,0.13547817715019256,0.14120667522464697,0.14705284552845527,-2.0766712351280545,-2.3520220502269664,-2.0788363735113236,-1.8039752806517357,0.15518947049010468,0.14487712332512748,0.15507079053022266,0.16554371093872133,0.02256487557044723,0.09192657423677854,0.0,0.0
elevated_pressure,60,0.14140398421528075,0.1350395806589645,0.14142062473256312,0.14770539152759948,-2.086535511996416,-2.3820626133017435,-2.0889616810250518,-1.7826286718768998,0.15482532598457438,0.14377733564988754,0.1546905241760625,0.16637827545503833,0.023467532519811707,0.09006930067518577,0.0,0.0
elevated_pressure,61,0.1410783055198973,0.13569212665810867,0.14077877620881474,0.14721865639709028,-2.071552161495916,-2.3596628625636162,-2.058552329145427,-1.814371378649252,0.15537397451796459,0.14459024900404593,0.15583811953080062,0.16514886155910194,0.012825933906242168,0.06673733062904731,0.0,0.0
elevated_pressure,62,0.13976964769647698,0.13467051775780917,0.13997646555412924,0.1449721865639709,-2.0092341653798442,-2.2556235682360755,-2.0204159027511763,-1.7646365450511448,0.15773920342276798,0.1484177894406913,0.15727538722919626,0.16708835601290348,0.01826059473485532,0.07420458836982531,0.0,0.0
elevated_pressure,63,0.14076451290828698,0.13584724005134788,0.1407787762088147,0.14631471972614463,-2.0567654352988014,-2.317924288536839,-2.058553569946903,-1.8219011977789734,0.15592845543008732,0.14611245526798528,0.15583818136551886,0.16486555575855344,0.02654938777386224,0.09068863640296435,0.0,0.0
elevated_pressure,64,0.14024984548091093,0.13419448010269577,0.1402439024390244,0.14597240051347882,-2.0321335890390797,-2.3020813770023927,-2.033142972747695,-1.741382930034213,0.15686875396360006,0.14669145362139963,0.15680397315342295,0.16800608599389102,0.01753411557365949,0.0832328038854513,0.0,0.0
elevated_pressure,65,0.139895640184472,0.13461168164313222,0.13981600342319211,0.14605263157894738,-2.015353856029004,-2.3057880172622975,-2.0127719336950847,-1.7617635556391886,0.15750341422069564,0.14655174396631007,0.15757565608022728,0.16721329255036066,0.020691082978601193,0.07686010122073503,0.0,0.0
elevated_pressure,66,0.1398136262064375,0.13380402225074883,0.13965554129225505,0.14587612323491655,-2.0113613481975974,-2.297616724818094,-2.005121724901305,-1.7222659639874294,0.1576581083999951,0.14684877980495836,0.15786835163225194,0.1687643079763541,0.02099135694957338,0.09906477696015194,0.0,0.0
elevated_pressure,67,0.13984809584937954,0.13446726572528883,0.1399229781771502,0.14500962772785622,-2.013227444297133,-2.257370764421881,-2.017868744498009,-1.7547151512563834,0.15757956869959638,0.14833387114321947,0.15738242098467514,0.1674966394668024,0.020198861857616397,0.08096725765494142,0.0,0.0
elevated_pressure,68,0.13959848809014405,0.13436563970902868,0.1390136927685066,0.1465661103979461,-2.0007307859813626,-2.329554741581996,-1.9744658717631332,-1.749724462132637,0.1580804780545214,0.1456666857062372,0.15903626501873447,0.16769714131415137,0.019450003154255796,0.09442073963004971,0.0,0.0
elevated_pressure,69,0.13971140588598868,0.13364890885750963,0.13965554129225502,0.14549101412066753,-2.0062602094056543,-2.2797146542185756,-2.005119226604711,-1.7146661316922376,0.15786183009830917,0.1475013614099663,0.15786599881758936,0.16907446047460337,0.019286319019809452,0.07622563414175722,0.0,0.0
elevated_pressure,70,0.13858341653591974,0.13211382113821138,0.1383183568677792,0.1453305519897304,-1.952228344140906,-2.2722960388388027,-1.9411525225568314,-1.6391399559630868,0.15993373596968713,0.1477705111748828,0.16031011836067416,0.17206156158576874,0.015659054753214163,0.07825100380837716,0.0,0.0
elevated_pressure,71,0.1385073455997718,0.1329696191698759,0.13885323063756955,0.14347454000855797,-1.9489947057451809,-2.1856715684323564,-1.9667881286198248,-1.6813129092089578,0.16004285217680644,0.15099563904940838,0.1593380598060098,0.170395393976955,0.028519004419585593,0.10779845498281118,0.0,0.0
elevated_pressure,72,0.13935838919792706,0.1339323919554985,0.1392811296534018,0.14490265297389815,-1.9897609581841054,-2.252390832683193,-1.9872504092138352,-1.728558343906143,0.15847839311466702,0.14850240403995643,0.15854513995788386,0.16853915766086847,0.025066132706713685,0.10309690306683406,0.0,0.0
elevated_pressure,73,0.13869395711500973,0.1321405648267009,0.1389602053915276,0.14459242618741977,-1.9574723102687779,-2.2379329226699056,-1.9719074603052855,-1.6404522951209914,0.1597343302124712,0.1490371489079383,0.15913534018843345,0.17201998406241936,0.017417125545619756,0.07758294790700725,0.0,0.0
elevated_pressure,74,0.138458612656302,0.13285194694052205,0.13879974326059052,0.14361895592640136,-1.9467172093278107,-2.1924422618320643,-1.9642272075817528,-1.6755227398592736,0.16012722502074914,0.15073299510985855,0.15942997574505802,0.1706336153600905,0.023200910193789396,0.09774844517013108,0.0,0.0
elevated_pressure,75,0.13836114676936243,0.13225823705605477,0.1381578947368421,0.1439987163029525,-1.9416224384091998,-2.21021263207122,-1.9334483730982623,-1.6462654552885319,0.16034088204342137,0.15006563059158912,0.16061790253511682,0.17179476559123055,0.018758203342811336,0.08371938149049067,0.0,0.0
elevated_pressure,76,0.13793324775353016,0.1320924261874198,0.137997432605905,0.14327128797603766,-1.9214232963402942,-2.1761352248421413,-1.9257429643726924,-1.638078305416573,0.16110928710834746,0.1513405733898004,0.1609153930335808,0.17212236264044148,0.022303026262178373,0.08670112618720174,0.0,0.0
elevated_pressure,77,0.1381448200446917,0.13321031236628156,0.13821138211382114,0.1428808301240907,-1.93166942744132,-2.157810434207846,-1.936018103305037,-1.693135947369043,0.1607073665982326,0.15202722526217274,0.16051802196223702,0.1699463660945213,0.02091762321992453,0.09454426765968352,0.0,0.0
elevated_pressure,78,0.13743997527694576,0.13269683354728284,0.1375160462130937,0.14277920410783054,-1.8976716340965996,-2.1529767161433253,-1.9025838246804048,-1.667888093419551,0.16202369007291473,0.15221076464244737,0.16180564695860794,0.1709450167162254,0.022780908004933927,0.0829119913264898,0.0,0.0
elevated_pressure,79,0.13843365188037846,0.13300706033376122,0.13847881899871628,0.14368848951647412,-1.9454562175901347,-2.195693926481963,-1.9488503732231168,-1.6831512656937604,0.16017816677782218,0.15060114087383997,0.16001558673167904,0.1703438123888181,0.02470383747631847,0.0872758667479523,0.0,0.0
elevated_pressure,80,0.13782032995768553,0.13066431322207958,0.13789045785194695,0.1438382541720154,-1.9157123023120852,-2.2026651496663843,-1.9206009805079276,-1.5673264731026866,0.16133809113303269,0.15034107498640922,0.16111321861312575,0.1749523406206609,0.022302558358009487,0.09212996639703766,0.0,0.0
elevated_pressure,81,0.13810559596824037,0.1319480102695764,0.13805091998288405,0.14408964484381684,-1.9293609554007234,-2.2144399728724635,-1.928312694579467,-1.6309492742642153,0.160811801176863,0.14989874970344771,0.16081155743000722,0.17241431063725912,0.01814523354177981,0.07996338529379177,0.0,0.0
elevated_pressure,82,0.13700732182760425,0.13150941377834832,0.13735558408215662,0.14227642276422764,-1.8769114697362568,-2.1293703286245496,-1.8948531517725038,-1.6092514827096933,0.162823674083776,0.1530934833855535,0.16210738449838547,0.17327910132680308,0.025280789814724435,0.0936388115287383,0.0,0.0
elevated_pressure,83,0.13826249227404555,0.13316217372700043,0.13778348309798888,0.14555519897304237,-1.9370172341951937,-2.2827283976150285,-1.915456471547622,-1.6907736782746499,0.16051485340834565,0.14735915044070233,0.1613110540964329,0.1700476268172224,0.023798946577644635,0.08416267180321066,0.0,0.0
elevated_pressure,84,0.1377454476299149,0.1311884895164741,0.13772999572100986,0.1433675652545999,-1.9122123812422522,-2.1806567261990084,-1.9128829536962284,-1.5933489652347759,0.16147174299812012,0.1511604909760652,0.16141111180303225,0.17391473538636307,0.02127121820385783,0.08190468742752573,0.0,0.0
elevated_pressure,85,0.13807231493367567,0.1319480102695764,0.13853230637569533,0.14313222079589216,-1.9278969206116894,-2.1696203141573567,-1.9514150647228328,-1.6309492742642153,0.16086168934877315,0.15157468109325803,0.15991129879712332,0.17241649469367656,0.02455745985267022,0.0931935620270429,0.0,0.0
elevated_pressure,86,0.13793562497028478,0.13256846384253315,0.13821138211382114,0.14308408215661103,-1.9214088036350212,-2.167360114510217,-1.936019363390262,-1.6615570661561305,0.1611097040337247,0.15165986893726235,0.1605097191517572,0.17120253718287895,0.01952047879846113,0.09183965653748527,0.0,0.0
elevated_pressure,87,0.13749940569581134,0.1316645271715875,0.1374625588361147,0.1430359435173299,-1.9003908790139752,-2.1650988128004895,-1.9000077776108295,-1.616926943237838,0.16192114762564405,0.15174544183891858,0.16191015158284305,0.17297391056930034,0.021356957811609043,0.07721637653287146,0.0,0.0
elevated_pressure,88,0.1377977463985166,0.13114035087719297,0.13799743260590502,0.1430359435173299,-1.9146140273926768,-2.1650988128004895,-1.9257417026470847,-1.5909631743825576,0.1613792561117338,0.1517461896136577,0.16091115251978383,0.17400849246492225,0.021094046183672957,0.07319765790314303,0.0,0.0
elevated_pressure,89,0.13790353254409737,0.13269683354728284,0.1378369704749679,0.1425492083868207,-1.9200016322519413,-2.142216762337934,-1.9180287260277749,-1.667888093419551,0.16116036688145682,0.15260946300546002,0.1612128178293034,0.17094909783911325,0.023866951166482058,0.09734624490791727,0.0,0.0
elevated_pressure,90,0.13769671468644512,0.13204428754813866,0.13740907145913567,0.1435226786478391,-1.9100436890580685,-2.187929566011808,-1.8974304646916667,-1.6357031392436556,0.16154377781191426,0.15089119491186112,0.16200572783473244,0.17222358651554714,0.02463634567388709,0.09182803500184694,0.0,0.0
elevated_pressure,91,0.138256549232159,0.1329589216944801,0.1378369704749679,0.14402011125374412,-1.9368823374469306,-2.2112032732440783,-1.9180262001087636,-1.680785488793587,0.16051076271145145,0.15002220870593422,0.1612128625154748,0.17043620205138285,0.023358678066420297,0.1020952304452583,0.0,0.0
elevated_pressure,92,0.13767888556078542,0.13139174154899444,0.13762302096705176,0.14427150192554555,-1.9088460845108557,-2.222957466545684,-1.9077346537974074,-1.6034181016755942,0.16160416179806644,0.14958484602837152,0.16160716347917736,0.17350513269585344,0.022194691458372967,0.08995168870089675,0.0,0.0
elevated_pressure,93,0.138088955450958,0.13236521181001284,0.13847881899871628,0.14308408215661103,-1.928786307249003,-2.167360114510217,-1.9488503732231168,-1.6515426890997118,0.16082488366873016,0.15166909193947584,0.1600207104132686,0.17158878770733252,0.02882315219084237,0.09931740889115903,0.0,0.0
elevated_pressure,94,0.13868563685636856,0.13286264441591783,0.13885323063756955,0.1436777920410783,-1.9575690089192475,-2.195196663841928,-1.9667881286198248,-1.6760504216189138,0.1597114487974226,0.150626870042541,0.15932761461118264,0.17061600697319593,0.024367552768638057,0.09732723150779522,0.0,0.0
elevated_pressure,95,0.13835044929396662,0.13333868207103125,0.13810440735986307,0.1441645271715875,-1.941378544426724,-2.217960787011759,-1.9308811638814771,-1.699448194548259,0.16033620179801528,0.14977855108830207,0.16071452661160396,0.16968996281991613,0.02386467738598373,0.09449389747154696,0.0,0.0
elevated_pressure,96,0.13897446869205535,0.13301775780915703,0.1390136927685066,0.14567287120239622,-1.971077497565425,-2.2881851947291714,-1.9744658717631332,-1.683679856968111,0.15920647867347829,0.14717458281763796,0.15903639901829608,0.17030841503176894,0.025774452053641532,0.0981046810178628,0.0,0.0
elevated_pressure,97,0.13912185613084202,0.1327931108258451,0.13885323063756955,0.14522357723577237,-1.9780532531399893,-2.2673233660187933,-1.9667768318540353,-1.6726255047056564,0.15894038776636746,0.1479490107056697,0.15933415739741869,0.1707415928968415,0.02409679967993862,0.08052404820881531,0.0,0.0
elevated_pressure,98,0.1391622688156706,0.13242939666238768,0.1392811296534018,0.14502567394094992,-1.9801642657325291,-2.258059109022973,-1.9872504092138352,-1.6546715725153418,0.1588572929073218,0.1482993319917102,0.1585492879703766,0.17145019436270675,0.024682303771051857,0.09049403005053547,0.0,0.0
elevated_pressure,99,0.139178909332953,0.1335579803166453,0.139602053915276,0.14391313649978604,-1.9811324742936487,-2.2062008689535735,-2.0025708228050214,-1.7101780043850985,0.15880945558504314,0.1502318875383411,0.15796220682921794,0.1692544642177394,0.02010220949630335,0.08938271570758312,0.0,0.0
elevated_pressure,100,0.1386095659202206,0.1322903294822422,0.13879974326059052,0.1438436029097133,-1.9537963720050995,-2.202956144931671,-1.9642272075817528,-1.6477583256503296,0.159861686558453,0.15035681210882035,0.1594261497726248,0.1717185224614713,0.026003587310448856,0.09868189766790741,0.0,0.0
elevated_pressure,101,0.13970427423572482,0.1336007702182285,0.14008344030808728,0.14411638853230638,-2.006181571535023,-2.2157093792514693,-2.0255089729069455,-1.7123073632743722,0.15785599766969524,0.1498845262505342,0.15708837996895716,0.16915987384451744,0.024844802269673925,0.10086441918780634,0.0,0.0
elevated_pressure,102,0.13926805496125136,0.13317287120239624,0.13922764227642276,0.14508985879332478,-1.985313857427967,-2.2610936413002345,-1.9846945040995365,-1.6913031768556233,0.1586520163135572,0.14820041680977447,0.15864053478291362,0.16998188084236723,0.025620459715073953,0.1085144886146163,0.0,0.0
elevated_pressure,103,0.1403853468359245,0.13450470688917415,0.1402439024390244,0.14473684210526316,-2.0386613774379976,-2.2446674503650907,-2.0331442175065657,-1.7565408388880552,0.15661782925845263,0.14881445219338213,0.15680485007595063,0.16741578479931005,0.03152727640676875,0.10331811530406099,0.0,0.0
elevated_pressure,104,0.14099153710835355,0.13633397518185708,0.1410462130937099,0.14575845100556267,-2.067534750118008,-2.2921625780449224,-2.0712346590781117,-1.8454982994508333,0.15551802297034956,0.14705983944430978,0.15535255285428012,0.16395420126830476,0.021798791721659168,0.08605551826690562,0.0,0.0
elevated_pressure,105,0.14068368753862978,0.13563329054343176,0.14051133932391957,0.14646448438168594,-2.052856633057402,-2.3248081490644705,-2.0458563503878713,-1.8115125223643067,0.15607773584636064,0.14586575114506167,0.15631844971996506,0.16526410209951664,0.017403539861169468,0.07439594164841244,0.0,0.0
elevated_pressure,106,0.1405981077354633,0.13547817715019256,0.14067180145485664,0.14567287120239622,-2.0487245501468005,-2.2881851947291714,-2.053475427393665,-1.8039752806517357,0.1562359805908346,0.147217489356034,0.15602703118489702,0.16555078303497187,0.023291621345645223,0.08711334325304751,0.0,0.0
elevated_pressure,107,0.14092140921409216,0.13462237911852803,0.1409392383397518,0.14748074454428756,-2.0638783455640417,-2.371733907502972,-2.066161479732008,-1.7622882362373113,0.15567170331925528,0.14415628417962317,0.15554601920170946,0.16716810342639218,0.032480163318892946,0.10024122203378948,0.0,0.0
elevated_pressure,108,0.1424143013359958,0.1347186563970903,0.14281129653401797,0.14829910141206676,-2.134293401127953,-2.4093185820273346,-2.1545449678986386,-1.7669836955872253,0.15302735529123573,0.142795729384909,0.1522152459957098,0.16697868441757385,0.031980425463954625,0.10045966373623458,0.0,0.0
elevated_pressure,109,0.1426734179622498,0.13675117672229353,0.142864783910997,0.14862002567394095,-2.146640590931161,-2.424022797899249,-2.157058750631479,-1.8656790432736725,0.15255935043991287,0.14226892233283236,0.152126498733415,0.16314642051823866,0.021639506770108195,0.09346475171257458,0.0,0.0
elevated_pressure,110,0.1423822089098084,0.1376765083440308,0.14227642276422764,0.14799957210098416,-2.133221330895955,-2.395556491755522,-2.1293703286245496,-1.9103094358448347,0.15305040064438316,0.14330778362236588,0.1531722600514269,0.16142667938728422,0.025419236631830842,0.09095644498031943,0.0,0.0
elevated_pressure,111,0.14305852707649883,0.137665810868635,0.14313222079589216,0.1496790757381258,-2.164539160680899,-2.47240126928037,-2.1696203141573567,-1.9097933416589188,0.1518988912584954,0.1405369770073721,0.15166596136652702,0.16143991741293895,0.023726137730621957,0.07598701637962482,0.0,0.0
elevated_pressure,112,0.14322017781581325,0.13810440735986307,0.1433461703038083,0.14859863072314933,-2.172433064383633,-2.4230525782448074,-2.179658304935548,-1.9308824247862417,0.15159194767645343,0.14232126639029247,0.15129506117636538,0.1606273183742199,0.029618971871370983,0.10564440624402996,0.0,0.0
elevated_pressure,113,0.1439678124851424,0.13822742832691484,0.1436670945656825,0.15035836542575953,-2.2072209788422676,-2.5033107322850845,-2.194696961437839,-1.9367744088833787,0.1503102951309562,0.13944188296579385,0.15073735267805025,0.16039665555303395,0.029259023565186847,0.10323519739436333,0.0,0.0
elevated_pressure,114,0.1442887367470166,0.1381792896876337,0.14436243046640992,0.14977535301668807,-2.222417617877202,-2.4767907965628555,-2.227202705221392,-1.934467318404635,0.14973931415402675,0.14039753531232327,0.1495288947263017,0.16047747924366618,0.023163427480410708,0.08520932438862752,0.0,0.0
elevated_pressure,115,0.14433033804022252,0.1389602053915276,0.14436243046640992,0.14907466837826272,-2.22447191553123,-2.444827481166417,-2.2272051353569315,-1.9719074603052855,0.14965854699485934,0.1415534478949879,0.14953524245217126,0.15904595792254042,0.026500454806042732,0.1021834996184074,0.0,0.0
elevated_pressure,116,0.14501735368230875,0.13938275566966196,0.14516474112109543,0.1511767222935387,-2.256255271769987,-2.540412705109657,-2.2645864551897947,-1.9920668481928585,0.14849921007827085,0.1381391702688359,0.14815183420760944,0.15827745227731946,0.024565244858073564,0.08392953637282582,0.0,0.0
elevated_pressure,117,0.14503993724147768,0.13954321780059906,0.14479032948224219,0.15121416345742406,-2.2575109614061946,-2.5421114426477964,-2.247159293978089,-1.9997634559951454,0.14844613279281144,0.13808490921326963,0.14879525747846467,0.1579773817998056,0.030692425330734855,0.1051357587046527,0.0,0.0
elevated_pressure,118,0.1461073075643037,0.14104086435601199,0.14569961489088573,0.1524122807017544,-2.3068548424241273,-2.596174226954007,-2.2894323109005854,-2.0709811860342113,0.14664475059822557,0.1361802213191779,0.14724556882651985,0.15529336418244974,0.027506215160129903,0.0975311061059433,0.0,0.0
elevated_pressure,119,0.14607164931298436,0.1400780915703894,0.146074026529739,0.15190949935815148,-2.3053321988474713,-2.573492166454716,-2.306789428768334,-2.0252543817166857,0.14669574454508563,0.13698805421437382,0.14661180455033387,0.15700191375066724,0.04732959291655539,0.1927123280948806,0.0,0.0
insecure_reference,0,0.18978447327908513,0.18422586320650977,0.1896855069276446,0.19557400483835496,-4.2698247779316,-4.488535938361749,-4.267187249509583,-4.0566723333715276,0.08424780294006252,0.07880897060188902,0.08429489504062788,0.08962721768071755,0.030840412655549664,0.11933789780865157,0.0,0.0
insecure_reference,1,0.18925420912445326,0.1828568286782494,0.18919067517044205,0.1954640422256433,-4.249430535854243,-4.484455826815881,-4.248318639414814,-4.00307523654752,0.08476391931663521,0.07891175744376959,0.0847613587135016,0.09101508034702488,0.01826061951596294,0.078773556958247,0.0,0.0
insecure_reference,2,0.1895388901106957,0.1832966791290961,0.1894106003958654,0.1958049263250495,-4.260166606078493,-4.497095617120352,-4.256709737923815,-4.020331389404501,0.08449732437171234,0.07860965676541952,0.08454850331870395,0.09056082431942065,0.027133019312335208,0.10646701400240818,0.0,0.0
insecure_reference,3,0.19074481343010044,0.1830877501649439,0.19073015174840555,0.1970639982405982,-4.3059016655428355,-4.543622321717168,-4.306883054733328,-4.012139997295704,0.08335871328586558,0.0774936347151556,0.08330376143577117,0.09076971220389934,0.025574702977045973,0.11375297957303777,0.0,0.0
insecure_reference,4,0.1909024265083205,0.18477567627006816,0.19100505828018474,0.19752584121398725,-4.312096326520476,-4.560614557585411,-4.317298788531353,-4.078105623332418,0.08319791782069957,0.0770914420608267,0.0830437101370187,0.08905709632367857,0.02373779947896024,0.08441426220497214,0.0,0.0
insecure_reference,5,0.19151699533269798,0.1845557510446448,0.19160985265009897,0.19887288321970528,-4.335095963898834,-4.610005635780104,-4.340167443721226,-4.069538631007993,0.08263432526268101,0.0759219177518261,0.08247861091299402,0.08927345453963423,0.023920711059527817,0.09431866669319557,0.0,0.0
insecure_reference,6,0.19160130000244363,0.18544644820760942,0.19171981526281065,0.19773477017813942,-4.338490667070179,-4.568298462243598,-4.344316721535646,-4.104185041820438,0.0825434365194703,0.07691540490802375,0.08237433651680329,0.088379188136184,0.022734406376312508,0.10394621849192573,0.0,0.0
insecure_reference,7,0.19203992864648242,0.1841873762920607,0.19188475918187817,0.19959313833296677,-4.354555349178292,-4.636286701111794,-4.350541150737525,-4.055172379368175,0.0821618163384073,0.07530995599809522,0.08221851675315223,0.08963571394590891,0.024615076017716852,0.08908558685277851,0.0,0.0
insecure_reference,8,0.19281944138992743,0.18656256872663293,0.19298438530899495,0.19871343743127334,-4.384427173690753,-4.6041752488681995,-4.391912367356899,-4.147386667366803,0.08141270599039743,0.07607058720262976,0.08120447194189304,0.08727044312158445,0.025184967030598325,0.08598194539489058,0.0,0.0
insecure_reference,9,0.19244434669989982,0.18682647899714097,0.19215966571365736,0.20008247195953374,-4.370361039804685,-4.654094407383821,-4.360903607792525,-4.157590720278262,0.08175551859774945,0.0748992123479873,0.08195850348771377,0.08700703805450449,0.023760792299096944,0.0696230250508721,0.0,0.0
insecure_reference,10,0.19404369181145079,0.18792610512425775,0.1937541235979767,0.200065977567627,-4.430175895471994,-4.653479359120721,-4.420750274628643,-4.199909351723529,0.08030048442684842,0.07491759498419974,0.08050096191533117,0.0859356451495541,0.026310807723373957,0.08497861725117431,0.0,0.0
insecure_reference,11,0.19358184883806173,0.18747525841213988,0.19386408621068837,0.20131955135254012,-4.412831258517265,-4.698874913844913,-4.424861847013603,-4.182582873174288,0.08072308050678671,0.0738647701654085,0.08040346858630026,0.08636794853016082,0.02005177867640154,0.0874491635870692,0.0,0.0
insecure_reference,12,0.19430149304791927,0.18778315372773258,0.19369914229162086,0.20102265229821858,-4.439767133101736,-4.688196990745255,-4.4186934732317145,-4.194410439044441,0.0800681422410595,0.0741134729286747,0.08054976035261999,0.08606687479620115,0.027586580582412024,0.08925584663955063,0.0,0.0
insecure_reference,13,0.19475478337365296,0.1869859247855729,0.1947437871123818,0.20195183637563227,-4.4564230625932995,-4.7217603290792445,-4.45768143613404,-4.163739582823943,0.07967249830648827,0.07333901200052623,0.07960693149432704,0.0868365204503269,0.023135584600755266,0.07338357601462316,0.0,0.0
insecure_reference,14,0.19494294162207074,0.18838244996701123,0.19540356278865187,0.20059379810864306,-4.4637494150149735,-4.672656090334313,-4.482211155462903,-4.2173979291582455,0.07948609302358202,0.07448156626633019,0.07901326003986064,0.08548333175134347,0.02361021299631488,0.09481539596631983,0.0,0.0
insecure_reference,15,0.19537790484568582,0.18990543215306796,0.1957334506267869,0.20114361117220145,-4.480132734604272,-4.692571128905277,-4.494448768632184,-4.275559765546912,0.07908639704519907,0.07402090622037968,0.07871967375013111,0.08403199850204665,0.019803251171812725,0.07593830671595397,0.0,0.0
insecure_reference,16,0.19521662634704204,0.18880580602595118,0.19490873103144932,0.200753243897075,-4.47397500810786,-4.6784382503158515,-4.463820432199741,-4.233614570016766,0.0792372101450769,0.07435239917559933,0.0794567507129107,0.08507109013225252,0.018341157934269263,0.07800478600822958,0.0,0.0
insecure_reference,17,0.19531437089167464,0.18929513965251815,0.19496371233780516,0.20143501209588738,-4.477570304100658,-4.703098031717443,-4.465866090318981,-4.252305444598196,0.07915258605069714,0.0737823995261827,0.07940515745351773,0.08460261096891787,0.023395030040730277,0.08718870007108731,0.0,0.0
insecure_reference,18,0.19605234220365075,0.18923466021552673,0.19617330107763362,0.2040631185396965,-4.50462995186569,-4.797493492479493,-4.510736376948051,-4.249996755663576,0.07851565870231793,0.07161843571425058,0.0783344703823024,0.08465716443387847,0.02733839452726166,0.09294485423152397,0.0,0.0
insecure_reference,19,0.19702978764997678,0.19114251154607434,0.1969980206729712,0.20397514844952716,-4.541086993190783,-4.794338572481311,-4.541191584171204,-4.322495368876993,0.07763339511781732,0.07169300990115372,0.07760437523602799,0.08286467561160944,0.019936074400749383,0.08282201634709194,0.0,0.0
insecure_reference,20,0.19621239889548664,0.18949307235539917,0.1960083571585661,0.20217176160105563,-4.510762723115661,-4.729683557323008,-4.50463066244185,-4.259848138625059,0.07835924658716248,0.07317465457239819,0.0784777798290298,0.08440732072491326,0.016580415769393623,0.07375690613900408,0.0,0.0
insecure_reference,21,0.1961244288053173,0.18967451066637345,0.19595337585221026,0.20393116340444248,-4.507554857491372,-4.7927867555698525,-4.502597101866463,-4.266767385625731,0.0784353333257322,0.07173189127294882,0.0785234746383069,0.08423305522602532,0.021091015969212066,0.08686856358531621,0.0,0.0
insecure_reference,22,0.19636512474647508,0.19015284803166924,0.19584341323949858,0.2037222344402903,-4.5165580639919165,-4.785317548346163,-4.4985199142981305,-4.284962617258658,0.07821778070237835,0.07190395839879499,0.0786179218973555,0.08378087238913488,0.020562477237758957,0.08156654957418058,0.0,0.0
insecure_reference,23,0.19681474965178505,0.19121398724433694,0.19666813283483617,0.20277105784033428,-4.533328128673332,-4.751234695304579,-4.52902335703177,-4.325204955065456,0.07781405159563835,0.07268499699765371,0.07789627401623717,0.0827887714058434,0.020092344686945512,0.08792857838132571,0.0,0.0
insecure_reference,24,0.19670234342545756,0.19071365735649878,0.1964482076094128,0.2042610512425775,-4.528827810476041,-4.804562826272105,-4.520901169112378,-4.306255686021786,0.07793066580908672,0.07146987338649306,0.07808558718054263,0.08325195126458385,0.02656043299646349,0.08017992683425865,0.0,0.0
insecure_reference,25,0.19835422622974855,0.19295139652518145,0.19798768418737628,0.20448097646800087,-4.589677776231242,-4.812403781780831,-4.5775880842474095,-4.3906651558784136,0.07648896046950866,0.07129366669196159,0.07674702883588858,0.08119229056286943,0.025085111883187173,0.08734134459286637,0.0,0.0
insecure_reference,26,0.198018229357574,0.1919727292720475,0.19809764680008796,0.2041565867605014,-4.577437168919674,-4.80080108721773,-4.581622141232941,-4.353855256077038,0.07677465708543184,0.07155954189546773,0.07665255487267275,0.08208376433576917,0.018326202627420355,0.07409661006383617,0.0,0.0
insecure_reference,27,0.19797057889206557,0.19137343303276885,0.19793270288102044,0.2053606773696943,-4.575332944699143,-4.843689672466881,-4.575569557539022,-4.331233134229038,0.07683449291332906,0.07058999542113067,0.0767979723524686,0.0826344776072081,0.02088258722521111,0.07695068960128071,0.0,0.0
insecure_reference,28,0.19804510910734793,0.19071365735649878,0.19776775896195295,0.205800527820541,-4.57811505071309,-4.859285945794542,-4.569513976995591,-4.306255686021786,0.07676817065266624,0.07024074055689862,0.07694051018234871,0.08324580113181808,0.01980483306811024,0.0858921952380597,0.0,0.0
insecure_reference,29,0.19804755272096375,0.1921816582361997,0.19793270288102044,0.2047118979546954,-4.578540163517315,-4.820626462318223,-4.575570556488692,-4.361723145579029,0.07674964120717441,0.07111239313039641,0.0767983064273757,0.08188868270349799,0.018788490263436756,0.06992425844403138,0.0,0.0
insecure_reference,30,0.19775431908706595,0.191054541455905,0.19743787112381792,0.20547063998240597,-4.567401519232451,-4.847591654323694,-4.557387820360364,-4.319171957575744,0.07702137936166503,0.07050511487453658,0.0772217107851732,0.08292648723807698,0.015969762630412387,0.06815618659727231,0.0,0.0
insecure_reference,31,0.19778730787087945,0.19248405542115682,0.19765779634924127,0.20448097646800087,-4.569138312442966,-4.812403781780831,-4.565473925056227,-4.373113980730558,0.07696521619991037,0.07129992766301281,0.07703210750864964,0.08160994668103076,0.02778103049963256,0.09873231921675661,0.0,0.0
insecure_reference,32,0.1987671969308213,0.1914339124697603,0.19903232900813722,0.20559159885638884,-4.604530167837562,-4.851879667710232,-4.615830348931075,-4.333520306652771,0.07614902212167252,0.07041001545929053,0.07584763910868511,0.08257376447503553,0.020935541205653045,0.06844389112534807,0.0,0.0
insecure_reference,33,0.19859370036409843,0.19131295359577744,0.19837255333186715,0.2054321530679569,-4.598356278334116,-4.846222574572182,-4.591698799512704,-4.32894483384894,0.07628762455999154,0.07053761478297357,0.0764193014285197,0.08268538528492399,0.016514487354401197,0.06595147422586208,0.0,0.0
insecure_reference,34,0.19834200816166947,0.1924235759841654,0.19820760941279963,0.20393116340444248,-4.5894539730342245,-4.7927867555698525,-4.585654201571931,-4.370838060748089,0.07648821657138602,0.07174641268220135,0.07656085906971785,0.08166389841630244,0.021827721607665603,0.08062198261941467,0.0,0.0
insecure_reference,35,0.19920338196124426,0.1920771937541236,0.1987024411700022,0.20705410160545415,-4.620429793231281,-4.903546020902273,-4.603773039908525,-4.357739800638713,0.07577813467832847,0.06925714577053195,0.07613348908392009,0.08198440230775976,0.020425816060554342,0.06825556464365735,0.0,0.0
insecure_reference,36,0.19862424553429614,0.1914229162084891,0.1988673850890697,0.2045029689905432,-4.599395417090287,-4.813181657309225,-4.60980468066421,-4.333101690928815,0.07626634245904806,0.07128373187908908,0.0759907054480921,0.08258335562166683,0.019730495805286366,0.07660934536500488,0.0,0.0
insecure_reference,37,0.19900544925836325,0.19226413019573346,0.1988673850890697,0.205734550252914,-4.6132659327303225,-4.856929266984622,-4.60980468066421,-4.364837703479002,0.07594411497449527,0.07029777593387844,0.07599050806416065,0.08180975000440815,0.020452416662866332,0.09392643662296964,0.0,0.0
insecure_reference,38,0.198004789482687,0.19034528260391467,0.19793270288102044,0.20472289421596657,-4.576418977868002,-4.821014038494613,-4.575570556488692,-4.292280064327578,0.07681432374262201,0.07110596715449327,0.07679595379346252,0.08358613799280092,0.016319968166639658,0.062301396805408464,0.0,0.0
insecure_reference,39,0.1983004667302006,0.19171431713217507,0.19881240378271386,0.20349131295359577,-4.587986562738971,-4.777057971873877,-4.60779413388374,-4.344111253275349,0.07652194193200557,0.07210389280665622,0.07603725734005373,0.08231535739586043,0.021619769600177943,0.10136840053167527,0.0,0.0
insecure_reference,40,0.19776531534833713,0.19069166483395647,0.19732790851110624,0.20548163624367716,-4.567960701347692,-4.84797982219804,-4.553341765924747,-4.305411659263667,0.07700430366168264,0.07049678298412777,0.07731598384953423,0.08326452823939341,0.01711765242072906,0.07920399492101704,0.0,0.0
insecure_reference,41,0.1979094885516702,0.19203320870903892,0.19765779634924127,0.20516274466681328,-4.573396961441028,-4.836655429524224,-4.565473925056227,-4.356136796131138,0.07687078442457872,0.07075112081435364,0.07703325371726816,0.08202382877259827,0.025672940559419603,0.101981003904082,0.0,0.0
insecure_reference,42,0.1987696405444371,0.19207169562348803,0.19809764680008796,0.20646030349681108,-4.604570416909656,-4.8826221544452215,-4.581622141232941,-4.357580407621716,0.0761483182647098,0.06971923974717942,0.07665570569584762,0.08198992306171514,0.01908453204713856,0.06949935348697193,0.0,0.0
insecure_reference,43,0.19835911345698018,0.19185177039806467,0.19826259071915547,0.20479436991422917,-4.589827815567278,-4.8235484832978965,-4.587669732684105,-4.349288799013326,0.076487404774521,0.07104548165190111,0.07651093328381232,0.08219297658208502,0.014535397885309028,0.0678945055803018,0.0,0.0
insecure_reference,44,0.19649830168853702,0.18983395645480536,0.19639322630305697,0.20404112601715416,-4.521219002079358,-4.796714065171221,-4.518869617812002,-4.272837305970646,0.0781117237488286,0.07165199320745493,0.07812922404538526,0.08407189389721609,0.020284286848927722,0.07655586675826556,0.0,0.0
insecure_reference,45,0.1981978349583364,0.19224213767319112,0.19798768418737628,0.204981306355839,-4.583934959811744,-4.830212187804418,-4.5775880842474095,-4.364003560637385,0.07662438354618446,0.07089220581898127,0.07674825093747718,0.08183723337243437,0.025332138212132926,0.07545622339548753,0.0,0.0
insecure_reference,46,0.19783373652957995,0.1916043545194634,0.19798768418737628,0.20506377831537276,-4.570360468030144,-4.833133052127236,-4.5775880842474095,-4.33995982631014,0.07695084133615561,0.07082544595598227,0.07674687515913037,0.08242428798959865,0.01536155284518643,0.06683923647578079,0.0,0.0
insecure_reference,47,0.19699313344573954,0.1915328788212008,0.196723114141192,0.203342863426435,-4.53983707912089,-4.771738808428997,-4.531052899903269,-4.337256498795808,0.07766110476868872,0.07221738718357344,0.07784669628660042,0.08249206992204283,0.018114389853465647,0.07083249936985421,0.0,0.0
insecure_reference,48,0.1970468929452875,0.1900648779414999,0.19738288981746208,0.203210908291181,-4.541471722914965,-4.767014775408009,-4.555364292619531,-4.281624427417216,0.07763239557133618,0.07232373087394231,0.07727401907684946,0.08386069007538106,0.026115285196586294,0.08372509560886873,0.0,0.0
insecure_reference,49,0.19780196955257437,0.18901473499010338,0.1978777215746646,0.20528370354079611,-4.569021645132521,-4.840945579255382,-4.573552029780305,-4.241599040482013,0.07698859920069241,0.07064502027140684,0.0768382420907424,0.08485549043966044,0.020654222224589583,0.08082386813335142,0.0,0.0
insecure_reference,50,0.19648730542726583,0.18939410600395865,0.19633824499670113,0.20301297558829998,-4.5206286845305055,-4.759913739361466,-4.516837061660142,-4.2560786496286545,0.0781336089056813,0.07248315226720525,0.07818642221886941,0.08449734426049632,0.014843623384391241,0.07781332367356115,0.0,0.0
insecure_reference,51,0.19673044498203945,0.19165383769518365,0.19666813283483617,0.20301297558829998,-4.530231721874103,-4.759913739361466,-4.52902335703177,-4.341827461753399,0.07788763777196221,0.07248140949046863,0.07790022760321197,0.0823875978469679,0.02296955741859345,0.08709091616782724,0.0,0.0
insecure_reference,52,0.1967842044815874,0.19034528260391467,0.196723114141192,0.2026610952276226,-4.532060763765356,-4.74728477210243,-4.531052899903269,-4.292280064327578,0.07785015584256941,0.07276907840448617,0.07784950136675578,0.0836054194639335,0.01361444039005279,0.0615976284522116,0.0,0.0
insecure_reference,53,0.19616719204359406,0.19033428634264352,0.19595337585221026,0.20305146250274905,-4.509305521521351,-4.761297877977956,-4.502597101866463,-4.291861439664902,0.07838987395582644,0.0724458918913062,0.07852842490752973,0.08361791797209867,0.016193692827835244,0.05908087984896611,0.0,0.0
insecure_reference,54,0.19605356401045865,0.1893831097426875,0.19584341323949858,0.20275456344842752,-4.505036362832413,-4.750630432615815,-4.4985239422328815,-4.25565516949015,0.07849275525961824,0.07268892871187839,0.07862684197867428,0.0845164908719553,0.02062304989928909,0.07213340169723886,0.0,0.0
insecure_reference,55,0.19588984189819905,0.18923466021552673,0.19589839454585442,0.20202331207389487,-4.4989175700212005,-4.724332589065736,-4.500560522049672,-4.249996755663576,0.07864081174836117,0.07329177091414114,0.07857837561214166,0.0846591724186901,0.021925638637650072,0.07660096432937079,0.0,0.0
insecure_reference,56,0.19635779390562766,0.1905047283923466,0.19611831977127778,0.2020123158126237,-4.516299204653582,-4.723939270835448,-4.508702815519321,-4.29833278311125,0.07822267141795491,0.07329870277980921,0.07837949040627792,0.083465110350767,0.0186569884653731,0.07201462325812272,0.0,0.0
insecure_reference,57,0.19509200205263544,0.18868484715196834,0.19463382449967012,0.20158346162304816,-4.469002265498665,-4.708467624502192,-4.453585063894414,-4.228986946719133,0.07936659443726254,0.07365435393797763,0.079701696132232,0.08518743275566358,0.01387477085494297,0.08057717580047338,0.0,0.0
insecure_reference,58,0.19451775285291892,0.18830547613811305,0.19397404882340005,0.2011216186496591,-4.4476698387620095,-4.691779384384386,-4.428971389864539,-4.214460754869751,0.07987978358469648,0.0740391262177934,0.08029317055254562,0.08555308311272125,0.02119234798662182,0.0871802711576942,0.0,0.0
insecure_reference,59,0.19529848740317182,0.19001539476577964,0.19507367495051683,0.20202331207389487,-4.4770216933431675,-4.724332589065736,-4.469954375723518,-4.2797429305341685,0.0791647503330589,0.07328349371360957,0.0793119560222446,0.0839309281932851,0.02429123001509637,0.082428526000386,0.0,0.0
insecure_reference,60,0.19501625003054515,0.18786562568726634,0.19540356278865187,0.20118209808665052,-4.466309790616289,-4.693966996111684,-4.48221014676437,-4.1975869794266325,0.07942847639095725,0.07398407860279906,0.07901186025797727,0.08598126077557611,0.018823920182973228,0.07249251029564188,0.0,0.0
insecure_reference,61,0.19494538523568655,0.1896855069276446,0.19507367495051683,0.20180338684847152,-4.463823124071857,-4.7164040449506865,-4.469954375723518,-4.267187249509583,0.07948570440869489,0.07346235000748941,0.0793074218542695,0.08424654564142542,0.01527744039328597,0.074541283001176,0.0,0.0
insecure_reference,62,0.19410111673142244,0.18830547613811305,0.19413899274246757,0.19953265889597535,-4.432714496522699,-4.634083848408729,-4.435131647256871,-4.214460754869751,0.08022659764511889,0.07537905278352418,0.08015445654996595,0.08556278130697731,0.017297550853255485,0.0660340090471159,0.0,0.0
insecure_reference,63,0.19436747061554627,0.18757422476358038,0.1944688805806026,0.20114361117220145,-4.4422410613948955,-4.692571128905277,-4.44743898752148,-4.186385926211572,0.08000751807707028,0.0740102877028174,0.0798519643502435,0.08627051744641587,0.015728492393009382,0.0588698943051684,0.0,0.0
insecure_reference,64,0.1933961342032598,0.18764570046184298,0.1932043105344183,0.199312733670552,-4.406185448239342,-4.6260657296753545,-4.400161939035432,-4.18913762223572,0.08087574872521879,0.07556347825736393,0.0810003619129014,0.08620345665801755,0.019270005395855227,0.08562986494482963,0.0,0.0
insecure_reference,65,0.1939044058353493,0.18696393226303057,0.19386408621068837,0.20025291400923684,-4.424461137354958,-4.660286880781697,-4.424861847013603,-4.162885492429533,0.08045529663140331,0.07475836594436336,0.08040064446682313,0.08686866263322919,0.018970681506811624,0.0755452094828974,0.0,0.0
insecure_reference,66,0.19381643574517998,0.18775566307455466,0.1930393666153508,0.20003298878381348,-4.421747343006325,-4.652294751525667,-4.393975269196696,-4.1933633407328275,0.08050235888404807,0.07494336532508036,0.08115424119479477,0.08610178184969997,0.016516577753585233,0.07180672682588332,0.0,0.0
insecure_reference,67,0.19301248686557682,0.18687596217286123,0.19287442269628327,0.19855399164284143,-4.391842641795774,-4.598340179550097,-4.3877835083909895,-4.1594992793990615,0.08122623917687558,0.07621225302585483,0.08130618062999037,0.08695871312718001,0.014684080268305137,0.07398570973340146,0.0,0.0
insecure_reference,68,0.1924724482564817,0.18615570705959975,0.19232460963272488,0.19949417198152627,-4.3712242111986646,-4.632677564263382,-4.367114746495584,-4.131672859480568,0.0817402648761271,0.07539995003244354,0.08180953481700728,0.08766752101693844,0.018890142073917163,0.06419923244655346,0.0,0.0
insecure_reference,69,0.19315177284167828,0.1866450406861667,0.19265449747085991,0.19959313833296677,-4.396888972780238,-4.636286701111794,-4.379522733404817,-4.150585778480525,0.0811075561409097,0.07531311422812789,0.08151034964910239,0.08718906722343836,0.024565399292411957,0.0933748154911056,0.0,0.0
insecure_reference,70,0.1934963223615082,0.18728282383989445,0.19336925445348582,0.1987629206069936,-4.409827229191723,-4.605985637402845,-4.40634352187528,-4.175165606542045,0.08079076838367837,0.07602555284663266,0.08084595464176043,0.08656951997549561,0.013234690416237501,0.06414732835476004,0.0,0.0
insecure_reference,71,0.19184443955721722,0.1857543435232021,0.19182977787552233,0.19896085330987462,-4.347578673952011,-4.613149256013652,-4.34846804613902,-4.116122562031236,0.08232210128752125,0.07585738646107847,0.08226945890203918,0.08807051898626352,0.012215823714834964,0.05320705056460415,0.0,0.0
insecure_reference,72,0.19178579283043765,0.18419837255333185,0.191939740488234,0.19783373652957995,-4.345247314134587,-4.571936308982449,-4.352613233059273,-4.0555170292086276,0.08238472409741524,0.07683020052389417,0.08217023412465432,0.08963286375430775,0.022051427832447876,0.07533310882513124,0.0,0.0
insecure_reference,73,0.19240524888204677,0.18662304816362438,0.19232460963272488,0.19953265889597535,-4.368987984669117,-4.634083848408729,-4.367114746495584,-4.149726248167191,0.08178873290955321,0.07535812601749503,0.08181139240046595,0.08721900891468547,0.01842606098883873,0.0838138843105881,0.0,0.0
insecure_reference,74,0.19176624392151112,0.18559489773477017,0.19155487134374313,0.19897734770178138,-4.344633678359427,-4.6137984068138955,-4.338091269610363,-4.109941793420038,0.08239397577606943,0.07583550878206707,0.0825279307655824,0.08823374368403514,0.01912963067806703,0.08205082903644463,0.0,0.0
insecure_reference,75,0.19179312367128512,0.18503408840994062,0.19155487134374313,0.19860347481856166,-4.3455892835040935,-4.600152362069519,-4.338091269610363,-4.0881540504749765,0.08237524766592659,0.07615579656386931,0.08252940091255952,0.08879387955769,0.01729127653736109,0.07217826092621946,0.0,0.0
insecure_reference,76,0.19112723896097553,0.18515504728392346,0.19127996481196394,0.19684407301517484,-4.320832052277316,-4.535514582877471,-4.327701180211347,-4.092862073055865,0.0829736266253022,0.07769512884209538,0.08278505918992085,0.08867424458666714,0.02323623537489201,0.09414982782746761,0.0,0.0
insecure_reference,77,0.1923783691322728,0.18590279305036286,0.19210468440730152,0.20015394765779634,-4.367678192750766,-4.656688461052718,-4.358832547301435,-4.121865169879256,0.08182759887512567,0.07482301186646484,0.0820117330451484,0.08793401522377159,0.01857451709952418,0.0800356987715857,0.0,0.0
insecure_reference,78,0.19122498350560813,0.18412689685506928,0.19100505828018474,0.19847701781394325,-4.3239387513803145,-4.595504577922645,-4.317297762214881,-4.052810831522095,0.08291667342480996,0.07626323016712179,0.08304257574028746,0.08970821215770626,0.011844694337071318,0.06174759415281968,0.0,0.0
insecure_reference,79,0.19083889255430933,0.18530349681108424,0.1912249835056081,0.1957664394106004,-4.310005520198366,-4.495662556571609,-4.325621932553409,-4.098621657283653,0.0832409163049262,0.07865253469794355,0.0828389176801801,0.08853041673778245,0.018631849828798716,0.08187052298526806,0.0,0.0
insecure_reference,80,0.19087432495173864,0.1845557510446448,0.19111502089289642,0.19705300197932704,-4.310844536058678,-4.543218117576955,-4.321461386407776,-4.069538631007993,0.08323449660944357,0.07750651782744256,0.0829421388482385,0.08927835594486126,0.01661739642247425,0.07163940336063916,0.0,0.0
insecure_reference,81,0.19117122400606018,0.18373652957994283,0.19127996481196394,0.1973993842093688,-4.322192782982037,-4.555930302975491,-4.327701180211347,-4.037553641965801,0.08294976538260038,0.07720346564177076,0.08278535135631268,0.09010601236267711,0.020474286228160072,0.09164608887041999,0.0,0.0
insecure_reference,82,0.1907362607824451,0.18379700901693424,0.19106003958654058,0.19841104024631626,-4.305468350177809,-4.593037161923519,-4.319380087469565,-4.039804752495291,0.08337415057295823,0.07632101605918908,0.08299333674906842,0.09005321039562252,0.01781288736010488,0.08987558480293174,0.0,0.0
insecure_reference,83,0.19066417418077855,0.1844567846932043,0.1906751704420497,0.19695403562788652,-4.302990532530588,-4.539569454987574,-4.304798675490244,-4.065682821805134,0.08342488814975442,0.07759251648933928,0.08335316155822661,0.08937937091882016,0.020194862531410014,0.06971768938644046,0.0,0.0
insecure_reference,84,0.19072770813478973,0.18533648559489774,0.1905102265229822,0.1973718935561909,-4.305666955121787,-4.554880380454985,-4.298541426615499,-4.099915429159762,0.08335258383578005,0.07722907831239252,0.08350749546523098,0.08849948936580143,0.024660631998470878,0.08257509456397119,0.0,0.0
insecure_reference,85,0.19125675048261367,0.1855564108203211,0.1912249835056081,0.19711348141631846,-4.3256311744741245,-4.545446201782344,-4.325620907138532,-4.108452554749242,0.08285848145827444,0.0774514365595764,0.08283632765502946,0.08828096897271556,0.02362661406966377,0.07087195959810769,0.0,0.0
insecure_reference,86,0.1915023336510031,0.18366505388168022,0.1922146470200132,0.19695403562788652,-4.33476534053711,-4.539569454987574,-4.362970582742642,-4.034751832999031,0.08263585974574973,0.07759236863638527,0.08190441155265454,0.09018007705788202,0.018798544827291045,0.08082371656586669,0.0,0.0
insecure_reference,87,0.19123964518730296,0.18526500989663514,0.19056520782933803,0.19942269628326367,-4.324720012144143,-4.630075782373389,-4.300627861657985,-4.097135154167861,0.08288907956066899,0.075443214396085,0.08345574355363385,0.08857056800756717,0.019565338837131154,0.09118750997297533,0.0,0.0
insecure_reference,88,0.19126652493707696,0.18467670991862767,0.1912249835056081,0.19723444029030132,-4.325951881656077,-4.5498990644256985,-4.325621932553409,-4.074253604857146,0.08285191398903421,0.07734572371434245,0.08283708371888564,0.08915787247955027,0.021334307313034997,0.08272696925281242,0.0,0.0
insecure_reference,89,0.1914803411284608,0.18417638003078954,0.19199472179458985,0.19788871783593578,-4.333722617745168,-4.573920360373804,-4.3546883826579394,-4.054742057162457,0.08266790137667622,0.07677444442187972,0.08211164227348501,0.08966066740526886,0.016359671843143228,0.05787395093085514,0.0,0.0
insecure_reference,90,0.1909476333602131,0.18427534638223003,0.19117000219925226,0.19668462722674293,-4.313911665388276,-4.529630212354932,-4.323541659480592,-4.058601660587525,0.0831506376943351,0.07783292812648558,0.08289011728998952,0.08956023804056308,0.01740313685711995,0.06932802155637509,0.0,0.0
insecure_reference,91,0.19165628130879947,0.1869144490873103,0.19106003958654058,0.19760281504288543,-4.340984139952375,-4.5634533991931905,-4.319380087469565,-4.160979749231253,0.08247205773641468,0.07702402720520815,0.08299189507552118,0.08694094820370325,0.022165861253631413,0.0903723373450127,0.0,0.0
insecure_reference,92,0.1915353224348166,0.1857268528700242,0.19138992742467562,0.19718495711458106,-4.336116452661052,-4.548075184360523,-4.33185865056231,-4.115063311975614,0.08259981146319716,0.07739267364225984,0.08268409044606721,0.08810743182345053,0.014786169542394399,0.06380237788638048,0.0,0.0
insecure_reference,93,0.19082667448623022,0.1829228062458764,0.19062018913569387,0.19805366175500327,-4.309028007194162,-4.580008019172777,-4.302713268574115,-4.0056406162732765,0.08328047587893196,0.0766320687360985,0.0833991898510042,0.09093258257221988,0.01964830760493213,0.07960410016775042,0.0,0.0
insecure_reference,94,0.19178945825086136,0.1855454145590499,0.19171981526281065,0.19756432812843636,-4.3455644866888745,-4.562036330155106,-4.3443187683246,-4.108023820141652,0.08237103671711457,0.07706152751144224,0.08237572334170382,0.08828460536256012,0.024193019075454743,0.08803185053764749,0.0,0.0
insecure_reference,95,0.19159519096840405,0.18544644820760942,0.19144490873103145,0.1976138113041566,-4.3381703821026365,-4.563856604180412,-4.333935848739825,-4.104185041820438,0.08255499302869758,0.077019558108413,0.08262977449573428,0.08838104443295172,0.018533186268349183,0.0711486750603573,0.0,0.0
insecure_reference,96,0.19153410062800869,0.18505608093248296,0.19111502089289642,0.19915328788212006,-4.335843905886543,-4.6202468844505,-4.321461386407776,-4.089017625587313,0.0826113208963642,0.07568391856037769,0.0829335717410801,0.08876805590034881,0.023191763798783835,0.07657440475282958,0.0,0.0
insecure_reference,97,0.1920032744422452,0.18499560149549152,0.19188475918187817,0.19871343743127334,-4.353592078610246,-4.6041752488681995,-4.350541150737525,-4.086664193169279,0.08217450649969388,0.07606524629729047,0.0822204386881982,0.08882648850804914,0.02393791714068006,0.0876327445571487,0.0,0.0
insecure_reference,98,0.19183222148913817,0.1843908071255773,0.1917747965691665,0.19854299538157025,-4.346811529869021,-4.597939664971618,-4.34639289564651,-4.063066104873976,0.08234961957648496,0.07621475991710847,0.08231956255974146,0.08943361632253007,0.020270483085039984,0.08551204121118823,0.0,0.0
insecure_reference,99,0.1923123915646458,0.18631515284803166,0.19281944138992743,0.20014295139652516,-4.3652633736972755,-4.65629180680176,-4.385719588269666,-4.137839172174657,0.08188432627103544,0.07484306970160873,0.08135626187140568,0.08751391128980607,0.02987117626799431,0.1039195335413415,0.0,0.0
insecure_reference,100,0.1933985778168756,0.18604574444688807,0.19358917967890918,0.20101165603694743,-4.405731682424889,-4.6877999344465975,-4.414578854795435,-4.127416772877124,0.08090370734315258,0.07411036332779909,0.08064640366662094,0.08777665040274567,0.023753223116913046,0.09283802413914155,0.0,0.0
insecure_reference,101,0.19317987439826012,0.18619419397404882,0.19298438530899495,0.19950516824279743,-4.397881953003143,-4.633073415311289,-4.391912367356899,-4.133156555841293,0.08108509285892886,0.07539254558027154,0.08120649359752348,0.08762802467988272,0.021200734856653712,0.06894017532592729,0.0,0.0
insecure_reference,102,0.1936563790533441,0.1870628986144711,0.19331427314712998,0.20049483175720254,-4.415711908992472,-4.669061237084908,-4.404283672235032,-4.166694165873549,0.08065183973926979,0.07455191216031545,0.08090504340505675,0.08677463963514374,0.020507412101906455,0.0780044869159105,0.0,0.0
insecure_reference,103,0.19340957407814677,0.1873652957994282,0.19331427314712998,0.19888387948097647,-4.406777850287483,-4.610405555223993,-4.404279604396289,-4.178351846585501,0.08085887311984741,0.07593167648109664,0.08090254247241543,0.08647676921972192,0.018347031582798774,0.07973474854858317,0.0,0.0
insecure_reference,104,0.1935476382474403,0.18761271167802948,0.1940290301297559,0.1996536177699582,-4.411781057882323,-4.63848846225725,-4.431025146959895,-4.187857141032936,0.08074183876588271,0.07527277176678163,0.08025310567693028,0.08623462440663243,0.020434898164145694,0.08386549609828897,0.0,0.0
insecure_reference,105,0.19368570241673386,0.18576533978447327,0.1941939740488234,0.2003023971849571,-4.416654947443789,-4.6620847530327385,-4.437183377000588,-4.116552972117383,0.08063384490980843,0.07472257481748587,0.08010421940622667,0.0880389433709777,0.022662679583722686,0.07912657914759912,0.0,0.0
insecure_reference,106,0.19467658773794688,0.1885913789311634,0.1940290301297559,0.2014625027490653,-4.453700720282047,-4.704102161611908,-4.431025146959895,-4.225390383354679,0.0797327018307343,0.0737476432829429,0.08024996278633029,0.08528691299770523,0.020036407508445122,0.07990501963603419,0.0,0.0
insecure_reference,107,0.19385797717664882,0.18823400043985045,0.1934792170661975,0.20104464482076093,-4.423396358825812,-4.688985179028972,-4.410462204635806,-4.211717174384654,0.08045878183201341,0.07410176235908962,0.08074108208814315,0.08562499439712629,0.020880508245789235,0.07629283739897197,0.0,0.0
insecure_reference,108,0.19501014099650563,0.18858588080052782,0.19463382449967012,0.20278205410160544,-4.465888764132647,-4.751628608490155,-4.453586075614263,-4.225200709475614,0.07944619894960317,0.07265793479627068,0.07970341013692517,0.08528386985199878,0.03166762026215607,0.09697537838887432,0.0,0.0
insecure_reference,109,0.1964139970187914,0.1896855069276446,0.19633824499670113,0.20294149989003737,-4.518174677045792,-4.757352956371766,-4.516837061660142,-4.267187249509583,0.0781837658037874,0.07252978400702259,0.07818269655458698,0.08423530012466347,0.02348490536834308,0.09533005573281216,0.0,0.0
insecure_reference,110,0.19540478459545976,0.1876347042005718,0.19534858148229603,0.20206179898834395,-4.480673219442555,-4.725722926801137,-4.480169536443481,-4.188712876035499,0.07908549930296481,0.07326018366914996,0.07906344341285686,0.08619176667136248,0.016239138755522346,0.07078852485100438,0.0,0.0
insecure_reference,111,0.1950541260415903,0.18527050802727071,0.19523861886958435,0.20401363536397624,-4.46721880816169,-4.795723960583352,-4.476085289276056,-4.097308976488199,0.0794237074273662,0.07166087738317853,0.07915694773994256,0.08851097392934199,0.027240951320871388,0.11373260330290606,0.0,0.0
insecure_reference,112,0.19694670478703907,0.1898944358917968,0.1972729272047504,0.20416208489113702,-4.537784320788202,-4.801029917428688,-4.5513182381839155,-4.275140315104333,0.07771900357505984,0.0715433936370209,0.0773650903319238,0.08402716408783104,0.02992627885164336,0.11059064391969413,0.0,0.0
insecure_reference,113,0.19686606553771718,0.19110402463162526,0.19683307675390369,0.20311194193974047,-4.53506277201125,-4.763466021815197,-4.535109978489442,-4.321044203341279,0.07777726518924385,0.07240301366766833,0.07775505313042506,0.08289267535590661,0.024895346015847468,0.09928823098991546,0.0,0.0
insecure_reference,114,0.1979889059941842,0.19188475918187817,0.19798768418737628,0.2047118979546954,-4.576293190566622,-4.820626462318223,-4.5775880842474095,-4.350542173460929,0.07680514379379126,0.07110612420106571,0.07674539632118094,0.08216765927253875,0.022882855998776267,0.0818565053374666,0.0,0.0
insecure_reference,115,0.19756371722503235,0.19120299098306576,0.19738288981746208,0.2042610512425775,-4.560529366736393,-4.804562826272105,-4.555364292619531,-4.324785926657144,0.07718075901287497,0.07147334775936146,0.0772730011845881,0.08279324957835531,0.020520217952057725,0.08407007164977948,0.0,0.0
insecure_reference,116,0.19774943185983432,0.19243457224543656,0.1977127776555971,0.20489333626566966,-4.5673505105037355,-4.827076123260978,-4.567494450919264,-4.371252782827345,0.07701865717053435,0.07096752933723817,0.07698587581761229,0.08165607549723854,0.02478318976065478,0.08146237780872263,0.0,0.0
insecure_reference,117,0.1988527234073748,0.1923191115020893,0.19853749725093467,0.20508027270727952,-4.607907450548878,-4.83373106032098,-4.597738411044933,-4.366877220660016,0.07606221095819657,0.0708205131358078,0.0762778011485858,0.08175957999188464,0.02678605793468554,0.09061934492829622,0.0,0.0
insecure_reference,118,0.19956992400361656,0.194133494611832,0.1994171981526281,0.2048823400043985,-4.634402132468233,-4.82668981040743,-4.6298753244485775,-4.43492637293671,0.07543677143748061,0.0709830891426727,0.0755223959241966,0.08011265728183177,0.02506403730487466,0.10079964758204345,0.0,0.0
insecure_reference,119,0.19966889035505705,0.1934132394985705,0.19980206729711897,0.2063503408840994,-4.637810251520372,-4.878737630698827,-4.643895464715891,-4.407990486719505,0.0753616908830798,0.06981737866310131,0.07519647234526329,0.08075585912912515,0.03456219302039183,0.12953429399482094,0.0,0.0
